keyword,keyword_group,search_intent,target_canonical_url,primary_or_secondary,reason_for_mapping,overlap_risk,recommended_action
fabstitch,fabric_type,Navigational,/,secondary,"Mapped in fabstitch-keyword-map.csv onto an existing URL. Volume, difficulty, and rank are UNKNOWN.",low,Strengthen this existing canonical page. Do not create another URL.
buy cotton fabric,fabric_type,Commercial,/collections/cotton/,secondary,"Mapped in fabstitch-keyword-map.csv onto an existing URL. Volume, difficulty, and rank are UNKNOWN.",low,Strengthen this existing canonical page. Do not create another URL.
cotton cloth,fabric_type,Commercial,/collections/cotton/,secondary,"Mapped in fabstitch-keyword-map.csv onto an existing URL. Volume, difficulty, and rank are UNKNOWN.",low,Strengthen this existing canonical page. Do not create another URL.
cotton fabric,fabric_type,Commercial,/collections/cotton/,primary,"Mapped in fabstitch-keyword-map.csv onto an existing URL. Volume, difficulty, and rank are UNKNOWN.",low,Strengthen this existing canonical page. Do not create another URL.
cotton fabric online,fabric_type,Commercial,/collections/cotton/,secondary,"Mapped in fabstitch-keyword-map.csv onto an existing URL. Volume, difficulty, and rank are UNKNOWN.",low,Strengthen this existing canonical page. Do not create another URL.
cotton fabrics,fabric_type,Commercial,/collections/cotton/,secondary,"Mapped in fabstitch-keyword-map.csv onto an existing URL. Volume, difficulty, and rank are UNKNOWN.",low,Strengthen this existing canonical page. Do not create another URL.
cotton textile,fabric_type,Commercial,/collections/cotton/,secondary,"Mapped in fabstitch-keyword-map.csv onto an existing URL. Volume, difficulty, and rank are UNKNOWN.",low,Strengthen this existing canonical page. Do not create another URL.
denim fabric,fabric_type,Commercial,/collections/denim/,primary,"Mapped in fabstitch-keyword-map.csv onto an existing URL. Volume, difficulty, and rank are UNKNOWN.",low,Strengthen this existing canonical page. Do not create another URL.
denim fabrics,fabric_type,Commercial,/collections/denim/,secondary,"Mapped in fabstitch-keyword-map.csv onto an existing URL. Volume, difficulty, and rank are UNKNOWN.",low,Strengthen this existing canonical page. Do not create another URL.
lightweight denim,fabric_type,Commercial,/collections/denim/,secondary,"Mapped in fabstitch-keyword-map.csv onto an existing URL. Volume, difficulty, and rank are UNKNOWN.",low,Strengthen this existing canonical page. Do not create another URL.
premium denim fabric,fabric_type,Commercial,/collections/denim/,secondary,"Mapped in fabstitch-keyword-map.csv onto an existing URL. Volume, difficulty, and rank are UNKNOWN.",cannibalization,Primary topic is also used by /discover/premium-denim-fabric/. Strengthen the stronger page and keep the other as support. Do not add a third URL.
recycled denim fabric,fabric_type,Commercial,/collections/denim/,secondary,"Mapped in fabstitch-keyword-map.csv onto an existing URL. Volume, difficulty, and rank are UNKNOWN.",low,Strengthen this existing canonical page. Do not create another URL.
selvedge denim,fabric_type,Commercial,/collections/denim/,secondary,"Mapped in fabstitch-keyword-map.csv onto an existing URL. Volume, difficulty, and rank are UNKNOWN.",low,Strengthen this existing canonical page. Do not create another URL.
aw textures fabric collection,fabric_type,Commercial,/collections/aw-textures/,secondary,"Mapped in fabstitch-keyword-map.csv onto an existing URL. Volume, difficulty, and rank are UNKNOWN.",low,Strengthen this existing canonical page. Do not create another URL.
aw textures fabrics,fabric_type,Commercial,/collections/aw-textures/,secondary,"Mapped in fabstitch-keyword-map.csv onto an existing URL. Volume, difficulty, and rank are UNKNOWN.",low,Strengthen this existing canonical page. Do not create another URL.
cotton fabric collection,fabric_type,Commercial,/collections/cotton/,secondary,"Mapped in fabstitch-keyword-map.csv onto an existing URL. Volume, difficulty, and rank are UNKNOWN.",low,Strengthen this existing canonical page. Do not create another URL.
denim fabric collection,fabric_type,Commercial,/collections/denim/,secondary,"Mapped in fabstitch-keyword-map.csv onto an existing URL. Volume, difficulty, and rank are UNKNOWN.",low,Strengthen this existing canonical page. Do not create another URL.
home & contract fabric collection,fabric_type,Commercial,/collections/home-contract/,secondary,"Mapped in fabstitch-keyword-map.csv onto an existing URL. Volume, difficulty, and rank are UNKNOWN.",low,Strengthen this existing canonical page. Do not create another URL.
home & contract fabrics,fabric_type,Commercial,/collections/home-contract/,secondary,"Mapped in fabstitch-keyword-map.csv onto an existing URL. Volume, difficulty, and rank are UNKNOWN.",low,Strengthen this existing canonical page. Do not create another URL.
knitwear fabric collection,fabric_type,Commercial,/collections/knitwear/,secondary,"Mapped in fabstitch-keyword-map.csv onto an existing URL. Volume, difficulty, and rank are UNKNOWN.",low,Strengthen this existing canonical page. Do not create another URL.
linen & lightweight fabric collection,fabric_type,Commercial,/collections/linen-lightweight/,secondary,"Mapped in fabstitch-keyword-map.csv onto an existing URL. Volume, difficulty, and rank are UNKNOWN.",low,Strengthen this existing canonical page. Do not create another URL.
linen & lightweight fabrics,fabric_type,Commercial,/collections/linen-lightweight/,secondary,"Mapped in fabstitch-keyword-map.csv onto an existing URL. Volume, difficulty, and rank are UNKNOWN.",low,Strengthen this existing canonical page. Do not create another URL.
performance fabric collection,fabric_type,Commercial,/collections/performance/,secondary,"Mapped in fabstitch-keyword-map.csv onto an existing URL. Volume, difficulty, and rank are UNKNOWN.",low,Strengthen this existing canonical page. Do not create another URL.
performance fabrics,fabric_type,Commercial,/collections/performance/,secondary,"Mapped in fabstitch-keyword-map.csv onto an existing URL. Volume, difficulty, and rank are UNKNOWN.",low,Strengthen this existing canonical page. Do not create another URL.
silk & sheer fabric collection,fabric_type,Commercial,/collections/silk-sheer/,secondary,"Mapped in fabstitch-keyword-map.csv onto an existing URL. Volume, difficulty, and rank are UNKNOWN.",low,Strengthen this existing canonical page. Do not create another URL.
silk & sheer fabrics,fabric_type,Commercial,/collections/silk-sheer/,secondary,"Mapped in fabstitch-keyword-map.csv onto an existing URL. Volume, difficulty, and rank are UNKNOWN.",low,Strengthen this existing canonical page. Do not create another URL.
structured classics fabric collection,fabric_type,Commercial,/collections/structured-classics/,secondary,"Mapped in fabstitch-keyword-map.csv onto an existing URL. Volume, difficulty, and rank are UNKNOWN.",low,Strengthen this existing canonical page. Do not create another URL.
structured classics fabrics,fabric_type,Commercial,/collections/structured-classics/,secondary,"Mapped in fabstitch-keyword-map.csv onto an existing URL. Volume, difficulty, and rank are UNKNOWN.",low,Strengthen this existing canonical page. Do not create another URL.
tailoring fabric collection,fabric_type,Commercial,/collections/tailoring/,secondary,"Mapped in fabstitch-keyword-map.csv onto an existing URL. Volume, difficulty, and rank are UNKNOWN.",low,Strengthen this existing canonical page. Do not create another URL.
technical outerwear fabric collection,fabric_type,Commercial,/collections/technical-outerwear/,secondary,"Mapped in fabstitch-keyword-map.csv onto an existing URL. Volume, difficulty, and rank are UNKNOWN.",low,Strengthen this existing canonical page. Do not create another URL.
technical outerwear fabrics,fabric_type,Commercial,/collections/technical-outerwear/,secondary,"Mapped in fabstitch-keyword-map.csv onto an existing URL. Volume, difficulty, and rank are UNKNOWN.",low,Strengthen this existing canonical page. Do not create another URL.
velvet & pile fabric collection,fabric_type,Commercial,/collections/velvet-pile/,secondary,"Mapped in fabstitch-keyword-map.csv onto an existing URL. Volume, difficulty, and rank are UNKNOWN.",low,Strengthen this existing canonical page. Do not create another URL.
velvet & pile fabrics,fabric_type,Commercial,/collections/velvet-pile/,secondary,"Mapped in fabstitch-keyword-map.csv onto an existing URL. Volume, difficulty, and rank are UNKNOWN.",low,Strengthen this existing canonical page. Do not create another URL.
best fabric for activewear,application,Commercial,/fabrics/best-for/activewear/,secondary,"Mapped in fabstitch-keyword-map.csv onto an existing URL. Volume, difficulty, and rank are UNKNOWN.",low,Strengthen this existing canonical page. Do not create another URL.
fabric for activewear,application,Commercial,/fabrics/best-for/activewear/,secondary,"Mapped in fabstitch-keyword-map.csv onto an existing URL. Volume, difficulty, and rank are UNKNOWN.",cannibalization,Primary topic is also used by /discover/fabric-for-activewear/. Strengthen the stronger page and keep the other as support. Do not add a third URL.
fabrics for activewear,application,Commercial,/fabrics/best-for/activewear/,primary,"Mapped in fabstitch-keyword-map.csv onto an existing URL. Volume, difficulty, and rank are UNKNOWN.",low,Strengthen this existing canonical page. Do not create another URL.
best fabric for bedding,application,Commercial,/fabrics/best-for/bedding/,secondary,"Mapped in fabstitch-keyword-map.csv onto an existing URL. Volume, difficulty, and rank are UNKNOWN.",low,Strengthen this existing canonical page. Do not create another URL.
fabric for bedding,application,Commercial,/fabrics/best-for/bedding/,secondary,"Mapped in fabstitch-keyword-map.csv onto an existing URL. Volume, difficulty, and rank are UNKNOWN.",low,Strengthen this existing canonical page. Do not create another URL.
fabrics for bedding,application,Commercial,/fabrics/best-for/bedding/,primary,"Mapped in fabstitch-keyword-map.csv onto an existing URL. Volume, difficulty, and rank are UNKNOWN.",low,Strengthen this existing canonical page. Do not create another URL.
best fabric for dresses,application,Commercial,/fabrics/best-for/dresses/,secondary,"Mapped in fabstitch-keyword-map.csv onto an existing URL. Volume, difficulty, and rank are UNKNOWN.",low,Strengthen this existing canonical page. Do not create another URL.
fabric for dresses,application,Commercial,/fabrics/best-for/dresses/,secondary,"Mapped in fabstitch-keyword-map.csv onto an existing URL. Volume, difficulty, and rank are UNKNOWN.",cannibalization,Primary topic is also used by /fabrics/dress-fabric/ /discover/fabric-for-dresses/. Strengthen the stronger page and keep the other as support. Do not add a third URL.
fabrics for dresses,application,Commercial,/fabrics/best-for/dresses/,primary,"Mapped in fabstitch-keyword-map.csv onto an existing URL. Volume, difficulty, and rank are UNKNOWN.",low,Strengthen this existing canonical page. Do not create another URL.
best fabric for home textiles,application,Commercial,/fabrics/best-for/home-textiles/,secondary,"Mapped in fabstitch-keyword-map.csv onto an existing URL. Volume, difficulty, and rank are UNKNOWN.",low,Strengthen this existing canonical page. Do not create another URL.
fabric for home textiles,application,Commercial,/fabrics/best-for/home-textiles/,secondary,"Mapped in fabstitch-keyword-map.csv onto an existing URL. Volume, difficulty, and rank are UNKNOWN.",low,Strengthen this existing canonical page. Do not create another URL.
fabrics for home textiles,application,Commercial,/fabrics/best-for/home-textiles/,primary,"Mapped in fabstitch-keyword-map.csv onto an existing URL. Volume, difficulty, and rank are UNKNOWN.",low,Strengthen this existing canonical page. Do not create another URL.
best fabric for knitwear,application,Commercial,/fabrics/best-for/knitwear/,secondary,"Mapped in fabstitch-keyword-map.csv onto an existing URL. Volume, difficulty, and rank are UNKNOWN.",low,Strengthen this existing canonical page. Do not create another URL.
fabric for knitwear,application,Commercial,/fabrics/best-for/knitwear/,secondary,"Mapped in fabstitch-keyword-map.csv onto an existing URL. Volume, difficulty, and rank are UNKNOWN.",cannibalization,Primary topic is also used by /discover/fabric-for-knitwear/. Strengthen the stronger page and keep the other as support. Do not add a third URL.
fabrics for knitwear,application,Commercial,/fabrics/best-for/knitwear/,primary,"Mapped in fabstitch-keyword-map.csv onto an existing URL. Volume, difficulty, and rank are UNKNOWN.",low,Strengthen this existing canonical page. Do not create another URL.
best fabric for occasionwear,application,Commercial,/fabrics/best-for/occasionwear/,secondary,"Mapped in fabstitch-keyword-map.csv onto an existing URL. Volume, difficulty, and rank are UNKNOWN.",low,Strengthen this existing canonical page. Do not create another URL.
fabric for occasionwear,application,Commercial,/fabrics/best-for/occasionwear/,secondary,"Mapped in fabstitch-keyword-map.csv onto an existing URL. Volume, difficulty, and rank are UNKNOWN.",low,Strengthen this existing canonical page. Do not create another URL.
fabrics for occasionwear,application,Commercial,/fabrics/best-for/occasionwear/,primary,"Mapped in fabstitch-keyword-map.csv onto an existing URL. Volume, difficulty, and rank are UNKNOWN.",low,Strengthen this existing canonical page. Do not create another URL.
best fabric for outerwear,application,Commercial,/fabrics/best-for/outerwear/,secondary,"Mapped in fabstitch-keyword-map.csv onto an existing URL. Volume, difficulty, and rank are UNKNOWN.",low,Strengthen this existing canonical page. Do not create another URL.
fabric for outerwear,application,Commercial,/fabrics/best-for/outerwear/,secondary,"Mapped in fabstitch-keyword-map.csv onto an existing URL. Volume, difficulty, and rank are UNKNOWN.",cannibalization,Primary topic is also used by /discover/fabric-for-outerwear/. Strengthen the stronger page and keep the other as support. Do not add a third URL.
fabrics for outerwear,application,Commercial,/fabrics/best-for/outerwear/,primary,"Mapped in fabstitch-keyword-map.csv onto an existing URL. Volume, difficulty, and rank are UNKNOWN.",low,Strengthen this existing canonical page. Do not create another URL.
best fabric for resortwear,application,Commercial,/fabrics/best-for/resortwear/,secondary,"Mapped in fabstitch-keyword-map.csv onto an existing URL. Volume, difficulty, and rank are UNKNOWN.",low,Strengthen this existing canonical page. Do not create another URL.
fabric for resortwear,application,Commercial,/fabrics/best-for/resortwear/,secondary,"Mapped in fabstitch-keyword-map.csv onto an existing URL. Volume, difficulty, and rank are UNKNOWN.",low,Strengthen this existing canonical page. Do not create another URL.
fabrics for resortwear,application,Commercial,/fabrics/best-for/resortwear/,primary,"Mapped in fabstitch-keyword-map.csv onto an existing URL. Volume, difficulty, and rank are UNKNOWN.",low,Strengthen this existing canonical page. Do not create another URL.
best fabric for shirts,application,Commercial,/fabrics/best-for/shirts/,secondary,"Mapped in fabstitch-keyword-map.csv onto an existing URL. Volume, difficulty, and rank are UNKNOWN.",low,Strengthen this existing canonical page. Do not create another URL.
fabric for shirts,application,Commercial,/fabrics/best-for/shirts/,secondary,"Mapped in fabstitch-keyword-map.csv onto an existing URL. Volume, difficulty, and rank are UNKNOWN.",cannibalization,Primary topic is also used by /discover/fabric-for-shirts/. Strengthen the stronger page and keep the other as support. Do not add a third URL.
fabrics for shirts,application,Commercial,/fabrics/best-for/shirts/,primary,"Mapped in fabstitch-keyword-map.csv onto an existing URL. Volume, difficulty, and rank are UNKNOWN.",low,Strengthen this existing canonical page. Do not create another URL.
best fabric for tailoring,application,Commercial,/fabrics/best-for/tailoring/,secondary,"Mapped in fabstitch-keyword-map.csv onto an existing URL. Volume, difficulty, and rank are UNKNOWN.",low,Strengthen this existing canonical page. Do not create another URL.
fabric for tailoring,application,Commercial,/fabrics/best-for/tailoring/,secondary,"Mapped in fabstitch-keyword-map.csv onto an existing URL. Volume, difficulty, and rank are UNKNOWN.",low,Strengthen this existing canonical page. Do not create another URL.
fabrics for tailoring,application,Commercial,/fabrics/best-for/tailoring/,primary,"Mapped in fabstitch-keyword-map.csv onto an existing URL. Volume, difficulty, and rank are UNKNOWN.",low,Strengthen this existing canonical page. Do not create another URL.
best fabric for trousers,application,Commercial,/fabrics/best-for/trousers/,secondary,"Mapped in fabstitch-keyword-map.csv onto an existing URL. Volume, difficulty, and rank are UNKNOWN.",low,Strengthen this existing canonical page. Do not create another URL.
fabric for trousers,application,Commercial,/fabrics/best-for/trousers/,secondary,"Mapped in fabstitch-keyword-map.csv onto an existing URL. Volume, difficulty, and rank are UNKNOWN.",cannibalization,Primary topic is also used by /discover/fabric-for-trousers/. Strengthen the stronger page and keep the other as support. Do not add a third URL.
fabrics for trousers,application,Commercial,/fabrics/best-for/trousers/,primary,"Mapped in fabstitch-keyword-map.csv onto an existing URL. Volume, difficulty, and rank are UNKNOWN.",low,Strengthen this existing canonical page. Do not create another URL.
best fabric for upholstery,application,Commercial,/fabrics/best-for/upholstery/,secondary,"Mapped in fabstitch-keyword-map.csv onto an existing URL. Volume, difficulty, and rank are UNKNOWN.",low,Strengthen this existing canonical page. Do not create another URL.
fabric for upholstery,application,Commercial,/fabrics/best-for/upholstery/,secondary,"Mapped in fabstitch-keyword-map.csv onto an existing URL. Volume, difficulty, and rank are UNKNOWN.",low,Strengthen this existing canonical page. Do not create another URL.
fabrics for upholstery,application,Commercial,/fabrics/best-for/upholstery/,primary,"Mapped in fabstitch-keyword-map.csv onto an existing URL. Volume, difficulty, and rank are UNKNOWN.",low,Strengthen this existing canonical page. Do not create another URL.
best fabric for women's clothing,application,Commercial,/fabrics/best-for/womens-clothing/,secondary,"Mapped in fabstitch-keyword-map.csv onto an existing URL. Volume, difficulty, and rank are UNKNOWN.",low,Strengthen this existing canonical page. Do not create another URL.
fabric for women's clothing,application,Commercial,/fabrics/best-for/womens-clothing/,secondary,"Mapped in fabstitch-keyword-map.csv onto an existing URL. Volume, difficulty, and rank are UNKNOWN.",low,Strengthen this existing canonical page. Do not create another URL.
fabrics for women's clothing,application,Commercial,/fabrics/best-for/womens-clothing/,primary,"Mapped in fabstitch-keyword-map.csv onto an existing URL. Volume, difficulty, and rank are UNKNOWN.",low,Strengthen this existing canonical page. Do not create another URL.
buy fabric online,fabric_type,Transactional,/marketplace/,secondary,"Mapped in fabstitch-keyword-map.csv onto an existing URL. Volume, difficulty, and rank are UNKNOWN.",low,Strengthen this existing canonical page. Do not create another URL.
fabric,fabric_type,Commercial,/marketplace/,secondary,"Mapped in fabstitch-keyword-map.csv onto an existing URL. Volume, difficulty, and rank are UNKNOWN.",low,Strengthen this existing canonical page. Do not create another URL.
fabric marketplace,fabric_type,Commercial,/marketplace/,primary,"Mapped in fabstitch-keyword-map.csv onto an existing URL. Volume, difficulty, and rank are UNKNOWN.",low,Strengthen this existing canonical page. Do not create another URL.
fabric online,fabric_type,Commercial,/marketplace/,secondary,"Mapped in fabstitch-keyword-map.csv onto an existing URL. Volume, difficulty, and rank are UNKNOWN.",low,Strengthen this existing canonical page. Do not create another URL.
fabric sourcing,fabric_type,Commercial,/marketplace/,secondary,"Mapped in fabstitch-keyword-map.csv onto an existing URL. Volume, difficulty, and rank are UNKNOWN.",cannibalization,Primary topic is also used by /fabric-sourcing/. Strengthen the stronger page and keep the other as support. Do not add a third URL.
fabric sourcing for fashion brands,fabric_type,Commercial,/marketplace/,secondary,"Mapped in fabstitch-keyword-map.csv onto an existing URL. Volume, difficulty, and rank are UNKNOWN.",low,Strengthen this existing canonical page. Do not create another URL.
fabric sourcing online,fabric_type,Commercial,/marketplace/,secondary,"Mapped in fabstitch-keyword-map.csv onto an existing URL. Volume, difficulty, and rank are UNKNOWN.",low,Strengthen this existing canonical page. Do not create another URL.
fabric sourcing platform,fabric_type,Commercial,/marketplace/,secondary,"Mapped in fabstitch-keyword-map.csv onto an existing URL. Volume, difficulty, and rank are UNKNOWN.",low,Strengthen this existing canonical page. Do not create another URL.
fabric store,fabric_type,Commercial,/marketplace/,secondary,"Mapped in fabstitch-keyword-map.csv onto an existing URL. Volume, difficulty, and rank are UNKNOWN.",low,Strengthen this existing canonical page. Do not create another URL.
fabric supplier,supplier,Transactional,/marketplace/,secondary,"Mapped in fabstitch-keyword-map.csv onto an existing URL. Volume, difficulty, and rank are UNKNOWN.",low,Strengthen this existing canonical page. Do not create another URL.
fabric supplier for clothing brands,supplier,Transactional,/marketplace/,secondary,"Mapped in fabstitch-keyword-map.csv onto an existing URL. Volume, difficulty, and rank are UNKNOWN.",low,Strengthen this existing canonical page. Do not create another URL.
fabric supplier online,supplier,Transactional,/marketplace/,secondary,"Mapped in fabstitch-keyword-map.csv onto an existing URL. Volume, difficulty, and rank are UNKNOWN.",low,Strengthen this existing canonical page. Do not create another URL.
fabric suppliers,supplier,Transactional,/marketplace/,secondary,"Mapped in fabstitch-keyword-map.csv onto an existing URL. Volume, difficulty, and rank are UNKNOWN.",low,Strengthen this existing canonical page. Do not create another URL.
fabric wholesale,wholesale_commercial,Transactional,/marketplace/,secondary,"Mapped in fabstitch-keyword-map.csv onto an existing URL. Volume, difficulty, and rank are UNKNOWN.",low,Strengthen this existing canonical page. Do not create another URL.
fabrics,fabric_type,Commercial,/marketplace/,secondary,"Mapped in fabstitch-keyword-map.csv onto an existing URL. Volume, difficulty, and rank are UNKNOWN.",low,Strengthen this existing canonical page. Do not create another URL.
online fabric marketplace,fabric_type,Commercial,/marketplace/,secondary,"Mapped in fabstitch-keyword-map.csv onto an existing URL. Volume, difficulty, and rank are UNKNOWN.",low,Strengthen this existing canonical page. Do not create another URL.
online fabric sourcing,fabric_type,Commercial,/marketplace/,secondary,"Mapped in fabstitch-keyword-map.csv onto an existing URL. Volume, difficulty, and rank are UNKNOWN.",low,Strengthen this existing canonical page. Do not create another URL.
online fabric store,fabric_type,Commercial,/marketplace/,secondary,"Mapped in fabstitch-keyword-map.csv onto an existing URL. Volume, difficulty, and rank are UNKNOWN.",low,Strengthen this existing canonical page. Do not create another URL.
source fabric online,fabric_type,Commercial,/marketplace/,secondary,"Mapped in fabstitch-keyword-map.csv onto an existing URL. Volume, difficulty, and rank are UNKNOWN.",low,Strengthen this existing canonical page. Do not create another URL.
textile sourcing,fabric_type,Commercial,/marketplace/,secondary,"Mapped in fabstitch-keyword-map.csv onto an existing URL. Volume, difficulty, and rank are UNKNOWN.",low,Strengthen this existing canonical page. Do not create another URL.
textile supplier,supplier,Transactional,/marketplace/,secondary,"Mapped in fabstitch-keyword-map.csv onto an existing URL. Volume, difficulty, and rank are UNKNOWN.",low,Strengthen this existing canonical page. Do not create another URL.
wholesale fabric,wholesale_commercial,Transactional,/marketplace/,secondary,"Mapped in fabstitch-keyword-map.csv onto an existing URL. Volume, difficulty, and rank are UNKNOWN.",cannibalization,Primary topic is also used by /wholesale-fabric/. Strengthen the stronger page and keep the other as support. Do not add a third URL.
wholesale fabrics,wholesale_commercial,Transactional,/marketplace/,secondary,"Mapped in fabstitch-keyword-map.csv onto an existing URL. Volume, difficulty, and rank are UNKNOWN.",low,Strengthen this existing canonical page. Do not create another URL.
bedding fabric,application,Commercial,/collections/home-contract/,secondary,"Mapped in fabstitch-keyword-map.csv onto an existing URL. Volume, difficulty, and rank are UNKNOWN.",low,Strengthen this existing canonical page. Do not create another URL.
contract textile,fabric_type,Commercial,/collections/home-contract/,secondary,"Mapped in fabstitch-keyword-map.csv onto an existing URL. Volume, difficulty, and rank are UNKNOWN.",low,Strengthen this existing canonical page. Do not create another URL.
curtain fabric,application,Commercial,/collections/home-contract/,secondary,"Mapped in fabstitch-keyword-map.csv onto an existing URL. Volume, difficulty, and rank are UNKNOWN.",low,Strengthen this existing canonical page. Do not create another URL.
drape fabric,fabric_type,Commercial,/collections/home-contract/,secondary,"Mapped in fabstitch-keyword-map.csv onto an existing URL. Volume, difficulty, and rank are UNKNOWN.",low,Strengthen this existing canonical page. Do not create another URL.
home textile fabric,fabric_type,Commercial,/collections/home-contract/,secondary,"Mapped in fabstitch-keyword-map.csv onto an existing URL. Volume, difficulty, and rank are UNKNOWN.",low,Strengthen this existing canonical page. Do not create another URL.
upholstery fabric,application,Commercial,/collections/home-contract/,primary,"Mapped in fabstitch-keyword-map.csv onto an existing URL. Volume, difficulty, and rank are UNKNOWN.",low,Strengthen this existing canonical page. Do not create another URL.
crochet knit fabric,fabric_type,Commercial,/collections/knitwear/,secondary,"Mapped in fabstitch-keyword-map.csv onto an existing URL. Volume, difficulty, and rank are UNKNOWN.",low,Strengthen this existing canonical page. Do not create another URL.
jersey fabric,fabric_type,Commercial,/collections/knitwear/,secondary,"Mapped in fabstitch-keyword-map.csv onto an existing URL. Volume, difficulty, and rank are UNKNOWN.",cannibalization,Primary topic is also used by /discover/jersey-fabric/. Strengthen the stronger page and keep the other as support. Do not add a third URL.
knit fabric,fabric_type,Commercial,/collections/knitwear/,secondary,"Mapped in fabstitch-keyword-map.csv onto an existing URL. Volume, difficulty, and rank are UNKNOWN.",cannibalization,Primary topic is also used by /discover/knit-fabric/ /discover/how-knit-fabric-is-built/. Strengthen the stronger page and keep the other as support. Do not add a third URL.
knit fabrics,fabric_type,Commercial,/collections/knitwear/,secondary,"Mapped in fabstitch-keyword-map.csv onto an existing URL. Volume, difficulty, and rank are UNKNOWN.",low,Strengthen this existing canonical page. Do not create another URL.
open stitch knit,fabric_type,Commercial,/collections/knitwear/,secondary,"Mapped in fabstitch-keyword-map.csv onto an existing URL. Volume, difficulty, and rank are UNKNOWN.",low,Strengthen this existing canonical page. Do not create another URL.
pointelle knit,fabric_type,Commercial,/collections/knitwear/,secondary,"Mapped in fabstitch-keyword-map.csv onto an existing URL. Volume, difficulty, and rank are UNKNOWN.",low,Strengthen this existing canonical page. Do not create another URL.
buy linen fabric,fabric_type,Commercial,/collections/linen-lightweight/,secondary,"Mapped in fabstitch-keyword-map.csv onto an existing URL. Volume, difficulty, and rank are UNKNOWN.",low,Strengthen this existing canonical page. Do not create another URL.
european flax linen,fabric_type,Commercial,/collections/linen-lightweight/,secondary,"Mapped in fabstitch-keyword-map.csv onto an existing URL. Volume, difficulty, and rank are UNKNOWN.",low,Strengthen this existing canonical page. Do not create another URL.
flax linen,fabric_type,Commercial,/collections/linen-lightweight/,secondary,"Mapped in fabstitch-keyword-map.csv onto an existing URL. Volume, difficulty, and rank are UNKNOWN.",low,Strengthen this existing canonical page. Do not create another URL.
linen fabric,fabric_type,Commercial,/collections/linen-lightweight/,primary,"Mapped in fabstitch-keyword-map.csv onto an existing URL. Volume, difficulty, and rank are UNKNOWN.",low,Strengthen this existing canonical page. Do not create another URL.
linen fabric online,fabric_type,Commercial,/collections/linen-lightweight/,secondary,"Mapped in fabstitch-keyword-map.csv onto an existing URL. Volume, difficulty, and rank are UNKNOWN.",low,Strengthen this existing canonical page. Do not create another URL.
linen fabrics,fabric_type,Commercial,/collections/linen-lightweight/,secondary,"Mapped in fabstitch-keyword-map.csv onto an existing URL. Volume, difficulty, and rank are UNKNOWN.",low,Strengthen this existing canonical page. Do not create another URL.
boiled wool,fabric_type,Commercial,/fabrics/boiled-wool/,secondary,"Mapped in fabstitch-keyword-map.csv onto an existing URL. Volume, difficulty, and rank are UNKNOWN.",low,Strengthen this existing canonical page. Do not create another URL.
cotton poplin,fabric_type,Commercial,/fabrics/cotton-poplin/,secondary,"Mapped in fabstitch-keyword-map.csv onto an existing URL. Volume, difficulty, and rank are UNKNOWN.",low,Strengthen this existing canonical page. Do not create another URL.
cotton seersucker,fabric_type,Commercial,/fabrics/cotton-seersucker/,secondary,"Mapped in fabstitch-keyword-map.csv onto an existing URL. Volume, difficulty, and rank are UNKNOWN.",low,Strengthen this existing canonical page. Do not create another URL.
cotton voile,fabric_type,Commercial,/fabrics/cotton-voile/,secondary,"Mapped in fabstitch-keyword-map.csv onto an existing URL. Volume, difficulty, and rank are UNKNOWN.",low,Strengthen this existing canonical page. Do not create another URL.
european flax linen fabric,fabric_type,Commercial,/fabrics/european-flax-linen/,primary,"Mapped in fabstitch-keyword-map.csv onto an existing URL. Volume, difficulty, and rank are UNKNOWN.",low,Strengthen this existing canonical page. Do not create another URL.
lightweight denim fabric,fabric_type,Commercial,/fabrics/lightweight-denim/,primary,"Mapped in fabstitch-keyword-map.csv onto an existing URL. Volume, difficulty, and rank are UNKNOWN.",cannibalization,Primary topic is also used by /discover/lightweight-denim-fabric/. Strengthen the stronger page and keep the other as support. Do not add a third URL.
linen-cotton,fabric_type,Commercial,/fabrics/linen-cotton/,secondary,"Mapped in fabstitch-keyword-map.csv onto an existing URL. Volume, difficulty, and rank are UNKNOWN.",low,Strengthen this existing canonical page. Do not create another URL.
linen-cotton fabric,fabric_type,Commercial,/fabrics/linen-cotton/,secondary,"Mapped in fabstitch-keyword-map.csv onto an existing URL. Volume, difficulty, and rank are UNKNOWN.",low,Strengthen this existing canonical page. Do not create another URL.
melton,fabric_type,Commercial,/fabrics/melton/,secondary,"Mapped in fabstitch-keyword-map.csv onto an existing URL. Volume, difficulty, and rank are UNKNOWN.",low,Strengthen this existing canonical page. Do not create another URL.
pointelle knit fabric,fabric_type,Commercial,/fabrics/pointelle-knit/,primary,"Mapped in fabstitch-keyword-map.csv onto an existing URL. Volume, difficulty, and rank are UNKNOWN.",low,Strengthen this existing canonical page. Do not create another URL.
silk chiffon,fabric_type,Commercial,/fabrics/silk-chiffon/,secondary,"Mapped in fabstitch-keyword-map.csv onto an existing URL. Volume, difficulty, and rank are UNKNOWN.",low,Strengthen this existing canonical page. Do not create another URL.
silk georgette,fabric_type,Commercial,/fabrics/silk-georgette/,secondary,"Mapped in fabstitch-keyword-map.csv onto an existing URL. Volume, difficulty, and rank are UNKNOWN.",low,Strengthen this existing canonical page. Do not create another URL.
stretch-woven compression,performance,Commercial,/fabrics/stretch-woven-compression/,secondary,"Mapped in fabstitch-keyword-map.csv onto an existing URL. Volume, difficulty, and rank are UNKNOWN.",low,Strengthen this existing canonical page. Do not create another URL.
stretch-woven compression fabric,performance,Commercial,/fabrics/stretch-woven-compression/,primary,"Mapped in fabstitch-keyword-map.csv onto an existing URL. Volume, difficulty, and rank are UNKNOWN.",low,Strengthen this existing canonical page. Do not create another URL.
activewear fabric,fabric_type,Commercial,/collections/performance/,secondary,"Mapped in fabstitch-keyword-map.csv onto an existing URL. Volume, difficulty, and rank are UNKNOWN.",low,Strengthen this existing canonical page. Do not create another URL.
compression fabric,fabric_type,Commercial,/collections/performance/,secondary,"Mapped in fabstitch-keyword-map.csv onto an existing URL. Volume, difficulty, and rank are UNKNOWN.",low,Strengthen this existing canonical page. Do not create another URL.
performance fabric,fabric_type,Commercial,/collections/performance/,primary,"Mapped in fabstitch-keyword-map.csv onto an existing URL. Volume, difficulty, and rank are UNKNOWN.",cannibalization,Primary topic is also used by /discover/performance-fabric/. Strengthen the stronger page and keep the other as support. Do not add a third URL.
stretch fabric,performance,Commercial,/collections/performance/,secondary,"Mapped in fabstitch-keyword-map.csv onto an existing URL. Volume, difficulty, and rank are UNKNOWN.",cannibalization,Primary topic is also used by /discover/stretch-fabric/. Strengthen the stronger page and keep the other as support. Do not add a third URL.
swimwear fabric,fabric_type,Commercial,/collections/performance/,secondary,"Mapped in fabstitch-keyword-map.csv onto an existing URL. Volume, difficulty, and rank are UNKNOWN.",low,Strengthen this existing canonical page. Do not create another URL.
technical fabric,fabric_type,Commercial,/collections/performance/,secondary,"Mapped in fabstitch-keyword-map.csv onto an existing URL. Volume, difficulty, and rank are UNKNOWN.",low,Strengthen this existing canonical page. Do not create another URL.
sheer silk fabric,fabric_type,Commercial,/collections/silk-sheer/,secondary,"Mapped in fabstitch-keyword-map.csv onto an existing URL. Volume, difficulty, and rank are UNKNOWN.",cannibalization,Primary topic is also used by /discover/sheer-silk-fabric/. Strengthen the stronger page and keep the other as support. Do not add a third URL.
silk chiffon fabric,fabric_type,Commercial,/collections/silk-sheer/,secondary,"Mapped in fabstitch-keyword-map.csv onto an existing URL. Volume, difficulty, and rank are UNKNOWN.",cannibalization,Primary topic is also used by /fabrics/silk-chiffon/. Strengthen the stronger page and keep the other as support. Do not add a third URL.
silk fabric,fabric_type,Commercial,/collections/silk-sheer/,primary,"Mapped in fabstitch-keyword-map.csv onto an existing URL. Volume, difficulty, and rank are UNKNOWN.",low,Strengthen this existing canonical page. Do not create another URL.
silk fabrics,fabric_type,Commercial,/collections/silk-sheer/,secondary,"Mapped in fabstitch-keyword-map.csv onto an existing URL. Volume, difficulty, and rank are UNKNOWN.",low,Strengthen this existing canonical page. Do not create another URL.
silk georgette fabric,fabric_type,Commercial,/collections/silk-sheer/,secondary,"Mapped in fabstitch-keyword-map.csv onto an existing URL. Volume, difficulty, and rank are UNKNOWN.",cannibalization,Primary topic is also used by /fabrics/silk-georgette/. Strengthen the stronger page and keep the other as support. Do not add a third URL.
silk organza fabric,fabric_type,Commercial,/collections/silk-sheer/,secondary,"Mapped in fabstitch-keyword-map.csv onto an existing URL. Volume, difficulty, and rank are UNKNOWN.",low,Strengthen this existing canonical page. Do not create another URL.
gabardine fabric,fabric_type,Commercial,/collections/technical-outerwear/,secondary,"Mapped in fabstitch-keyword-map.csv onto an existing URL. Volume, difficulty, and rank are UNKNOWN.",low,Strengthen this existing canonical page. Do not create another URL.
laminate fabric,fabric_type,Commercial,/collections/technical-outerwear/,secondary,"Mapped in fabstitch-keyword-map.csv onto an existing URL. Volume, difficulty, and rank are UNKNOWN.",low,Strengthen this existing canonical page. Do not create another URL.
membrane fabric,fabric_type,Commercial,/collections/technical-outerwear/,secondary,"Mapped in fabstitch-keyword-map.csv onto an existing URL. Volume, difficulty, and rank are UNKNOWN.",low,Strengthen this existing canonical page. Do not create another URL.
outerwear fabric,fabric_type,Commercial,/collections/technical-outerwear/,secondary,"Mapped in fabstitch-keyword-map.csv onto an existing URL. Volume, difficulty, and rank are UNKNOWN.",low,Strengthen this existing canonical page. Do not create another URL.
ripstop fabric,fabric_type,Commercial,/collections/technical-outerwear/,secondary,"Mapped in fabstitch-keyword-map.csv onto an existing URL. Volume, difficulty, and rank are UNKNOWN.",low,Strengthen this existing canonical page. Do not create another URL.
technical outerwear fabric,fabric_type,Commercial,/collections/technical-outerwear/,primary,"Mapped in fabstitch-keyword-map.csv onto an existing URL. Volume, difficulty, and rank are UNKNOWN.",low,Strengthen this existing canonical page. Do not create another URL.
corduroy fabric,fabric_type,Commercial,/collections/velvet-pile/,secondary,"Mapped in fabstitch-keyword-map.csv onto an existing URL. Volume, difficulty, and rank are UNKNOWN.",low,Strengthen this existing canonical page. Do not create another URL.
crushed velvet fabric,fabric_type,Commercial,/collections/velvet-pile/,secondary,"Mapped in fabstitch-keyword-map.csv onto an existing URL. Volume, difficulty, and rank are UNKNOWN.",low,Strengthen this existing canonical page. Do not create another URL.
fine wale corduroy,fabric_type,Commercial,/collections/velvet-pile/,secondary,"Mapped in fabstitch-keyword-map.csv onto an existing URL. Volume, difficulty, and rank are UNKNOWN.",low,Strengthen this existing canonical page. Do not create another URL.
jumbo corduroy,fabric_type,Commercial,/collections/velvet-pile/,secondary,"Mapped in fabstitch-keyword-map.csv onto an existing URL. Volume, difficulty, and rank are UNKNOWN.",low,Strengthen this existing canonical page. Do not create another URL.
panne velvet,fabric_type,Commercial,/collections/velvet-pile/,secondary,"Mapped in fabstitch-keyword-map.csv onto an existing URL. Volume, difficulty, and rank are UNKNOWN.",low,Strengthen this existing canonical page. Do not create another URL.
velvet fabric,fabric_type,Commercial,/collections/velvet-pile/,primary,"Mapped in fabstitch-keyword-map.csv onto an existing URL. Volume, difficulty, and rank are UNKNOWN.",cannibalization,Primary topic is also used by /discover/velvet-fabric/. Strengthen the stronger page and keep the other as support. Do not add a third URL.
tropical wool fabric,fabric_type,Commercial,/collections/tailoring/,secondary,"Mapped in fabstitch-keyword-map.csv onto an existing URL. Volume, difficulty, and rank are UNKNOWN.",low,Strengthen this existing canonical page. Do not create another URL.
wool fabric,fabric_type,Commercial,/collections/tailoring/,secondary,"Mapped in fabstitch-keyword-map.csv onto an existing URL. Volume, difficulty, and rank are UNKNOWN.",cannibalization,Primary topic is also used by /fabrics/wool-fabric/. Strengthen the stronger page and keep the other as support. Do not add a third URL.
wool fabrics,fabric_type,Commercial,/collections/tailoring/,secondary,"Mapped in fabstitch-keyword-map.csv onto an existing URL. Volume, difficulty, and rank are UNKNOWN.",low,Strengthen this existing canonical page. Do not create another URL.
wool linen fabric,fabric_type,Commercial,/collections/tailoring/,secondary,"Mapped in fabstitch-keyword-map.csv onto an existing URL. Volume, difficulty, and rank are UNKNOWN.",low,Strengthen this existing canonical page. Do not create another URL.
wool mohair fabric,fabric_type,Commercial,/collections/tailoring/,secondary,"Mapped in fabstitch-keyword-map.csv onto an existing URL. Volume, difficulty, and rank are UNKNOWN.",low,Strengthen this existing canonical page. Do not create another URL.
wool silk fabric,fabric_type,Commercial,/collections/tailoring/,secondary,"Mapped in fabstitch-keyword-map.csv onto an existing URL. Volume, difficulty, and rank are UNKNOWN.",low,Strengthen this existing canonical page. Do not create another URL.
what is woven fabric,informational,Informational,/guides/woven-vs-knit-fabrics/,secondary,"Mapped in fabstitch-keyword-map.csv onto an existing URL. Volume, difficulty, and rank are UNKNOWN.",low,Strengthen this existing canonical page. Do not create another URL.
woven fabric,fabric_type,Commercial,/fabrics/,secondary,"Mapped in fabstitch-keyword-map.csv onto an existing URL. Volume, difficulty, and rank are UNKNOWN.",cannibalization,Primary topic is also used by /discover/woven-fabric/. Strengthen the stronger page and keep the other as support. Do not add a third URL.
woven fabric for shirts,application,Commercial,/fabrics/,secondary,"Mapped in fabstitch-keyword-map.csv onto an existing URL. Volume, difficulty, and rank are UNKNOWN.",cannibalization,Primary topic is also used by /marketplace/woven-cloth-for-shirts/. Strengthen the stronger page and keep the other as support. Do not add a third URL.
woven fabrics,fabric_type,Commercial,/fabrics/,secondary,"Mapped in fabstitch-keyword-map.csv onto an existing URL. Volume, difficulty, and rank are UNKNOWN.",low,Strengthen this existing canonical page. Do not create another URL.
woven textile,fabric_type,Commercial,/fabrics/,secondary,"Mapped in fabstitch-keyword-map.csv onto an existing URL. Volume, difficulty, and rank are UNKNOWN.",low,Strengthen this existing canonical page. Do not create another URL.
woven vs knit fabric,informational,Informational,/guides/woven-vs-knit-fabrics/,secondary,"Mapped in fabstitch-keyword-map.csv onto an existing URL. Volume, difficulty, and rank are UNKNOWN.",low,Strengthen this existing canonical page. Do not create another URL.
fabric for acoustic drapes,application,Commercial,/fabrics/best-for/home-textiles/,secondary,"Mapped in fabstitch-keyword-map.csv onto an existing URL. Volume, difficulty, and rank are UNKNOWN.",low,Strengthen this existing canonical page. Do not create another URL.
fabric for baselayers,application,Commercial,/fabrics/best-for/activewear/,secondary,"Mapped in fabstitch-keyword-map.csv onto an existing URL. Volume, difficulty, and rank are UNKNOWN.",low,Strengthen this existing canonical page. Do not create another URL.
fabric for blouses,application,Commercial,/fabrics/best-for/womens-clothing/,secondary,"Mapped in fabstitch-keyword-map.csv onto an existing URL. Volume, difficulty, and rank are UNKNOWN.",cannibalization,Primary topic is also used by /discover/fabric-for-blouses/. Strengthen the stronger page and keep the other as support. Do not add a third URL.
fabric for bottoms,application,Commercial,/fabrics/best-for/trousers/,secondary,"Mapped in fabstitch-keyword-map.csv onto an existing URL. Volume, difficulty, and rank are UNKNOWN.",low,Strengthen this existing canonical page. Do not create another URL.
fabric for city outerwear,application,Commercial,/fabrics/best-for/outerwear/,secondary,"Mapped in fabstitch-keyword-map.csv onto an existing URL. Volume, difficulty, and rank are UNKNOWN.",low,Strengthen this existing canonical page. Do not create another URL.
fabric for citywear,application,Commercial,/fabrics/best-for/activewear/,secondary,"Mapped in fabstitch-keyword-map.csv onto an existing URL. Volume, difficulty, and rank are UNKNOWN.",low,Strengthen this existing canonical page. Do not create another URL.
fabric for coats,application,Commercial,/fabrics/best-for/outerwear/,secondary,"Mapped in fabstitch-keyword-map.csv onto an existing URL. Volume, difficulty, and rank are UNKNOWN.",cannibalization,Primary topic is also used by /discover/fabric-for-coats/. Strengthen the stronger page and keep the other as support. Do not add a third URL.
fabric for contract textiles,application,Commercial,/fabrics/best-for/home-textiles/,secondary,"Mapped in fabstitch-keyword-map.csv onto an existing URL. Volume, difficulty, and rank are UNKNOWN.",low,Strengthen this existing canonical page. Do not create another URL.
fabric for curtains,application,Commercial,/fabrics/best-for/home-textiles/,secondary,"Mapped in fabstitch-keyword-map.csv onto an existing URL. Volume, difficulty, and rank are UNKNOWN.",low,Strengthen this existing canonical page. Do not create another URL.
fabric for full skirts,application,Commercial,/fabrics/best-for/womens-clothing/,secondary,"Mapped in fabstitch-keyword-map.csv onto an existing URL. Volume, difficulty, and rank are UNKNOWN.",low,Strengthen this existing canonical page. Do not create another URL.
fabric for home textiles / interiors,application,Commercial,/fabrics/best-for/home-textiles/,secondary,"Mapped in fabstitch-keyword-map.csv onto an existing URL. Volume, difficulty, and rank are UNKNOWN.",low,Strengthen this existing canonical page. Do not create another URL.
fabric for interiors,application,Commercial,/fabrics/best-for/home-textiles/,secondary,"Mapped in fabstitch-keyword-map.csv onto an existing URL. Volume, difficulty, and rank are UNKNOWN.",low,Strengthen this existing canonical page. Do not create another URL.
fabric for layering pieces,application,Commercial,/fabrics/best-for/knitwear/,secondary,"Mapped in fabstitch-keyword-map.csv onto an existing URL. Volume, difficulty, and rank are UNKNOWN.",low,Strengthen this existing canonical page. Do not create another URL.
fabric for lightweight outerwear,application,Commercial,/fabrics/best-for/outerwear/,secondary,"Mapped in fabstitch-keyword-map.csv onto an existing URL. Volume, difficulty, and rank are UNKNOWN.",low,Strengthen this existing canonical page. Do not create another URL.
fabric for loungewear,application,Commercial,/fabrics/best-for/activewear/,secondary,"Mapped in fabstitch-keyword-map.csv onto an existing URL. Volume, difficulty, and rank are UNKNOWN.",cannibalization,Primary topic is also used by /discover/fabric-for-loungewear/. Strengthen the stronger page and keep the other as support. Do not add a third URL.
fabric for rugs,application,Commercial,/fabrics/best-for/home-textiles/,secondary,"Mapped in fabstitch-keyword-map.csv onto an existing URL. Volume, difficulty, and rank are UNKNOWN.",low,Strengthen this existing canonical page. Do not create another URL.
fabric for sheers,application,Commercial,/fabrics/best-for/home-textiles/,secondary,"Mapped in fabstitch-keyword-map.csv onto an existing URL. Volume, difficulty, and rank are UNKNOWN.",low,Strengthen this existing canonical page. Do not create another URL.
fabric for slip dresses,application,Commercial,/fabrics/best-for/womens-clothing/,secondary,"Mapped in fabstitch-keyword-map.csv onto an existing URL. Volume, difficulty, and rank are UNKNOWN.",low,Strengthen this existing canonical page. Do not create another URL.
fabric for soft tailoring,application,Commercial,/fabrics/best-for/tailoring/,secondary,"Mapped in fabstitch-keyword-map.csv onto an existing URL. Volume, difficulty, and rank are UNKNOWN.",low,Strengthen this existing canonical page. Do not create another URL.
fabric for statement knits,application,Commercial,/fabrics/best-for/knitwear/,secondary,"Mapped in fabstitch-keyword-map.csv onto an existing URL. Volume, difficulty, and rank are UNKNOWN.",low,Strengthen this existing canonical page. Do not create another URL.
fabric for suiting,application,Commercial,/fabrics/best-for/tailoring/,secondary,"Mapped in fabstitch-keyword-map.csv onto an existing URL. Volume, difficulty, and rank are UNKNOWN.",low,Strengthen this existing canonical page. Do not create another URL.
fabric for swimwear,application,Commercial,/fabrics/best-for/activewear/,secondary,"Mapped in fabstitch-keyword-map.csv onto an existing URL. Volume, difficulty, and rank are UNKNOWN.",low,Strengthen this existing canonical page. Do not create another URL.
fabric for unlined coats,application,Commercial,/fabrics/best-for/outerwear/,secondary,"Mapped in fabstitch-keyword-map.csv onto an existing URL. Volume, difficulty, and rank are UNKNOWN.",low,Strengthen this existing canonical page. Do not create another URL.
fabric for unstructured jackets,application,Commercial,/fabrics/best-for/tailoring/,secondary,"Mapped in fabstitch-keyword-map.csv onto an existing URL. Volume, difficulty, and rank are UNKNOWN.",low,Strengthen this existing canonical page. Do not create another URL.
fabric for workwear trousers,application,Commercial,/fabrics/best-for/trousers/,secondary,"Mapped in fabstitch-keyword-map.csv onto an existing URL. Volume, difficulty, and rank are UNKNOWN.",low,Strengthen this existing canonical page. Do not create another URL.
fab stitch,fabric_type,Navigational,/,secondary,"Mapped in fabstitch-keyword-map.csv onto an existing URL. Volume, difficulty, and rank are UNKNOWN.",low,Strengthen this existing canonical page. Do not create another URL.
fabstitch fabric,fabric_type,Navigational,/,secondary,"Mapped in fabstitch-keyword-map.csv onto an existing URL. Volume, difficulty, and rank are UNKNOWN.",low,Strengthen this existing canonical page. Do not create another URL.
fabstitch marketplace,fabric_type,Navigational,/marketplace/,secondary,"Mapped in fabstitch-keyword-map.csv onto an existing URL. Volume, difficulty, and rank are UNKNOWN.",low,Strengthen this existing canonical page. Do not create another URL.
breathable cotton fabric,performance,Commercial,/collections/cotton/,secondary,"Mapped in fabstitch-keyword-map.csv onto an existing URL. Volume, difficulty, and rank are UNKNOWN.",cannibalization,Primary topic is also used by /discover/breathable-cotton-fabric/. Strengthen the stronger page and keep the other as support. Do not add a third URL.
cotton fabric for dresses,application,Commercial,/collections/cotton/,secondary,"Mapped in fabstitch-keyword-map.csv onto an existing URL. Volume, difficulty, and rank are UNKNOWN.",cannibalization,Primary topic is also used by /discover/cotton-dresses/. Strengthen the stronger page and keep the other as support. Do not add a third URL.
cotton fabric for shirts,application,Commercial,/collections/cotton/,secondary,"Mapped in fabstitch-keyword-map.csv onto an existing URL. Volume, difficulty, and rank are UNKNOWN.",cannibalization,Primary topic is also used by /discover/cotton-shirts/. Strengthen the stronger page and keep the other as support. Do not add a third URL.
cotton poplin fabric,fabric_type,Commercial,/collections/cotton/,secondary,"Mapped in fabstitch-keyword-map.csv onto an existing URL. Volume, difficulty, and rank are UNKNOWN.",cannibalization,Primary topic is also used by /fabrics/cotton-poplin/. Strengthen the stronger page and keep the other as support. Do not add a third URL.
cotton voile fabric,fabric_type,Commercial,/collections/cotton/,secondary,"Mapped in fabstitch-keyword-map.csv onto an existing URL. Volume, difficulty, and rank are UNKNOWN.",cannibalization,Primary topic is also used by /fabrics/cotton-voile/. Strengthen the stronger page and keep the other as support. Do not add a third URL.
lightweight cotton fabric,fabric_type,Commercial,/collections/cotton/,secondary,"Mapped in fabstitch-keyword-map.csv onto an existing URL. Volume, difficulty, and rank are UNKNOWN.",cannibalization,Primary topic is also used by /discover/lightweight-cotton-fabric/. Strengthen the stronger page and keep the other as support. Do not add a third URL.
buy denim fabric,fabric_type,Commercial,/collections/denim/,secondary,"Mapped in fabstitch-keyword-map.csv onto an existing URL. Volume, difficulty, and rank are UNKNOWN.",low,Strengthen this existing canonical page. Do not create another URL.
denim fabric for jackets,application,Commercial,/collections/denim/,secondary,"Mapped in fabstitch-keyword-map.csv onto an existing URL. Volume, difficulty, and rank are UNKNOWN.",cannibalization,Primary topic is also used by /discover/denim-jackets/. Strengthen the stronger page and keep the other as support. Do not add a third URL.
denim fabric for trousers,application,Commercial,/collections/denim/,secondary,"Mapped in fabstitch-keyword-map.csv onto an existing URL. Volume, difficulty, and rank are UNKNOWN.",cannibalization,Primary topic is also used by /discover/denim-trousers/. Strengthen the stronger page and keep the other as support. Do not add a third URL.
denim fabric online,fabric_type,Commercial,/collections/denim/,secondary,"Mapped in fabstitch-keyword-map.csv onto an existing URL. Volume, difficulty, and rank are UNKNOWN.",low,Strengthen this existing canonical page. Do not create another URL.
denim fabric wholesale,wholesale_commercial,Commercial,/collections/denim/,secondary,"Mapped in fabstitch-keyword-map.csv onto an existing URL. Volume, difficulty, and rank are UNKNOWN.",low,Strengthen this existing canonical page. Do not create another URL.
hemp cotton denim,fabric_type,Commercial,/collections/denim/,secondary,"Mapped in fabstitch-keyword-map.csv onto an existing URL. Volume, difficulty, and rank are UNKNOWN.",low,Strengthen this existing canonical page. Do not create another URL.
fabric sampling online,informational,Informational,/guides/how-to-buy-fabric-online/,secondary,"Mapped in fabstitch-keyword-map.csv onto an existing URL. Volume, difficulty, and rank are UNKNOWN.",low,Strengthen this existing canonical page. Do not create another URL.
aw textures textiles,fabric_type,Commercial,/collections/aw-textures/,secondary,"Mapped in fabstitch-keyword-map.csv onto an existing URL. Volume, difficulty, and rank are UNKNOWN.",low,Strengthen this existing canonical page. Do not create another URL.
buy aw textures fabrics,fabric_type,Commercial,/collections/aw-textures/,secondary,"Mapped in fabstitch-keyword-map.csv onto an existing URL. Volume, difficulty, and rank are UNKNOWN.",low,Strengthen this existing canonical page. Do not create another URL.
buy cotton fabrics,fabric_type,Commercial,/collections/cotton/,secondary,"Mapped in fabstitch-keyword-map.csv onto an existing URL. Volume, difficulty, and rank are UNKNOWN.",low,Strengthen this existing canonical page. Do not create another URL.
buy denim fabrics,fabric_type,Commercial,/collections/denim/,secondary,"Mapped in fabstitch-keyword-map.csv onto an existing URL. Volume, difficulty, and rank are UNKNOWN.",low,Strengthen this existing canonical page. Do not create another URL.
buy home & contract fabrics,fabric_type,Commercial,/collections/home-contract/,secondary,"Mapped in fabstitch-keyword-map.csv onto an existing URL. Volume, difficulty, and rank are UNKNOWN.",low,Strengthen this existing canonical page. Do not create another URL.
buy knitwear fabrics,fabric_type,Commercial,/collections/knitwear/,secondary,"Mapped in fabstitch-keyword-map.csv onto an existing URL. Volume, difficulty, and rank are UNKNOWN.",low,Strengthen this existing canonical page. Do not create another URL.
buy linen & lightweight fabrics,fabric_type,Commercial,/collections/linen-lightweight/,secondary,"Mapped in fabstitch-keyword-map.csv onto an existing URL. Volume, difficulty, and rank are UNKNOWN.",low,Strengthen this existing canonical page. Do not create another URL.
buy performance fabrics,fabric_type,Commercial,/collections/performance/,secondary,"Mapped in fabstitch-keyword-map.csv onto an existing URL. Volume, difficulty, and rank are UNKNOWN.",low,Strengthen this existing canonical page. Do not create another URL.
buy silk & sheer fabrics,fabric_type,Commercial,/collections/silk-sheer/,secondary,"Mapped in fabstitch-keyword-map.csv onto an existing URL. Volume, difficulty, and rank are UNKNOWN.",low,Strengthen this existing canonical page. Do not create another URL.
buy structured classics fabrics,fabric_type,Commercial,/collections/structured-classics/,secondary,"Mapped in fabstitch-keyword-map.csv onto an existing URL. Volume, difficulty, and rank are UNKNOWN.",low,Strengthen this existing canonical page. Do not create another URL.
buy tailoring fabrics,fabric_type,Commercial,/collections/tailoring/,secondary,"Mapped in fabstitch-keyword-map.csv onto an existing URL. Volume, difficulty, and rank are UNKNOWN.",low,Strengthen this existing canonical page. Do not create another URL.
buy technical outerwear fabrics,fabric_type,Commercial,/collections/technical-outerwear/,secondary,"Mapped in fabstitch-keyword-map.csv onto an existing URL. Volume, difficulty, and rank are UNKNOWN.",low,Strengthen this existing canonical page. Do not create another URL.
buy velvet & pile fabrics,fabric_type,Commercial,/collections/velvet-pile/,secondary,"Mapped in fabstitch-keyword-map.csv onto an existing URL. Volume, difficulty, and rank are UNKNOWN.",low,Strengthen this existing canonical page. Do not create another URL.
cotton textiles,fabric_type,Commercial,/collections/cotton/,secondary,"Mapped in fabstitch-keyword-map.csv onto an existing URL. Volume, difficulty, and rank are UNKNOWN.",low,Strengthen this existing canonical page. Do not create another URL.
denim textiles,fabric_type,Commercial,/collections/denim/,secondary,"Mapped in fabstitch-keyword-map.csv onto an existing URL. Volume, difficulty, and rank are UNKNOWN.",low,Strengthen this existing canonical page. Do not create another URL.
explore aw textures fabrics,fabric_type,Commercial,/collections/aw-textures/,secondary,"Mapped in fabstitch-keyword-map.csv onto an existing URL. Volume, difficulty, and rank are UNKNOWN.",low,Strengthen this existing canonical page. Do not create another URL.
explore cotton fabrics,fabric_type,Commercial,/collections/cotton/,secondary,"Mapped in fabstitch-keyword-map.csv onto an existing URL. Volume, difficulty, and rank are UNKNOWN.",low,Strengthen this existing canonical page. Do not create another URL.
explore denim fabrics,fabric_type,Commercial,/collections/denim/,secondary,"Mapped in fabstitch-keyword-map.csv onto an existing URL. Volume, difficulty, and rank are UNKNOWN.",low,Strengthen this existing canonical page. Do not create another URL.
explore home & contract fabrics,fabric_type,Commercial,/collections/home-contract/,secondary,"Mapped in fabstitch-keyword-map.csv onto an existing URL. Volume, difficulty, and rank are UNKNOWN.",low,Strengthen this existing canonical page. Do not create another URL.
explore knitwear fabrics,fabric_type,Commercial,/collections/knitwear/,secondary,"Mapped in fabstitch-keyword-map.csv onto an existing URL. Volume, difficulty, and rank are UNKNOWN.",low,Strengthen this existing canonical page. Do not create another URL.
explore linen & lightweight fabrics,fabric_type,Commercial,/collections/linen-lightweight/,secondary,"Mapped in fabstitch-keyword-map.csv onto an existing URL. Volume, difficulty, and rank are UNKNOWN.",low,Strengthen this existing canonical page. Do not create another URL.
explore performance fabrics,fabric_type,Commercial,/collections/performance/,secondary,"Mapped in fabstitch-keyword-map.csv onto an existing URL. Volume, difficulty, and rank are UNKNOWN.",low,Strengthen this existing canonical page. Do not create another URL.
explore silk & sheer fabrics,fabric_type,Commercial,/collections/silk-sheer/,secondary,"Mapped in fabstitch-keyword-map.csv onto an existing URL. Volume, difficulty, and rank are UNKNOWN.",low,Strengthen this existing canonical page. Do not create another URL.
explore structured classics fabrics,fabric_type,Commercial,/collections/structured-classics/,secondary,"Mapped in fabstitch-keyword-map.csv onto an existing URL. Volume, difficulty, and rank are UNKNOWN.",low,Strengthen this existing canonical page. Do not create another URL.
explore tailoring fabrics,fabric_type,Commercial,/collections/tailoring/,secondary,"Mapped in fabstitch-keyword-map.csv onto an existing URL. Volume, difficulty, and rank are UNKNOWN.",low,Strengthen this existing canonical page. Do not create another URL.
explore technical outerwear fabrics,fabric_type,Commercial,/collections/technical-outerwear/,secondary,"Mapped in fabstitch-keyword-map.csv onto an existing URL. Volume, difficulty, and rank are UNKNOWN.",low,Strengthen this existing canonical page. Do not create another URL.
explore velvet & pile fabrics,fabric_type,Commercial,/collections/velvet-pile/,secondary,"Mapped in fabstitch-keyword-map.csv onto an existing URL. Volume, difficulty, and rank are UNKNOWN.",low,Strengthen this existing canonical page. Do not create another URL.
home & contract textiles,fabric_type,Commercial,/collections/home-contract/,secondary,"Mapped in fabstitch-keyword-map.csv onto an existing URL. Volume, difficulty, and rank are UNKNOWN.",low,Strengthen this existing canonical page. Do not create another URL.
home contract fabrics,fabric_type,Commercial,/collections/home-contract/,secondary,"Mapped in fabstitch-keyword-map.csv onto an existing URL. Volume, difficulty, and rank are UNKNOWN.",low,Strengthen this existing canonical page. Do not create another URL.
knitwear textiles,fabric_type,Commercial,/collections/knitwear/,secondary,"Mapped in fabstitch-keyword-map.csv onto an existing URL. Volume, difficulty, and rank are UNKNOWN.",low,Strengthen this existing canonical page. Do not create another URL.
linen & lightweight textiles,fabric_type,Commercial,/collections/linen-lightweight/,secondary,"Mapped in fabstitch-keyword-map.csv onto an existing URL. Volume, difficulty, and rank are UNKNOWN.",low,Strengthen this existing canonical page. Do not create another URL.
linen lightweight fabrics,fabric_type,Commercial,/collections/linen-lightweight/,secondary,"Mapped in fabstitch-keyword-map.csv onto an existing URL. Volume, difficulty, and rank are UNKNOWN.",low,Strengthen this existing canonical page. Do not create another URL.
performance textiles,fabric_type,Commercial,/collections/performance/,secondary,"Mapped in fabstitch-keyword-map.csv onto an existing URL. Volume, difficulty, and rank are UNKNOWN.",low,Strengthen this existing canonical page. Do not create another URL.
silk & sheer textiles,fabric_type,Commercial,/collections/silk-sheer/,secondary,"Mapped in fabstitch-keyword-map.csv onto an existing URL. Volume, difficulty, and rank are UNKNOWN.",low,Strengthen this existing canonical page. Do not create another URL.
silk sheer fabrics,fabric_type,Commercial,/collections/silk-sheer/,secondary,"Mapped in fabstitch-keyword-map.csv onto an existing URL. Volume, difficulty, and rank are UNKNOWN.",low,Strengthen this existing canonical page. Do not create another URL.
structured classics textiles,fabric_type,Commercial,/collections/structured-classics/,secondary,"Mapped in fabstitch-keyword-map.csv onto an existing URL. Volume, difficulty, and rank are UNKNOWN.",low,Strengthen this existing canonical page. Do not create another URL.
tailoring textiles,fabric_type,Commercial,/collections/tailoring/,secondary,"Mapped in fabstitch-keyword-map.csv onto an existing URL. Volume, difficulty, and rank are UNKNOWN.",low,Strengthen this existing canonical page. Do not create another URL.
technical outerwear textiles,fabric_type,Commercial,/collections/technical-outerwear/,secondary,"Mapped in fabstitch-keyword-map.csv onto an existing URL. Volume, difficulty, and rank are UNKNOWN.",low,Strengthen this existing canonical page. Do not create another URL.
velvet & pile textiles,fabric_type,Commercial,/collections/velvet-pile/,secondary,"Mapped in fabstitch-keyword-map.csv onto an existing URL. Volume, difficulty, and rank are UNKNOWN.",low,Strengthen this existing canonical page. Do not create another URL.
velvet pile fabrics,fabric_type,Commercial,/collections/velvet-pile/,secondary,"Mapped in fabstitch-keyword-map.csv onto an existing URL. Volume, difficulty, and rank are UNKNOWN.",low,Strengthen this existing canonical page. Do not create another URL.
chiffon vs georgette,informational,Informational,/guides/chiffon-vs-georgette/,secondary,"Mapped in fabstitch-keyword-map.csv onto an existing URL. Volume, difficulty, and rank are UNKNOWN.",low,Strengthen this existing canonical page. Do not create another URL.
cotton vs linen,informational,Informational,/guides/cotton-vs-linen/,secondary,"Mapped in fabstitch-keyword-map.csv onto an existing URL. Volume, difficulty, and rank are UNKNOWN.",low,Strengthen this existing canonical page. Do not create another URL.
fabric quality comparison,informational,Informational,/guides/how-to-choose-the-right-fabric-weight/,secondary,"Mapped in fabstitch-keyword-map.csv onto an existing URL. Volume, difficulty, and rank are UNKNOWN.",noindex_target,The URL exists and stays noindex. Do not create a replacement page and do not force this URL into the index.
fabric weight comparison,informational,Informational,/guides/fabric-weight-and-gsm/,secondary,"Mapped in fabstitch-keyword-map.csv onto an existing URL. Volume, difficulty, and rank are UNKNOWN.",low,Strengthen this existing canonical page. Do not create another URL.
georgette vs chiffon,informational,Informational,/guides/chiffon-vs-georgette/,secondary,"Mapped in fabstitch-keyword-map.csv onto an existing URL. Volume, difficulty, and rank are UNKNOWN.",low,Strengthen this existing canonical page. Do not create another URL.
gsm fabric guide,specification,Informational,/guides/fabric-weight-and-gsm/,secondary,"Mapped in fabstitch-keyword-map.csv onto an existing URL. Volume, difficulty, and rank are UNKNOWN.",low,Strengthen this existing canonical page. Do not create another URL.
how to compare fabric quality,informational,Informational,/guides/how-fabric-composition-affects-performance/,secondary,"Mapped in fabstitch-keyword-map.csv onto an existing URL. Volume, difficulty, and rank are UNKNOWN.",noindex_target,The URL exists and stays noindex. Do not create a replacement page and do not force this URL into the index.
linen vs cotton,informational,Informational,/guides/cotton-vs-linen/,secondary,"Mapped in fabstitch-keyword-map.csv onto an existing URL. Volume, difficulty, and rank are UNKNOWN.",low,Strengthen this existing canonical page. Do not create another URL.
satin vs silk,informational,Informational,/guides/silk-vs-satin/,secondary,"Mapped in fabstitch-keyword-map.csv onto an existing URL. Volume, difficulty, and rank are UNKNOWN.",noindex_target,The URL exists and stays noindex. Do not create a replacement page and do not force this URL into the index.
silk vs satin,informational,Informational,/guides/silk-vs-satin/,secondary,"Mapped in fabstitch-keyword-map.csv onto an existing URL. Volume, difficulty, and rank are UNKNOWN.",noindex_target,The URL exists and stays noindex. Do not create a replacement page and do not force this URL into the index.
what is gsm in fabric,specification,Informational,/guides/fabric-weight-and-gsm/,secondary,"Mapped in fabstitch-keyword-map.csv onto an existing URL. Volume, difficulty, and rank are UNKNOWN.",low,Strengthen this existing canonical page. Do not create another URL.
woven vs knit,informational,Informational,/guides/woven-vs-knit-fabrics/,secondary,"Mapped in fabstitch-keyword-map.csv onto an existing URL. Volume, difficulty, and rank are UNKNOWN.",low,Strengthen this existing canonical page. Do not create another URL.
browse fabrics,fabric_type,Commercial,/fabrics/,secondary,"Mapped in fabstitch-keyword-map.csv onto an existing URL. Volume, difficulty, and rank are UNKNOWN.",low,Strengthen this existing canonical page. Do not create another URL.
explore fabrics,fabric_type,Commercial,/fabrics/,secondary,"Mapped in fabstitch-keyword-map.csv onto an existing URL. Volume, difficulty, and rank are UNKNOWN.",low,Strengthen this existing canonical page. Do not create another URL.
fabric catalog,fabric_type,Commercial,/fabrics/,secondary,"Mapped in fabstitch-keyword-map.csv onto an existing URL. Volume, difficulty, and rank are UNKNOWN.",low,Strengthen this existing canonical page. Do not create another URL.
fabric catalogue,fabric_type,Commercial,/fabrics/,secondary,"Mapped in fabstitch-keyword-map.csv onto an existing URL. Volume, difficulty, and rank are UNKNOWN.",low,Strengthen this existing canonical page. Do not create another URL.
fabric materials,fabric_type,Commercial,/fabrics/,primary,"Mapped in fabstitch-keyword-map.csv onto an existing URL. Volume, difficulty, and rank are UNKNOWN.",cannibalization,Primary topic is also used by /guides/fabric-questions/materials/. Strengthen the stronger page and keep the other as support. Do not add a third URL.
fabric products,fabric_type,Commercial,/fabrics/,secondary,"Mapped in fabstitch-keyword-map.csv onto an existing URL. Volume, difficulty, and rank are UNKNOWN.",low,Strengthen this existing canonical page. Do not create another URL.
fabric types,fabric_type,Commercial,/fabrics/,secondary,"Mapped in fabstitch-keyword-map.csv onto an existing URL. Volume, difficulty, and rank are UNKNOWN.",low,Strengthen this existing canonical page. Do not create another URL.
named fabrics,fabric_type,Commercial,/fabrics/,secondary,"Mapped in fabstitch-keyword-map.csv onto an existing URL. Volume, difficulty, and rank are UNKNOWN.",low,Strengthen this existing canonical page. Do not create another URL.
textile materials,fabric_type,Commercial,/fabrics/,secondary,"Mapped in fabstitch-keyword-map.csv onto an existing URL. Volume, difficulty, and rank are UNKNOWN.",low,Strengthen this existing canonical page. Do not create another URL.
types of fabric,fabric_type,Commercial,/fabrics/,secondary,"Mapped in fabstitch-keyword-map.csv onto an existing URL. Volume, difficulty, and rank are UNKNOWN.",low,Strengthen this existing canonical page. Do not create another URL.
fabric composition guide,informational,Informational,/guides/how-fabric-composition-affects-performance/,secondary,"Mapped in fabstitch-keyword-map.csv onto an existing URL. Volume, difficulty, and rank are UNKNOWN.",noindex_target,The URL exists and stays noindex. Do not create a replacement page and do not force this URL into the index.
fabric for boutiques guide,informational,Informational,/guides/how-to-source-fabric-for-clothing-brands/,secondary,"Mapped in fabstitch-keyword-map.csv onto an existing URL. Volume, difficulty, and rank are UNKNOWN.",low,Strengthen this existing canonical page. Do not create another URL.
fabric weight gsm,specification,Informational,/guides/fabric-weight-and-gsm/,secondary,"Mapped in fabstitch-keyword-map.csv onto an existing URL. Volume, difficulty, and rank are UNKNOWN.",low,Strengthen this existing canonical page. Do not create another URL.
how to buy fabric online,informational,Informational,/guides/how-to-buy-fabric-online/,secondary,"Mapped in fabstitch-keyword-map.csv onto an existing URL. Volume, difficulty, and rank are UNKNOWN.",low,Strengthen this existing canonical page. Do not create another URL.
how to choose fabric,informational,Informational,/guides/how-to-choose-the-right-fabric-weight/,secondary,"Mapped in fabstitch-keyword-map.csv onto an existing URL. Volume, difficulty, and rank are UNKNOWN.",noindex_target,The URL exists and stays noindex. Do not create a replacement page and do not force this URL into the index.
how to source fabric for clothing brand,informational,Informational,/guides/how-to-source-fabric-for-clothing-brands/,secondary,"Mapped in fabstitch-keyword-map.csv onto an existing URL. Volume, difficulty, and rank are UNKNOWN.",low,Strengthen this existing canonical page. Do not create another URL.
how to source fabric online,informational,Informational,/guides/how-to-source-fabric-for-clothing-brands/,secondary,"Mapped in fabstitch-keyword-map.csv onto an existing URL. Volume, difficulty, and rank are UNKNOWN.",low,Strengthen this existing canonical page. Do not create another URL.
understanding fabric width,informational,Informational,/guides/understanding-fabric-width/,secondary,"Mapped in fabstitch-keyword-map.csv onto an existing URL. Volume, difficulty, and rank are UNKNOWN.",noindex_target,The URL exists and stays noindex. Do not create a replacement page and do not force this URL into the index.
understanding stretch in fabric,performance,Informational,/guides/understanding-stretch-in-fabric/,secondary,"Mapped in fabstitch-keyword-map.csv onto an existing URL. Volume, difficulty, and rank are UNKNOWN.",noindex_target,The URL exists and stays noindex. Do not create a replacement page and do not force this URL into the index.
what is a fabric weave,informational,Informational,/guides/what-is-a-fabric-weave/,secondary,"Mapped in fabstitch-keyword-map.csv onto an existing URL. Volume, difficulty, and rank are UNKNOWN.",noindex_target,The URL exists and stays noindex. Do not create a replacement page and do not force this URL into the index.
activewear fabrics,informational,Informational,/fabrics/best-for/activewear/,secondary,"Mapped in fabstitch-keyword-map.csv onto an existing URL. Volume, difficulty, and rank are UNKNOWN.",low,Strengthen this existing canonical page. Do not create another URL.
activewear textile,informational,Informational,/fabrics/best-for/activewear/,secondary,"Mapped in fabstitch-keyword-map.csv onto an existing URL. Volume, difficulty, and rank are UNKNOWN.",low,Strengthen this existing canonical page. Do not create another URL.
best fabrics for activewear,application,Commercial,/fabrics/best-for/activewear/,secondary,"Mapped in fabstitch-keyword-map.csv onto an existing URL. Volume, difficulty, and rank are UNKNOWN.",low,Strengthen this existing canonical page. Do not create another URL.
buy fabric for activewear,informational,Informational,/fabrics/best-for/activewear/,secondary,"Mapped in fabstitch-keyword-map.csv onto an existing URL. Volume, difficulty, and rank are UNKNOWN.",low,Strengthen this existing canonical page. Do not create another URL.
choose fabric for activewear,informational,Informational,/fabrics/best-for/activewear/,secondary,"Mapped in fabstitch-keyword-map.csv onto an existing URL. Volume, difficulty, and rank are UNKNOWN.",low,Strengthen this existing canonical page. Do not create another URL.
fabric suitable for activewear,informational,Informational,/fabrics/best-for/activewear/,secondary,"Mapped in fabstitch-keyword-map.csv onto an existing URL. Volume, difficulty, and rank are UNKNOWN.",low,Strengthen this existing canonical page. Do not create another URL.
bedding fabrics,informational,Informational,/fabrics/best-for/bedding/,secondary,"Mapped in fabstitch-keyword-map.csv onto an existing URL. Volume, difficulty, and rank are UNKNOWN.",low,Strengthen this existing canonical page. Do not create another URL.
bedding textile,informational,Informational,/fabrics/best-for/bedding/,secondary,"Mapped in fabstitch-keyword-map.csv onto an existing URL. Volume, difficulty, and rank are UNKNOWN.",low,Strengthen this existing canonical page. Do not create another URL.
best fabrics for bedding,application,Commercial,/fabrics/best-for/bedding/,secondary,"Mapped in fabstitch-keyword-map.csv onto an existing URL. Volume, difficulty, and rank are UNKNOWN.",low,Strengthen this existing canonical page. Do not create another URL.
buy fabric for bedding,informational,Informational,/fabrics/best-for/bedding/,secondary,"Mapped in fabstitch-keyword-map.csv onto an existing URL. Volume, difficulty, and rank are UNKNOWN.",low,Strengthen this existing canonical page. Do not create another URL.
choose fabric for bedding,informational,Informational,/fabrics/best-for/bedding/,secondary,"Mapped in fabstitch-keyword-map.csv onto an existing URL. Volume, difficulty, and rank are UNKNOWN.",low,Strengthen this existing canonical page. Do not create another URL.
fabric suitable for bedding,informational,Informational,/fabrics/best-for/bedding/,secondary,"Mapped in fabstitch-keyword-map.csv onto an existing URL. Volume, difficulty, and rank are UNKNOWN.",low,Strengthen this existing canonical page. Do not create another URL.
best fabrics for dresses,application,Commercial,/fabrics/best-for/dresses/,secondary,"Mapped in fabstitch-keyword-map.csv onto an existing URL. Volume, difficulty, and rank are UNKNOWN.",low,Strengthen this existing canonical page. Do not create another URL.
buy fabric for dresses,informational,Informational,/fabrics/best-for/dresses/,secondary,"Mapped in fabstitch-keyword-map.csv onto an existing URL. Volume, difficulty, and rank are UNKNOWN.",low,Strengthen this existing canonical page. Do not create another URL.
choose fabric for dresses,informational,Informational,/fabrics/best-for/dresses/,secondary,"Mapped in fabstitch-keyword-map.csv onto an existing URL. Volume, difficulty, and rank are UNKNOWN.",low,Strengthen this existing canonical page. Do not create another URL.
dresses fabric,informational,Informational,/fabrics/best-for/dresses/,secondary,"Mapped in fabstitch-keyword-map.csv onto an existing URL. Volume, difficulty, and rank are UNKNOWN.",low,Strengthen this existing canonical page. Do not create another URL.
dresses fabrics,informational,Informational,/fabrics/best-for/dresses/,secondary,"Mapped in fabstitch-keyword-map.csv onto an existing URL. Volume, difficulty, and rank are UNKNOWN.",low,Strengthen this existing canonical page. Do not create another URL.
dresses textile,informational,Informational,/fabrics/best-for/dresses/,secondary,"Mapped in fabstitch-keyword-map.csv onto an existing URL. Volume, difficulty, and rank are UNKNOWN.",low,Strengthen this existing canonical page. Do not create another URL.
fabric suitable for dresses,informational,Informational,/fabrics/best-for/dresses/,secondary,"Mapped in fabstitch-keyword-map.csv onto an existing URL. Volume, difficulty, and rank are UNKNOWN.",low,Strengthen this existing canonical page. Do not create another URL.
best fabrics for home textiles,application,Commercial,/fabrics/best-for/home-textiles/,secondary,"Mapped in fabstitch-keyword-map.csv onto an existing URL. Volume, difficulty, and rank are UNKNOWN.",low,Strengthen this existing canonical page. Do not create another URL.
buy fabric for home textiles,informational,Informational,/fabrics/best-for/home-textiles/,secondary,"Mapped in fabstitch-keyword-map.csv onto an existing URL. Volume, difficulty, and rank are UNKNOWN.",low,Strengthen this existing canonical page. Do not create another URL.
choose fabric for home textiles,informational,Informational,/fabrics/best-for/home-textiles/,secondary,"Mapped in fabstitch-keyword-map.csv onto an existing URL. Volume, difficulty, and rank are UNKNOWN.",low,Strengthen this existing canonical page. Do not create another URL.
fabric suitable for home textiles,informational,Informational,/fabrics/best-for/home-textiles/,secondary,"Mapped in fabstitch-keyword-map.csv onto an existing URL. Volume, difficulty, and rank are UNKNOWN.",low,Strengthen this existing canonical page. Do not create another URL.
home textiles fabric,informational,Informational,/fabrics/best-for/home-textiles/,secondary,"Mapped in fabstitch-keyword-map.csv onto an existing URL. Volume, difficulty, and rank are UNKNOWN.",low,Strengthen this existing canonical page. Do not create another URL.
home textiles fabrics,informational,Informational,/fabrics/best-for/home-textiles/,secondary,"Mapped in fabstitch-keyword-map.csv onto an existing URL. Volume, difficulty, and rank are UNKNOWN.",low,Strengthen this existing canonical page. Do not create another URL.
home textiles textile,informational,Informational,/fabrics/best-for/home-textiles/,secondary,"Mapped in fabstitch-keyword-map.csv onto an existing URL. Volume, difficulty, and rank are UNKNOWN.",low,Strengthen this existing canonical page. Do not create another URL.
best fabrics for knitwear,application,Commercial,/fabrics/best-for/knitwear/,secondary,"Mapped in fabstitch-keyword-map.csv onto an existing URL. Volume, difficulty, and rank are UNKNOWN.",low,Strengthen this existing canonical page. Do not create another URL.
buy fabric for knitwear,informational,Informational,/fabrics/best-for/knitwear/,secondary,"Mapped in fabstitch-keyword-map.csv onto an existing URL. Volume, difficulty, and rank are UNKNOWN.",low,Strengthen this existing canonical page. Do not create another URL.
choose fabric for knitwear,informational,Informational,/fabrics/best-for/knitwear/,secondary,"Mapped in fabstitch-keyword-map.csv onto an existing URL. Volume, difficulty, and rank are UNKNOWN.",low,Strengthen this existing canonical page. Do not create another URL.
fabric suitable for knitwear,informational,Informational,/fabrics/best-for/knitwear/,secondary,"Mapped in fabstitch-keyword-map.csv onto an existing URL. Volume, difficulty, and rank are UNKNOWN.",low,Strengthen this existing canonical page. Do not create another URL.
knitwear fabric,informational,Informational,/fabrics/best-for/knitwear/,secondary,"Mapped in fabstitch-keyword-map.csv onto an existing URL. Volume, difficulty, and rank are UNKNOWN.",low,Strengthen this existing canonical page. Do not create another URL.
knitwear fabrics,informational,Informational,/fabrics/best-for/knitwear/,secondary,"Mapped in fabstitch-keyword-map.csv onto an existing URL. Volume, difficulty, and rank are UNKNOWN.",low,Strengthen this existing canonical page. Do not create another URL.
knitwear textile,informational,Informational,/fabrics/best-for/knitwear/,secondary,"Mapped in fabstitch-keyword-map.csv onto an existing URL. Volume, difficulty, and rank are UNKNOWN.",low,Strengthen this existing canonical page. Do not create another URL.
best fabrics for occasionwear,application,Commercial,/fabrics/best-for/occasionwear/,secondary,"Mapped in fabstitch-keyword-map.csv onto an existing URL. Volume, difficulty, and rank are UNKNOWN.",low,Strengthen this existing canonical page. Do not create another URL.
buy fabric for occasionwear,informational,Informational,/fabrics/best-for/occasionwear/,secondary,"Mapped in fabstitch-keyword-map.csv onto an existing URL. Volume, difficulty, and rank are UNKNOWN.",low,Strengthen this existing canonical page. Do not create another URL.
choose fabric for occasionwear,informational,Informational,/fabrics/best-for/occasionwear/,secondary,"Mapped in fabstitch-keyword-map.csv onto an existing URL. Volume, difficulty, and rank are UNKNOWN.",low,Strengthen this existing canonical page. Do not create another URL.
fabric suitable for occasionwear,informational,Informational,/fabrics/best-for/occasionwear/,secondary,"Mapped in fabstitch-keyword-map.csv onto an existing URL. Volume, difficulty, and rank are UNKNOWN.",low,Strengthen this existing canonical page. Do not create another URL.
occasionwear fabric,informational,Informational,/fabrics/best-for/occasionwear/,secondary,"Mapped in fabstitch-keyword-map.csv onto an existing URL. Volume, difficulty, and rank are UNKNOWN.",low,Strengthen this existing canonical page. Do not create another URL.
occasionwear fabrics,informational,Informational,/fabrics/best-for/occasionwear/,secondary,"Mapped in fabstitch-keyword-map.csv onto an existing URL. Volume, difficulty, and rank are UNKNOWN.",low,Strengthen this existing canonical page. Do not create another URL.
occasionwear textile,informational,Informational,/fabrics/best-for/occasionwear/,secondary,"Mapped in fabstitch-keyword-map.csv onto an existing URL. Volume, difficulty, and rank are UNKNOWN.",low,Strengthen this existing canonical page. Do not create another URL.
best fabrics for outerwear,application,Commercial,/fabrics/best-for/outerwear/,secondary,"Mapped in fabstitch-keyword-map.csv onto an existing URL. Volume, difficulty, and rank are UNKNOWN.",low,Strengthen this existing canonical page. Do not create another URL.
buy fabric for outerwear,informational,Informational,/fabrics/best-for/outerwear/,secondary,"Mapped in fabstitch-keyword-map.csv onto an existing URL. Volume, difficulty, and rank are UNKNOWN.",low,Strengthen this existing canonical page. Do not create another URL.
choose fabric for outerwear,informational,Informational,/fabrics/best-for/outerwear/,secondary,"Mapped in fabstitch-keyword-map.csv onto an existing URL. Volume, difficulty, and rank are UNKNOWN.",low,Strengthen this existing canonical page. Do not create another URL.
fabric suitable for outerwear,informational,Informational,/fabrics/best-for/outerwear/,secondary,"Mapped in fabstitch-keyword-map.csv onto an existing URL. Volume, difficulty, and rank are UNKNOWN.",low,Strengthen this existing canonical page. Do not create another URL.
outerwear fabrics,informational,Informational,/fabrics/best-for/outerwear/,secondary,"Mapped in fabstitch-keyword-map.csv onto an existing URL. Volume, difficulty, and rank are UNKNOWN.",low,Strengthen this existing canonical page. Do not create another URL.
outerwear textile,informational,Informational,/fabrics/best-for/outerwear/,secondary,"Mapped in fabstitch-keyword-map.csv onto an existing URL. Volume, difficulty, and rank are UNKNOWN.",low,Strengthen this existing canonical page. Do not create another URL.
best fabrics for resortwear,application,Commercial,/fabrics/best-for/resortwear/,secondary,"Mapped in fabstitch-keyword-map.csv onto an existing URL. Volume, difficulty, and rank are UNKNOWN.",low,Strengthen this existing canonical page. Do not create another URL.
buy fabric for resortwear,informational,Informational,/fabrics/best-for/resortwear/,secondary,"Mapped in fabstitch-keyword-map.csv onto an existing URL. Volume, difficulty, and rank are UNKNOWN.",low,Strengthen this existing canonical page. Do not create another URL.
choose fabric for resortwear,informational,Informational,/fabrics/best-for/resortwear/,secondary,"Mapped in fabstitch-keyword-map.csv onto an existing URL. Volume, difficulty, and rank are UNKNOWN.",low,Strengthen this existing canonical page. Do not create another URL.
fabric suitable for resortwear,informational,Informational,/fabrics/best-for/resortwear/,secondary,"Mapped in fabstitch-keyword-map.csv onto an existing URL. Volume, difficulty, and rank are UNKNOWN.",low,Strengthen this existing canonical page. Do not create another URL.
resortwear fabric,informational,Informational,/fabrics/best-for/resortwear/,secondary,"Mapped in fabstitch-keyword-map.csv onto an existing URL. Volume, difficulty, and rank are UNKNOWN.",low,Strengthen this existing canonical page. Do not create another URL.
resortwear fabrics,informational,Informational,/fabrics/best-for/resortwear/,secondary,"Mapped in fabstitch-keyword-map.csv onto an existing URL. Volume, difficulty, and rank are UNKNOWN.",low,Strengthen this existing canonical page. Do not create another URL.
resortwear textile,informational,Informational,/fabrics/best-for/resortwear/,secondary,"Mapped in fabstitch-keyword-map.csv onto an existing URL. Volume, difficulty, and rank are UNKNOWN.",low,Strengthen this existing canonical page. Do not create another URL.
best fabrics for shirts,application,Commercial,/fabrics/best-for/shirts/,secondary,"Mapped in fabstitch-keyword-map.csv onto an existing URL. Volume, difficulty, and rank are UNKNOWN.",low,Strengthen this existing canonical page. Do not create another URL.
buy fabric for shirts,informational,Informational,/fabrics/best-for/shirts/,secondary,"Mapped in fabstitch-keyword-map.csv onto an existing URL. Volume, difficulty, and rank are UNKNOWN.",low,Strengthen this existing canonical page. Do not create another URL.
choose fabric for shirts,informational,Informational,/fabrics/best-for/shirts/,secondary,"Mapped in fabstitch-keyword-map.csv onto an existing URL. Volume, difficulty, and rank are UNKNOWN.",low,Strengthen this existing canonical page. Do not create another URL.
fabric suitable for shirts,informational,Informational,/fabrics/best-for/shirts/,secondary,"Mapped in fabstitch-keyword-map.csv onto an existing URL. Volume, difficulty, and rank are UNKNOWN.",low,Strengthen this existing canonical page. Do not create another URL.
shirts fabric,informational,Informational,/fabrics/best-for/shirts/,secondary,"Mapped in fabstitch-keyword-map.csv onto an existing URL. Volume, difficulty, and rank are UNKNOWN.",low,Strengthen this existing canonical page. Do not create another URL.
shirts fabrics,informational,Informational,/fabrics/best-for/shirts/,secondary,"Mapped in fabstitch-keyword-map.csv onto an existing URL. Volume, difficulty, and rank are UNKNOWN.",low,Strengthen this existing canonical page. Do not create another URL.
shirts textile,informational,Informational,/fabrics/best-for/shirts/,secondary,"Mapped in fabstitch-keyword-map.csv onto an existing URL. Volume, difficulty, and rank are UNKNOWN.",low,Strengthen this existing canonical page. Do not create another URL.
best fabrics for tailoring,application,Commercial,/fabrics/best-for/tailoring/,secondary,"Mapped in fabstitch-keyword-map.csv onto an existing URL. Volume, difficulty, and rank are UNKNOWN.",low,Strengthen this existing canonical page. Do not create another URL.
buy fabric for tailoring,informational,Informational,/fabrics/best-for/tailoring/,secondary,"Mapped in fabstitch-keyword-map.csv onto an existing URL. Volume, difficulty, and rank are UNKNOWN.",low,Strengthen this existing canonical page. Do not create another URL.
choose fabric for tailoring,informational,Informational,/fabrics/best-for/tailoring/,secondary,"Mapped in fabstitch-keyword-map.csv onto an existing URL. Volume, difficulty, and rank are UNKNOWN.",low,Strengthen this existing canonical page. Do not create another URL.
fabric suitable for tailoring,informational,Informational,/fabrics/best-for/tailoring/,secondary,"Mapped in fabstitch-keyword-map.csv onto an existing URL. Volume, difficulty, and rank are UNKNOWN.",low,Strengthen this existing canonical page. Do not create another URL.
tailoring fabric,informational,Informational,/fabrics/best-for/tailoring/,secondary,"Mapped in fabstitch-keyword-map.csv onto an existing URL. Volume, difficulty, and rank are UNKNOWN.",cannibalization,Primary topic is also used by /collections/tailoring/. Strengthen the stronger page and keep the other as support. Do not add a third URL.
tailoring fabrics,informational,Informational,/fabrics/best-for/tailoring/,secondary,"Mapped in fabstitch-keyword-map.csv onto an existing URL. Volume, difficulty, and rank are UNKNOWN.",low,Strengthen this existing canonical page. Do not create another URL.
tailoring textile,informational,Informational,/fabrics/best-for/tailoring/,secondary,"Mapped in fabstitch-keyword-map.csv onto an existing URL. Volume, difficulty, and rank are UNKNOWN.",low,Strengthen this existing canonical page. Do not create another URL.
best fabrics for trousers,application,Commercial,/fabrics/best-for/trousers/,secondary,"Mapped in fabstitch-keyword-map.csv onto an existing URL. Volume, difficulty, and rank are UNKNOWN.",low,Strengthen this existing canonical page. Do not create another URL.
buy fabric for trousers,informational,Informational,/fabrics/best-for/trousers/,secondary,"Mapped in fabstitch-keyword-map.csv onto an existing URL. Volume, difficulty, and rank are UNKNOWN.",low,Strengthen this existing canonical page. Do not create another URL.
choose fabric for trousers,informational,Informational,/fabrics/best-for/trousers/,secondary,"Mapped in fabstitch-keyword-map.csv onto an existing URL. Volume, difficulty, and rank are UNKNOWN.",low,Strengthen this existing canonical page. Do not create another URL.
fabric suitable for trousers,informational,Informational,/fabrics/best-for/trousers/,secondary,"Mapped in fabstitch-keyword-map.csv onto an existing URL. Volume, difficulty, and rank are UNKNOWN.",low,Strengthen this existing canonical page. Do not create another URL.
trousers fabric,informational,Informational,/fabrics/best-for/trousers/,secondary,"Mapped in fabstitch-keyword-map.csv onto an existing URL. Volume, difficulty, and rank are UNKNOWN.",low,Strengthen this existing canonical page. Do not create another URL.
trousers fabrics,informational,Informational,/fabrics/best-for/trousers/,secondary,"Mapped in fabstitch-keyword-map.csv onto an existing URL. Volume, difficulty, and rank are UNKNOWN.",low,Strengthen this existing canonical page. Do not create another URL.
trousers textile,informational,Informational,/fabrics/best-for/trousers/,secondary,"Mapped in fabstitch-keyword-map.csv onto an existing URL. Volume, difficulty, and rank are UNKNOWN.",low,Strengthen this existing canonical page. Do not create another URL.
best fabrics for upholstery,application,Commercial,/fabrics/best-for/upholstery/,secondary,"Mapped in fabstitch-keyword-map.csv onto an existing URL. Volume, difficulty, and rank are UNKNOWN.",low,Strengthen this existing canonical page. Do not create another URL.
buy fabric for upholstery,informational,Informational,/fabrics/best-for/upholstery/,secondary,"Mapped in fabstitch-keyword-map.csv onto an existing URL. Volume, difficulty, and rank are UNKNOWN.",low,Strengthen this existing canonical page. Do not create another URL.
choose fabric for upholstery,informational,Informational,/fabrics/best-for/upholstery/,secondary,"Mapped in fabstitch-keyword-map.csv onto an existing URL. Volume, difficulty, and rank are UNKNOWN.",low,Strengthen this existing canonical page. Do not create another URL.
fabric suitable for upholstery,informational,Informational,/fabrics/best-for/upholstery/,secondary,"Mapped in fabstitch-keyword-map.csv onto an existing URL. Volume, difficulty, and rank are UNKNOWN.",low,Strengthen this existing canonical page. Do not create another URL.
upholstery fabrics,informational,Informational,/fabrics/best-for/upholstery/,secondary,"Mapped in fabstitch-keyword-map.csv onto an existing URL. Volume, difficulty, and rank are UNKNOWN.",low,Strengthen this existing canonical page. Do not create another URL.
upholstery textile,informational,Informational,/fabrics/best-for/upholstery/,secondary,"Mapped in fabstitch-keyword-map.csv onto an existing URL. Volume, difficulty, and rank are UNKNOWN.",low,Strengthen this existing canonical page. Do not create another URL.
best fabrics for women's clothing,application,Commercial,/fabrics/best-for/womens-clothing/,secondary,"Mapped in fabstitch-keyword-map.csv onto an existing URL. Volume, difficulty, and rank are UNKNOWN.",low,Strengthen this existing canonical page. Do not create another URL.
buy fabric for women's clothing,informational,Informational,/fabrics/best-for/womens-clothing/,secondary,"Mapped in fabstitch-keyword-map.csv onto an existing URL. Volume, difficulty, and rank are UNKNOWN.",low,Strengthen this existing canonical page. Do not create another URL.
choose fabric for women's clothing,informational,Informational,/fabrics/best-for/womens-clothing/,secondary,"Mapped in fabstitch-keyword-map.csv onto an existing URL. Volume, difficulty, and rank are UNKNOWN.",low,Strengthen this existing canonical page. Do not create another URL.
fabric suitable for women's clothing,informational,Informational,/fabrics/best-for/womens-clothing/,secondary,"Mapped in fabstitch-keyword-map.csv onto an existing URL. Volume, difficulty, and rank are UNKNOWN.",low,Strengthen this existing canonical page. Do not create another URL.
women's clothing fabric,informational,Informational,/fabrics/best-for/womens-clothing/,secondary,"Mapped in fabstitch-keyword-map.csv onto an existing URL. Volume, difficulty, and rank are UNKNOWN.",low,Strengthen this existing canonical page. Do not create another URL.
women's clothing fabrics,informational,Informational,/fabrics/best-for/womens-clothing/,secondary,"Mapped in fabstitch-keyword-map.csv onto an existing URL. Volume, difficulty, and rank are UNKNOWN.",low,Strengthen this existing canonical page. Do not create another URL.
women's clothing textile,informational,Informational,/fabrics/best-for/womens-clothing/,secondary,"Mapped in fabstitch-keyword-map.csv onto an existing URL. Volume, difficulty, and rank are UNKNOWN.",low,Strengthen this existing canonical page. Do not create another URL.
autumn/winter 2027-28 fabrics,informational,Informational,/guides/autumn-winter-2027-28-fabrics/,secondary,"Mapped in fabstitch-keyword-map.csv onto an existing URL. Volume, difficulty, and rank are UNKNOWN.",low,Strengthen this existing canonical page. Do not create another URL.
cotton vs linen: which fabric is right for your project?,informational,Informational,/guides/cotton-vs-linen/,secondary,"Mapped in fabstitch-keyword-map.csv onto an existing URL. Volume, difficulty, and rank are UNKNOWN.",low,Strengthen this existing canonical page. Do not create another URL.
denim directions for 2027,informational,Informational,/guides/denim-2027/,secondary,"Mapped in fabstitch-keyword-map.csv onto an existing URL. Volume, difficulty, and rank are UNKNOWN.",low,Strengthen this existing canonical page. Do not create another URL.
fabric weight and gsm explained,specification,Informational,/guides/fabric-weight-and-gsm/,secondary,"Mapped in fabstitch-keyword-map.csv onto an existing URL. Volume, difficulty, and rank are UNKNOWN.",low,Strengthen this existing canonical page. Do not create another URL.
fabrics for 2027: the fabstitch material guide,informational,Informational,/guides/fabrics-2027/,secondary,"Mapped in fabstitch-keyword-map.csv onto an existing URL. Volume, difficulty, and rank are UNKNOWN.",low,Strengthen this existing canonical page. Do not create another URL.
how fabric composition affects performance,informational,Informational,/guides/how-fabric-composition-affects-performance/,secondary,"Mapped in fabstitch-keyword-map.csv onto an existing URL. Volume, difficulty, and rank are UNKNOWN.",noindex_target,The URL exists and stays noindex. Do not create a replacement page and do not force this URL into the index.
how to choose the right fabric weight,informational,Informational,/guides/how-to-choose-the-right-fabric-weight/,secondary,"Mapped in fabstitch-keyword-map.csv onto an existing URL. Volume, difficulty, and rank are UNKNOWN.",noindex_target,The URL exists and stays noindex. Do not create a replacement page and do not force this URL into the index.
how to source fabric for clothing brands,informational,Informational,/guides/how-to-source-fabric-for-clothing-brands/,primary,"Mapped in fabstitch-keyword-map.csv onto an existing URL. Volume, difficulty, and rank are UNKNOWN.",low,Strengthen this existing canonical page. Do not create another URL.
linen fabrics for 2027,informational,Informational,/guides/linen-fabrics-2027/,secondary,"Mapped in fabstitch-keyword-map.csv onto an existing URL. Volume, difficulty, and rank are UNKNOWN.",low,Strengthen this existing canonical page. Do not create another URL.
silk vs satin: what's the difference?,informational,Informational,/guides/silk-vs-satin/,secondary,"Mapped in fabstitch-keyword-map.csv onto an existing URL. Volume, difficulty, and rank are UNKNOWN.",noindex_target,The URL exists and stays noindex. Do not create a replacement page and do not force this URL into the index.
spring/summer 2027 fabrics,informational,Informational,/guides/spring-summer-2027-fabrics/,secondary,"Mapped in fabstitch-keyword-map.csv onto an existing URL. Volume, difficulty, and rank are UNKNOWN.",low,Strengthen this existing canonical page. Do not create another URL.
what is a fabric weave?,informational,Informational,/guides/what-is-a-fabric-weave/,secondary,"Mapped in fabstitch-keyword-map.csv onto an existing URL. Volume, difficulty, and rank are UNKNOWN.",noindex_target,The URL exists and stays noindex. Do not create a replacement page and do not force this URL into the index.
what is cotton fabric?,informational,Informational,/guides/what-is-cotton-fabric/,primary,"Mapped in fabstitch-keyword-map.csv onto an existing URL. Volume, difficulty, and rank are UNKNOWN.",low,Strengthen this existing canonical page. Do not create another URL.
woven vs knit fabrics,informational,Informational,/guides/woven-vs-knit-fabrics/,secondary,"Mapped in fabstitch-keyword-map.csv onto an existing URL. Volume, difficulty, and rank are UNKNOWN.",low,Strengthen this existing canonical page. Do not create another URL.
apparel fabric supplier,supplier,Transactional,/marketplace/,secondary,"Mapped in fabstitch-keyword-map.csv onto an existing URL. Volume, difficulty, and rank are UNKNOWN.",low,Strengthen this existing canonical page. Do not create another URL.
b2b fabric marketplace,fabric_type,Commercial,/marketplace/,secondary,"Mapped in fabstitch-keyword-map.csv onto an existing URL. Volume, difficulty, and rank are UNKNOWN.",cannibalization,Primary topic is also used by /marketplace/b2b-fabric-marketplace/. Strengthen the stronger page and keep the other as support. Do not add a third URL.
b2b fabric sourcing,fabric_type,Commercial,/marketplace/,secondary,"Mapped in fabstitch-keyword-map.csv onto an existing URL. Volume, difficulty, and rank are UNKNOWN.",cannibalization,Primary topic is also used by /discover/b2b-fabric-sourcing-on-fabstitch/. Strengthen the stronger page and keep the other as support. Do not add a third URL.
bulk fabric,wholesale_commercial,Transactional,/marketplace/,secondary,"Mapped in fabstitch-keyword-map.csv onto an existing URL. Volume, difficulty, and rank are UNKNOWN.",low,Strengthen this existing canonical page. Do not create another URL.
bulk fabrics,wholesale_commercial,Transactional,/marketplace/,secondary,"Mapped in fabstitch-keyword-map.csv onto an existing URL. Volume, difficulty, and rank are UNKNOWN.",low,Strengthen this existing canonical page. Do not create another URL.
compare fabrics online,fabric_type,Commercial,/marketplace/,secondary,"Mapped in fabstitch-keyword-map.csv onto an existing URL. Volume, difficulty, and rank are UNKNOWN.",low,Strengthen this existing canonical page. Do not create another URL.
fabric catalog online,fabric_type,Commercial,/marketplace/,secondary,"Mapped in fabstitch-keyword-map.csv onto an existing URL. Volume, difficulty, and rank are UNKNOWN.",low,Strengthen this existing canonical page. Do not create another URL.
fabric for apparel manufacturers,manufacturer,Transactional,/marketplace/,secondary,"Mapped in fabstitch-keyword-map.csv onto an existing URL. Volume, difficulty, and rank are UNKNOWN.",low,Strengthen this existing canonical page. Do not create another URL.
fabric for clothing production,application,Commercial,/marketplace/,secondary,"Mapped in fabstitch-keyword-map.csv onto an existing URL. Volume, difficulty, and rank are UNKNOWN.",low,Strengthen this existing canonical page. Do not create another URL.
fabric for fashion designers,application,Commercial,/marketplace/,secondary,"Mapped in fabstitch-keyword-map.csv onto an existing URL. Volume, difficulty, and rank are UNKNOWN.",low,Strengthen this existing canonical page. Do not create another URL.
fabric supplier for boutiques,supplier,Transactional,/marketplace/,secondary,"Mapped in fabstitch-keyword-map.csv onto an existing URL. Volume, difficulty, and rank are UNKNOWN.",low,Strengthen this existing canonical page. Do not create another URL.
fabric supplier for manufacturers,supplier,Transactional,/marketplace/,secondary,"Mapped in fabstitch-keyword-map.csv onto an existing URL. Volume, difficulty, and rank are UNKNOWN.",low,Strengthen this existing canonical page. Do not create another URL.
fabric wholesale supplier,supplier,Transactional,/marketplace/,secondary,"Mapped in fabstitch-keyword-map.csv onto an existing URL. Volume, difficulty, and rank are UNKNOWN.",low,Strengthen this existing canonical page. Do not create another URL.
fashion fabric supplier,supplier,Transactional,/marketplace/,secondary,"Mapped in fabstitch-keyword-map.csv onto an existing URL. Volume, difficulty, and rank are UNKNOWN.",low,Strengthen this existing canonical page. Do not create another URL.
find fabric online,fabric_type,Commercial,/marketplace/,secondary,"Mapped in fabstitch-keyword-map.csv onto an existing URL. Volume, difficulty, and rank are UNKNOWN.",low,Strengthen this existing canonical page. Do not create another URL.
order fabric online,fabric_type,Transactional,/marketplace/,secondary,"Mapped in fabstitch-keyword-map.csv onto an existing URL. Volume, difficulty, and rank are UNKNOWN.",low,Strengthen this existing canonical page. Do not create another URL.
textile marketplace,fabric_type,Commercial,/marketplace/,secondary,"Mapped in fabstitch-keyword-map.csv onto an existing URL. Volume, difficulty, and rank are UNKNOWN.",low,Strengthen this existing canonical page. Do not create another URL.
textile sourcing company,fabric_type,Commercial,/marketplace/,secondary,"Mapped in fabstitch-keyword-map.csv onto an existing URL. Volume, difficulty, and rank are UNKNOWN.",low,Strengthen this existing canonical page. Do not create another URL.
textile suppliers,supplier,Transactional,/marketplace/,secondary,"Mapped in fabstitch-keyword-map.csv onto an existing URL. Volume, difficulty, and rank are UNKNOWN.",low,Strengthen this existing canonical page. Do not create another URL.
wholesale textile supplier,supplier,Transactional,/marketplace/,secondary,"Mapped in fabstitch-keyword-map.csv onto an existing URL. Volume, difficulty, and rank are UNKNOWN.",low,Strengthen this existing canonical page. Do not create another URL.
fabric inquiry process,informational,Informational,/guides/how-to-source-fabric-for-clothing-brands/,secondary,"Mapped in fabstitch-keyword-map.csv onto an existing URL. Volume, difficulty, and rank are UNKNOWN.",low,Strengthen this existing canonical page. Do not create another URL.
moq fabric sourcing,moq_bulk,Informational,/guides/how-to-source-fabric-for-clothing-brands/,secondary,"Mapped in fabstitch-keyword-map.csv onto an existing URL. Volume, difficulty, and rank are UNKNOWN.",low,Strengthen this existing canonical page. Do not create another URL.
acoustic fabric,fabric_type,Commercial,/collections/home-contract/,secondary,"Mapped in fabstitch-keyword-map.csv onto an existing URL. Volume, difficulty, and rank are UNKNOWN.",low,Strengthen this existing canonical page. Do not create another URL.
buy upholstery fabric,application,Commercial,/collections/home-contract/,secondary,"Mapped in fabstitch-keyword-map.csv onto an existing URL. Volume, difficulty, and rank are UNKNOWN.",low,Strengthen this existing canonical page. Do not create another URL.
home decor fabric,fabric_type,Commercial,/collections/home-contract/,secondary,"Mapped in fabstitch-keyword-map.csv onto an existing URL. Volume, difficulty, and rank are UNKNOWN.",low,Strengthen this existing canonical page. Do not create another URL.
interior fabric,fabric_type,Commercial,/collections/home-contract/,secondary,"Mapped in fabstitch-keyword-map.csv onto an existing URL. Volume, difficulty, and rank are UNKNOWN.",low,Strengthen this existing canonical page. Do not create another URL.
performance upholstery fabric,application,Commercial,/collections/home-contract/,secondary,"Mapped in fabstitch-keyword-map.csv onto an existing URL. Volume, difficulty, and rank are UNKNOWN.",low,Strengthen this existing canonical page. Do not create another URL.
sheers fabric,fabric_type,Commercial,/collections/home-contract/,secondary,"Mapped in fabstitch-keyword-map.csv onto an existing URL. Volume, difficulty, and rank are UNKNOWN.",low,Strengthen this existing canonical page. Do not create another URL.
boucle knit fabric,fabric_type,Commercial,/collections/knitwear/,secondary,"Mapped in fabstitch-keyword-map.csv onto an existing URL. Volume, difficulty, and rank are UNKNOWN.",low,Strengthen this existing canonical page. Do not create another URL.
buy knit fabric,fabric_type,Commercial,/collections/knitwear/,secondary,"Mapped in fabstitch-keyword-map.csv onto an existing URL. Volume, difficulty, and rank are UNKNOWN.",low,Strengthen this existing canonical page. Do not create another URL.
knit fabric for sweaters,application,Commercial,/collections/knitwear/,secondary,"Mapped in fabstitch-keyword-map.csv onto an existing URL. Volume, difficulty, and rank are UNKNOWN.",low,Strengthen this existing canonical page. Do not create another URL.
knit fabric for t shirts,application,Commercial,/collections/knitwear/,secondary,"Mapped in fabstitch-keyword-map.csv onto an existing URL. Volume, difficulty, and rank are UNKNOWN.",low,Strengthen this existing canonical page. Do not create another URL.
knit fabric online,fabric_type,Commercial,/collections/knitwear/,secondary,"Mapped in fabstitch-keyword-map.csv onto an existing URL. Volume, difficulty, and rank are UNKNOWN.",low,Strengthen this existing canonical page. Do not create another URL.
merino knit fabric,fabric_type,Commercial,/collections/knitwear/,secondary,"Mapped in fabstitch-keyword-map.csv onto an existing URL. Volume, difficulty, and rank are UNKNOWN.",low,Strengthen this existing canonical page. Do not create another URL.
breathable linen fabric,performance,Commercial,/collections/linen-lightweight/,secondary,"Mapped in fabstitch-keyword-map.csv onto an existing URL. Volume, difficulty, and rank are UNKNOWN.",cannibalization,Primary topic is also used by /discover/breathable-linen-fabric/. Strengthen the stronger page and keep the other as support. Do not add a third URL.
lightweight linen fabric,fabric_type,Commercial,/collections/linen-lightweight/,secondary,"Mapped in fabstitch-keyword-map.csv onto an existing URL. Volume, difficulty, and rank are UNKNOWN.",cannibalization,Primary topic is also used by /discover/lightweight-linen-fabric/. Strengthen the stronger page and keep the other as support. Do not add a third URL.
linen blend fabric,fabric_type,Commercial,/collections/linen-lightweight/,secondary,"Mapped in fabstitch-keyword-map.csv onto an existing URL. Volume, difficulty, and rank are UNKNOWN.",low,Strengthen this existing canonical page. Do not create another URL.
linen cotton fabric,fabric_type,Commercial,/collections/linen-lightweight/,secondary,"Mapped in fabstitch-keyword-map.csv onto an existing URL. Volume, difficulty, and rank are UNKNOWN.",low,Strengthen this existing canonical page. Do not create another URL.
linen fabric for shirts,application,Commercial,/collections/linen-lightweight/,secondary,"Mapped in fabstitch-keyword-map.csv onto an existing URL. Volume, difficulty, and rank are UNKNOWN.",cannibalization,Primary topic is also used by /discover/linen-shirts/. Strengthen the stronger page and keep the other as support. Do not add a third URL.
linen silk fabric,fabric_type,Commercial,/collections/linen-lightweight/,secondary,"Mapped in fabstitch-keyword-map.csv onto an existing URL. Volume, difficulty, and rank are UNKNOWN.",low,Strengthen this existing canonical page. Do not create another URL.
100% flax european flax linen,fabric_type,Commercial,/fabrics/european-flax-linen/,secondary,"Mapped in fabstitch-keyword-map.csv onto an existing URL. Volume, difficulty, and rank are UNKNOWN.",low,Strengthen this existing canonical page. Do not create another URL.
55% linen / 45% cotton linen-cotton,fabric_type,Commercial,/fabrics/linen-cotton/,secondary,"Mapped in fabstitch-keyword-map.csv onto an existing URL. Volume, difficulty, and rank are UNKNOWN.",low,Strengthen this existing canonical page. Do not create another URL.
boiled wool fabric online,fabric_type,Commercial,/fabrics/boiled-wool/,secondary,"Mapped in fabstitch-keyword-map.csv onto an existing URL. Volume, difficulty, and rank are UNKNOWN.",low,Strengthen this existing canonical page. Do not create another URL.
boiled wool for jackets,fabric_type,Commercial,/fabrics/boiled-wool/,secondary,"Mapped in fabstitch-keyword-map.csv onto an existing URL. Volume, difficulty, and rank are UNKNOWN.",low,Strengthen this existing canonical page. Do not create another URL.
boiled wool for soft tailoring,fabric_type,Commercial,/fabrics/boiled-wool/,secondary,"Mapped in fabstitch-keyword-map.csv onto an existing URL. Volume, difficulty, and rank are UNKNOWN.",low,Strengthen this existing canonical page. Do not create another URL.
boiled wool for unlined coats,fabric_type,Commercial,/fabrics/boiled-wool/,secondary,"Mapped in fabstitch-keyword-map.csv onto an existing URL. Volume, difficulty, and rank are UNKNOWN.",low,Strengthen this existing canonical page. Do not create another URL.
boiled wool textile,fabric_type,Commercial,/fabrics/boiled-wool/,secondary,"Mapped in fabstitch-keyword-map.csv onto an existing URL. Volume, difficulty, and rank are UNKNOWN.",low,Strengthen this existing canonical page. Do not create another URL.
buy boiled wool fabric,fabric_type,Commercial,/fabrics/boiled-wool/,secondary,"Mapped in fabstitch-keyword-map.csv onto an existing URL. Volume, difficulty, and rank are UNKNOWN.",low,Strengthen this existing canonical page. Do not create another URL.
buy cotton poplin fabric,fabric_type,Commercial,/fabrics/cotton-poplin/,secondary,"Mapped in fabstitch-keyword-map.csv onto an existing URL. Volume, difficulty, and rank are UNKNOWN.",low,Strengthen this existing canonical page. Do not create another URL.
buy cotton seersucker fabric,fabric_type,Commercial,/fabrics/cotton-seersucker/,secondary,"Mapped in fabstitch-keyword-map.csv onto an existing URL. Volume, difficulty, and rank are UNKNOWN.",low,Strengthen this existing canonical page. Do not create another URL.
buy cotton voile fabric,fabric_type,Commercial,/fabrics/cotton-voile/,secondary,"Mapped in fabstitch-keyword-map.csv onto an existing URL. Volume, difficulty, and rank are UNKNOWN.",low,Strengthen this existing canonical page. Do not create another URL.
buy european flax linen fabric,fabric_type,Commercial,/fabrics/european-flax-linen/,secondary,"Mapped in fabstitch-keyword-map.csv onto an existing URL. Volume, difficulty, and rank are UNKNOWN.",low,Strengthen this existing canonical page. Do not create another URL.
buy lightweight denim fabric,fabric_type,Commercial,/fabrics/lightweight-denim/,secondary,"Mapped in fabstitch-keyword-map.csv onto an existing URL. Volume, difficulty, and rank are UNKNOWN.",low,Strengthen this existing canonical page. Do not create another URL.
buy linen-cotton fabric,fabric_type,Commercial,/fabrics/linen-cotton/,secondary,"Mapped in fabstitch-keyword-map.csv onto an existing URL. Volume, difficulty, and rank are UNKNOWN.",low,Strengthen this existing canonical page. Do not create another URL.
buy melton fabric,fabric_type,Commercial,/fabrics/melton/,secondary,"Mapped in fabstitch-keyword-map.csv onto an existing URL. Volume, difficulty, and rank are UNKNOWN.",low,Strengthen this existing canonical page. Do not create another URL.
buy pointelle knit fabric,fabric_type,Commercial,/fabrics/pointelle-knit/,secondary,"Mapped in fabstitch-keyword-map.csv onto an existing URL. Volume, difficulty, and rank are UNKNOWN.",low,Strengthen this existing canonical page. Do not create another URL.
buy silk chiffon fabric,fabric_type,Commercial,/fabrics/silk-chiffon/,secondary,"Mapped in fabstitch-keyword-map.csv onto an existing URL. Volume, difficulty, and rank are UNKNOWN.",low,Strengthen this existing canonical page. Do not create another URL.
buy silk georgette fabric,fabric_type,Commercial,/fabrics/silk-georgette/,secondary,"Mapped in fabstitch-keyword-map.csv onto an existing URL. Volume, difficulty, and rank are UNKNOWN.",low,Strengthen this existing canonical page. Do not create another URL.
buy stretch-woven compression fabric,performance,Commercial,/fabrics/stretch-woven-compression/,secondary,"Mapped in fabstitch-keyword-map.csv onto an existing URL. Volume, difficulty, and rank are UNKNOWN.",low,Strengthen this existing canonical page. Do not create another URL.
cotton cotton poplin,fabric_type,Commercial,/fabrics/cotton-poplin/,secondary,"Mapped in fabstitch-keyword-map.csv onto an existing URL. Volume, difficulty, and rank are UNKNOWN.",low,Strengthen this existing canonical page. Do not create another URL.
cotton cotton seersucker,fabric_type,Commercial,/fabrics/cotton-seersucker/,secondary,"Mapped in fabstitch-keyword-map.csv onto an existing URL. Volume, difficulty, and rank are UNKNOWN.",low,Strengthen this existing canonical page. Do not create another URL.
cotton cotton voile,fabric_type,Commercial,/fabrics/cotton-voile/,secondary,"Mapped in fabstitch-keyword-map.csv onto an existing URL. Volume, difficulty, and rank are UNKNOWN.",low,Strengthen this existing canonical page. Do not create another URL.
cotton poplin fabric online,fabric_type,Commercial,/fabrics/cotton-poplin/,secondary,"Mapped in fabstitch-keyword-map.csv onto an existing URL. Volume, difficulty, and rank are UNKNOWN.",low,Strengthen this existing canonical page. Do not create another URL.
cotton poplin for shirts,fabric_type,Commercial,/fabrics/cotton-poplin/,secondary,"Mapped in fabstitch-keyword-map.csv onto an existing URL. Volume, difficulty, and rank are UNKNOWN.",low,Strengthen this existing canonical page. Do not create another URL.
cotton poplin textile,fabric_type,Commercial,/fabrics/cotton-poplin/,secondary,"Mapped in fabstitch-keyword-map.csv onto an existing URL. Volume, difficulty, and rank are UNKNOWN.",low,Strengthen this existing canonical page. Do not create another URL.
cotton seersucker fabric online,fabric_type,Commercial,/fabrics/cotton-seersucker/,secondary,"Mapped in fabstitch-keyword-map.csv onto an existing URL. Volume, difficulty, and rank are UNKNOWN.",low,Strengthen this existing canonical page. Do not create another URL.
cotton seersucker textile,fabric_type,Commercial,/fabrics/cotton-seersucker/,secondary,"Mapped in fabstitch-keyword-map.csv onto an existing URL. Volume, difficulty, and rank are UNKNOWN.",low,Strengthen this existing canonical page. Do not create another URL.
cotton voile fabric online,fabric_type,Commercial,/fabrics/cotton-voile/,secondary,"Mapped in fabstitch-keyword-map.csv onto an existing URL. Volume, difficulty, and rank are UNKNOWN.",low,Strengthen this existing canonical page. Do not create another URL.
cotton voile for shirts,fabric_type,Commercial,/fabrics/cotton-voile/,secondary,"Mapped in fabstitch-keyword-map.csv onto an existing URL. Volume, difficulty, and rank are UNKNOWN.",low,Strengthen this existing canonical page. Do not create another URL.
cotton voile textile,fabric_type,Commercial,/fabrics/cotton-voile/,secondary,"Mapped in fabstitch-keyword-map.csv onto an existing URL. Volume, difficulty, and rank are UNKNOWN.",low,Strengthen this existing canonical page. Do not create another URL.
"cotton, linen or blends pointelle knit",fabric_type,Commercial,/fabrics/pointelle-knit/,secondary,"Mapped in fabstitch-keyword-map.csv onto an existing URL. Volume, difficulty, and rank are UNKNOWN.",low,Strengthen this existing canonical page. Do not create another URL.
european flax linen fabric online,fabric_type,Commercial,/fabrics/european-flax-linen/,secondary,"Mapped in fabstitch-keyword-map.csv onto an existing URL. Volume, difficulty, and rank are UNKNOWN.",low,Strengthen this existing canonical page. Do not create another URL.
european flax linen for dresses,fabric_type,Commercial,/fabrics/european-flax-linen/,secondary,"Mapped in fabstitch-keyword-map.csv onto an existing URL. Volume, difficulty, and rank are UNKNOWN.",low,Strengthen this existing canonical page. Do not create another URL.
european flax linen for shirts,fabric_type,Commercial,/fabrics/european-flax-linen/,secondary,"Mapped in fabstitch-keyword-map.csv onto an existing URL. Volume, difficulty, and rank are UNKNOWN.",low,Strengthen this existing canonical page. Do not create another URL.
european flax linen for trousers,fabric_type,Commercial,/fabrics/european-flax-linen/,secondary,"Mapped in fabstitch-keyword-map.csv onto an existing URL. Volume, difficulty, and rank are UNKNOWN.",low,Strengthen this existing canonical page. Do not create another URL.
european flax linen textile,fabric_type,Commercial,/fabrics/european-flax-linen/,secondary,"Mapped in fabstitch-keyword-map.csv onto an existing URL. Volume, difficulty, and rank are UNKNOWN.",low,Strengthen this existing canonical page. Do not create another URL.
fabric for baselayers stretch-woven,performance,Commercial,/fabrics/stretch-woven-compression/,secondary,"Mapped in fabstitch-keyword-map.csv onto an existing URL. Volume, difficulty, and rank are UNKNOWN.",low,Strengthen this existing canonical page. Do not create another URL.
fabric for blouses silk,application,Commercial,/fabrics/silk-chiffon/,secondary,"Mapped in fabstitch-keyword-map.csv onto an existing URL. Volume, difficulty, and rank are UNKNOWN.",low,Strengthen this existing canonical page. Do not create another URL.
fabric for bottoms linen-cotton,application,Commercial,/fabrics/linen-cotton/,secondary,"Mapped in fabstitch-keyword-map.csv onto an existing URL. Volume, difficulty, and rank are UNKNOWN.",low,Strengthen this existing canonical page. Do not create another URL.
fabric for chore jackets linen-cotton,application,Commercial,/fabrics/linen-cotton/,secondary,"Mapped in fabstitch-keyword-map.csv onto an existing URL. Volume, difficulty, and rank are UNKNOWN.",low,Strengthen this existing canonical page. Do not create another URL.
fabric for coats melton,application,Commercial,/fabrics/melton/,secondary,"Mapped in fabstitch-keyword-map.csv onto an existing URL. Volume, difficulty, and rank are UNKNOWN.",low,Strengthen this existing canonical page. Do not create another URL.
fabric for dresses european,application,Commercial,/fabrics/european-flax-linen/,secondary,"Mapped in fabstitch-keyword-map.csv onto an existing URL. Volume, difficulty, and rank are UNKNOWN.",low,Strengthen this existing canonical page. Do not create another URL.
fabric for dresses silk,application,Commercial,/fabrics/silk-chiffon/,secondary,"Mapped in fabstitch-keyword-map.csv onto an existing URL. Volume, difficulty, and rank are UNKNOWN.",low,Strengthen this existing canonical page. Do not create another URL.
fabric for jackets boiled,application,Commercial,/fabrics/boiled-wool/,secondary,"Mapped in fabstitch-keyword-map.csv onto an existing URL. Volume, difficulty, and rank are UNKNOWN.",low,Strengthen this existing canonical page. Do not create another URL.
fabric for resortwear pointelle,application,Commercial,/fabrics/pointelle-knit/,secondary,"Mapped in fabstitch-keyword-map.csv onto an existing URL. Volume, difficulty, and rank are UNKNOWN.",low,Strengthen this existing canonical page. Do not create another URL.
fabric for scarves silk,application,Commercial,/fabrics/silk-chiffon/,secondary,"Mapped in fabstitch-keyword-map.csv onto an existing URL. Volume, difficulty, and rank are UNKNOWN.",low,Strengthen this existing canonical page. Do not create another URL.
fabric for shirts cotton,application,Commercial,/fabrics/cotton-poplin/,secondary,"Mapped in fabstitch-keyword-map.csv onto an existing URL. Volume, difficulty, and rank are UNKNOWN.",low,Strengthen this existing canonical page. Do not create another URL.
fabric for shirts european,application,Commercial,/fabrics/european-flax-linen/,secondary,"Mapped in fabstitch-keyword-map.csv onto an existing URL. Volume, difficulty, and rank are UNKNOWN.",low,Strengthen this existing canonical page. Do not create another URL.
fabric for shirts linen-cotton,application,Commercial,/fabrics/linen-cotton/,secondary,"Mapped in fabstitch-keyword-map.csv onto an existing URL. Volume, difficulty, and rank are UNKNOWN.",low,Strengthen this existing canonical page. Do not create another URL.
fabric for soft tailoring boiled,application,Commercial,/fabrics/boiled-wool/,secondary,"Mapped in fabstitch-keyword-map.csv onto an existing URL. Volume, difficulty, and rank are UNKNOWN.",low,Strengthen this existing canonical page. Do not create another URL.
fabric for trousers european,application,Commercial,/fabrics/european-flax-linen/,secondary,"Mapped in fabstitch-keyword-map.csv onto an existing URL. Volume, difficulty, and rank are UNKNOWN.",low,Strengthen this existing canonical page. Do not create another URL.
fabric for trousers silk,application,Commercial,/fabrics/silk-georgette/,secondary,"Mapped in fabstitch-keyword-map.csv onto an existing URL. Volume, difficulty, and rank are UNKNOWN.",low,Strengthen this existing canonical page. Do not create another URL.
fabric for unlined coats boiled,application,Commercial,/fabrics/boiled-wool/,secondary,"Mapped in fabstitch-keyword-map.csv onto an existing URL. Volume, difficulty, and rank are UNKNOWN.",low,Strengthen this existing canonical page. Do not create another URL.
"fine-count, high-twist cotton poplin",fabric_type,Commercial,/fabrics/cotton-poplin/,secondary,"Mapped in fabstitch-keyword-map.csv onto an existing URL. Volume, difficulty, and rank are UNKNOWN.",low,Strengthen this existing canonical page. Do not create another URL.
"fine-count, high-twist cotton voile",fabric_type,Commercial,/fabrics/cotton-voile/,secondary,"Mapped in fabstitch-keyword-map.csv onto an existing URL. Volume, difficulty, and rank are UNKNOWN.",low,Strengthen this existing canonical page. Do not create another URL.
heavily felted and cropped melton,fabric_type,Commercial,/fabrics/melton/,secondary,"Mapped in fabstitch-keyword-map.csv onto an existing URL. Volume, difficulty, and rank are UNKNOWN.",low,Strengthen this existing canonical page. Do not create another URL.
knitted then shrunk boiled wool,fabric_type,Commercial,/fabrics/boiled-wool/,secondary,"Mapped in fabstitch-keyword-map.csv onto an existing URL. Volume, difficulty, and rank are UNKNOWN.",low,Strengthen this existing canonical page. Do not create another URL.
lightweight denim fabric online,fabric_type,Commercial,/fabrics/lightweight-denim/,secondary,"Mapped in fabstitch-keyword-map.csv onto an existing URL. Volume, difficulty, and rank are UNKNOWN.",low,Strengthen this existing canonical page. Do not create another URL.
lightweight denim textile,fabric_type,Commercial,/fabrics/lightweight-denim/,secondary,"Mapped in fabstitch-keyword-map.csv onto an existing URL. Volume, difficulty, and rank are UNKNOWN.",low,Strengthen this existing canonical page. Do not create another URL.
linen-cotton fabric online,fabric_type,Commercial,/fabrics/linen-cotton/,secondary,"Mapped in fabstitch-keyword-map.csv onto an existing URL. Volume, difficulty, and rank are UNKNOWN.",low,Strengthen this existing canonical page. Do not create another URL.
linen-cotton for bottoms,fabric_type,Commercial,/fabrics/linen-cotton/,secondary,"Mapped in fabstitch-keyword-map.csv onto an existing URL. Volume, difficulty, and rank are UNKNOWN.",low,Strengthen this existing canonical page. Do not create another URL.
linen-cotton for chore jackets,fabric_type,Commercial,/fabrics/linen-cotton/,secondary,"Mapped in fabstitch-keyword-map.csv onto an existing URL. Volume, difficulty, and rank are UNKNOWN.",low,Strengthen this existing canonical page. Do not create another URL.
linen-cotton for shirts,fabric_type,Commercial,/fabrics/linen-cotton/,secondary,"Mapped in fabstitch-keyword-map.csv onto an existing URL. Volume, difficulty, and rank are UNKNOWN.",low,Strengthen this existing canonical page. Do not create another URL.
linen-cotton textile,fabric_type,Commercial,/fabrics/linen-cotton/,secondary,"Mapped in fabstitch-keyword-map.csv onto an existing URL. Volume, difficulty, and rank are UNKNOWN.",low,Strengthen this existing canonical page. Do not create another URL.
melton fabric online,fabric_type,Commercial,/fabrics/melton/,secondary,"Mapped in fabstitch-keyword-map.csv onto an existing URL. Volume, difficulty, and rank are UNKNOWN.",low,Strengthen this existing canonical page. Do not create another URL.
melton for coats,fabric_type,Commercial,/fabrics/melton/,secondary,"Mapped in fabstitch-keyword-map.csv onto an existing URL. Volume, difficulty, and rank are UNKNOWN.",low,Strengthen this existing canonical page. Do not create another URL.
melton textile,fabric_type,Commercial,/fabrics/melton/,secondary,"Mapped in fabstitch-keyword-map.csv onto an existing URL. Volume, difficulty, and rank are UNKNOWN.",low,Strengthen this existing canonical page. Do not create another URL.
plain weave silk chiffon,fabric_type,Commercial,/fabrics/silk-chiffon/,secondary,"Mapped in fabstitch-keyword-map.csv onto an existing URL. Volume, difficulty, and rank are UNKNOWN.",low,Strengthen this existing canonical page. Do not create another URL.
pointelle knit fabric online,fabric_type,Commercial,/fabrics/pointelle-knit/,secondary,"Mapped in fabstitch-keyword-map.csv onto an existing URL. Volume, difficulty, and rank are UNKNOWN.",low,Strengthen this existing canonical page. Do not create another URL.
pointelle knit for resortwear,fabric_type,Commercial,/fabrics/pointelle-knit/,secondary,"Mapped in fabstitch-keyword-map.csv onto an existing URL. Volume, difficulty, and rank are UNKNOWN.",low,Strengthen this existing canonical page. Do not create another URL.
pointelle knit textile,fabric_type,Commercial,/fabrics/pointelle-knit/,secondary,"Mapped in fabstitch-keyword-map.csv onto an existing URL. Volume, difficulty, and rank are UNKNOWN.",low,Strengthen this existing canonical page. Do not create another URL.
pointelle pointelle knit,fabric_type,Commercial,/fabrics/pointelle-knit/,secondary,"Mapped in fabstitch-keyword-map.csv onto an existing URL. Volume, difficulty, and rank are UNKNOWN.",low,Strengthen this existing canonical page. Do not create another URL.
silk chiffon fabric online,fabric_type,Commercial,/fabrics/silk-chiffon/,secondary,"Mapped in fabstitch-keyword-map.csv onto an existing URL. Volume, difficulty, and rank are UNKNOWN.",low,Strengthen this existing canonical page. Do not create another URL.
silk chiffon for blouses,fabric_type,Commercial,/fabrics/silk-chiffon/,secondary,"Mapped in fabstitch-keyword-map.csv onto an existing URL. Volume, difficulty, and rank are UNKNOWN.",low,Strengthen this existing canonical page. Do not create another URL.
silk chiffon for dresses,fabric_type,Commercial,/fabrics/silk-chiffon/,secondary,"Mapped in fabstitch-keyword-map.csv onto an existing URL. Volume, difficulty, and rank are UNKNOWN.",low,Strengthen this existing canonical page. Do not create another URL.
silk chiffon for scarves,fabric_type,Commercial,/fabrics/silk-chiffon/,secondary,"Mapped in fabstitch-keyword-map.csv onto an existing URL. Volume, difficulty, and rank are UNKNOWN.",low,Strengthen this existing canonical page. Do not create another URL.
silk chiffon textile,fabric_type,Commercial,/fabrics/silk-chiffon/,secondary,"Mapped in fabstitch-keyword-map.csv onto an existing URL. Volume, difficulty, and rank are UNKNOWN.",low,Strengthen this existing canonical page. Do not create another URL.
silk georgette fabric online,fabric_type,Commercial,/fabrics/silk-georgette/,secondary,"Mapped in fabstitch-keyword-map.csv onto an existing URL. Volume, difficulty, and rank are UNKNOWN.",low,Strengthen this existing canonical page. Do not create another URL.
silk georgette for dresses,fabric_type,Commercial,/fabrics/silk-georgette/,secondary,"Mapped in fabstitch-keyword-map.csv onto an existing URL. Volume, difficulty, and rank are UNKNOWN.",low,Strengthen this existing canonical page. Do not create another URL.
silk georgette for trousers,fabric_type,Commercial,/fabrics/silk-georgette/,secondary,"Mapped in fabstitch-keyword-map.csv onto an existing URL. Volume, difficulty, and rank are UNKNOWN.",low,Strengthen this existing canonical page. Do not create another URL.
silk georgette textile,fabric_type,Commercial,/fabrics/silk-georgette/,secondary,"Mapped in fabstitch-keyword-map.csv onto an existing URL. Volume, difficulty, and rank are UNKNOWN.",low,Strengthen this existing canonical page. Do not create another URL.
silk silk chiffon,fabric_type,Commercial,/fabrics/silk-chiffon/,secondary,"Mapped in fabstitch-keyword-map.csv onto an existing URL. Volume, difficulty, and rank are UNKNOWN.",low,Strengthen this existing canonical page. Do not create another URL.
silk silk georgette,fabric_type,Commercial,/fabrics/silk-georgette/,secondary,"Mapped in fabstitch-keyword-map.csv onto an existing URL. Volume, difficulty, and rank are UNKNOWN.",low,Strengthen this existing canonical page. Do not create another URL.
stretch woven stretch-woven compression,performance,Commercial,/fabrics/stretch-woven-compression/,secondary,"Mapped in fabstitch-keyword-map.csv onto an existing URL. Volume, difficulty, and rank are UNKNOWN.",low,Strengthen this existing canonical page. Do not create another URL.
stretch-woven compression fabric online,performance,Commercial,/fabrics/stretch-woven-compression/,secondary,"Mapped in fabstitch-keyword-map.csv onto an existing URL. Volume, difficulty, and rank are UNKNOWN.",low,Strengthen this existing canonical page. Do not create another URL.
stretch-woven compression for baselayers,performance,Commercial,/fabrics/stretch-woven-compression/,secondary,"Mapped in fabstitch-keyword-map.csv onto an existing URL. Volume, difficulty, and rank are UNKNOWN.",low,Strengthen this existing canonical page. Do not create another URL.
stretch-woven compression textile,performance,Commercial,/fabrics/stretch-woven-compression/,secondary,"Mapped in fabstitch-keyword-map.csv onto an existing URL. Volume, difficulty, and rank are UNKNOWN.",low,Strengthen this existing canonical page. Do not create another URL.
what is boiled wool,informational,Informational,/fabrics/boiled-wool/,secondary,"Mapped in fabstitch-keyword-map.csv onto an existing URL. Volume, difficulty, and rank are UNKNOWN.",low,Strengthen this existing canonical page. Do not create another URL.
what is cotton poplin,informational,Informational,/fabrics/cotton-poplin/,secondary,"Mapped in fabstitch-keyword-map.csv onto an existing URL. Volume, difficulty, and rank are UNKNOWN.",low,Strengthen this existing canonical page. Do not create another URL.
what is cotton seersucker,informational,Informational,/fabrics/cotton-seersucker/,secondary,"Mapped in fabstitch-keyword-map.csv onto an existing URL. Volume, difficulty, and rank are UNKNOWN.",low,Strengthen this existing canonical page. Do not create another URL.
what is cotton voile,informational,Informational,/fabrics/cotton-voile/,secondary,"Mapped in fabstitch-keyword-map.csv onto an existing URL. Volume, difficulty, and rank are UNKNOWN.",low,Strengthen this existing canonical page. Do not create another URL.
what is european flax linen,informational,Informational,/fabrics/european-flax-linen/,secondary,"Mapped in fabstitch-keyword-map.csv onto an existing URL. Volume, difficulty, and rank are UNKNOWN.",low,Strengthen this existing canonical page. Do not create another URL.
what is lightweight denim,informational,Informational,/fabrics/lightweight-denim/,secondary,"Mapped in fabstitch-keyword-map.csv onto an existing URL. Volume, difficulty, and rank are UNKNOWN.",low,Strengthen this existing canonical page. Do not create another URL.
what is linen-cotton,informational,Informational,/fabrics/linen-cotton/,secondary,"Mapped in fabstitch-keyword-map.csv onto an existing URL. Volume, difficulty, and rank are UNKNOWN.",low,Strengthen this existing canonical page. Do not create another URL.
what is melton,informational,Informational,/fabrics/melton/,secondary,"Mapped in fabstitch-keyword-map.csv onto an existing URL. Volume, difficulty, and rank are UNKNOWN.",low,Strengthen this existing canonical page. Do not create another URL.
what is pointelle knit,informational,Informational,/fabrics/pointelle-knit/,secondary,"Mapped in fabstitch-keyword-map.csv onto an existing URL. Volume, difficulty, and rank are UNKNOWN.",low,Strengthen this existing canonical page. Do not create another URL.
what is silk chiffon,informational,Informational,/fabrics/silk-chiffon/,secondary,"Mapped in fabstitch-keyword-map.csv onto an existing URL. Volume, difficulty, and rank are UNKNOWN.",low,Strengthen this existing canonical page. Do not create another URL.
what is silk georgette,informational,Informational,/fabrics/silk-georgette/,secondary,"Mapped in fabstitch-keyword-map.csv onto an existing URL. Volume, difficulty, and rank are UNKNOWN.",low,Strengthen this existing canonical page. Do not create another URL.
what is stretch-woven compression,performance,Informational,/fabrics/stretch-woven-compression/,secondary,"Mapped in fabstitch-keyword-map.csv onto an existing URL. Volume, difficulty, and rank are UNKNOWN.",low,Strengthen this existing canonical page. Do not create another URL.
wool boiled wool,fabric_type,Commercial,/fabrics/boiled-wool/,secondary,"Mapped in fabstitch-keyword-map.csv onto an existing URL. Volume, difficulty, and rank are UNKNOWN.",low,Strengthen this existing canonical page. Do not create another URL.
wool melton,fabric_type,Commercial,/fabrics/melton/,secondary,"Mapped in fabstitch-keyword-map.csv onto an existing URL. Volume, difficulty, and rank are UNKNOWN.",low,Strengthen this existing canonical page. Do not create another URL.
breathable performance fabric,performance,Commercial,/collections/performance/,secondary,"Mapped in fabstitch-keyword-map.csv onto an existing URL. Volume, difficulty, and rank are UNKNOWN.",low,Strengthen this existing canonical page. Do not create another URL.
buy performance fabric,fabric_type,Commercial,/collections/performance/,secondary,"Mapped in fabstitch-keyword-map.csv onto an existing URL. Volume, difficulty, and rank are UNKNOWN.",low,Strengthen this existing canonical page. Do not create another URL.
cooling fabric,fabric_type,Commercial,/collections/performance/,secondary,"Mapped in fabstitch-keyword-map.csv onto an existing URL. Volume, difficulty, and rank are UNKNOWN.",low,Strengthen this existing canonical page. Do not create another URL.
performance fabric for apparel,application,Commercial,/collections/performance/,secondary,"Mapped in fabstitch-keyword-map.csv onto an existing URL. Volume, difficulty, and rank are UNKNOWN.",low,Strengthen this existing canonical page. Do not create another URL.
technical textile,fabric_type,Commercial,/collections/performance/,secondary,"Mapped in fabstitch-keyword-map.csv onto an existing URL. Volume, difficulty, and rank are UNKNOWN.",low,Strengthen this existing canonical page. Do not create another URL.
water resistant fabric,performance,Commercial,/collections/performance/,secondary,"Mapped in fabstitch-keyword-map.csv onto an existing URL. Volume, difficulty, and rank are UNKNOWN.",low,Strengthen this existing canonical page. Do not create another URL.
buy silk fabric,fabric_type,Commercial,/collections/silk-sheer/,secondary,"Mapped in fabstitch-keyword-map.csv onto an existing URL. Volume, difficulty, and rank are UNKNOWN.",low,Strengthen this existing canonical page. Do not create another URL.
crepe de chine fabric,fabric_type,Commercial,/collections/silk-sheer/,secondary,"Mapped in fabstitch-keyword-map.csv onto an existing URL. Volume, difficulty, and rank are UNKNOWN.",low,Strengthen this existing canonical page. Do not create another URL.
silk dupion fabric,fabric_type,Commercial,/collections/silk-sheer/,secondary,"Mapped in fabstitch-keyword-map.csv onto an existing URL. Volume, difficulty, and rank are UNKNOWN.",low,Strengthen this existing canonical page. Do not create another URL.
silk fabric online,fabric_type,Commercial,/collections/silk-sheer/,secondary,"Mapped in fabstitch-keyword-map.csv onto an existing URL. Volume, difficulty, and rank are UNKNOWN.",low,Strengthen this existing canonical page. Do not create another URL.
silk habotai fabric,fabric_type,Commercial,/collections/silk-sheer/,secondary,"Mapped in fabstitch-keyword-map.csv onto an existing URL. Volume, difficulty, and rank are UNKNOWN.",low,Strengthen this existing canonical page. Do not create another URL.
silk taffeta fabric,fabric_type,Commercial,/collections/silk-sheer/,secondary,"Mapped in fabstitch-keyword-map.csv onto an existing URL. Volume, difficulty, and rank are UNKNOWN.",low,Strengthen this existing canonical page. Do not create another URL.
buy outerwear fabric,fabric_type,Commercial,/collections/technical-outerwear/,secondary,"Mapped in fabstitch-keyword-map.csv onto an existing URL. Volume, difficulty, and rank are UNKNOWN.",low,Strengthen this existing canonical page. Do not create another URL.
rain jacket fabric,fabric_type,Commercial,/collections/technical-outerwear/,secondary,"Mapped in fabstitch-keyword-map.csv onto an existing URL. Volume, difficulty, and rank are UNKNOWN.",low,Strengthen this existing canonical page. Do not create another URL.
technical shell fabric,fabric_type,Commercial,/collections/technical-outerwear/,secondary,"Mapped in fabstitch-keyword-map.csv onto an existing URL. Volume, difficulty, and rank are UNKNOWN.",low,Strengthen this existing canonical page. Do not create another URL.
waterproof fabric,fabric_type,Commercial,/collections/technical-outerwear/,secondary,"Mapped in fabstitch-keyword-map.csv onto an existing URL. Volume, difficulty, and rank are UNKNOWN.",low,Strengthen this existing canonical page. Do not create another URL.
choosing fabric for activewear,informational,Informational,/guides/choosing-fabric-for-activewear/,secondary,"Mapped in fabstitch-keyword-map.csv onto an existing URL. Volume, difficulty, and rank are UNKNOWN.",noindex_target,The URL exists and stays noindex. Do not create a replacement page and do not force this URL into the index.
fabric for childrens clothing,application,Commercial,/fabrics/best-for/,secondary,"Mapped in fabstitch-keyword-map.csv onto an existing URL. Volume, difficulty, and rank are UNKNOWN.",low,Strengthen this existing canonical page. Do not create another URL.
fabric for mens clothing,application,Commercial,/fabrics/best-for/tailoring/,secondary,"Mapped in fabstitch-keyword-map.csv onto an existing URL. Volume, difficulty, and rank are UNKNOWN.",low,Strengthen this existing canonical page. Do not create another URL.
fabric for suits,application,Commercial,/fabrics/best-for/tailoring/,secondary,"Mapped in fabstitch-keyword-map.csv onto an existing URL. Volume, difficulty, and rank are UNKNOWN.",cannibalization,Primary topic is also used by /discover/fabric-for-suits/. Strengthen the stronger page and keep the other as support. Do not add a third URL.
how to choose fabric for dresses,informational,Informational,/guides/how-to-choose-fabric-for-dresses/,secondary,"Mapped in fabstitch-keyword-map.csv onto an existing URL. Volume, difficulty, and rank are UNKNOWN.",noindex_target,The URL exists and stays noindex. Do not create a replacement page and do not force this URL into the index.
how to choose fabric for shirts,informational,Informational,/guides/how-to-choose-fabric-for-shirts/,secondary,"Mapped in fabstitch-keyword-map.csv onto an existing URL. Volume, difficulty, and rank are UNKNOWN.",low,Strengthen this existing canonical page. Do not create another URL.
buy velvet fabric,fabric_type,Commercial,/collections/velvet-pile/,secondary,"Mapped in fabstitch-keyword-map.csv onto an existing URL. Volume, difficulty, and rank are UNKNOWN.",low,Strengthen this existing canonical page. Do not create another URL.
corduroy fabric for trousers,application,Commercial,/collections/velvet-pile/,secondary,"Mapped in fabstitch-keyword-map.csv onto an existing URL. Volume, difficulty, and rank are UNKNOWN.",low,Strengthen this existing canonical page. Do not create another URL.
pile fabric,fabric_type,Commercial,/collections/velvet-pile/,secondary,"Mapped in fabstitch-keyword-map.csv onto an existing URL. Volume, difficulty, and rank are UNKNOWN.",low,Strengthen this existing canonical page. Do not create another URL.
velvet fabric for dresses,application,Commercial,/collections/velvet-pile/,secondary,"Mapped in fabstitch-keyword-map.csv onto an existing URL. Volume, difficulty, and rank are UNKNOWN.",cannibalization,Primary topic is also used by /discover/velvet-dresses/. Strengthen the stronger page and keep the other as support. Do not add a third URL.
velvet fabric for upholstery,application,Commercial,/collections/velvet-pile/,secondary,"Mapped in fabstitch-keyword-map.csv onto an existing URL. Volume, difficulty, and rank are UNKNOWN.",low,Strengthen this existing canonical page. Do not create another URL.
velveteen fabric,fabric_type,Commercial,/collections/velvet-pile/,secondary,"Mapped in fabstitch-keyword-map.csv onto an existing URL. Volume, difficulty, and rank are UNKNOWN.",low,Strengthen this existing canonical page. Do not create another URL.
boiled wool fabric,fabric_type,Commercial,/collections/tailoring/,secondary,"Mapped in fabstitch-keyword-map.csv onto an existing URL. Volume, difficulty, and rank are UNKNOWN.",cannibalization,Primary topic is also used by /fabrics/boiled-wool/. Strengthen the stronger page and keep the other as support. Do not add a third URL.
melton fabric,fabric_type,Commercial,/collections/tailoring/,secondary,"Mapped in fabstitch-keyword-map.csv onto an existing URL. Volume, difficulty, and rank are UNKNOWN.",cannibalization,Primary topic is also used by /fabrics/melton/. Strengthen the stronger page and keep the other as support. Do not add a third URL.
wool fabric for coats,application,Commercial,/collections/tailoring/,secondary,"Mapped in fabstitch-keyword-map.csv onto an existing URL. Volume, difficulty, and rank are UNKNOWN.",cannibalization,Primary topic is also used by /discover/wool-coats/. Strengthen the stronger page and keep the other as support. Do not add a third URL.
wool fabric for jackets,application,Commercial,/collections/tailoring/,secondary,"Mapped in fabstitch-keyword-map.csv onto an existing URL. Volume, difficulty, and rank are UNKNOWN.",cannibalization,Primary topic is also used by /discover/wool-jackets/. Strengthen the stronger page and keep the other as support. Do not add a third URL.
wool fabric for suits,application,Commercial,/collections/tailoring/,secondary,"Mapped in fabstitch-keyword-map.csv onto an existing URL. Volume, difficulty, and rank are UNKNOWN.",cannibalization,Primary topic is also used by /discover/wool-suits/. Strengthen the stronger page and keep the other as support. Do not add a third URL.
wool flannel fabric,fabric_type,Commercial,/collections/tailoring/,secondary,"Mapped in fabstitch-keyword-map.csv onto an existing URL. Volume, difficulty, and rank are UNKNOWN.",low,Strengthen this existing canonical page. Do not create another URL.
buy woven fabric,fabric_type,Commercial,/fabrics/,secondary,"Mapped in fabstitch-keyword-map.csv onto an existing URL. Volume, difficulty, and rank are UNKNOWN.",low,Strengthen this existing canonical page. Do not create another URL.
lightweight woven fabric,fabric_type,Commercial,/fabrics/,secondary,"Mapped in fabstitch-keyword-map.csv onto an existing URL. Volume, difficulty, and rank are UNKNOWN.",low,Strengthen this existing canonical page. Do not create another URL.
stretch woven fabric,performance,Commercial,/fabrics/,secondary,"Mapped in fabstitch-keyword-map.csv onto an existing URL. Volume, difficulty, and rank are UNKNOWN.",low,Strengthen this existing canonical page. Do not create another URL.
woven fabric construction,fabric_type,Commercial,/fabrics/,secondary,"Mapped in fabstitch-keyword-map.csv onto an existing URL. Volume, difficulty, and rank are UNKNOWN.",low,Strengthen this existing canonical page. Do not create another URL.
woven fabric for trousers,application,Commercial,/fabrics/,secondary,"Mapped in fabstitch-keyword-map.csv onto an existing URL. Volume, difficulty, and rank are UNKNOWN.",cannibalization,Primary topic is also used by /marketplace/woven-cloth-for-trousers/. Strengthen the stronger page and keep the other as support. Do not add a third URL.
woven fabric online,fabric_type,Commercial,/fabrics/,secondary,"Mapped in fabstitch-keyword-map.csv onto an existing URL. Volume, difficulty, and rank are UNKNOWN.",low,Strengthen this existing canonical page. Do not create another URL.
acoustic drapes fabric,application,Commercial,/fabrics/best-for/home-textiles/,secondary,"Mapped in fabstitch-keyword-map.csv onto an existing URL. Volume, difficulty, and rank are UNKNOWN.",low,Strengthen this existing canonical page. Do not create another URL.
baselayers fabric,application,Commercial,/fabrics/best-for/activewear/,secondary,"Mapped in fabstitch-keyword-map.csv onto an existing URL. Volume, difficulty, and rank are UNKNOWN.",low,Strengthen this existing canonical page. Do not create another URL.
blouses fabric,application,Commercial,/fabrics/best-for/womens-clothing/,secondary,"Mapped in fabstitch-keyword-map.csv onto an existing URL. Volume, difficulty, and rank are UNKNOWN.",low,Strengthen this existing canonical page. Do not create another URL.
bottoms fabric,application,Commercial,/fabrics/best-for/trousers/,secondary,"Mapped in fabstitch-keyword-map.csv onto an existing URL. Volume, difficulty, and rank are UNKNOWN.",low,Strengthen this existing canonical page. Do not create another URL.
chore jackets fabric,application,Commercial,/fabrics/best-for/,secondary,"Mapped in fabstitch-keyword-map.csv onto an existing URL. Volume, difficulty, and rank are UNKNOWN.",low,Strengthen this existing canonical page. Do not create another URL.
city outerwear fabric,application,Commercial,/fabrics/best-for/outerwear/,secondary,"Mapped in fabstitch-keyword-map.csv onto an existing URL. Volume, difficulty, and rank are UNKNOWN.",low,Strengthen this existing canonical page. Do not create another URL.
citywear fabric,application,Commercial,/fabrics/best-for/activewear/,secondary,"Mapped in fabstitch-keyword-map.csv onto an existing URL. Volume, difficulty, and rank are UNKNOWN.",low,Strengthen this existing canonical page. Do not create another URL.
coats fabric,application,Commercial,/fabrics/best-for/outerwear/,secondary,"Mapped in fabstitch-keyword-map.csv onto an existing URL. Volume, difficulty, and rank are UNKNOWN.",low,Strengthen this existing canonical page. Do not create another URL.
contract textiles fabric,application,Commercial,/fabrics/best-for/home-textiles/,secondary,"Mapped in fabstitch-keyword-map.csv onto an existing URL. Volume, difficulty, and rank are UNKNOWN.",low,Strengthen this existing canonical page. Do not create another URL.
curtains fabric,application,Commercial,/fabrics/best-for/home-textiles/,secondary,"Mapped in fabstitch-keyword-map.csv onto an existing URL. Volume, difficulty, and rank are UNKNOWN.",low,Strengthen this existing canonical page. Do not create another URL.
fabric for chore jackets,application,Commercial,/fabrics/best-for/,secondary,"Mapped in fabstitch-keyword-map.csv onto an existing URL. Volume, difficulty, and rank are UNKNOWN.",low,Strengthen this existing canonical page. Do not create another URL.
fabric for garment insulation,application,Commercial,/fabrics/best-for/,secondary,"Mapped in fabstitch-keyword-map.csv onto an existing URL. Volume, difficulty, and rank are UNKNOWN.",low,Strengthen this existing canonical page. Do not create another URL.
fabric for jackets,application,Commercial,/fabrics/best-for/,secondary,"Mapped in fabstitch-keyword-map.csv onto an existing URL. Volume, difficulty, and rank are UNKNOWN.",cannibalization,Primary topic is also used by /discover/fabric-for-jackets/. Strengthen the stronger page and keep the other as support. Do not add a third URL.
fabric for linings,application,Commercial,/fabrics/best-for/,secondary,"Mapped in fabstitch-keyword-map.csv onto an existing URL. Volume, difficulty, and rank are UNKNOWN.",low,Strengthen this existing canonical page. Do not create another URL.
fabric for overlays,application,Commercial,/fabrics/best-for/,secondary,"Mapped in fabstitch-keyword-map.csv onto an existing URL. Volume, difficulty, and rank are UNKNOWN.",low,Strengthen this existing canonical page. Do not create another URL.
fabric for ruffles,application,Commercial,/fabrics/best-for/,secondary,"Mapped in fabstitch-keyword-map.csv onto an existing URL. Volume, difficulty, and rank are UNKNOWN.",low,Strengthen this existing canonical page. Do not create another URL.
fabric for scarves,application,Commercial,/fabrics/best-for/,secondary,"Mapped in fabstitch-keyword-map.csv onto an existing URL. Volume, difficulty, and rank are UNKNOWN.",low,Strengthen this existing canonical page. Do not create another URL.
fabric for volume sleeves,application,Commercial,/fabrics/best-for/,secondary,"Mapped in fabstitch-keyword-map.csv onto an existing URL. Volume, difficulty, and rank are UNKNOWN.",low,Strengthen this existing canonical page. Do not create another URL.
fabric for workwear jackets,application,Commercial,/fabrics/best-for/,secondary,"Mapped in fabstitch-keyword-map.csv onto an existing URL. Volume, difficulty, and rank are UNKNOWN.",low,Strengthen this existing canonical page. Do not create another URL.
full skirts fabric,application,Commercial,/fabrics/best-for/womens-clothing/,secondary,"Mapped in fabstitch-keyword-map.csv onto an existing URL. Volume, difficulty, and rank are UNKNOWN.",low,Strengthen this existing canonical page. Do not create another URL.
garment insulation fabric,application,Commercial,/fabrics/best-for/,secondary,"Mapped in fabstitch-keyword-map.csv onto an existing URL. Volume, difficulty, and rank are UNKNOWN.",low,Strengthen this existing canonical page. Do not create another URL.
home textiles / interiors fabric,application,Commercial,/fabrics/best-for/home-textiles/,secondary,"Mapped in fabstitch-keyword-map.csv onto an existing URL. Volume, difficulty, and rank are UNKNOWN.",low,Strengthen this existing canonical page. Do not create another URL.
interiors fabric,application,Commercial,/fabrics/best-for/home-textiles/,secondary,"Mapped in fabstitch-keyword-map.csv onto an existing URL. Volume, difficulty, and rank are UNKNOWN.",low,Strengthen this existing canonical page. Do not create another URL.
jackets fabric,application,Commercial,/fabrics/best-for/,secondary,"Mapped in fabstitch-keyword-map.csv onto an existing URL. Volume, difficulty, and rank are UNKNOWN.",low,Strengthen this existing canonical page. Do not create another URL.
layering pieces fabric,application,Commercial,/fabrics/best-for/knitwear/,secondary,"Mapped in fabstitch-keyword-map.csv onto an existing URL. Volume, difficulty, and rank are UNKNOWN.",low,Strengthen this existing canonical page. Do not create another URL.
lightweight outerwear fabric,application,Commercial,/fabrics/best-for/outerwear/,secondary,"Mapped in fabstitch-keyword-map.csv onto an existing URL. Volume, difficulty, and rank are UNKNOWN.",low,Strengthen this existing canonical page. Do not create another URL.
linings fabric,application,Commercial,/fabrics/best-for/,secondary,"Mapped in fabstitch-keyword-map.csv onto an existing URL. Volume, difficulty, and rank are UNKNOWN.",low,Strengthen this existing canonical page. Do not create another URL.
loungewear fabric,application,Commercial,/fabrics/best-for/activewear/,secondary,"Mapped in fabstitch-keyword-map.csv onto an existing URL. Volume, difficulty, and rank are UNKNOWN.",low,Strengthen this existing canonical page. Do not create another URL.
overlays fabric,application,Commercial,/fabrics/best-for/,secondary,"Mapped in fabstitch-keyword-map.csv onto an existing URL. Volume, difficulty, and rank are UNKNOWN.",low,Strengthen this existing canonical page. Do not create another URL.
ruffles fabric,application,Commercial,/fabrics/best-for/,secondary,"Mapped in fabstitch-keyword-map.csv onto an existing URL. Volume, difficulty, and rank are UNKNOWN.",low,Strengthen this existing canonical page. Do not create another URL.
rugs fabric,application,Commercial,/fabrics/best-for/home-textiles/,secondary,"Mapped in fabstitch-keyword-map.csv onto an existing URL. Volume, difficulty, and rank are UNKNOWN.",low,Strengthen this existing canonical page. Do not create another URL.
scarves fabric,application,Commercial,/fabrics/best-for/,secondary,"Mapped in fabstitch-keyword-map.csv onto an existing URL. Volume, difficulty, and rank are UNKNOWN.",low,Strengthen this existing canonical page. Do not create another URL.
slip dresses fabric,application,Commercial,/fabrics/best-for/womens-clothing/,secondary,"Mapped in fabstitch-keyword-map.csv onto an existing URL. Volume, difficulty, and rank are UNKNOWN.",low,Strengthen this existing canonical page. Do not create another URL.
soft tailoring fabric,application,Commercial,/fabrics/best-for/tailoring/,secondary,"Mapped in fabstitch-keyword-map.csv onto an existing URL. Volume, difficulty, and rank are UNKNOWN.",low,Strengthen this existing canonical page. Do not create another URL.
statement knits fabric,application,Commercial,/fabrics/best-for/knitwear/,secondary,"Mapped in fabstitch-keyword-map.csv onto an existing URL. Volume, difficulty, and rank are UNKNOWN.",low,Strengthen this existing canonical page. Do not create another URL.
suiting fabric,application,Commercial,/fabrics/best-for/tailoring/,secondary,"Mapped in fabstitch-keyword-map.csv onto an existing URL. Volume, difficulty, and rank are UNKNOWN.",low,Strengthen this existing canonical page. Do not create another URL.
unlined coats fabric,application,Commercial,/fabrics/best-for/outerwear/,secondary,"Mapped in fabstitch-keyword-map.csv onto an existing URL. Volume, difficulty, and rank are UNKNOWN.",low,Strengthen this existing canonical page. Do not create another URL.
unstructured jackets fabric,application,Commercial,/fabrics/best-for/tailoring/,secondary,"Mapped in fabstitch-keyword-map.csv onto an existing URL. Volume, difficulty, and rank are UNKNOWN.",low,Strengthen this existing canonical page. Do not create another URL.
volume sleeves fabric,application,Commercial,/fabrics/best-for/,secondary,"Mapped in fabstitch-keyword-map.csv onto an existing URL. Volume, difficulty, and rank are UNKNOWN.",low,Strengthen this existing canonical page. Do not create another URL.
workwear jackets fabric,application,Commercial,/fabrics/best-for/,secondary,"Mapped in fabstitch-keyword-map.csv onto an existing URL. Volume, difficulty, and rank are UNKNOWN.",low,Strengthen this existing canonical page. Do not create another URL.
workwear trousers fabric,application,Commercial,/fabrics/best-for/trousers/,secondary,"Mapped in fabstitch-keyword-map.csv onto an existing URL. Volume, difficulty, and rank are UNKNOWN.",low,Strengthen this existing canonical page. Do not create another URL.
cotton fabric,location,Commercial,/collections/cotton/,secondary,"Mapped in fabstitch-keyword-map.csv onto an existing URL. Volume, difficulty, and rank are UNKNOWN.",location_research_only,"Keep the existing non-local canonical. Do not create a city or country page, and do not add an unsupported location claim."
cotton fabric,location,Commercial,/collections/cotton/,secondary,"Mapped in fabstitch-keyword-map.csv onto an existing URL. Volume, difficulty, and rank are UNKNOWN.",location_research_only,"Keep the existing non-local canonical. Do not create a city or country page, and do not add an unsupported location claim."
cotton fabric,location,Commercial,/collections/cotton/,secondary,"Mapped in fabstitch-keyword-map.csv onto an existing URL. Volume, difficulty, and rank are UNKNOWN.",location_research_only,"Keep the existing non-local canonical. Do not create a city or country page, and do not add an unsupported location claim."
cotton fabric,location,Commercial,/collections/cotton/,secondary,"Mapped in fabstitch-keyword-map.csv onto an existing URL. Volume, difficulty, and rank are UNKNOWN.",location_research_only,"Keep the existing non-local canonical. Do not create a city or country page, and do not add an unsupported location claim."
cotton fabric,location,Commercial,/collections/cotton/,secondary,"Mapped in fabstitch-keyword-map.csv onto an existing URL. Volume, difficulty, and rank are UNKNOWN.",location_research_only,"Keep the existing non-local canonical. Do not create a city or country page, and do not add an unsupported location claim."
cotton fabric,location,Commercial,/collections/cotton/,secondary,"Mapped in fabstitch-keyword-map.csv onto an existing URL. Volume, difficulty, and rank are UNKNOWN.",location_research_only,"Keep the existing non-local canonical. Do not create a city or country page, and do not add an unsupported location claim."
cotton fabric,location,Commercial,/collections/cotton/,secondary,"Mapped in fabstitch-keyword-map.csv onto an existing URL. Volume, difficulty, and rank are UNKNOWN.",location_research_only,"Keep the existing non-local canonical. Do not create a city or country page, and do not add an unsupported location claim."
cotton fabric,location,Commercial,/collections/cotton/,secondary,"Mapped in fabstitch-keyword-map.csv onto an existing URL. Volume, difficulty, and rank are UNKNOWN.",location_research_only,"Keep the existing non-local canonical. Do not create a city or country page, and do not add an unsupported location claim."
cotton fabric,location,Commercial,/collections/cotton/,secondary,"Mapped in fabstitch-keyword-map.csv onto an existing URL. Volume, difficulty, and rank are UNKNOWN.",location_research_only,"Keep the existing non-local canonical. Do not create a city or country page, and do not add an unsupported location claim."
cotton fabric,location,Commercial,/collections/cotton/,secondary,"Mapped in fabstitch-keyword-map.csv onto an existing URL. Volume, difficulty, and rank are UNKNOWN.",location_research_only,"Keep the existing non-local canonical. Do not create a city or country page, and do not add an unsupported location claim."
cotton fabric properties,fabric_type,Commercial,/collections/cotton/,secondary,"Mapped in fabstitch-keyword-map.csv onto an existing URL. Volume, difficulty, and rank are UNKNOWN.",low,Strengthen this existing canonical page. Do not create another URL.
cotton fabric wholesale,wholesale_commercial,Commercial,/collections/cotton/,secondary,"Mapped in fabstitch-keyword-map.csv onto an existing URL. Volume, difficulty, and rank are UNKNOWN.",low,Strengthen this existing canonical page. Do not create another URL.
cotton organdy fabric,fabric_type,Commercial,/collections/cotton/,secondary,"Mapped in fabstitch-keyword-map.csv onto an existing URL. Volume, difficulty, and rank are UNKNOWN.",low,Strengthen this existing canonical page. Do not create another URL.
cotton seersucker fabric,fabric_type,Commercial,/collections/cotton/,secondary,"Mapped in fabstitch-keyword-map.csv onto an existing URL. Volume, difficulty, and rank are UNKNOWN.",cannibalization,Primary topic is also used by /fabrics/cotton-seersucker/. Strengthen the stronger page and keep the other as support. Do not add a third URL.
crinkle cotton fabric,fabric_type,Commercial,/collections/cotton/,secondary,"Mapped in fabstitch-keyword-map.csv onto an existing URL. Volume, difficulty, and rank are UNKNOWN.",low,Strengthen this existing canonical page. Do not create another URL.
slub cotton fabric,fabric_type,Commercial,/collections/cotton/,secondary,"Mapped in fabstitch-keyword-map.csv onto an existing URL. Volume, difficulty, and rank are UNKNOWN.",low,Strengthen this existing canonical page. Do not create another URL.
soft cotton fabric,fabric_type,Commercial,/collections/cotton/,secondary,"Mapped in fabstitch-keyword-map.csv onto an existing URL. Volume, difficulty, and rank are UNKNOWN.",cannibalization,Primary topic is also used by /discover/soft-cotton-fabric/. Strengthen the stronger page and keep the other as support. Do not add a third URL.
what is cotton fabric,informational,Informational,/guides/what-is-cotton-fabric/,secondary,"Mapped in fabstitch-keyword-map.csv onto an existing URL. Volume, difficulty, and rank are UNKNOWN.",low,Strengthen this existing canonical page. Do not create another URL.
denim fabric,location,Commercial,/collections/denim/,secondary,"Mapped in fabstitch-keyword-map.csv onto an existing URL. Volume, difficulty, and rank are UNKNOWN.",location_research_only,"Keep the existing non-local canonical. Do not create a city or country page, and do not add an unsupported location claim."
denim fabric,location,Commercial,/collections/denim/,secondary,"Mapped in fabstitch-keyword-map.csv onto an existing URL. Volume, difficulty, and rank are UNKNOWN.",location_research_only,"Keep the existing non-local canonical. Do not create a city or country page, and do not add an unsupported location claim."
denim fabric,location,Commercial,/collections/denim/,secondary,"Mapped in fabstitch-keyword-map.csv onto an existing URL. Volume, difficulty, and rank are UNKNOWN.",location_research_only,"Keep the existing non-local canonical. Do not create a city or country page, and do not add an unsupported location claim."
denim fabric,location,Commercial,/collections/denim/,secondary,"Mapped in fabstitch-keyword-map.csv onto an existing URL. Volume, difficulty, and rank are UNKNOWN.",location_research_only,"Keep the existing non-local canonical. Do not create a city or country page, and do not add an unsupported location claim."
denim fabric,location,Commercial,/collections/denim/,secondary,"Mapped in fabstitch-keyword-map.csv onto an existing URL. Volume, difficulty, and rank are UNKNOWN.",location_research_only,"Keep the existing non-local canonical. Do not create a city or country page, and do not add an unsupported location claim."
denim fabric,location,Commercial,/collections/denim/,secondary,"Mapped in fabstitch-keyword-map.csv onto an existing URL. Volume, difficulty, and rank are UNKNOWN.",location_research_only,"Keep the existing non-local canonical. Do not create a city or country page, and do not add an unsupported location claim."
denim fabric,location,Commercial,/collections/denim/,secondary,"Mapped in fabstitch-keyword-map.csv onto an existing URL. Volume, difficulty, and rank are UNKNOWN.",location_research_only,"Keep the existing non-local canonical. Do not create a city or country page, and do not add an unsupported location claim."
denim fabric,location,Commercial,/collections/denim/,secondary,"Mapped in fabstitch-keyword-map.csv onto an existing URL. Volume, difficulty, and rank are UNKNOWN.",location_research_only,"Keep the existing non-local canonical. Do not create a city or country page, and do not add an unsupported location claim."
denim fabric,location,Commercial,/collections/denim/,secondary,"Mapped in fabstitch-keyword-map.csv onto an existing URL. Volume, difficulty, and rank are UNKNOWN.",location_research_only,"Keep the existing non-local canonical. Do not create a city or country page, and do not add an unsupported location claim."
denim fabric,location,Commercial,/collections/denim/,secondary,"Mapped in fabstitch-keyword-map.csv onto an existing URL. Volume, difficulty, and rank are UNKNOWN.",location_research_only,"Keep the existing non-local canonical. Do not create a city or country page, and do not add an unsupported location claim."
denim fabric weight,fabric_type,Commercial,/collections/denim/,secondary,"Mapped in fabstitch-keyword-map.csv onto an existing URL. Volume, difficulty, and rank are UNKNOWN.",low,Strengthen this existing canonical page. Do not create another URL.
oz denim fabric,specification,Commercial,/collections/denim/,secondary,"Mapped in fabstitch-keyword-map.csv onto an existing URL. Volume, difficulty, and rank are UNKNOWN.",low,Strengthen this existing canonical page. Do not create another URL.
rigid denim fabric,fabric_type,Commercial,/collections/denim/,secondary,"Mapped in fabstitch-keyword-map.csv onto an existing URL. Volume, difficulty, and rank are UNKNOWN.",low,Strengthen this existing canonical page. Do not create another URL.
stretch denim fabric,performance,Commercial,/collections/denim/,secondary,"Mapped in fabstitch-keyword-map.csv onto an existing URL. Volume, difficulty, and rank are UNKNOWN.",cannibalization,Primary topic is also used by /discover/stretch-denim-fabric/. Strengthen the stronger page and keep the other as support. Do not add a third URL.
sustainable denim fabric,fabric_type,Commercial,/collections/denim/,secondary,"Mapped in fabstitch-keyword-map.csv onto an existing URL. Volume, difficulty, and rank are UNKNOWN.",low,Strengthen this existing canonical page. Do not create another URL.
what is denim fabric,informational,Informational,/guides/denim-2027/,secondary,"Mapped in fabstitch-keyword-map.csv onto an existing URL. Volume, difficulty, and rank are UNKNOWN.",low,Strengthen this existing canonical page. Do not create another URL.
breathable fabric,performance,Commercial,/marketplace/,secondary,"Mapped in fabstitch-keyword-map.csv onto an existing URL. Volume, difficulty, and rank are UNKNOWN.",cannibalization,Primary topic is also used by /discover/breathable-fabric/. Strengthen the stronger page and keep the other as support. Do not add a third URL.
brushed fabric,fabric_type,Commercial,/marketplace/,secondary,"Mapped in fabstitch-keyword-map.csv onto an existing URL. Volume, difficulty, and rank are UNKNOWN.",low,Strengthen this existing canonical page. Do not create another URL.
crisp fabric,fabric_type,Commercial,/marketplace/,secondary,"Mapped in fabstitch-keyword-map.csv onto an existing URL. Volume, difficulty, and rank are UNKNOWN.",low,Strengthen this existing canonical page. Do not create another URL.
drapey fabric,fabric_type,Commercial,/marketplace/,secondary,"Mapped in fabstitch-keyword-map.csv onto an existing URL. Volume, difficulty, and rank are UNKNOWN.",low,Strengthen this existing canonical page. Do not create another URL.
durable fabric,fabric_type,Commercial,/marketplace/,secondary,"Mapped in fabstitch-keyword-map.csv onto an existing URL. Volume, difficulty, and rank are UNKNOWN.",cannibalization,Primary topic is also used by /discover/durable-fabric/. Strengthen the stronger page and keep the other as support. Do not add a third URL.
fabric drape,fabric_type,Commercial,/marketplace/,secondary,"Mapped in fabstitch-keyword-map.csv onto an existing URL. Volume, difficulty, and rank are UNKNOWN.",cannibalization,Primary topic is also used by /discover/understanding-fabric-drape/. Strengthen the stronger page and keep the other as support. Do not add a third URL.
fabric hand feel,fabric_type,Commercial,/marketplace/,secondary,"Mapped in fabstitch-keyword-map.csv onto an existing URL. Volume, difficulty, and rank are UNKNOWN.",cannibalization,Primary topic is also used by /discover/what-hand-feel-describes/. Strengthen the stronger page and keep the other as support. Do not add a third URL.
flowy fabric,fabric_type,Commercial,/marketplace/,secondary,"Mapped in fabstitch-keyword-map.csv onto an existing URL. Volume, difficulty, and rank are UNKNOWN.",cannibalization,Primary topic is also used by /discover/flowy-fabric/. Strengthen the stronger page and keep the other as support. Do not add a third URL.
heavyweight fabric,fabric_type,Commercial,/marketplace/,secondary,"Mapped in fabstitch-keyword-map.csv onto an existing URL. Volume, difficulty, and rank are UNKNOWN.",cannibalization,Primary topic is also used by /discover/heavyweight-fabric/. Strengthen the stronger page and keep the other as support. Do not add a third URL.
lightweight fabric,fabric_type,Commercial,/marketplace/,secondary,"Mapped in fabstitch-keyword-map.csv onto an existing URL. Volume, difficulty, and rank are UNKNOWN.",low,Strengthen this existing canonical page. Do not create another URL.
opaque fabric,fabric_type,Commercial,/marketplace/,secondary,"Mapped in fabstitch-keyword-map.csv onto an existing URL. Volume, difficulty, and rank are UNKNOWN.",cannibalization,Primary topic is also used by /discover/opaque-fabric/. Strengthen the stronger page and keep the other as support. Do not add a third URL.
open weave fabric,fabric_type,Commercial,/marketplace/,secondary,"Mapped in fabstitch-keyword-map.csv onto an existing URL. Volume, difficulty, and rank are UNKNOWN.",low,Strengthen this existing canonical page. Do not create another URL.
semi sheer fabric,fabric_type,Commercial,/marketplace/,secondary,"Mapped in fabstitch-keyword-map.csv onto an existing URL. Volume, difficulty, and rank are UNKNOWN.",low,Strengthen this existing canonical page. Do not create another URL.
sheer fabric,fabric_type,Commercial,/marketplace/,secondary,"Mapped in fabstitch-keyword-map.csv onto an existing URL. Volume, difficulty, and rank are UNKNOWN.",cannibalization,Primary topic is also used by /discover/sheer-fabric/. Strengthen the stronger page and keep the other as support. Do not add a third URL.
soft fabric,fabric_type,Commercial,/marketplace/,secondary,"Mapped in fabstitch-keyword-map.csv onto an existing URL. Volume, difficulty, and rank are UNKNOWN.",cannibalization,Primary topic is also used by /discover/soft-fabric/. Strengthen the stronger page and keep the other as support. Do not add a third URL.
structured fabric,fabric_type,Commercial,/marketplace/,secondary,"Mapped in fabstitch-keyword-map.csv onto an existing URL. Volume, difficulty, and rank are UNKNOWN.",cannibalization,Primary topic is also used by /discover/structured-fabric/. Strengthen the stronger page and keep the other as support. Do not add a third URL.
summer fabric,fabric_type,Commercial,/marketplace/,secondary,"Mapped in fabstitch-keyword-map.csv onto an existing URL. Volume, difficulty, and rank are UNKNOWN.",low,Strengthen this existing canonical page. Do not create another URL.
warm fabric,fabric_type,Commercial,/marketplace/,secondary,"Mapped in fabstitch-keyword-map.csv onto an existing URL. Volume, difficulty, and rank are UNKNOWN.",low,Strengthen this existing canonical page. Do not create another URL.
winter fabric,fabric_type,Commercial,/marketplace/,secondary,"Mapped in fabstitch-keyword-map.csv onto an existing URL. Volume, difficulty, and rank are UNKNOWN.",low,Strengthen this existing canonical page. Do not create another URL.
fabric for dresses,location,Commercial,/fabrics/best-for/dresses/,secondary,"Mapped in fabstitch-keyword-map.csv onto an existing URL. Volume, difficulty, and rank are UNKNOWN.",location_research_only,"Keep the existing non-local canonical. Do not create a city or country page, and do not add an unsupported location claim."
fabric for dresses,location,Commercial,/fabrics/best-for/dresses/,secondary,"Mapped in fabstitch-keyword-map.csv onto an existing URL. Volume, difficulty, and rank are UNKNOWN.",location_research_only,"Keep the existing non-local canonical. Do not create a city or country page, and do not add an unsupported location claim."
fabric for dresses,location,Commercial,/fabrics/best-for/dresses/,secondary,"Mapped in fabstitch-keyword-map.csv onto an existing URL. Volume, difficulty, and rank are UNKNOWN.",location_research_only,"Keep the existing non-local canonical. Do not create a city or country page, and do not add an unsupported location claim."
fabric for dresses,location,Commercial,/fabrics/best-for/dresses/,secondary,"Mapped in fabstitch-keyword-map.csv onto an existing URL. Volume, difficulty, and rank are UNKNOWN.",location_research_only,"Keep the existing non-local canonical. Do not create a city or country page, and do not add an unsupported location claim."
fabric for dresses,location,Commercial,/fabrics/best-for/dresses/,secondary,"Mapped in fabstitch-keyword-map.csv onto an existing URL. Volume, difficulty, and rank are UNKNOWN.",location_research_only,"Keep the existing non-local canonical. Do not create a city or country page, and do not add an unsupported location claim."
fabric for dresses,location,Commercial,/fabrics/best-for/dresses/,secondary,"Mapped in fabstitch-keyword-map.csv onto an existing URL. Volume, difficulty, and rank are UNKNOWN.",location_research_only,"Keep the existing non-local canonical. Do not create a city or country page, and do not add an unsupported location claim."
fabric for dresses,location,Commercial,/fabrics/best-for/dresses/,secondary,"Mapped in fabstitch-keyword-map.csv onto an existing URL. Volume, difficulty, and rank are UNKNOWN.",location_research_only,"Keep the existing non-local canonical. Do not create a city or country page, and do not add an unsupported location claim."
fabric for dresses,location,Commercial,/fabrics/best-for/dresses/,secondary,"Mapped in fabstitch-keyword-map.csv onto an existing URL. Volume, difficulty, and rank are UNKNOWN.",location_research_only,"Keep the existing non-local canonical. Do not create a city or country page, and do not add an unsupported location claim."
fabric for dresses,location,Commercial,/fabrics/best-for/dresses/,secondary,"Mapped in fabstitch-keyword-map.csv onto an existing URL. Volume, difficulty, and rank are UNKNOWN.",location_research_only,"Keep the existing non-local canonical. Do not create a city or country page, and do not add an unsupported location claim."
fabric for dresses,location,Commercial,/fabrics/best-for/dresses/,secondary,"Mapped in fabstitch-keyword-map.csv onto an existing URL. Volume, difficulty, and rank are UNKNOWN.",location_research_only,"Keep the existing non-local canonical. Do not create a city or country page, and do not add an unsupported location claim."
fabric for shirts,location,Commercial,/fabrics/best-for/shirts/,secondary,"Mapped in fabstitch-keyword-map.csv onto an existing URL. Volume, difficulty, and rank are UNKNOWN.",location_research_only,"Keep the existing non-local canonical. Do not create a city or country page, and do not add an unsupported location claim."
fabric for shirts,location,Commercial,/fabrics/best-for/shirts/,secondary,"Mapped in fabstitch-keyword-map.csv onto an existing URL. Volume, difficulty, and rank are UNKNOWN.",location_research_only,"Keep the existing non-local canonical. Do not create a city or country page, and do not add an unsupported location claim."
fabric for shirts,location,Commercial,/fabrics/best-for/shirts/,secondary,"Mapped in fabstitch-keyword-map.csv onto an existing URL. Volume, difficulty, and rank are UNKNOWN.",location_research_only,"Keep the existing non-local canonical. Do not create a city or country page, and do not add an unsupported location claim."
fabric for shirts,location,Commercial,/fabrics/best-for/shirts/,secondary,"Mapped in fabstitch-keyword-map.csv onto an existing URL. Volume, difficulty, and rank are UNKNOWN.",location_research_only,"Keep the existing non-local canonical. Do not create a city or country page, and do not add an unsupported location claim."
fabric for shirts,location,Commercial,/fabrics/best-for/shirts/,secondary,"Mapped in fabstitch-keyword-map.csv onto an existing URL. Volume, difficulty, and rank are UNKNOWN.",location_research_only,"Keep the existing non-local canonical. Do not create a city or country page, and do not add an unsupported location claim."
fabric for shirts,location,Commercial,/fabrics/best-for/shirts/,secondary,"Mapped in fabstitch-keyword-map.csv onto an existing URL. Volume, difficulty, and rank are UNKNOWN.",location_research_only,"Keep the existing non-local canonical. Do not create a city or country page, and do not add an unsupported location claim."
fabric for shirts,location,Commercial,/fabrics/best-for/shirts/,secondary,"Mapped in fabstitch-keyword-map.csv onto an existing URL. Volume, difficulty, and rank are UNKNOWN.",location_research_only,"Keep the existing non-local canonical. Do not create a city or country page, and do not add an unsupported location claim."
fabric for shirts,location,Commercial,/fabrics/best-for/shirts/,secondary,"Mapped in fabstitch-keyword-map.csv onto an existing URL. Volume, difficulty, and rank are UNKNOWN.",location_research_only,"Keep the existing non-local canonical. Do not create a city or country page, and do not add an unsupported location claim."
fabric for shirts,location,Commercial,/fabrics/best-for/shirts/,secondary,"Mapped in fabstitch-keyword-map.csv onto an existing URL. Volume, difficulty, and rank are UNKNOWN.",location_research_only,"Keep the existing non-local canonical. Do not create a city or country page, and do not add an unsupported location claim."
fabric for shirts,location,Commercial,/fabrics/best-for/shirts/,secondary,"Mapped in fabstitch-keyword-map.csv onto an existing URL. Volume, difficulty, and rank are UNKNOWN.",location_research_only,"Keep the existing non-local canonical. Do not create a city or country page, and do not add an unsupported location claim."
a practical guide to the fabstitch 2027 fabric collection,informational,Informational,/guides/fabrics-2027/,primary,"Mapped in fabstitch-keyword-map.csv onto an existing URL. Volume, difficulty, and rank are UNKNOWN.",low,Strengthen this existing canonical page. Do not create another URL.
"autumn/winter 2027-28: surface, weight and protection",informational,Informational,/guides/autumn-winter-2027-28-fabrics/,secondary,"Mapped in fabstitch-keyword-map.csv onto an existing URL. Volume, difficulty, and rank are UNKNOWN.",low,Strengthen this existing canonical page. Do not create another URL.
chiffon or georgette: comparing two sheer dress fabrics,informational,Informational,/guides/chiffon-vs-georgette/,primary,"Mapped in fabstitch-keyword-map.csv onto an existing URL. Volume, difficulty, and rank are UNKNOWN.",low,Strengthen this existing canonical page. Do not create another URL.
"choosing shirt fabric by season, structure and hand",informational,Informational,/guides/how-to-choose-fabric-for-shirts/,primary,"Mapped in fabstitch-keyword-map.csv onto an existing URL. Volume, difficulty, and rank are UNKNOWN.",low,Strengthen this existing canonical page. Do not create another URL.
five linen and linen-blend directions for 2027,informational,Informational,/guides/linen-fabrics-2027/,primary,"Mapped in fabstitch-keyword-map.csv onto an existing URL. Volume, difficulty, and rank are UNKNOWN.",low,Strengthen this existing canonical page. Do not create another URL.
how to buy fabric online with confidence,informational,Informational,/guides/how-to-buy-fabric-online/,primary,"Mapped in fabstitch-keyword-map.csv onto an existing URL. Volume, difficulty, and rank are UNKNOWN.",low,Strengthen this existing canonical page. Do not create another URL.
how to read fabric weight and gsm,specification,Informational,/guides/fabric-weight-and-gsm/,secondary,"Mapped in fabstitch-keyword-map.csv onto an existing URL. Volume, difficulty, and rank are UNKNOWN.",low,Strengthen this existing canonical page. Do not create another URL.
six denim sourcing directions in the fabstitch 2027 collection,informational,Informational,/guides/denim-2027/,primary,"Mapped in fabstitch-keyword-map.csv onto an existing URL. Volume, difficulty, and rank are UNKNOWN.",low,Strengthen this existing canonical page. Do not create another URL.
spring/summer 2027: lightness with structure,informational,Informational,/guides/spring-summer-2027-fabrics/,primary,"Mapped in fabstitch-keyword-map.csv onto an existing URL. Volume, difficulty, and rank are UNKNOWN.",low,Strengthen this existing canonical page. Do not create another URL.
woven and knit fabrics: how construction changes the choice,informational,Informational,/guides/woven-vs-knit-fabrics/,secondary,"Mapped in fabstitch-keyword-map.csv onto an existing URL. Volume, difficulty, and rank are UNKNOWN.",low,Strengthen this existing canonical page. Do not create another URL.
buy fabric online,location,Transactional,/marketplace/,secondary,"Mapped in fabstitch-keyword-map.csv onto an existing URL. Volume, difficulty, and rank are UNKNOWN.",location_research_only,"Keep the existing non-local canonical. Do not create a city or country page, and do not add an unsupported location claim."
buy fabric online,location,Transactional,/marketplace/,secondary,"Mapped in fabstitch-keyword-map.csv onto an existing URL. Volume, difficulty, and rank are UNKNOWN.",location_research_only,"Keep the existing non-local canonical. Do not create a city or country page, and do not add an unsupported location claim."
buy fabric online,location,Transactional,/marketplace/,secondary,"Mapped in fabstitch-keyword-map.csv onto an existing URL. Volume, difficulty, and rank are UNKNOWN.",location_research_only,"Keep the existing non-local canonical. Do not create a city or country page, and do not add an unsupported location claim."
buy fabric online,location,Transactional,/marketplace/,secondary,"Mapped in fabstitch-keyword-map.csv onto an existing URL. Volume, difficulty, and rank are UNKNOWN.",location_research_only,"Keep the existing non-local canonical. Do not create a city or country page, and do not add an unsupported location claim."
buy fabric online,location,Transactional,/marketplace/,secondary,"Mapped in fabstitch-keyword-map.csv onto an existing URL. Volume, difficulty, and rank are UNKNOWN.",location_research_only,"Keep the existing non-local canonical. Do not create a city or country page, and do not add an unsupported location claim."
buy fabric online,location,Transactional,/marketplace/,secondary,"Mapped in fabstitch-keyword-map.csv onto an existing URL. Volume, difficulty, and rank are UNKNOWN.",location_research_only,"Keep the existing non-local canonical. Do not create a city or country page, and do not add an unsupported location claim."
buy fabric online,location,Transactional,/marketplace/,secondary,"Mapped in fabstitch-keyword-map.csv onto an existing URL. Volume, difficulty, and rank are UNKNOWN.",location_research_only,"Keep the existing non-local canonical. Do not create a city or country page, and do not add an unsupported location claim."
buy fabric online,location,Transactional,/marketplace/,secondary,"Mapped in fabstitch-keyword-map.csv onto an existing URL. Volume, difficulty, and rank are UNKNOWN.",location_research_only,"Keep the existing non-local canonical. Do not create a city or country page, and do not add an unsupported location claim."
buy fabric online,location,Transactional,/marketplace/,secondary,"Mapped in fabstitch-keyword-map.csv onto an existing URL. Volume, difficulty, and rank are UNKNOWN.",location_research_only,"Keep the existing non-local canonical. Do not create a city or country page, and do not add an unsupported location claim."
buy fabric online,location,Transactional,/marketplace/,secondary,"Mapped in fabstitch-keyword-map.csv onto an existing URL. Volume, difficulty, and rank are UNKNOWN.",location_research_only,"Keep the existing non-local canonical. Do not create a city or country page, and do not add an unsupported location claim."
fabric inquiry platform,fabric_type,Commercial,/marketplace/,secondary,"Mapped in fabstitch-keyword-map.csv onto an existing URL. Volume, difficulty, and rank are UNKNOWN.",low,Strengthen this existing canonical page. Do not create another URL.
fabric marketplace,location,Commercial,/marketplace/,secondary,"Mapped in fabstitch-keyword-map.csv onto an existing URL. Volume, difficulty, and rank are UNKNOWN.",location_research_only,"Keep the existing non-local canonical. Do not create a city or country page, and do not add an unsupported location claim."
fabric marketplace,location,Commercial,/marketplace/,secondary,"Mapped in fabstitch-keyword-map.csv onto an existing URL. Volume, difficulty, and rank are UNKNOWN.",location_research_only,"Keep the existing non-local canonical. Do not create a city or country page, and do not add an unsupported location claim."
fabric marketplace,location,Commercial,/marketplace/,secondary,"Mapped in fabstitch-keyword-map.csv onto an existing URL. Volume, difficulty, and rank are UNKNOWN.",location_research_only,"Keep the existing non-local canonical. Do not create a city or country page, and do not add an unsupported location claim."
fabric marketplace,location,Commercial,/marketplace/,secondary,"Mapped in fabstitch-keyword-map.csv onto an existing URL. Volume, difficulty, and rank are UNKNOWN.",location_research_only,"Keep the existing non-local canonical. Do not create a city or country page, and do not add an unsupported location claim."
fabric marketplace,location,Commercial,/marketplace/,secondary,"Mapped in fabstitch-keyword-map.csv onto an existing URL. Volume, difficulty, and rank are UNKNOWN.",location_research_only,"Keep the existing non-local canonical. Do not create a city or country page, and do not add an unsupported location claim."
fabric marketplace,location,Commercial,/marketplace/,secondary,"Mapped in fabstitch-keyword-map.csv onto an existing URL. Volume, difficulty, and rank are UNKNOWN.",location_research_only,"Keep the existing non-local canonical. Do not create a city or country page, and do not add an unsupported location claim."
fabric marketplace,location,Commercial,/marketplace/,secondary,"Mapped in fabstitch-keyword-map.csv onto an existing URL. Volume, difficulty, and rank are UNKNOWN.",location_research_only,"Keep the existing non-local canonical. Do not create a city or country page, and do not add an unsupported location claim."
fabric marketplace,location,Commercial,/marketplace/,secondary,"Mapped in fabstitch-keyword-map.csv onto an existing URL. Volume, difficulty, and rank are UNKNOWN.",location_research_only,"Keep the existing non-local canonical. Do not create a city or country page, and do not add an unsupported location claim."
fabric marketplace,location,Commercial,/marketplace/,secondary,"Mapped in fabstitch-keyword-map.csv onto an existing URL. Volume, difficulty, and rank are UNKNOWN.",location_research_only,"Keep the existing non-local canonical. Do not create a city or country page, and do not add an unsupported location claim."
fabric marketplace,location,Commercial,/marketplace/,secondary,"Mapped in fabstitch-keyword-map.csv onto an existing URL. Volume, difficulty, and rank are UNKNOWN.",location_research_only,"Keep the existing non-local canonical. Do not create a city or country page, and do not add an unsupported location claim."
fabric sourcing,location,Commercial,/marketplace/,secondary,"Mapped in fabstitch-keyword-map.csv onto an existing URL. Volume, difficulty, and rank are UNKNOWN.",location_research_only,"Keep the existing non-local canonical. Do not create a city or country page, and do not add an unsupported location claim."
fabric sourcing,location,Commercial,/marketplace/,secondary,"Mapped in fabstitch-keyword-map.csv onto an existing URL. Volume, difficulty, and rank are UNKNOWN.",location_research_only,"Keep the existing non-local canonical. Do not create a city or country page, and do not add an unsupported location claim."
fabric sourcing,location,Commercial,/marketplace/,secondary,"Mapped in fabstitch-keyword-map.csv onto an existing URL. Volume, difficulty, and rank are UNKNOWN.",location_research_only,"Keep the existing non-local canonical. Do not create a city or country page, and do not add an unsupported location claim."
fabric sourcing,location,Commercial,/marketplace/,secondary,"Mapped in fabstitch-keyword-map.csv onto an existing URL. Volume, difficulty, and rank are UNKNOWN.",location_research_only,"Keep the existing non-local canonical. Do not create a city or country page, and do not add an unsupported location claim."
fabric sourcing,location,Commercial,/marketplace/,secondary,"Mapped in fabstitch-keyword-map.csv onto an existing URL. Volume, difficulty, and rank are UNKNOWN.",location_research_only,"Keep the existing non-local canonical. Do not create a city or country page, and do not add an unsupported location claim."
fabric sourcing,location,Commercial,/marketplace/,secondary,"Mapped in fabstitch-keyword-map.csv onto an existing URL. Volume, difficulty, and rank are UNKNOWN.",location_research_only,"Keep the existing non-local canonical. Do not create a city or country page, and do not add an unsupported location claim."
fabric sourcing,location,Commercial,/marketplace/,secondary,"Mapped in fabstitch-keyword-map.csv onto an existing URL. Volume, difficulty, and rank are UNKNOWN.",location_research_only,"Keep the existing non-local canonical. Do not create a city or country page, and do not add an unsupported location claim."
fabric sourcing,location,Commercial,/marketplace/,secondary,"Mapped in fabstitch-keyword-map.csv onto an existing URL. Volume, difficulty, and rank are UNKNOWN.",location_research_only,"Keep the existing non-local canonical. Do not create a city or country page, and do not add an unsupported location claim."
fabric sourcing,location,Commercial,/marketplace/,secondary,"Mapped in fabstitch-keyword-map.csv onto an existing URL. Volume, difficulty, and rank are UNKNOWN.",location_research_only,"Keep the existing non-local canonical. Do not create a city or country page, and do not add an unsupported location claim."
fabric sourcing,location,Commercial,/marketplace/,secondary,"Mapped in fabstitch-keyword-map.csv onto an existing URL. Volume, difficulty, and rank are UNKNOWN.",location_research_only,"Keep the existing non-local canonical. Do not create a city or country page, and do not add an unsupported location claim."
fabric supplier,location,Transactional,/marketplace/,secondary,"Mapped in fabstitch-keyword-map.csv onto an existing URL. Volume, difficulty, and rank are UNKNOWN.",location_research_only,"Keep the existing non-local canonical. Do not create a city or country page, and do not add an unsupported location claim."
fabric supplier,location,Transactional,/marketplace/,secondary,"Mapped in fabstitch-keyword-map.csv onto an existing URL. Volume, difficulty, and rank are UNKNOWN.",location_research_only,"Keep the existing non-local canonical. Do not create a city or country page, and do not add an unsupported location claim."
fabric supplier,location,Transactional,/marketplace/,secondary,"Mapped in fabstitch-keyword-map.csv onto an existing URL. Volume, difficulty, and rank are UNKNOWN.",location_research_only,"Keep the existing non-local canonical. Do not create a city or country page, and do not add an unsupported location claim."
fabric supplier,location,Transactional,/marketplace/,secondary,"Mapped in fabstitch-keyword-map.csv onto an existing URL. Volume, difficulty, and rank are UNKNOWN.",location_research_only,"Keep the existing non-local canonical. Do not create a city or country page, and do not add an unsupported location claim."
fabric supplier,location,Transactional,/marketplace/,secondary,"Mapped in fabstitch-keyword-map.csv onto an existing URL. Volume, difficulty, and rank are UNKNOWN.",location_research_only,"Keep the existing non-local canonical. Do not create a city or country page, and do not add an unsupported location claim."
fabric supplier,location,Transactional,/marketplace/,secondary,"Mapped in fabstitch-keyword-map.csv onto an existing URL. Volume, difficulty, and rank are UNKNOWN.",location_research_only,"Keep the existing non-local canonical. Do not create a city or country page, and do not add an unsupported location claim."
fabric supplier,location,Transactional,/marketplace/,secondary,"Mapped in fabstitch-keyword-map.csv onto an existing URL. Volume, difficulty, and rank are UNKNOWN.",location_research_only,"Keep the existing non-local canonical. Do not create a city or country page, and do not add an unsupported location claim."
fabric supplier,location,Transactional,/marketplace/,secondary,"Mapped in fabstitch-keyword-map.csv onto an existing URL. Volume, difficulty, and rank are UNKNOWN.",location_research_only,"Keep the existing non-local canonical. Do not create a city or country page, and do not add an unsupported location claim."
fabric supplier,location,Transactional,/marketplace/,secondary,"Mapped in fabstitch-keyword-map.csv onto an existing URL. Volume, difficulty, and rank are UNKNOWN.",location_research_only,"Keep the existing non-local canonical. Do not create a city or country page, and do not add an unsupported location claim."
fabric supplier,location,Transactional,/marketplace/,secondary,"Mapped in fabstitch-keyword-map.csv onto an existing URL. Volume, difficulty, and rank are UNKNOWN.",location_research_only,"Keep the existing non-local canonical. Do not create a city or country page, and do not add an unsupported location claim."
inquire fabric online,fabric_type,Transactional,/marketplace/,secondary,"Mapped in fabstitch-keyword-map.csv onto an existing URL. Volume, difficulty, and rank are UNKNOWN.",low,Strengthen this existing canonical page. Do not create another URL.
wholesale fabric,location,Transactional,/marketplace/,secondary,"Mapped in fabstitch-keyword-map.csv onto an existing URL. Volume, difficulty, and rank are UNKNOWN.",location_research_only,"Keep the existing non-local canonical. Do not create a city or country page, and do not add an unsupported location claim."
wholesale fabric,location,Transactional,/marketplace/,secondary,"Mapped in fabstitch-keyword-map.csv onto an existing URL. Volume, difficulty, and rank are UNKNOWN.",location_research_only,"Keep the existing non-local canonical. Do not create a city or country page, and do not add an unsupported location claim."
wholesale fabric,location,Transactional,/marketplace/,secondary,"Mapped in fabstitch-keyword-map.csv onto an existing URL. Volume, difficulty, and rank are UNKNOWN.",location_research_only,"Keep the existing non-local canonical. Do not create a city or country page, and do not add an unsupported location claim."
wholesale fabric,location,Transactional,/marketplace/,secondary,"Mapped in fabstitch-keyword-map.csv onto an existing URL. Volume, difficulty, and rank are UNKNOWN.",location_research_only,"Keep the existing non-local canonical. Do not create a city or country page, and do not add an unsupported location claim."
wholesale fabric,location,Transactional,/marketplace/,secondary,"Mapped in fabstitch-keyword-map.csv onto an existing URL. Volume, difficulty, and rank are UNKNOWN.",location_research_only,"Keep the existing non-local canonical. Do not create a city or country page, and do not add an unsupported location claim."
wholesale fabric,location,Transactional,/marketplace/,secondary,"Mapped in fabstitch-keyword-map.csv onto an existing URL. Volume, difficulty, and rank are UNKNOWN.",location_research_only,"Keep the existing non-local canonical. Do not create a city or country page, and do not add an unsupported location claim."
wholesale fabric,location,Transactional,/marketplace/,secondary,"Mapped in fabstitch-keyword-map.csv onto an existing URL. Volume, difficulty, and rank are UNKNOWN.",location_research_only,"Keep the existing non-local canonical. Do not create a city or country page, and do not add an unsupported location claim."
wholesale fabric,location,Transactional,/marketplace/,secondary,"Mapped in fabstitch-keyword-map.csv onto an existing URL. Volume, difficulty, and rank are UNKNOWN.",location_research_only,"Keep the existing non-local canonical. Do not create a city or country page, and do not add an unsupported location claim."
wholesale fabric,location,Transactional,/marketplace/,secondary,"Mapped in fabstitch-keyword-map.csv onto an existing URL. Volume, difficulty, and rank are UNKNOWN.",location_research_only,"Keep the existing non-local canonical. Do not create a city or country page, and do not add an unsupported location claim."
wholesale fabric,location,Transactional,/marketplace/,secondary,"Mapped in fabstitch-keyword-map.csv onto an existing URL. Volume, difficulty, and rank are UNKNOWN.",location_research_only,"Keep the existing non-local canonical. Do not create a city or country page, and do not add an unsupported location claim."
fine gauge knit,fabric_type,Commercial,/collections/knitwear/,secondary,"Mapped in fabstitch-keyword-map.csv onto an existing URL. Volume, difficulty, and rank are UNKNOWN.",low,Strengthen this existing canonical page. Do not create another URL.
knit vs woven,informational,Informational,/guides/woven-vs-knit-fabrics/,secondary,"Mapped in fabstitch-keyword-map.csv onto an existing URL. Volume, difficulty, and rank are UNKNOWN.",low,Strengthen this existing canonical page. Do not create another URL.
lightweight knit fabric,fabric_type,Commercial,/collections/knitwear/,secondary,"Mapped in fabstitch-keyword-map.csv onto an existing URL. Volume, difficulty, and rank are UNKNOWN.",low,Strengthen this existing canonical page. Do not create another URL.
semi sheer knit,fabric_type,Commercial,/collections/knitwear/,secondary,"Mapped in fabstitch-keyword-map.csv onto an existing URL. Volume, difficulty, and rank are UNKNOWN.",low,Strengthen this existing canonical page. Do not create another URL.
stretch knit fabric,performance,Commercial,/collections/knitwear/,secondary,"Mapped in fabstitch-keyword-map.csv onto an existing URL. Volume, difficulty, and rank are UNKNOWN.",low,Strengthen this existing canonical page. Do not create another URL.
what is knit fabric,informational,Informational,/guides/woven-vs-knit-fabrics/,secondary,"Mapped in fabstitch-keyword-map.csv onto an existing URL. Volume, difficulty, and rank are UNKNOWN.",low,Strengthen this existing canonical page. Do not create another URL.
heavy linen fabric,fabric_type,Commercial,/collections/linen-lightweight/,secondary,"Mapped in fabstitch-keyword-map.csv onto an existing URL. Volume, difficulty, and rank are UNKNOWN.",low,Strengthen this existing canonical page. Do not create another URL.
linen fabric,location,Commercial,/collections/linen-lightweight/,secondary,"Mapped in fabstitch-keyword-map.csv onto an existing URL. Volume, difficulty, and rank are UNKNOWN.",location_research_only,"Keep the existing non-local canonical. Do not create a city or country page, and do not add an unsupported location claim."
linen fabric,location,Commercial,/collections/linen-lightweight/,secondary,"Mapped in fabstitch-keyword-map.csv onto an existing URL. Volume, difficulty, and rank are UNKNOWN.",location_research_only,"Keep the existing non-local canonical. Do not create a city or country page, and do not add an unsupported location claim."
linen fabric,location,Commercial,/collections/linen-lightweight/,secondary,"Mapped in fabstitch-keyword-map.csv onto an existing URL. Volume, difficulty, and rank are UNKNOWN.",location_research_only,"Keep the existing non-local canonical. Do not create a city or country page, and do not add an unsupported location claim."
linen fabric,location,Commercial,/collections/linen-lightweight/,secondary,"Mapped in fabstitch-keyword-map.csv onto an existing URL. Volume, difficulty, and rank are UNKNOWN.",location_research_only,"Keep the existing non-local canonical. Do not create a city or country page, and do not add an unsupported location claim."
linen fabric,location,Commercial,/collections/linen-lightweight/,secondary,"Mapped in fabstitch-keyword-map.csv onto an existing URL. Volume, difficulty, and rank are UNKNOWN.",location_research_only,"Keep the existing non-local canonical. Do not create a city or country page, and do not add an unsupported location claim."
linen fabric,location,Commercial,/collections/linen-lightweight/,secondary,"Mapped in fabstitch-keyword-map.csv onto an existing URL. Volume, difficulty, and rank are UNKNOWN.",location_research_only,"Keep the existing non-local canonical. Do not create a city or country page, and do not add an unsupported location claim."
linen fabric,location,Commercial,/collections/linen-lightweight/,secondary,"Mapped in fabstitch-keyword-map.csv onto an existing URL. Volume, difficulty, and rank are UNKNOWN.",location_research_only,"Keep the existing non-local canonical. Do not create a city or country page, and do not add an unsupported location claim."
linen fabric,location,Commercial,/collections/linen-lightweight/,secondary,"Mapped in fabstitch-keyword-map.csv onto an existing URL. Volume, difficulty, and rank are UNKNOWN.",location_research_only,"Keep the existing non-local canonical. Do not create a city or country page, and do not add an unsupported location claim."
linen fabric,location,Commercial,/collections/linen-lightweight/,secondary,"Mapped in fabstitch-keyword-map.csv onto an existing URL. Volume, difficulty, and rank are UNKNOWN.",location_research_only,"Keep the existing non-local canonical. Do not create a city or country page, and do not add an unsupported location claim."
linen fabric,location,Commercial,/collections/linen-lightweight/,secondary,"Mapped in fabstitch-keyword-map.csv onto an existing URL. Volume, difficulty, and rank are UNKNOWN.",location_research_only,"Keep the existing non-local canonical. Do not create a city or country page, and do not add an unsupported location claim."
linen fabric for dresses,application,Commercial,/collections/linen-lightweight/,secondary,"Mapped in fabstitch-keyword-map.csv onto an existing URL. Volume, difficulty, and rank are UNKNOWN.",cannibalization,Primary topic is also used by /discover/linen-dresses/. Strengthen the stronger page and keep the other as support. Do not add a third URL.
linen fabric for trousers,application,Commercial,/collections/linen-lightweight/,secondary,"Mapped in fabstitch-keyword-map.csv onto an existing URL. Volume, difficulty, and rank are UNKNOWN.",cannibalization,Primary topic is also used by /discover/linen-trousers/. Strengthen the stronger page and keep the other as support. Do not add a third URL.
linen fabric properties,fabric_type,Commercial,/collections/linen-lightweight/,secondary,"Mapped in fabstitch-keyword-map.csv onto an existing URL. Volume, difficulty, and rank are UNKNOWN.",low,Strengthen this existing canonical page. Do not create another URL.
linen fabric wholesale,wholesale_commercial,Commercial,/collections/linen-lightweight/,secondary,"Mapped in fabstitch-keyword-map.csv onto an existing URL. Volume, difficulty, and rank are UNKNOWN.",low,Strengthen this existing canonical page. Do not create another URL.
summer linen fabric,fabric_type,Commercial,/collections/linen-lightweight/,secondary,"Mapped in fabstitch-keyword-map.csv onto an existing URL. Volume, difficulty, and rank are UNKNOWN.",low,Strengthen this existing canonical page. Do not create another URL.
washed linen fabric,fabric_type,Commercial,/collections/linen-lightweight/,secondary,"Mapped in fabstitch-keyword-map.csv onto an existing URL. Volume, difficulty, and rank are UNKNOWN.",low,Strengthen this existing canonical page. Do not create another URL.
what is linen fabric,informational,Informational,/guides/linen-fabrics-2027/,secondary,"Mapped in fabstitch-keyword-map.csv onto an existing URL. Volume, difficulty, and rank are UNKNOWN.",low,Strengthen this existing canonical page. Do not create another URL.
loungewear knit fabric,fabric_type,Commercial,/collections/performance/,secondary,"Mapped in fabstitch-keyword-map.csv onto an existing URL. Volume, difficulty, and rank are UNKNOWN.",low,Strengthen this existing canonical page. Do not create another URL.
next to skin fabric,fabric_type,Commercial,/collections/performance/,secondary,"Mapped in fabstitch-keyword-map.csv onto an existing URL. Volume, difficulty, and rank are UNKNOWN.",low,Strengthen this existing canonical page. Do not create another URL.
fluid silk fabric,fabric_type,Commercial,/collections/silk-sheer/,secondary,"Mapped in fabstitch-keyword-map.csv onto an existing URL. Volume, difficulty, and rank are UNKNOWN.",low,Strengthen this existing canonical page. Do not create another URL.
lightweight silk fabric,fabric_type,Commercial,/collections/silk-sheer/,secondary,"Mapped in fabstitch-keyword-map.csv onto an existing URL. Volume, difficulty, and rank are UNKNOWN.",cannibalization,Primary topic is also used by /discover/lightweight-silk-fabric/. Strengthen the stronger page and keep the other as support. Do not add a third URL.
silk fabric,location,Commercial,/collections/silk-sheer/,secondary,"Mapped in fabstitch-keyword-map.csv onto an existing URL. Volume, difficulty, and rank are UNKNOWN.",location_research_only,"Keep the existing non-local canonical. Do not create a city or country page, and do not add an unsupported location claim."
silk fabric,location,Commercial,/collections/silk-sheer/,secondary,"Mapped in fabstitch-keyword-map.csv onto an existing URL. Volume, difficulty, and rank are UNKNOWN.",location_research_only,"Keep the existing non-local canonical. Do not create a city or country page, and do not add an unsupported location claim."
silk fabric,location,Commercial,/collections/silk-sheer/,secondary,"Mapped in fabstitch-keyword-map.csv onto an existing URL. Volume, difficulty, and rank are UNKNOWN.",location_research_only,"Keep the existing non-local canonical. Do not create a city or country page, and do not add an unsupported location claim."
silk fabric,location,Commercial,/collections/silk-sheer/,secondary,"Mapped in fabstitch-keyword-map.csv onto an existing URL. Volume, difficulty, and rank are UNKNOWN.",location_research_only,"Keep the existing non-local canonical. Do not create a city or country page, and do not add an unsupported location claim."
silk fabric,location,Commercial,/collections/silk-sheer/,secondary,"Mapped in fabstitch-keyword-map.csv onto an existing URL. Volume, difficulty, and rank are UNKNOWN.",location_research_only,"Keep the existing non-local canonical. Do not create a city or country page, and do not add an unsupported location claim."
silk fabric,location,Commercial,/collections/silk-sheer/,secondary,"Mapped in fabstitch-keyword-map.csv onto an existing URL. Volume, difficulty, and rank are UNKNOWN.",location_research_only,"Keep the existing non-local canonical. Do not create a city or country page, and do not add an unsupported location claim."
silk fabric,location,Commercial,/collections/silk-sheer/,secondary,"Mapped in fabstitch-keyword-map.csv onto an existing URL. Volume, difficulty, and rank are UNKNOWN.",location_research_only,"Keep the existing non-local canonical. Do not create a city or country page, and do not add an unsupported location claim."
silk fabric,location,Commercial,/collections/silk-sheer/,secondary,"Mapped in fabstitch-keyword-map.csv onto an existing URL. Volume, difficulty, and rank are UNKNOWN.",location_research_only,"Keep the existing non-local canonical. Do not create a city or country page, and do not add an unsupported location claim."
silk fabric,location,Commercial,/collections/silk-sheer/,secondary,"Mapped in fabstitch-keyword-map.csv onto an existing URL. Volume, difficulty, and rank are UNKNOWN.",location_research_only,"Keep the existing non-local canonical. Do not create a city or country page, and do not add an unsupported location claim."
silk fabric,location,Commercial,/collections/silk-sheer/,secondary,"Mapped in fabstitch-keyword-map.csv onto an existing URL. Volume, difficulty, and rank are UNKNOWN.",location_research_only,"Keep the existing non-local canonical. Do not create a city or country page, and do not add an unsupported location claim."
silk fabric for blouses,application,Commercial,/collections/silk-sheer/,secondary,"Mapped in fabstitch-keyword-map.csv onto an existing URL. Volume, difficulty, and rank are UNKNOWN.",cannibalization,Primary topic is also used by /discover/silk-blouses/. Strengthen the stronger page and keep the other as support. Do not add a third URL.
silk fabric for dresses,application,Commercial,/collections/silk-sheer/,secondary,"Mapped in fabstitch-keyword-map.csv onto an existing URL. Volume, difficulty, and rank are UNKNOWN.",cannibalization,Primary topic is also used by /discover/silk-dresses/. Strengthen the stronger page and keep the other as support. Do not add a third URL.
silk fabric properties,fabric_type,Commercial,/collections/silk-sheer/,secondary,"Mapped in fabstitch-keyword-map.csv onto an existing URL. Volume, difficulty, and rank are UNKNOWN.",low,Strengthen this existing canonical page. Do not create another URL.
silk fabric wholesale,wholesale_commercial,Commercial,/collections/silk-sheer/,secondary,"Mapped in fabstitch-keyword-map.csv onto an existing URL. Volume, difficulty, and rank are UNKNOWN.",low,Strengthen this existing canonical page. Do not create another URL.
silk lining fabric,fabric_type,Commercial,/collections/silk-sheer/,secondary,"Mapped in fabstitch-keyword-map.csv onto an existing URL. Volume, difficulty, and rank are UNKNOWN.",low,Strengthen this existing canonical page. Do not create another URL.
what is silk fabric,informational,Informational,/guides/silk-vs-satin/,secondary,"Mapped in fabstitch-keyword-map.csv onto an existing URL. Volume, difficulty, and rank are UNKNOWN.",noindex_target,The URL exists and stays noindex. Do not create a replacement page and do not force this URL into the index.
buy wool fabric,fabric_type,Commercial,/collections/tailoring/,secondary,"Mapped in fabstitch-keyword-map.csv onto an existing URL. Volume, difficulty, and rank are UNKNOWN.",low,Strengthen this existing canonical page. Do not create another URL.
lightweight wool fabric,fabric_type,Commercial,/collections/tailoring/,secondary,"Mapped in fabstitch-keyword-map.csv onto an existing URL. Volume, difficulty, and rank are UNKNOWN.",cannibalization,Primary topic is also used by /discover/lightweight-wool-fabric/. Strengthen the stronger page and keep the other as support. Do not add a third URL.
stretch wool fabric,performance,Commercial,/collections/tailoring/,secondary,"Mapped in fabstitch-keyword-map.csv onto an existing URL. Volume, difficulty, and rank are UNKNOWN.",cannibalization,Primary topic is also used by /discover/stretch-wool-fabric/. Strengthen the stronger page and keep the other as support. Do not add a third URL.
tailoring wool fabric,fabric_type,Commercial,/collections/tailoring/,secondary,"Mapped in fabstitch-keyword-map.csv onto an existing URL. Volume, difficulty, and rank are UNKNOWN.",low,Strengthen this existing canonical page. Do not create another URL.
what is wool fabric,informational,Informational,/collections/tailoring/,secondary,"Mapped in fabstitch-keyword-map.csv onto an existing URL. Volume, difficulty, and rank are UNKNOWN.",low,Strengthen this existing canonical page. Do not create another URL.
winter wool fabric,fabric_type,Commercial,/collections/tailoring/,secondary,"Mapped in fabstitch-keyword-map.csv onto an existing URL. Volume, difficulty, and rank are UNKNOWN.",low,Strengthen this existing canonical page. Do not create another URL.
wool fabric online,fabric_type,Commercial,/collections/tailoring/,secondary,"Mapped in fabstitch-keyword-map.csv onto an existing URL. Volume, difficulty, and rank are UNKNOWN.",low,Strengthen this existing canonical page. Do not create another URL.
wool fabric wholesale,wholesale_commercial,Commercial,/collections/tailoring/,secondary,"Mapped in fabstitch-keyword-map.csv onto an existing URL. Volume, difficulty, and rank are UNKNOWN.",low,Strengthen this existing canonical page. Do not create another URL.
plain weave fabric,fabric_type,Commercial,/fabrics/,secondary,"Mapped in fabstitch-keyword-map.csv onto an existing URL. Volume, difficulty, and rank are UNKNOWN.",low,Strengthen this existing canonical page. Do not create another URL.
twill weave fabric,fabric_type,Commercial,/fabrics/,secondary,"Mapped in fabstitch-keyword-map.csv onto an existing URL. Volume, difficulty, and rank are UNKNOWN.",low,Strengthen this existing canonical page. Do not create another URL.
1×1 rib knit pima cotton rib,fabric_type,Commercial,/fabrics/pima-cotton-rib/,secondary,"Mapped in fabstitch-keyword-map.csv onto an existing URL. Volume, difficulty, and rank are UNKNOWN.",noindex_target,The URL exists and stays noindex. Do not create a replacement page and do not force this URL into the index.
100% cotton batiste lawn,fabric_type,Commercial,/fabrics/batiste-lawn/,secondary,"Mapped in fabstitch-keyword-map.csv onto an existing URL. Volume, difficulty, and rank are UNKNOWN.",noindex_target,The URL exists and stays noindex. Do not create a replacement page and do not force this URL into the index.
100% cotton birdseye cotton piqué,fabric_type,Commercial,/fabrics/birdseye-cotton-pique/,secondary,"Mapped in fabstitch-keyword-map.csv onto an existing URL. Volume, difficulty, and rank are UNKNOWN.",noindex_target,The URL exists and stays noindex. Do not create a replacement page and do not force this URL into the index.
100% cotton classic cotton piqué,fabric_type,Commercial,/fabrics/classic-cotton-pique/,secondary,"Mapped in fabstitch-keyword-map.csv onto an existing URL. Volume, difficulty, and rank are UNKNOWN.",noindex_target,The URL exists and stays noindex. Do not create a replacement page and do not force this URL into the index.
100% cotton classic french terry,fabric_type,Commercial,/fabrics/french-terry-classic/,secondary,"Mapped in fabstitch-keyword-map.csv onto an existing URL. Volume, difficulty, and rank are UNKNOWN.",noindex_target,The URL exists and stays noindex. Do not create a replacement page and do not force this URL into the index.
100% cotton classic oxford cotton,fabric_type,Commercial,/fabrics/classic-oxford-cotton/,secondary,"Mapped in fabstitch-keyword-map.csv onto an existing URL. Volume, difficulty, and rank are UNKNOWN.",noindex_target,The URL exists and stays noindex. Do not create a replacement page and do not force this URL into the index.
100% cotton cotton bouclé yarn,fabric_type,Commercial,/fabrics/cotton-boucle-yarn/,secondary,"Mapped in fabstitch-keyword-map.csv onto an existing URL. Volume, difficulty, and rank are UNKNOWN.",noindex_target,The URL exists and stays noindex. Do not create a replacement page and do not force this URL into the index.
100% cotton cotton lawn,fabric_type,Commercial,/fabrics/cotton-lawn/,secondary,"Mapped in fabstitch-keyword-map.csv onto an existing URL. Volume, difficulty, and rank are UNKNOWN.",noindex_target,The URL exists and stays noindex. Do not create a replacement page and do not force this URL into the index.
100% cotton double cotton piqué,fabric_type,Commercial,/fabrics/double-cotton-pique/,secondary,"Mapped in fabstitch-keyword-map.csv onto an existing URL. Volume, difficulty, and rank are UNKNOWN.",noindex_target,The URL exists and stays noindex. Do not create a replacement page and do not force this URL into the index.
100% cotton embroidered cotton lawn,fabric_type,Commercial,/fabrics/embroidered-cotton-lawn/,secondary,"Mapped in fabstitch-keyword-map.csv onto an existing URL. Volume, difficulty, and rank are UNKNOWN.",noindex_target,The URL exists and stays noindex. Do not create a replacement page and do not force this URL into the index.
100% cotton fine cotton piqué,fabric_type,Commercial,/fabrics/fine-cotton-pique/,secondary,"Mapped in fabstitch-keyword-map.csv onto an existing URL. Volume, difficulty, and rank are UNKNOWN.",noindex_target,The URL exists and stays noindex. Do not create a replacement page and do not force this URL into the index.
100% cotton fine loopback french terry,fabric_type,Commercial,/fabrics/french-terry-loopback/,secondary,"Mapped in fabstitch-keyword-map.csv onto an existing URL. Volume, difficulty, and rank are UNKNOWN.",noindex_target,The URL exists and stays noindex. Do not create a replacement page and do not force this URL into the index.
100% cotton heavy oxford cotton,fabric_type,Commercial,/fabrics/heavy-oxford-cotton/,secondary,"Mapped in fabstitch-keyword-map.csv onto an existing URL. Volume, difficulty, and rank are UNKNOWN.",noindex_target,The URL exists and stays noindex. Do not create a replacement page and do not force this URL into the index.
100% cotton heavyweight french terry,fabric_type,Commercial,/fabrics/french-terry-heavyweight/,secondary,"Mapped in fabstitch-keyword-map.csv onto an existing URL. Volume, difficulty, and rank are UNKNOWN.",noindex_target,The URL exists and stays noindex. Do not create a replacement page and do not force this URL into the index.
100% cotton honeycomb cotton piqué,fabric_type,Commercial,/fabrics/honeycomb-cotton-pique/,secondary,"Mapped in fabstitch-keyword-map.csv onto an existing URL. Volume, difficulty, and rank are UNKNOWN.",noindex_target,The URL exists and stays noindex. Do not create a replacement page and do not force this URL into the index.
100% cotton lightweight french terry,fabric_type,Commercial,/fabrics/french-terry-lightweight/,secondary,"Mapped in fabstitch-keyword-map.csv onto an existing URL. Volume, difficulty, and rank are UNKNOWN.",noindex_target,The URL exists and stays noindex. Do not create a replacement page and do not force this URL into the index.
100% cotton oxford chambray cotton,fabric_type,Commercial,/fabrics/oxford-chambray-cotton/,secondary,"Mapped in fabstitch-keyword-map.csv onto an existing URL. Volume, difficulty, and rank are UNKNOWN.",noindex_target,The URL exists and stays noindex. Do not create a replacement page and do not force this URL into the index.
100% cotton peached french terry,fabric_type,Commercial,/fabrics/french-terry-peached/,secondary,"Mapped in fabstitch-keyword-map.csv onto an existing URL. Volume, difficulty, and rank are UNKNOWN.",noindex_target,The URL exists and stays noindex. Do not create a replacement page and do not force this URL into the index.
100% cotton pinpoint oxford cotton,fabric_type,Commercial,/fabrics/pinpoint-oxford-cotton/,secondary,"Mapped in fabstitch-keyword-map.csv onto an existing URL. Volume, difficulty, and rank are UNKNOWN.",noindex_target,The URL exists and stays noindex. Do not create a replacement page and do not force this URL into the index.
100% cotton printed cotton lawn,fabric_type,Commercial,/fabrics/printed-cotton-lawn/,secondary,"Mapped in fabstitch-keyword-map.csv onto an existing URL. Volume, difficulty, and rank are UNKNOWN.",noindex_target,The URL exists and stays noindex. Do not create a replacement page and do not force this URL into the index.
100% cotton royal oxford cotton,fabric_type,Commercial,/fabrics/royal-oxford-cotton/,secondary,"Mapped in fabstitch-keyword-map.csv onto an existing URL. Volume, difficulty, and rank are UNKNOWN.",noindex_target,The URL exists and stays noindex. Do not create a replacement page and do not force this URL into the index.
100% cotton slub cotton lawn,fabric_type,Commercial,/fabrics/slub-cotton-lawn/,secondary,"Mapped in fabstitch-keyword-map.csv onto an existing URL. Volume, difficulty, and rank are UNKNOWN.",noindex_target,The URL exists and stays noindex. Do not create a replacement page and do not force this URL into the index.
100% cotton slub french terry,fabric_type,Commercial,/fabrics/french-terry-slub/,secondary,"Mapped in fabstitch-keyword-map.csv onto an existing URL. Volume, difficulty, and rank are UNKNOWN.",noindex_target,The URL exists and stays noindex. Do not create a replacement page and do not force this URL into the index.
100% cotton soft oxford cotton,fabric_type,Commercial,/fabrics/soft-oxford-cotton/,secondary,"Mapped in fabstitch-keyword-map.csv onto an existing URL. Volume, difficulty, and rank are UNKNOWN.",noindex_target,The URL exists and stays noindex. Do not create a replacement page and do not force this URL into the index.
100% cotton voile lawn,fabric_type,Commercial,/fabrics/voile-lawn/,secondary,"Mapped in fabstitch-keyword-map.csv onto an existing URL. Volume, difficulty, and rank are UNKNOWN.",noindex_target,The URL exists and stays noindex. Do not create a replacement page and do not force this URL into the index.
100% egyptian cotton egyptian cotton broadcloth,fabric_type,Commercial,/fabrics/egyptian-cotton-broadcloth/,secondary,"Mapped in fabstitch-keyword-map.csv onto an existing URL. Volume, difficulty, and rank are UNKNOWN.",noindex_target,The URL exists and stays noindex. Do not create a replacement page and do not force this URL into the index.
100% egyptian cotton egyptian cotton flannel,fabric_type,Commercial,/fabrics/egyptian-cotton-flannel/,secondary,"Mapped in fabstitch-keyword-map.csv onto an existing URL. Volume, difficulty, and rank are UNKNOWN.",noindex_target,The URL exists and stays noindex. Do not create a replacement page and do not force this URL into the index.
100% egyptian cotton egyptian cotton percale,fabric_type,Commercial,/fabrics/egyptian-cotton-percale/,secondary,"Mapped in fabstitch-keyword-map.csv onto an existing URL. Volume, difficulty, and rank are UNKNOWN.",noindex_target,The URL exists and stays noindex. Do not create a replacement page and do not force this URL into the index.
100% egyptian cotton egyptian cotton poplin,fabric_type,Commercial,/fabrics/egyptian-cotton-poplin/,secondary,"Mapped in fabstitch-keyword-map.csv onto an existing URL. Volume, difficulty, and rank are UNKNOWN.",noindex_target,The URL exists and stays noindex. Do not create a replacement page and do not force this URL into the index.
100% egyptian cotton egyptian cotton sateen,fabric_type,Commercial,/fabrics/egyptian-cotton-sateen/,secondary,"Mapped in fabstitch-keyword-map.csv onto an existing URL. Volume, difficulty, and rank are UNKNOWN.",noindex_target,The URL exists and stays noindex. Do not create a replacement page and do not force this URL into the index.
100% egyptian cotton egyptian cotton seersucker,fabric_type,Commercial,/fabrics/egyptian-cotton-seersucker/,secondary,"Mapped in fabstitch-keyword-map.csv onto an existing URL. Volume, difficulty, and rank are UNKNOWN.",noindex_target,The URL exists and stays noindex. Do not create a replacement page and do not force this URL into the index.
100% egyptian cotton egyptian cotton twill,fabric_type,Commercial,/fabrics/egyptian-cotton-twill/,secondary,"Mapped in fabstitch-keyword-map.csv onto an existing URL. Volume, difficulty, and rank are UNKNOWN.",noindex_target,The URL exists and stays noindex. Do not create a replacement page and do not force this URL into the index.
100% egyptian cotton egyptian cotton voile,fabric_type,Commercial,/fabrics/egyptian-cotton-voile/,secondary,"Mapped in fabstitch-keyword-map.csv onto an existing URL. Volume, difficulty, and rank are UNKNOWN.",noindex_target,The URL exists and stays noindex. Do not create a replacement page and do not force this URL into the index.
100% mercerised cotton mercerised cotton lawn,fabric_type,Commercial,/fabrics/mercerised-cotton-lawn/,secondary,"Mapped in fabstitch-keyword-map.csv onto an existing URL. Volume, difficulty, and rank are UNKNOWN.",noindex_target,The URL exists and stays noindex. Do not create a replacement page and do not force this URL into the index.
100% mercerized cotton mercerized cotton broadcloth,fabric_type,Commercial,/fabrics/mercerized-cotton-broadcloth/,secondary,"Mapped in fabstitch-keyword-map.csv onto an existing URL. Volume, difficulty, and rank are UNKNOWN.",noindex_target,The URL exists and stays noindex. Do not create a replacement page and do not force this URL into the index.
100% mercerized cotton mercerized cotton jersey,fabric_type,Commercial,/fabrics/mercerized-cotton-jersey/,secondary,"Mapped in fabstitch-keyword-map.csv onto an existing URL. Volume, difficulty, and rank are UNKNOWN.",noindex_target,The URL exists and stays noindex. Do not create a replacement page and do not force this URL into the index.
100% mercerized cotton mercerized cotton lawn,fabric_type,Commercial,/fabrics/mercerized-cotton-lawn/,secondary,"Mapped in fabstitch-keyword-map.csv onto an existing URL. Volume, difficulty, and rank are UNKNOWN.",noindex_target,The URL exists and stays noindex. Do not create a replacement page and do not force this URL into the index.
100% mercerized cotton mercerized cotton piqué,fabric_type,Commercial,/fabrics/mercerized-cotton-pique/,secondary,"Mapped in fabstitch-keyword-map.csv onto an existing URL. Volume, difficulty, and rank are UNKNOWN.",noindex_target,The URL exists and stays noindex. Do not create a replacement page and do not force this URL into the index.
100% mercerized cotton mercerized cotton poplin,fabric_type,Commercial,/fabrics/mercerized-cotton-poplin/,secondary,"Mapped in fabstitch-keyword-map.csv onto an existing URL. Volume, difficulty, and rank are UNKNOWN.",noindex_target,The URL exists and stays noindex. Do not create a replacement page and do not force this URL into the index.
100% mercerized cotton mercerized cotton sateen,fabric_type,Commercial,/fabrics/mercerized-cotton-sateen/,secondary,"Mapped in fabstitch-keyword-map.csv onto an existing URL. Volume, difficulty, and rank are UNKNOWN.",noindex_target,The URL exists and stays noindex. Do not create a replacement page and do not force this URL into the index.
100% mercerized cotton mercerized cotton twill,fabric_type,Commercial,/fabrics/mercerized-cotton-twill/,secondary,"Mapped in fabstitch-keyword-map.csv onto an existing URL. Volume, difficulty, and rank are UNKNOWN.",noindex_target,The URL exists and stays noindex. Do not create a replacement page and do not force this URL into the index.
100% mercerized cotton mercerized cotton voile,fabric_type,Commercial,/fabrics/mercerized-cotton-voile/,secondary,"Mapped in fabstitch-keyword-map.csv onto an existing URL. Volume, difficulty, and rank are UNKNOWN.",noindex_target,The URL exists and stays noindex. Do not create a replacement page and do not force this URL into the index.
100% organic cotton organic cotton french terry,fabric_type,Commercial,/fabrics/french-terry-organic/,secondary,"Mapped in fabstitch-keyword-map.csv onto an existing URL. Volume, difficulty, and rank are UNKNOWN.",noindex_target,The URL exists and stays noindex. Do not create a replacement page and do not force this URL into the index.
100% organic cotton organic cotton lawn,fabric_type,Commercial,/fabrics/organic-cotton-lawn/,secondary,"Mapped in fabstitch-keyword-map.csv onto an existing URL. Volume, difficulty, and rank are UNKNOWN.",noindex_target,The URL exists and stays noindex. Do not create a replacement page and do not force this URL into the index.
100% organic cotton organic cotton piqué,fabric_type,Commercial,/fabrics/organic-cotton-pique/,secondary,"Mapped in fabstitch-keyword-map.csv onto an existing URL. Volume, difficulty, and rank are UNKNOWN.",noindex_target,The URL exists and stays noindex. Do not create a replacement page and do not force this URL into the index.
100% organic cotton organic oxford cotton,fabric_type,Commercial,/fabrics/organic-oxford-cotton/,secondary,"Mapped in fabstitch-keyword-map.csv onto an existing URL. Volume, difficulty, and rank are UNKNOWN.",noindex_target,The URL exists and stays noindex. Do not create a replacement page and do not force this URL into the index.
100% pima cotton pima cotton broadcloth,fabric_type,Commercial,/fabrics/pima-cotton-broadcloth/,secondary,"Mapped in fabstitch-keyword-map.csv onto an existing URL. Volume, difficulty, and rank are UNKNOWN.",noindex_target,The URL exists and stays noindex. Do not create a replacement page and do not force this URL into the index.
100% pima cotton pima cotton fleece,fabric_type,Commercial,/fabrics/pima-cotton-fleece/,secondary,"Mapped in fabstitch-keyword-map.csv onto an existing URL. Volume, difficulty, and rank are UNKNOWN.",noindex_target,The URL exists and stays noindex. Do not create a replacement page and do not force this URL into the index.
100% pima cotton pima cotton interlock,fabric_type,Commercial,/fabrics/pima-cotton-interlock/,secondary,"Mapped in fabstitch-keyword-map.csv onto an existing URL. Volume, difficulty, and rank are UNKNOWN.",noindex_target,The URL exists and stays noindex. Do not create a replacement page and do not force this URL into the index.
100% pima cotton pima cotton jersey,fabric_type,Commercial,/fabrics/pima-cotton-jersey/,secondary,"Mapped in fabstitch-keyword-map.csv onto an existing URL. Volume, difficulty, and rank are UNKNOWN.",noindex_target,The URL exists and stays noindex. Do not create a replacement page and do not force this URL into the index.
100% pima cotton pima cotton poplin,fabric_type,Commercial,/fabrics/pima-cotton-poplin/,secondary,"Mapped in fabstitch-keyword-map.csv onto an existing URL. Volume, difficulty, and rank are UNKNOWN.",noindex_target,The URL exists and stays noindex. Do not create a replacement page and do not force this URL into the index.
100% pima cotton pima cotton rib,fabric_type,Commercial,/fabrics/pima-cotton-rib/,secondary,"Mapped in fabstitch-keyword-map.csv onto an existing URL. Volume, difficulty, and rank are UNKNOWN.",noindex_target,The URL exists and stays noindex. Do not create a replacement page and do not force this URL into the index.
100% pima cotton pima cotton sateen,fabric_type,Commercial,/fabrics/pima-cotton-sateen/,secondary,"Mapped in fabstitch-keyword-map.csv onto an existing URL. Volume, difficulty, and rank are UNKNOWN.",noindex_target,The URL exists and stays noindex. Do not create a replacement page and do not force this URL into the index.
100% pima cotton pima cotton voile,fabric_type,Commercial,/fabrics/pima-cotton-voile/,secondary,"Mapped in fabstitch-keyword-map.csv onto an existing URL. Volume, difficulty, and rank are UNKNOWN.",noindex_target,The URL exists and stays noindex. Do not create a replacement page and do not force this URL into the index.
100% polyester polyester chiffon,fabric_type,Commercial,/fabrics/polyester-chiffon/,secondary,"Mapped in fabstitch-keyword-map.csv onto an existing URL. Volume, difficulty, and rank are UNKNOWN.",noindex_target,The URL exists and stays noindex. Do not create a replacement page and do not force this URL into the index.
100% silk noil silk noil,fabric_type,Commercial,/fabrics/silk-noil/,secondary,"Mapped in fabstitch-keyword-map.csv onto an existing URL. Volume, difficulty, and rank are UNKNOWN.",noindex_target,The URL exists and stays noindex. Do not create a replacement page and do not force this URL into the index.
100% silk silk broadcloth,fabric_type,Commercial,/fabrics/silk-broadcloth/,secondary,"Mapped in fabstitch-keyword-map.csv onto an existing URL. Volume, difficulty, and rank are UNKNOWN.",noindex_target,The URL exists and stays noindex. Do not create a replacement page and do not force this URL into the index.
100% silk silk charmeuse,fabric_type,Commercial,/fabrics/silk-charmeuse/,secondary,"Mapped in fabstitch-keyword-map.csv onto an existing URL. Volume, difficulty, and rank are UNKNOWN.",noindex_target,The URL exists and stays noindex. Do not create a replacement page and do not force this URL into the index.
100% silk silk chiffon crepe,fabric_type,Commercial,/fabrics/silk-chiffon-crepe/,secondary,"Mapped in fabstitch-keyword-map.csv onto an existing URL. Volume, difficulty, and rank are UNKNOWN.",noindex_target,The URL exists and stays noindex. Do not create a replacement page and do not force this URL into the index.
100% silk silk crepe,fabric_type,Commercial,/fabrics/silk-crepe/,secondary,"Mapped in fabstitch-keyword-map.csv onto an existing URL. Volume, difficulty, and rank are UNKNOWN.",noindex_target,The URL exists and stays noindex. Do not create a replacement page and do not force this URL into the index.
100% silk silk faille,fabric_type,Commercial,/fabrics/silk-faille/,secondary,"Mapped in fabstitch-keyword-map.csv onto an existing URL. Volume, difficulty, and rank are UNKNOWN.",noindex_target,The URL exists and stays noindex. Do not create a replacement page and do not force this URL into the index.
100% silk silk satin,fabric_type,Commercial,/fabrics/silk-satin/,secondary,"Mapped in fabstitch-keyword-map.csv onto an existing URL. Volume, difficulty, and rank are UNKNOWN.",noindex_target,The URL exists and stays noindex. Do not create a replacement page and do not force this URL into the index.
100% silk silk tussar,fabric_type,Commercial,/fabrics/silk-tussar/,secondary,"Mapped in fabstitch-keyword-map.csv onto an existing URL. Volume, difficulty, and rank are UNKNOWN.",noindex_target,The URL exists and stays noindex. Do not create a replacement page and do not force this URL into the index.
100% silk silk twill,fabric_type,Commercial,/fabrics/silk-twill/,secondary,"Mapped in fabstitch-keyword-map.csv onto an existing URL. Volume, difficulty, and rank are UNKNOWN.",noindex_target,The URL exists and stays noindex. Do not create a replacement page and do not force this URL into the index.
100% tencel lyocell brushed tencel,fabric_type,Commercial,/fabrics/tencel-brushed/,secondary,"Mapped in fabstitch-keyword-map.csv onto an existing URL. Volume, difficulty, and rank are UNKNOWN.",noindex_target,The URL exists and stays noindex. Do not create a replacement page and do not force this URL into the index.
100% tencel lyocell heavy tencel twill,fabric_type,Commercial,/fabrics/tencel-heavy-twill/,secondary,"Mapped in fabstitch-keyword-map.csv onto an existing URL. Volume, difficulty, and rank are UNKNOWN.",noindex_target,The URL exists and stays noindex. Do not create a replacement page and do not force this URL into the index.
100% tencel lyocell tencel plain weave,fabric_type,Commercial,/fabrics/tencel-plain-weave/,secondary,"Mapped in fabstitch-keyword-map.csv onto an existing URL. Volume, difficulty, and rank are UNKNOWN.",noindex_target,The URL exists and stays noindex. Do not create a replacement page and do not force this URL into the index.
100% tencel lyocell tencel sateen,fabric_type,Commercial,/fabrics/tencel-sateen/,secondary,"Mapped in fabstitch-keyword-map.csv onto an existing URL. Volume, difficulty, and rank are UNKNOWN.",noindex_target,The URL exists and stays noindex. Do not create a replacement page and do not force this URL into the index.
100% tencel lyocell tencel shirting,fabric_type,Commercial,/fabrics/tencel-shirting/,secondary,"Mapped in fabstitch-keyword-map.csv onto an existing URL. Volume, difficulty, and rank are UNKNOWN.",noindex_target,The URL exists and stays noindex. Do not create a replacement page and do not force this URL into the index.
100% tencel lyocell tencel twill,fabric_type,Commercial,/fabrics/tencel-twill/,secondary,"Mapped in fabstitch-keyword-map.csv onto an existing URL. Volume, difficulty, and rank are UNKNOWN.",noindex_target,The URL exists and stays noindex. Do not create a replacement page and do not force this URL into the index.
15-30% hemp with cotton hemp-cotton denim,fabric_type,Commercial,/fabrics/hemp-cotton-denim/,secondary,"Mapped in fabstitch-keyword-map.csv onto an existing URL. Volume, difficulty, and rank are UNKNOWN.",noindex_target,The URL exists and stays noindex. Do not create a replacement page and do not force this URL into the index.
2-layer membrane laminate 2l membrane laminate,fabric_type,Commercial,/fabrics/two-layer-membrane-laminate/,secondary,"Mapped in fabstitch-keyword-map.csv onto an existing URL. Volume, difficulty, and rank are UNKNOWN.",noindex_target,The URL exists and stays noindex. Do not create a replacement page and do not force this URL into the index.
2.5-layer membrane laminate 2.5l membrane laminate,fabric_type,Commercial,/fabrics/two-point-five-layer-membrane-laminate/,secondary,"Mapped in fabstitch-keyword-map.csv onto an existing URL. Volume, difficulty, and rank are UNKNOWN.",noindex_target,The URL exists and stays noindex. Do not create a replacement page and do not force this URL into the index.
2.5l membrane laminate,fabric_type,Commercial,/fabrics/two-point-five-layer-membrane-laminate/,secondary,"Mapped in fabstitch-keyword-map.csv onto an existing URL. Volume, difficulty, and rank are UNKNOWN.",noindex_target,The URL exists and stays noindex. Do not create a replacement page and do not force this URL into the index.
2.5l membrane laminate fabric,fabric_type,Commercial,/fabrics/two-point-five-layer-membrane-laminate/,secondary,"Mapped in fabstitch-keyword-map.csv onto an existing URL. Volume, difficulty, and rank are UNKNOWN.",noindex_target,The URL exists and stays noindex. Do not create a replacement page and do not force this URL into the index.
2.5l membrane laminate fabric online,fabric_type,Commercial,/fabrics/two-point-five-layer-membrane-laminate/,secondary,"Mapped in fabstitch-keyword-map.csv onto an existing URL. Volume, difficulty, and rank are UNKNOWN.",noindex_target,The URL exists and stays noindex. Do not create a replacement page and do not force this URL into the index.
2.5l membrane laminate for outerwear,fabric_type,Commercial,/fabrics/two-point-five-layer-membrane-laminate/,secondary,"Mapped in fabstitch-keyword-map.csv onto an existing URL. Volume, difficulty, and rank are UNKNOWN.",noindex_target,The URL exists and stays noindex. Do not create a replacement page and do not force this URL into the index.
2.5l membrane laminate textile,fabric_type,Commercial,/fabrics/two-point-five-layer-membrane-laminate/,secondary,"Mapped in fabstitch-keyword-map.csv onto an existing URL. Volume, difficulty, and rank are UNKNOWN.",noindex_target,The URL exists and stays noindex. Do not create a replacement page and do not force this URL into the index.
2/1 twill egyptian cotton twill,fabric_type,Commercial,/fabrics/egyptian-cotton-twill/,secondary,"Mapped in fabstitch-keyword-map.csv onto an existing URL. Volume, difficulty, and rank are UNKNOWN.",noindex_target,The URL exists and stays noindex. Do not create a replacement page and do not force this URL into the index.
2/1 twill mercerized cotton twill,fabric_type,Commercial,/fabrics/mercerized-cotton-twill/,secondary,"Mapped in fabstitch-keyword-map.csv onto an existing URL. Volume, difficulty, and rank are UNKNOWN.",noindex_target,The URL exists and stays noindex. Do not create a replacement page and do not force this URL into the index.
2/1 twill tencel twill,fabric_type,Commercial,/fabrics/tencel-twill/,secondary,"Mapped in fabstitch-keyword-map.csv onto an existing URL. Volume, difficulty, and rank are UNKNOWN.",noindex_target,The URL exists and stays noindex. Do not create a replacement page and do not force this URL into the index.
2/1 twill wool cotton twill,fabric_type,Commercial,/fabrics/wool-cotton-twill/,secondary,"Mapped in fabstitch-keyword-map.csv onto an existing URL. Volume, difficulty, and rank are UNKNOWN.",noindex_target,The URL exists and stays noindex. Do not create a replacement page and do not force this URL into the index.
20-40% recycled cotton blended with virgin cotton recycled-cotton denim,fabric_type,Commercial,/fabrics/recycled-cotton-denim/,secondary,"Mapped in fabstitch-keyword-map.csv onto an existing URL. Volume, difficulty, and rank are UNKNOWN.",noindex_target,The URL exists and stays noindex. Do not create a replacement page and do not force this URL into the index.
2l membrane laminate,fabric_type,Commercial,/fabrics/two-layer-membrane-laminate/,secondary,"Mapped in fabstitch-keyword-map.csv onto an existing URL. Volume, difficulty, and rank are UNKNOWN.",noindex_target,The URL exists and stays noindex. Do not create a replacement page and do not force this URL into the index.
2l membrane laminate fabric,fabric_type,Commercial,/fabrics/two-layer-membrane-laminate/,secondary,"Mapped in fabstitch-keyword-map.csv onto an existing URL. Volume, difficulty, and rank are UNKNOWN.",noindex_target,The URL exists and stays noindex. Do not create a replacement page and do not force this URL into the index.
2l membrane laminate fabric online,fabric_type,Commercial,/fabrics/two-layer-membrane-laminate/,secondary,"Mapped in fabstitch-keyword-map.csv onto an existing URL. Volume, difficulty, and rank are UNKNOWN.",noindex_target,The URL exists and stays noindex. Do not create a replacement page and do not force this URL into the index.
2l membrane laminate for outerwear,fabric_type,Commercial,/fabrics/two-layer-membrane-laminate/,secondary,"Mapped in fabstitch-keyword-map.csv onto an existing URL. Volume, difficulty, and rank are UNKNOWN.",noindex_target,The URL exists and stays noindex. Do not create a replacement page and do not force this URL into the index.
2l membrane laminate textile,fabric_type,Commercial,/fabrics/two-layer-membrane-laminate/,secondary,"Mapped in fabstitch-keyword-map.csv onto an existing URL. Volume, difficulty, and rank are UNKNOWN.",noindex_target,The URL exists and stays noindex. Do not create a replacement page and do not force this URL into the index.
3-layer membrane laminate 3l membrane laminate,fabric_type,Commercial,/fabrics/three-layer-membrane-laminate/,secondary,"Mapped in fabstitch-keyword-map.csv onto an existing URL. Volume, difficulty, and rank are UNKNOWN.",noindex_target,The URL exists and stays noindex. Do not create a replacement page and do not force this URL into the index.
3/1 twill heavy tencel twill,fabric_type,Commercial,/fabrics/tencel-heavy-twill/,secondary,"Mapped in fabstitch-keyword-map.csv onto an existing URL. Volume, difficulty, and rank are UNKNOWN.",noindex_target,The URL exists and stays noindex. Do not create a replacement page and do not force this URL into the index.
3l membrane laminate,fabric_type,Commercial,/fabrics/three-layer-membrane-laminate/,secondary,"Mapped in fabstitch-keyword-map.csv onto an existing URL. Volume, difficulty, and rank are UNKNOWN.",noindex_target,The URL exists and stays noindex. Do not create a replacement page and do not force this URL into the index.
3l membrane laminate fabric,fabric_type,Commercial,/fabrics/three-layer-membrane-laminate/,secondary,"Mapped in fabstitch-keyword-map.csv onto an existing URL. Volume, difficulty, and rank are UNKNOWN.",noindex_target,The URL exists and stays noindex. Do not create a replacement page and do not force this URL into the index.
3l membrane laminate fabric online,fabric_type,Commercial,/fabrics/three-layer-membrane-laminate/,secondary,"Mapped in fabstitch-keyword-map.csv onto an existing URL. Volume, difficulty, and rank are UNKNOWN.",noindex_target,The URL exists and stays noindex. Do not create a replacement page and do not force this URL into the index.
3l membrane laminate for outerwear,fabric_type,Commercial,/fabrics/three-layer-membrane-laminate/,secondary,"Mapped in fabstitch-keyword-map.csv onto an existing URL. Volume, difficulty, and rank are UNKNOWN.",noindex_target,The URL exists and stays noindex. Do not create a replacement page and do not force this URL into the index.
3l membrane laminate textile,fabric_type,Commercial,/fabrics/three-layer-membrane-laminate/,secondary,"Mapped in fabstitch-keyword-map.csv onto an existing URL. Volume, difficulty, and rank are UNKNOWN.",noindex_target,The URL exists and stays noindex. Do not create a replacement page and do not force this URL into the index.
55% cotton / 45% tencel lyocell tencel denim,fabric_type,Commercial,/fabrics/tencel-denim/,secondary,"Mapped in fabstitch-keyword-map.csv onto an existing URL. Volume, difficulty, and rank are UNKNOWN.",noindex_target,The URL exists and stays noindex. Do not create a replacement page and do not force this URL into the index.
55% linen / 45% lyocell linen-lyocell,fabric_type,Commercial,/fabrics/linen-lyocell/,secondary,"Mapped in fabstitch-keyword-map.csv onto an existing URL. Volume, difficulty, and rank are UNKNOWN.",noindex_target,The URL exists and stays noindex. Do not create a replacement page and do not force this URL into the index.
55% linen / 45% viscose linen-viscose,fabric_type,Commercial,/fabrics/linen-viscose/,secondary,"Mapped in fabstitch-keyword-map.csv onto an existing URL. Volume, difficulty, and rank are UNKNOWN.",noindex_target,The URL exists and stays noindex. Do not create a replacement page and do not force this URL into the index.
55% tencel lyocell / 45% cotton tencel cotton poplin,fabric_type,Commercial,/fabrics/tencel-cotton-poplin/,secondary,"Mapped in fabstitch-keyword-map.csv onto an existing URL. Volume, difficulty, and rank are UNKNOWN.",noindex_target,The URL exists and stays noindex. Do not create a replacement page and do not force this URL into the index.
55% wool / 45% cotton wool cotton twill,fabric_type,Commercial,/fabrics/wool-cotton-twill/,secondary,"Mapped in fabstitch-keyword-map.csv onto an existing URL. Volume, difficulty, and rank are UNKNOWN.",noindex_target,The URL exists and stays noindex. Do not create a replacement page and do not force this URL into the index.
55% wool / 45% polyester wool polyester suiting blend,fabric_type,Commercial,/fabrics/wool-polyester-suiting/,secondary,"Mapped in fabstitch-keyword-map.csv onto an existing URL. Volume, difficulty, and rank are UNKNOWN.",noindex_target,The URL exists and stays noindex. Do not create a replacement page and do not force this URL into the index.
55% wool / 45% viscose wool viscose twill,fabric_type,Commercial,/fabrics/wool-viscose-twill/,secondary,"Mapped in fabstitch-keyword-map.csv onto an existing URL. Volume, difficulty, and rank are UNKNOWN.",noindex_target,The URL exists and stays noindex. Do not create a replacement page and do not force this URL into the index.
60% cotton / 35% rayon / 5% elastane cotton rayon ponte,fabric_type,Commercial,/fabrics/ponte-cotton-rayon/,secondary,"Mapped in fabstitch-keyword-map.csv onto an existing URL. Volume, difficulty, and rank are UNKNOWN.",noindex_target,The URL exists and stays noindex. Do not create a replacement page and do not force this URL into the index.
60% cotton / 40% modal cotton modal french terry,fabric_type,Commercial,/fabrics/french-terry-modal/,secondary,"Mapped in fabstitch-keyword-map.csv onto an existing URL. Volume, difficulty, and rank are UNKNOWN.",noindex_target,The URL exists and stays noindex. Do not create a replacement page and do not force this URL into the index.
65% rayon / 30% nylon / 5% elastane ribbed ponte,fabric_type,Commercial,/fabrics/ponte-ribbed/,secondary,"Mapped in fabstitch-keyword-map.csv onto an existing URL. Volume, difficulty, and rank are UNKNOWN.",noindex_target,The URL exists and stays noindex. Do not create a replacement page and do not force this URL into the index.
65% rayon / 30% nylon / 5% elastane structured ponte,fabric_type,Commercial,/fabrics/ponte-structured/,secondary,"Mapped in fabstitch-keyword-map.csv onto an existing URL. Volume, difficulty, and rank are UNKNOWN.",noindex_target,The URL exists and stays noindex. Do not create a replacement page and do not force this URL into the index.
68% rayon / 27% nylon / 5% elastane brushed ponte,fabric_type,Commercial,/fabrics/ponte-brushed/,secondary,"Mapped in fabstitch-keyword-map.csv onto an existing URL. Volume, difficulty, and rank are UNKNOWN.",noindex_target,The URL exists and stays noindex. Do not create a replacement page and do not force this URL into the index.
68% rayon / 27% nylon / 5% elastane classic double-knit ponte,fabric_type,Commercial,/fabrics/ponte-double-knit/,secondary,"Mapped in fabstitch-keyword-map.csv onto an existing URL. Volume, difficulty, and rank are UNKNOWN.",noindex_target,The URL exists and stays noindex. Do not create a replacement page and do not force this URL into the index.
68% rayon / 27% nylon / 5% elastane lightweight ponte,fabric_type,Commercial,/fabrics/ponte-lightweight/,secondary,"Mapped in fabstitch-keyword-map.csv onto an existing URL. Volume, difficulty, and rank are UNKNOWN.",noindex_target,The URL exists and stays noindex. Do not create a replacement page and do not force this URL into the index.
68% rayon / 27% nylon / 5% elastane rayon nylon ponte,fabric_type,Commercial,/fabrics/ponte-rayon-nylon/,secondary,"Mapped in fabstitch-keyword-map.csv onto an existing URL. Volume, difficulty, and rank are UNKNOWN.",noindex_target,The URL exists and stays noindex. Do not create a replacement page and do not force this URL into the index.
68% rayon / 27% nylon / 5% elastane travel ponte,fabric_type,Commercial,/fabrics/ponte-travel/,secondary,"Mapped in fabstitch-keyword-map.csv onto an existing URL. Volume, difficulty, and rank are UNKNOWN.",noindex_target,The URL exists and stays noindex. Do not create a replacement page and do not force this URL into the index.
70% linen / 30% mulberry silk linen-silk,fabric_type,Commercial,/fabrics/linen-silk/,secondary,"Mapped in fabstitch-keyword-map.csv onto an existing URL. Volume, difficulty, and rank are UNKNOWN.",noindex_target,The URL exists and stays noindex. Do not create a replacement page and do not force this URL into the index.
70% rayon / 25% nylon / 5% elastane compact ponte,fabric_type,Commercial,/fabrics/ponte-compact/,secondary,"Mapped in fabstitch-keyword-map.csv onto an existing URL. Volume, difficulty, and rank are UNKNOWN.",noindex_target,The URL exists and stays noindex. Do not create a replacement page and do not force this URL into the index.
70% rayon / 25% nylon / 5% elastane matte ponte,fabric_type,Commercial,/fabrics/ponte-matte/,secondary,"Mapped in fabstitch-keyword-map.csv onto an existing URL. Volume, difficulty, and rank are UNKNOWN.",noindex_target,The URL exists and stays noindex. Do not create a replacement page and do not force this URL into the index.
70% recycled cotton / 30% cotton recycled cotton french terry,fabric_type,Commercial,/fabrics/french-terry-recycled-cotton/,secondary,"Mapped in fabstitch-keyword-map.csv onto an existing URL. Volume, difficulty, and rank are UNKNOWN.",noindex_target,The URL exists and stays noindex. Do not create a replacement page and do not force this URL into the index.
70% tencel lyocell / 30% linen tencel linen blend,fabric_type,Commercial,/fabrics/tencel-linen-blend/,secondary,"Mapped in fabstitch-keyword-map.csv onto an existing URL. Volume, difficulty, and rank are UNKNOWN.",noindex_target,The URL exists and stays noindex. Do not create a replacement page and do not force this URL into the index.
70% wool / 30% alpaca wool alpaca brushed blend,fabric_type,Commercial,/fabrics/wool-alpaca-brushed/,secondary,"Mapped in fabstitch-keyword-map.csv onto an existing URL. Volume, difficulty, and rank are UNKNOWN.",noindex_target,The URL exists and stays noindex. Do not create a replacement page and do not force this URL into the index.
70% wool / 30% hemp wool hemp canvas blend,fabric_type,Commercial,/fabrics/wool-hemp-canvas/,secondary,"Mapped in fabstitch-keyword-map.csv onto an existing URL. Volume, difficulty, and rank are UNKNOWN.",noindex_target,The URL exists and stays noindex. Do not create a replacement page and do not force this URL into the index.
70% wool / 30% linen wool linen open weave blend,fabric_type,Commercial,/fabrics/wool-linen-tailoring-open-weave/,secondary,"Mapped in fabstitch-keyword-map.csv onto an existing URL. Volume, difficulty, and rank are UNKNOWN.",noindex_target,The URL exists and stays noindex. Do not create a replacement page and do not force this URL into the index.
70% wool / 30% polyamide wool polyamide crepe,fabric_type,Commercial,/fabrics/wool-polyamide-crepe/,secondary,"Mapped in fabstitch-keyword-map.csv onto an existing URL. Volume, difficulty, and rank are UNKNOWN.",noindex_target,The URL exists and stays noindex. Do not create a replacement page and do not force this URL into the index.
80% cotton / 20% recycled polyester cotton-rich piqué,fabric_type,Commercial,/fabrics/cotton-rich-pique/,secondary,"Mapped in fabstitch-keyword-map.csv onto an existing URL. Volume, difficulty, and rank are UNKNOWN.",noindex_target,The URL exists and stays noindex. Do not create a replacement page and do not force this URL into the index.
80% wool / 20% mohair wool mohair fresco blend,fabric_type,Commercial,/fabrics/wool-mohair-fresco/,secondary,"Mapped in fabstitch-keyword-map.csv onto an existing URL. Volume, difficulty, and rank are UNKNOWN.",noindex_target,The URL exists and stays noindex. Do not create a replacement page and do not force this URL into the index.
85% wool / 15% silk wool silk suiting blend,fabric_type,Commercial,/fabrics/wool-silk-suiting/,secondary,"Mapped in fabstitch-keyword-map.csv onto an existing URL. Volume, difficulty, and rank are UNKNOWN.",noindex_target,The URL exists and stays noindex. Do not create a replacement page and do not force this URL into the index.
90% wool / 10% cashmere wool cashmere melton blend,fabric_type,Commercial,/fabrics/wool-cashmere-melton/,secondary,"Mapped in fabstitch-keyword-map.csv onto an existing URL. Volume, difficulty, and rank are UNKNOWN.",noindex_target,The URL exists and stays noindex. Do not create a replacement page and do not force this URL into the index.
95% cotton / 5% elastane stretch french terry,performance,Commercial,/fabrics/french-terry-stretch/,secondary,"Mapped in fabstitch-keyword-map.csv onto an existing URL. Volume, difficulty, and rank are UNKNOWN.",noindex_target,The URL exists and stays noindex. Do not create a replacement page and do not force this URL into the index.
95% tencel lyocell / 5% elastane tencel jersey,fabric_type,Commercial,/fabrics/tencel-jersey/,secondary,"Mapped in fabstitch-keyword-map.csv onto an existing URL. Volume, difficulty, and rank are UNKNOWN.",noindex_target,The URL exists and stays noindex. Do not create a replacement page and do not force this URL into the index.
96% cotton / 4% elastane stretch cotton piqué,performance,Commercial,/fabrics/stretch-cotton-pique/,secondary,"Mapped in fabstitch-keyword-map.csv onto an existing URL. Volume, difficulty, and rank are UNKNOWN.",noindex_target,The URL exists and stays noindex. Do not create a replacement page and do not force this URL into the index.
98% cotton / 2% elastane stretch oxford cotton,performance,Commercial,/fabrics/stretch-oxford-cotton/,secondary,"Mapped in fabstitch-keyword-map.csv onto an existing URL. Volume, difficulty, and rank are UNKNOWN.",noindex_target,The URL exists and stays noindex. Do not create a replacement page and do not force this URL into the index.
99% silk / 1% bouclé yarn silk bouclé,fabric_type,Commercial,/fabrics/silk-boucle/,secondary,"Mapped in fabstitch-keyword-map.csv onto an existing URL. Volume, difficulty, and rank are UNKNOWN.",noindex_target,The URL exists and stays noindex. Do not create a replacement page and do not force this URL into the index.
acoustic felt recycled pet acoustic felt,fabric_type,Commercial,/fabrics/recycled-pet-acoustic-felt/,secondary,"Mapped in fabstitch-keyword-map.csv onto an existing URL. Volume, difficulty, and rank are UNKNOWN.",noindex_target,The URL exists and stays noindex. Do not create a replacement page and do not force this URL into the index.
acoustic-rated drape,fabric_type,Commercial,/fabrics/acoustic-rated-drape/,secondary,"Mapped in fabstitch-keyword-map.csv onto an existing URL. Volume, difficulty, and rank are UNKNOWN.",noindex_target,The URL exists and stays noindex. Do not create a replacement page and do not force this URL into the index.
acoustic-rated drape fabric,fabric_type,Commercial,/fabrics/acoustic-rated-drape/,secondary,"Mapped in fabstitch-keyword-map.csv onto an existing URL. Volume, difficulty, and rank are UNKNOWN.",noindex_target,The URL exists and stays noindex. Do not create a replacement page and do not force this URL into the index.
acoustic-rated drape fabric online,fabric_type,Commercial,/fabrics/acoustic-rated-drape/,secondary,"Mapped in fabstitch-keyword-map.csv onto an existing URL. Volume, difficulty, and rank are UNKNOWN.",noindex_target,The URL exists and stays noindex. Do not create a replacement page and do not force this URL into the index.
acoustic-rated drape for acoustic drapes,fabric_type,Commercial,/fabrics/acoustic-rated-drape/,secondary,"Mapped in fabstitch-keyword-map.csv onto an existing URL. Volume, difficulty, and rank are UNKNOWN.",noindex_target,The URL exists and stays noindex. Do not create a replacement page and do not force this URL into the index.
acoustic-rated drape textile,fabric_type,Commercial,/fabrics/acoustic-rated-drape/,secondary,"Mapped in fabstitch-keyword-map.csv onto an existing URL. Volume, difficulty, and rank are UNKNOWN.",noindex_target,The URL exists and stays noindex. Do not create a replacement page and do not force this URL into the index.
alpaca blend,fabric_type,Commercial,/fabrics/alpaca-blend/,secondary,"Mapped in fabstitch-keyword-map.csv onto an existing URL. Volume, difficulty, and rank are UNKNOWN.",noindex_target,The URL exists and stays noindex. Do not create a replacement page and do not force this URL into the index.
alpaca blend alpaca blend,fabric_type,Commercial,/fabrics/alpaca-blend/,secondary,"Mapped in fabstitch-keyword-map.csv onto an existing URL. Volume, difficulty, and rank are UNKNOWN.",noindex_target,The URL exists and stays noindex. Do not create a replacement page and do not force this URL into the index.
alpaca blend fabric,fabric_type,Commercial,/fabrics/alpaca-blend/,secondary,"Mapped in fabstitch-keyword-map.csv onto an existing URL. Volume, difficulty, and rank are UNKNOWN.",noindex_target,The URL exists and stays noindex. Do not create a replacement page and do not force this URL into the index.
alpaca blend fabric online,fabric_type,Commercial,/fabrics/alpaca-blend/,secondary,"Mapped in fabstitch-keyword-map.csv onto an existing URL. Volume, difficulty, and rank are UNKNOWN.",noindex_target,The URL exists and stays noindex. Do not create a replacement page and do not force this URL into the index.
alpaca blend for coats,fabric_type,Commercial,/fabrics/alpaca-blend/,secondary,"Mapped in fabstitch-keyword-map.csv onto an existing URL. Volume, difficulty, and rank are UNKNOWN.",noindex_target,The URL exists and stays noindex. Do not create a replacement page and do not force this URL into the index.
alpaca blend for statement knits,fabric_type,Commercial,/fabrics/alpaca-blend/,secondary,"Mapped in fabstitch-keyword-map.csv onto an existing URL. Volume, difficulty, and rank are UNKNOWN.",noindex_target,The URL exists and stays noindex. Do not create a replacement page and do not force this URL into the index.
alpaca blend textile,fabric_type,Commercial,/fabrics/alpaca-blend/,secondary,"Mapped in fabstitch-keyword-map.csv onto an existing URL. Volume, difficulty, and rank are UNKNOWN.",noindex_target,The URL exists and stays noindex. Do not create a replacement page and do not force this URL into the index.
batiste lawn,fabric_type,Commercial,/fabrics/batiste-lawn/,secondary,"Mapped in fabstitch-keyword-map.csv onto an existing URL. Volume, difficulty, and rank are UNKNOWN.",noindex_target,The URL exists and stays noindex. Do not create a replacement page and do not force this URL into the index.
batiste lawn fabric,fabric_type,Commercial,/fabrics/batiste-lawn/,secondary,"Mapped in fabstitch-keyword-map.csv onto an existing URL. Volume, difficulty, and rank are UNKNOWN.",noindex_target,The URL exists and stays noindex. Do not create a replacement page and do not force this URL into the index.
batiste lawn fabric online,fabric_type,Commercial,/fabrics/batiste-lawn/,secondary,"Mapped in fabstitch-keyword-map.csv onto an existing URL. Volume, difficulty, and rank are UNKNOWN.",noindex_target,The URL exists and stays noindex. Do not create a replacement page and do not force this URL into the index.
batiste lawn for blouses,fabric_type,Commercial,/fabrics/batiste-lawn/,secondary,"Mapped in fabstitch-keyword-map.csv onto an existing URL. Volume, difficulty, and rank are UNKNOWN.",noindex_target,The URL exists and stays noindex. Do not create a replacement page and do not force this URL into the index.
batiste lawn for dresses,fabric_type,Commercial,/fabrics/batiste-lawn/,secondary,"Mapped in fabstitch-keyword-map.csv onto an existing URL. Volume, difficulty, and rank are UNKNOWN.",noindex_target,The URL exists and stays noindex. Do not create a replacement page and do not force this URL into the index.
batiste lawn for linings,fabric_type,Commercial,/fabrics/batiste-lawn/,secondary,"Mapped in fabstitch-keyword-map.csv onto an existing URL. Volume, difficulty, and rank are UNKNOWN.",noindex_target,The URL exists and stays noindex. Do not create a replacement page and do not force this URL into the index.
batiste lawn textile,fabric_type,Commercial,/fabrics/batiste-lawn/,secondary,"Mapped in fabstitch-keyword-map.csv onto an existing URL. Volume, difficulty, and rank are UNKNOWN.",noindex_target,The URL exists and stays noindex. Do not create a replacement page and do not force this URL into the index.
birdseye cotton piqué,fabric_type,Commercial,/fabrics/birdseye-cotton-pique/,secondary,"Mapped in fabstitch-keyword-map.csv onto an existing URL. Volume, difficulty, and rank are UNKNOWN.",noindex_target,The URL exists and stays noindex. Do not create a replacement page and do not force this URL into the index.
birdseye cotton piqué fabric,fabric_type,Commercial,/fabrics/birdseye-cotton-pique/,secondary,"Mapped in fabstitch-keyword-map.csv onto an existing URL. Volume, difficulty, and rank are UNKNOWN.",noindex_target,The URL exists and stays noindex. Do not create a replacement page and do not force this URL into the index.
birdseye cotton piqué fabric online,fabric_type,Commercial,/fabrics/birdseye-cotton-pique/,secondary,"Mapped in fabstitch-keyword-map.csv onto an existing URL. Volume, difficulty, and rank are UNKNOWN.",noindex_target,The URL exists and stays noindex. Do not create a replacement page and do not force this URL into the index.
birdseye cotton piqué for knitwear,fabric_type,Commercial,/fabrics/birdseye-cotton-pique/,secondary,"Mapped in fabstitch-keyword-map.csv onto an existing URL. Volume, difficulty, and rank are UNKNOWN.",noindex_target,The URL exists and stays noindex. Do not create a replacement page and do not force this URL into the index.
birdseye cotton piqué for shirts,fabric_type,Commercial,/fabrics/birdseye-cotton-pique/,secondary,"Mapped in fabstitch-keyword-map.csv onto an existing URL. Volume, difficulty, and rank are UNKNOWN.",noindex_target,The URL exists and stays noindex. Do not create a replacement page and do not force this URL into the index.
birdseye cotton piqué for workwear jackets,fabric_type,Commercial,/fabrics/birdseye-cotton-pique/,secondary,"Mapped in fabstitch-keyword-map.csv onto an existing URL. Volume, difficulty, and rank are UNKNOWN.",noindex_target,The URL exists and stays noindex. Do not create a replacement page and do not force this URL into the index.
birdseye cotton piqué textile,fabric_type,Commercial,/fabrics/birdseye-cotton-pique/,secondary,"Mapped in fabstitch-keyword-map.csv onto an existing URL. Volume, difficulty, and rank are UNKNOWN.",noindex_target,The URL exists and stays noindex. Do not create a replacement page and do not force this URL into the index.
birdseye piqué knit birdseye cotton piqué,fabric_type,Commercial,/fabrics/birdseye-cotton-pique/,secondary,"Mapped in fabstitch-keyword-map.csv onto an existing URL. Volume, difficulty, and rank are UNKNOWN.",noindex_target,The URL exists and stays noindex. Do not create a replacement page and do not force this URL into the index.
bleach-cleanable vinyl alternative,fabric_type,Commercial,/fabrics/bleach-cleanable-vinyl-alternative/,secondary,"Mapped in fabstitch-keyword-map.csv onto an existing URL. Volume, difficulty, and rank are UNKNOWN.",noindex_target,The URL exists and stays noindex. Do not create a replacement page and do not force this URL into the index.
bleach-cleanable vinyl alternative fabric,fabric_type,Commercial,/fabrics/bleach-cleanable-vinyl-alternative/,secondary,"Mapped in fabstitch-keyword-map.csv onto an existing URL. Volume, difficulty, and rank are UNKNOWN.",noindex_target,The URL exists and stays noindex. Do not create a replacement page and do not force this URL into the index.
bleach-cleanable vinyl alternative fabric online,fabric_type,Commercial,/fabrics/bleach-cleanable-vinyl-alternative/,secondary,"Mapped in fabstitch-keyword-map.csv onto an existing URL. Volume, difficulty, and rank are UNKNOWN.",noindex_target,The URL exists and stays noindex. Do not create a replacement page and do not force this URL into the index.
bleach-cleanable vinyl alternative for contract textiles,fabric_type,Commercial,/fabrics/bleach-cleanable-vinyl-alternative/,secondary,"Mapped in fabstitch-keyword-map.csv onto an existing URL. Volume, difficulty, and rank are UNKNOWN.",noindex_target,The URL exists and stays noindex. Do not create a replacement page and do not force this URL into the index.
bleach-cleanable vinyl alternative textile,fabric_type,Commercial,/fabrics/bleach-cleanable-vinyl-alternative/,secondary,"Mapped in fabstitch-keyword-map.csv onto an existing URL. Volume, difficulty, and rank are UNKNOWN.",noindex_target,The URL exists and stays noindex. Do not create a replacement page and do not force this URL into the index.
bouclé knit cotton bouclé knit,fabric_type,Commercial,/fabrics/cotton-boucle-knit/,secondary,"Mapped in fabstitch-keyword-map.csv onto an existing URL. Volume, difficulty, and rank are UNKNOWN.",noindex_target,The URL exists and stays noindex. Do not create a replacement page and do not force this URL into the index.
bouclé knit linen bouclé knit,fabric_type,Commercial,/fabrics/linen-boucle-knit/,secondary,"Mapped in fabstitch-keyword-map.csv onto an existing URL. Volume, difficulty, and rank are UNKNOWN.",noindex_target,The URL exists and stays noindex. Do not create a replacement page and do not force this URL into the index.
bouclé upholstery bouclé,application,Commercial,/fabrics/upholstery-boucle/,secondary,"Mapped in fabstitch-keyword-map.csv onto an existing URL. Volume, difficulty, and rank are UNKNOWN.",noindex_target,The URL exists and stays noindex. Do not create a replacement page and do not force this URL into the index.
bouclé yarn cotton bouclé yarn,fabric_type,Commercial,/fabrics/cotton-boucle-yarn/,secondary,"Mapped in fabstitch-keyword-map.csv onto an existing URL. Volume, difficulty, and rank are UNKNOWN.",noindex_target,The URL exists and stays noindex. Do not create a replacement page and do not force this URL into the index.
brushed flannel,fabric_type,Commercial,/fabrics/brushed-flannel/,secondary,"Mapped in fabstitch-keyword-map.csv onto an existing URL. Volume, difficulty, and rank are UNKNOWN.",noindex_target,The URL exists and stays noindex. Do not create a replacement page and do not force this URL into the index.
brushed flannel fabric,fabric_type,Commercial,/fabrics/brushed-flannel/,secondary,"Mapped in fabstitch-keyword-map.csv onto an existing URL. Volume, difficulty, and rank are UNKNOWN.",noindex_target,The URL exists and stays noindex. Do not create a replacement page and do not force this URL into the index.
brushed flannel fabric online,fabric_type,Commercial,/fabrics/brushed-flannel/,secondary,"Mapped in fabstitch-keyword-map.csv onto an existing URL. Volume, difficulty, and rank are UNKNOWN.",noindex_target,The URL exists and stays noindex. Do not create a replacement page and do not force this URL into the index.
brushed flannel for shirts,fabric_type,Commercial,/fabrics/brushed-flannel/,secondary,"Mapped in fabstitch-keyword-map.csv onto an existing URL. Volume, difficulty, and rank are UNKNOWN.",noindex_target,The URL exists and stays noindex. Do not create a replacement page and do not force this URL into the index.
brushed flannel for suiting,fabric_type,Commercial,/fabrics/brushed-flannel/,secondary,"Mapped in fabstitch-keyword-map.csv onto an existing URL. Volume, difficulty, and rank are UNKNOWN.",noindex_target,The URL exists and stays noindex. Do not create a replacement page and do not force this URL into the index.
brushed flannel for trousers,fabric_type,Commercial,/fabrics/brushed-flannel/,secondary,"Mapped in fabstitch-keyword-map.csv onto an existing URL. Volume, difficulty, and rank are UNKNOWN.",noindex_target,The URL exists and stays noindex. Do not create a replacement page and do not force this URL into the index.
brushed flannel textile,fabric_type,Commercial,/fabrics/brushed-flannel/,secondary,"Mapped in fabstitch-keyword-map.csv onto an existing URL. Volume, difficulty, and rank are UNKNOWN.",noindex_target,The URL exists and stays noindex. Do not create a replacement page and do not force this URL into the index.
brushed ponte,fabric_type,Commercial,/fabrics/ponte-brushed/,secondary,"Mapped in fabstitch-keyword-map.csv onto an existing URL. Volume, difficulty, and rank are UNKNOWN.",noindex_target,The URL exists and stays noindex. Do not create a replacement page and do not force this URL into the index.
brushed ponte fabric,fabric_type,Commercial,/fabrics/ponte-brushed/,secondary,"Mapped in fabstitch-keyword-map.csv onto an existing URL. Volume, difficulty, and rank are UNKNOWN.",noindex_target,The URL exists and stays noindex. Do not create a replacement page and do not force this URL into the index.
brushed ponte fabric online,fabric_type,Commercial,/fabrics/ponte-brushed/,secondary,"Mapped in fabstitch-keyword-map.csv onto an existing URL. Volume, difficulty, and rank are UNKNOWN.",noindex_target,The URL exists and stays noindex. Do not create a replacement page and do not force this URL into the index.
brushed ponte for dresses,fabric_type,Commercial,/fabrics/ponte-brushed/,secondary,"Mapped in fabstitch-keyword-map.csv onto an existing URL. Volume, difficulty, and rank are UNKNOWN.",noindex_target,The URL exists and stays noindex. Do not create a replacement page and do not force this URL into the index.
brushed ponte for layering pieces,fabric_type,Commercial,/fabrics/ponte-brushed/,secondary,"Mapped in fabstitch-keyword-map.csv onto an existing URL. Volume, difficulty, and rank are UNKNOWN.",noindex_target,The URL exists and stays noindex. Do not create a replacement page and do not force this URL into the index.
brushed ponte for trousers,fabric_type,Commercial,/fabrics/ponte-brushed/,secondary,"Mapped in fabstitch-keyword-map.csv onto an existing URL. Volume, difficulty, and rank are UNKNOWN.",noindex_target,The URL exists and stays noindex. Do not create a replacement page and do not force this URL into the index.
brushed ponte textile,fabric_type,Commercial,/fabrics/ponte-brushed/,secondary,"Mapped in fabstitch-keyword-map.csv onto an existing URL. Volume, difficulty, and rank are UNKNOWN.",noindex_target,The URL exists and stays noindex. Do not create a replacement page and do not force this URL into the index.
brushed tencel,fabric_type,Commercial,/fabrics/tencel-brushed/,secondary,"Mapped in fabstitch-keyword-map.csv onto an existing URL. Volume, difficulty, and rank are UNKNOWN.",noindex_target,The URL exists and stays noindex. Do not create a replacement page and do not force this URL into the index.
brushed tencel fabric,fabric_type,Commercial,/fabrics/tencel-brushed/,secondary,"Mapped in fabstitch-keyword-map.csv onto an existing URL. Volume, difficulty, and rank are UNKNOWN.",noindex_target,The URL exists and stays noindex. Do not create a replacement page and do not force this URL into the index.
brushed tencel fabric online,fabric_type,Commercial,/fabrics/tencel-brushed/,secondary,"Mapped in fabstitch-keyword-map.csv onto an existing URL. Volume, difficulty, and rank are UNKNOWN.",noindex_target,The URL exists and stays noindex. Do not create a replacement page and do not force this URL into the index.
brushed tencel for dresses,fabric_type,Commercial,/fabrics/tencel-brushed/,secondary,"Mapped in fabstitch-keyword-map.csv onto an existing URL. Volume, difficulty, and rank are UNKNOWN.",noindex_target,The URL exists and stays noindex. Do not create a replacement page and do not force this URL into the index.
brushed tencel for loungewear,fabric_type,Commercial,/fabrics/tencel-brushed/,secondary,"Mapped in fabstitch-keyword-map.csv onto an existing URL. Volume, difficulty, and rank are UNKNOWN.",noindex_target,The URL exists and stays noindex. Do not create a replacement page and do not force this URL into the index.
brushed tencel for shirts,fabric_type,Commercial,/fabrics/tencel-brushed/,secondary,"Mapped in fabstitch-keyword-map.csv onto an existing URL. Volume, difficulty, and rank are UNKNOWN.",noindex_target,The URL exists and stays noindex. Do not create a replacement page and do not force this URL into the index.
brushed tencel textile,fabric_type,Commercial,/fabrics/tencel-brushed/,secondary,"Mapped in fabstitch-keyword-map.csv onto an existing URL. Volume, difficulty, and rank are UNKNOWN.",noindex_target,The URL exists and stays noindex. Do not create a replacement page and do not force this URL into the index.
buy 2.5l membrane laminate fabric,fabric_type,Commercial,/fabrics/two-point-five-layer-membrane-laminate/,secondary,"Mapped in fabstitch-keyword-map.csv onto an existing URL. Volume, difficulty, and rank are UNKNOWN.",noindex_target,The URL exists and stays noindex. Do not create a replacement page and do not force this URL into the index.
buy 2l membrane laminate fabric,fabric_type,Commercial,/fabrics/two-layer-membrane-laminate/,secondary,"Mapped in fabstitch-keyword-map.csv onto an existing URL. Volume, difficulty, and rank are UNKNOWN.",noindex_target,The URL exists and stays noindex. Do not create a replacement page and do not force this URL into the index.
buy 3l membrane laminate fabric,fabric_type,Commercial,/fabrics/three-layer-membrane-laminate/,secondary,"Mapped in fabstitch-keyword-map.csv onto an existing URL. Volume, difficulty, and rank are UNKNOWN.",noindex_target,The URL exists and stays noindex. Do not create a replacement page and do not force this URL into the index.
buy acoustic-rated drape fabric,fabric_type,Commercial,/fabrics/acoustic-rated-drape/,secondary,"Mapped in fabstitch-keyword-map.csv onto an existing URL. Volume, difficulty, and rank are UNKNOWN.",noindex_target,The URL exists and stays noindex. Do not create a replacement page and do not force this URL into the index.
buy alpaca blend fabric,fabric_type,Commercial,/fabrics/alpaca-blend/,secondary,"Mapped in fabstitch-keyword-map.csv onto an existing URL. Volume, difficulty, and rank are UNKNOWN.",noindex_target,The URL exists and stays noindex. Do not create a replacement page and do not force this URL into the index.
buy batiste lawn fabric,fabric_type,Commercial,/fabrics/batiste-lawn/,secondary,"Mapped in fabstitch-keyword-map.csv onto an existing URL. Volume, difficulty, and rank are UNKNOWN.",noindex_target,The URL exists and stays noindex. Do not create a replacement page and do not force this URL into the index.
buy birdseye cotton piqué fabric,fabric_type,Commercial,/fabrics/birdseye-cotton-pique/,secondary,"Mapped in fabstitch-keyword-map.csv onto an existing URL. Volume, difficulty, and rank are UNKNOWN.",noindex_target,The URL exists and stays noindex. Do not create a replacement page and do not force this URL into the index.
buy bleach-cleanable vinyl alternative fabric,fabric_type,Commercial,/fabrics/bleach-cleanable-vinyl-alternative/,secondary,"Mapped in fabstitch-keyword-map.csv onto an existing URL. Volume, difficulty, and rank are UNKNOWN.",noindex_target,The URL exists and stays noindex. Do not create a replacement page and do not force this URL into the index.
buy brushed flannel fabric,fabric_type,Commercial,/fabrics/brushed-flannel/,secondary,"Mapped in fabstitch-keyword-map.csv onto an existing URL. Volume, difficulty, and rank are UNKNOWN.",noindex_target,The URL exists and stays noindex. Do not create a replacement page and do not force this URL into the index.
buy brushed ponte fabric,fabric_type,Commercial,/fabrics/ponte-brushed/,secondary,"Mapped in fabstitch-keyword-map.csv onto an existing URL. Volume, difficulty, and rank are UNKNOWN.",noindex_target,The URL exists and stays noindex. Do not create a replacement page and do not force this URL into the index.
buy brushed tencel fabric,fabric_type,Commercial,/fabrics/tencel-brushed/,secondary,"Mapped in fabstitch-keyword-map.csv onto an existing URL. Volume, difficulty, and rank are UNKNOWN.",noindex_target,The URL exists and stays noindex. Do not create a replacement page and do not force this URL into the index.
buy calf-hair finish fabric,fabric_type,Commercial,/fabrics/calf-hair-finish/,secondary,"Mapped in fabstitch-keyword-map.csv onto an existing URL. Volume, difficulty, and rank are UNKNOWN.",noindex_target,The URL exists and stays noindex. Do not create a replacement page and do not force this URL into the index.
buy casentino wool fabric,fabric_type,Commercial,/fabrics/casentino-wool/,secondary,"Mapped in fabstitch-keyword-map.csv onto an existing URL. Volume, difficulty, and rank are UNKNOWN.",noindex_target,The URL exists and stays noindex. Do not create a replacement page and do not force this URL into the index.
buy check fabric,fabric_type,Commercial,/fabrics/check/,secondary,"Mapped in fabstitch-keyword-map.csv onto an existing URL. Volume, difficulty, and rank are UNKNOWN.",noindex_target,The URL exists and stays noindex. Do not create a replacement page and do not force this URL into the index.
buy classic cotton piqué fabric,fabric_type,Commercial,/fabrics/classic-cotton-pique/,secondary,"Mapped in fabstitch-keyword-map.csv onto an existing URL. Volume, difficulty, and rank are UNKNOWN.",noindex_target,The URL exists and stays noindex. Do not create a replacement page and do not force this URL into the index.
buy classic double-knit ponte fabric,fabric_type,Commercial,/fabrics/ponte-double-knit/,secondary,"Mapped in fabstitch-keyword-map.csv onto an existing URL. Volume, difficulty, and rank are UNKNOWN.",noindex_target,The URL exists and stays noindex. Do not create a replacement page and do not force this URL into the index.
buy classic french terry fabric,fabric_type,Commercial,/fabrics/french-terry-classic/,secondary,"Mapped in fabstitch-keyword-map.csv onto an existing URL. Volume, difficulty, and rank are UNKNOWN.",noindex_target,The URL exists and stays noindex. Do not create a replacement page and do not force this URL into the index.
buy classic oxford cotton fabric,fabric_type,Commercial,/fabrics/classic-oxford-cotton/,secondary,"Mapped in fabstitch-keyword-map.csv onto an existing URL. Volume, difficulty, and rank are UNKNOWN.",noindex_target,The URL exists and stays noindex. Do not create a replacement page and do not force this URL into the index.
buy compact ponte fabric,fabric_type,Commercial,/fabrics/ponte-compact/,secondary,"Mapped in fabstitch-keyword-map.csv onto an existing URL. Volume, difficulty, and rank are UNKNOWN.",noindex_target,The URL exists and stays noindex. Do not create a replacement page and do not force this URL into the index.
buy cooling performance construction fabric,fabric_type,Commercial,/fabrics/cooling-performance-construction/,secondary,"Mapped in fabstitch-keyword-map.csv onto an existing URL. Volume, difficulty, and rank are UNKNOWN.",noindex_target,The URL exists and stays noindex. Do not create a replacement page and do not force this URL into the index.
buy cotton bouclé knit fabric,fabric_type,Commercial,/fabrics/cotton-boucle-knit/,secondary,"Mapped in fabstitch-keyword-map.csv onto an existing URL. Volume, difficulty, and rank are UNKNOWN.",noindex_target,The URL exists and stays noindex. Do not create a replacement page and do not force this URL into the index.
buy cotton bouclé yarn fabric,fabric_type,Commercial,/fabrics/cotton-boucle-yarn/,secondary,"Mapped in fabstitch-keyword-map.csv onto an existing URL. Volume, difficulty, and rank are UNKNOWN.",noindex_target,The URL exists and stays noindex. Do not create a replacement page and do not force this URL into the index.
buy cotton lawn fabric,fabric_type,Commercial,/fabrics/cotton-lawn/,secondary,"Mapped in fabstitch-keyword-map.csv onto an existing URL. Volume, difficulty, and rank are UNKNOWN.",noindex_target,The URL exists and stays noindex. Do not create a replacement page and do not force this URL into the index.
buy cotton modal french terry fabric,fabric_type,Commercial,/fabrics/french-terry-modal/,secondary,"Mapped in fabstitch-keyword-map.csv onto an existing URL. Volume, difficulty, and rank are UNKNOWN.",noindex_target,The URL exists and stays noindex. Do not create a replacement page and do not force this URL into the index.
buy cotton moleskin fabric,fabric_type,Commercial,/fabrics/cotton-moleskin/,secondary,"Mapped in fabstitch-keyword-map.csv onto an existing URL. Volume, difficulty, and rank are UNKNOWN.",noindex_target,The URL exists and stays noindex. Do not create a replacement page and do not force this URL into the index.
buy cotton organdy fabric,fabric_type,Commercial,/fabrics/cotton-organdy/,secondary,"Mapped in fabstitch-keyword-map.csv onto an existing URL. Volume, difficulty, and rank are UNKNOWN.",noindex_target,The URL exists and stays noindex. Do not create a replacement page and do not force this URL into the index.
buy cotton rayon ponte fabric,fabric_type,Commercial,/fabrics/ponte-cotton-rayon/,secondary,"Mapped in fabstitch-keyword-map.csv onto an existing URL. Volume, difficulty, and rank are UNKNOWN.",noindex_target,The URL exists and stays noindex. Do not create a replacement page and do not force this URL into the index.
buy cotton velveteen fabric,fabric_type,Commercial,/fabrics/cotton-velveteen/,secondary,"Mapped in fabstitch-keyword-map.csv onto an existing URL. Volume, difficulty, and rank are UNKNOWN.",noindex_target,The URL exists and stays noindex. Do not create a replacement page and do not force this URL into the index.
buy cotton-rich piqué fabric,fabric_type,Commercial,/fabrics/cotton-rich-pique/,secondary,"Mapped in fabstitch-keyword-map.csv onto an existing URL. Volume, difficulty, and rank are UNKNOWN.",noindex_target,The URL exists and stays noindex. Do not create a replacement page and do not force this URL into the index.
buy crepe de chine fabric,fabric_type,Commercial,/fabrics/crepe-de-chine/,secondary,"Mapped in fabstitch-keyword-map.csv onto an existing URL. Volume, difficulty, and rank are UNKNOWN.",noindex_target,The URL exists and stays noindex. Do not create a replacement page and do not force this URL into the index.
buy crinkle chiffon fabric,fabric_type,Commercial,/fabrics/crinkle-chiffon/,secondary,"Mapped in fabstitch-keyword-map.csv onto an existing URL. Volume, difficulty, and rank are UNKNOWN.",noindex_target,The URL exists and stays noindex. Do not create a replacement page and do not force this URL into the index.
buy crinkle cotton fabric,fabric_type,Commercial,/fabrics/crinkle-cotton/,secondary,"Mapped in fabstitch-keyword-map.csv onto an existing URL. Volume, difficulty, and rank are UNKNOWN.",noindex_target,The URL exists and stays noindex. Do not create a replacement page and do not force this URL into the index.
buy crochet-effect knit fabric,fabric_type,Commercial,/fabrics/crochet-effect-knit/,secondary,"Mapped in fabstitch-keyword-map.csv onto an existing URL. Volume, difficulty, and rank are UNKNOWN.",noindex_target,The URL exists and stays noindex. Do not create a replacement page and do not force this URL into the index.
buy crossover swimwear fabric fabric,fabric_type,Commercial,/fabrics/crossover-swimwear-fabric/,secondary,"Mapped in fabstitch-keyword-map.csv onto an existing URL. Volume, difficulty, and rank are UNKNOWN.",noindex_target,The URL exists and stays noindex. Do not create a replacement page and do not force this URL into the index.
buy crushed velvet fabric,fabric_type,Commercial,/fabrics/crushed-velvet/,secondary,"Mapped in fabstitch-keyword-map.csv onto an existing URL. Volume, difficulty, and rank are UNKNOWN.",noindex_target,The URL exists and stays noindex. Do not create a replacement page and do not force this URL into the index.
buy deconstructed damask fabric,fabric_type,Commercial,/fabrics/deconstructed-damask/,secondary,"Mapped in fabstitch-keyword-map.csv onto an existing URL. Volume, difficulty, and rank are UNKNOWN.",noindex_target,The URL exists and stays noindex. Do not create a replacement page and do not force this URL into the index.
buy deconstructed jacquard fabric,fabric_type,Commercial,/fabrics/deconstructed-jacquard/,secondary,"Mapped in fabstitch-keyword-map.csv onto an existing URL. Volume, difficulty, and rank are UNKNOWN.",noindex_target,The URL exists and stays noindex. Do not create a replacement page and do not force this URL into the index.
buy donegal tweed fabric,fabric_type,Commercial,/fabrics/donegal-tweed/,secondary,"Mapped in fabstitch-keyword-map.csv onto an existing URL. Volume, difficulty, and rank are UNKNOWN.",noindex_target,The URL exists and stays noindex. Do not create a replacement page and do not force this URL into the index.
buy double cotton piqué fabric,fabric_type,Commercial,/fabrics/double-cotton-pique/,secondary,"Mapped in fabstitch-keyword-map.csv onto an existing URL. Volume, difficulty, and rank are UNKNOWN.",noindex_target,The URL exists and stays noindex. Do not create a replacement page and do not force this URL into the index.
buy double-face wool fabric,fabric_type,Commercial,/fabrics/double-face-wool/,secondary,"Mapped in fabstitch-keyword-map.csv onto an existing URL. Volume, difficulty, and rank are UNKNOWN.",noindex_target,The URL exists and stays noindex. Do not create a replacement page and do not force this URL into the index.
buy double-layer chiffon fabric,fabric_type,Commercial,/fabrics/double-layer-chiffon/,secondary,"Mapped in fabstitch-keyword-map.csv onto an existing URL. Volume, difficulty, and rank are UNKNOWN.",noindex_target,The URL exists and stays noindex. Do not create a replacement page and do not force this URL into the index.
buy down-alternative fill fabric,fabric_type,Commercial,/fabrics/down-alternative-fill/,secondary,"Mapped in fabstitch-keyword-map.csv onto an existing URL. Volume, difficulty, and rank are UNKNOWN.",noindex_target,The URL exists and stays noindex. Do not create a replacement page and do not force this URL into the index.
buy egyptian cotton broadcloth fabric,fabric_type,Commercial,/fabrics/egyptian-cotton-broadcloth/,secondary,"Mapped in fabstitch-keyword-map.csv onto an existing URL. Volume, difficulty, and rank are UNKNOWN.",noindex_target,The URL exists and stays noindex. Do not create a replacement page and do not force this URL into the index.
buy egyptian cotton flannel fabric,fabric_type,Commercial,/fabrics/egyptian-cotton-flannel/,secondary,"Mapped in fabstitch-keyword-map.csv onto an existing URL. Volume, difficulty, and rank are UNKNOWN.",noindex_target,The URL exists and stays noindex. Do not create a replacement page and do not force this URL into the index.
buy egyptian cotton percale fabric,fabric_type,Commercial,/fabrics/egyptian-cotton-percale/,secondary,"Mapped in fabstitch-keyword-map.csv onto an existing URL. Volume, difficulty, and rank are UNKNOWN.",noindex_target,The URL exists and stays noindex. Do not create a replacement page and do not force this URL into the index.
buy egyptian cotton poplin fabric,fabric_type,Commercial,/fabrics/egyptian-cotton-poplin/,secondary,"Mapped in fabstitch-keyword-map.csv onto an existing URL. Volume, difficulty, and rank are UNKNOWN.",noindex_target,The URL exists and stays noindex. Do not create a replacement page and do not force this URL into the index.
buy egyptian cotton sateen fabric,fabric_type,Commercial,/fabrics/egyptian-cotton-sateen/,secondary,"Mapped in fabstitch-keyword-map.csv onto an existing URL. Volume, difficulty, and rank are UNKNOWN.",noindex_target,The URL exists and stays noindex. Do not create a replacement page and do not force this URL into the index.
buy egyptian cotton seersucker fabric,fabric_type,Commercial,/fabrics/egyptian-cotton-seersucker/,secondary,"Mapped in fabstitch-keyword-map.csv onto an existing URL. Volume, difficulty, and rank are UNKNOWN.",noindex_target,The URL exists and stays noindex. Do not create a replacement page and do not force this URL into the index.
buy egyptian cotton twill fabric,fabric_type,Commercial,/fabrics/egyptian-cotton-twill/,secondary,"Mapped in fabstitch-keyword-map.csv onto an existing URL. Volume, difficulty, and rank are UNKNOWN.",noindex_target,The URL exists and stays noindex. Do not create a replacement page and do not force this URL into the index.
buy egyptian cotton voile fabric,fabric_type,Commercial,/fabrics/egyptian-cotton-voile/,secondary,"Mapped in fabstitch-keyword-map.csv onto an existing URL. Volume, difficulty, and rank are UNKNOWN.",noindex_target,The URL exists and stays noindex. Do not create a replacement page and do not force this URL into the index.
buy embroidered cotton lawn fabric,fabric_type,Commercial,/fabrics/embroidered-cotton-lawn/,secondary,"Mapped in fabstitch-keyword-map.csv onto an existing URL. Volume, difficulty, and rank are UNKNOWN.",noindex_target,The URL exists and stays noindex. Do not create a replacement page and do not force this URL into the index.
buy fine cotton piqué fabric,fabric_type,Commercial,/fabrics/fine-cotton-pique/,secondary,"Mapped in fabstitch-keyword-map.csv onto an existing URL. Volume, difficulty, and rank are UNKNOWN.",noindex_target,The URL exists and stays noindex. Do not create a replacement page and do not force this URL into the index.
buy fine loopback french terry fabric,fabric_type,Commercial,/fabrics/french-terry-loopback/,secondary,"Mapped in fabstitch-keyword-map.csv onto an existing URL. Volume, difficulty, and rank are UNKNOWN.",noindex_target,The URL exists and stays noindex. Do not create a replacement page and do not force this URL into the index.
buy fine-gauge semi-sheer knit fabric,fabric_type,Commercial,/fabrics/fine-gauge-semi-sheer-knit/,secondary,"Mapped in fabstitch-keyword-map.csv onto an existing URL. Volume, difficulty, and rank are UNKNOWN.",noindex_target,The URL exists and stays noindex. Do not create a replacement page and do not force this URL into the index.
buy fine-wale corduroy fabric,fabric_type,Commercial,/fabrics/fine-wale-corduroy/,secondary,"Mapped in fabstitch-keyword-map.csv onto an existing URL. Volume, difficulty, and rank are UNKNOWN.",noindex_target,The URL exists and stays noindex. Do not create a replacement page and do not force this URL into the index.
buy heavy linen upholstery fabric,application,Commercial,/fabrics/heavy-linen-upholstery/,secondary,"Mapped in fabstitch-keyword-map.csv onto an existing URL. Volume, difficulty, and rank are UNKNOWN.",noindex_target,The URL exists and stays noindex. Do not create a replacement page and do not force this URL into the index.
buy heavy oxford cotton fabric,fabric_type,Commercial,/fabrics/heavy-oxford-cotton/,secondary,"Mapped in fabstitch-keyword-map.csv onto an existing URL. Volume, difficulty, and rank are UNKNOWN.",noindex_target,The URL exists and stays noindex. Do not create a replacement page and do not force this URL into the index.
buy heavy tencel twill fabric,fabric_type,Commercial,/fabrics/tencel-heavy-twill/,secondary,"Mapped in fabstitch-keyword-map.csv onto an existing URL. Volume, difficulty, and rank are UNKNOWN.",noindex_target,The URL exists and stays noindex. Do not create a replacement page and do not force this URL into the index.
buy heavyweight french terry fabric,fabric_type,Commercial,/fabrics/french-terry-heavyweight/,secondary,"Mapped in fabstitch-keyword-map.csv onto an existing URL. Volume, difficulty, and rank are UNKNOWN.",noindex_target,The URL exists and stays noindex. Do not create a replacement page and do not force this URL into the index.
buy hemp-cotton denim fabric,fabric_type,Commercial,/fabrics/hemp-cotton-denim/,secondary,"Mapped in fabstitch-keyword-map.csv onto an existing URL. Volume, difficulty, and rank are UNKNOWN.",noindex_target,The URL exists and stays noindex. Do not create a replacement page and do not force this URL into the index.
buy herringbone tweed fabric,fabric_type,Commercial,/fabrics/herringbone-tweed/,secondary,"Mapped in fabstitch-keyword-map.csv onto an existing URL. Volume, difficulty, and rank are UNKNOWN.",noindex_target,The URL exists and stays noindex. Do not create a replacement page and do not force this URL into the index.
buy honeycomb cotton piqué fabric,fabric_type,Commercial,/fabrics/honeycomb-cotton-pique/,secondary,"Mapped in fabstitch-keyword-map.csv onto an existing URL. Volume, difficulty, and rank are UNKNOWN.",noindex_target,The URL exists and stays noindex. Do not create a replacement page and do not force this URL into the index.
buy inherently fr polyester fabric,fabric_type,Commercial,/fabrics/inherently-fr-polyester/,secondary,"Mapped in fabstitch-keyword-map.csv onto an existing URL. Volume, difficulty, and rank are UNKNOWN.",noindex_target,The URL exists and stays noindex. Do not create a replacement page and do not force this URL into the index.
buy jumbo corduroy fabric,fabric_type,Commercial,/fabrics/jumbo-corduroy/,secondary,"Mapped in fabstitch-keyword-map.csv onto an existing URL. Volume, difficulty, and rank are UNKNOWN.",noindex_target,The URL exists and stays noindex. Do not create a replacement page and do not force this URL into the index.
buy jute rug fabric,fabric_type,Commercial,/fabrics/jute-rug/,secondary,"Mapped in fabstitch-keyword-map.csv onto an existing URL. Volume, difficulty, and rank are UNKNOWN.",noindex_target,The URL exists and stays noindex. Do not create a replacement page and do not force this URL into the index.
buy khadi-effect cotton fabric,fabric_type,Commercial,/fabrics/khadi-effect-cotton/,secondary,"Mapped in fabstitch-keyword-map.csv onto an existing URL. Volume, difficulty, and rank are UNKNOWN.",noindex_target,The URL exists and stays noindex. Do not create a replacement page and do not force this URL into the index.
buy laser- and ozone-finished denim fabric,fabric_type,Commercial,/fabrics/laser-and-ozone-finished-denim/,secondary,"Mapped in fabstitch-keyword-map.csv onto an existing URL. Volume, difficulty, and rank are UNKNOWN.",noindex_target,The URL exists and stays noindex. Do not create a replacement page and do not force this URL into the index.
buy lightweight french terry fabric,fabric_type,Commercial,/fabrics/french-terry-lightweight/,secondary,"Mapped in fabstitch-keyword-map.csv onto an existing URL. Volume, difficulty, and rank are UNKNOWN.",noindex_target,The URL exists and stays noindex. Do not create a replacement page and do not force this URL into the index.
buy lightweight merino knit fabric,fabric_type,Commercial,/fabrics/lightweight-merino-knit/,secondary,"Mapped in fabstitch-keyword-map.csv onto an existing URL. Volume, difficulty, and rank are UNKNOWN.",noindex_target,The URL exists and stays noindex. Do not create a replacement page and do not force this URL into the index.
buy lightweight ponte fabric,fabric_type,Commercial,/fabrics/ponte-lightweight/,secondary,"Mapped in fabstitch-keyword-map.csv onto an existing URL. Volume, difficulty, and rank are UNKNOWN.",noindex_target,The URL exists and stays noindex. Do not create a replacement page and do not force this URL into the index.
buy linen bouclé knit fabric,fabric_type,Commercial,/fabrics/linen-boucle-knit/,secondary,"Mapped in fabstitch-keyword-map.csv onto an existing URL. Volume, difficulty, and rank are UNKNOWN.",noindex_target,The URL exists and stays noindex. Do not create a replacement page and do not force this URL into the index.
buy linen-lyocell fabric,fabric_type,Commercial,/fabrics/linen-lyocell/,secondary,"Mapped in fabstitch-keyword-map.csv onto an existing URL. Volume, difficulty, and rank are UNKNOWN.",noindex_target,The URL exists and stays noindex. Do not create a replacement page and do not force this URL into the index.
buy linen-silk fabric,fabric_type,Commercial,/fabrics/linen-silk/,secondary,"Mapped in fabstitch-keyword-map.csv onto an existing URL. Volume, difficulty, and rank are UNKNOWN.",noindex_target,The URL exists and stays noindex. Do not create a replacement page and do not force this URL into the index.
buy linen-viscose fabric,fabric_type,Commercial,/fabrics/linen-viscose/,secondary,"Mapped in fabstitch-keyword-map.csv onto an existing URL. Volume, difficulty, and rank are UNKNOWN.",noindex_target,The URL exists and stays noindex. Do not create a replacement page and do not force this URL into the index.
buy long-staple cotton percale fabric,fabric_type,Commercial,/fabrics/long-staple-cotton-percale/,secondary,"Mapped in fabstitch-keyword-map.csv onto an existing URL. Volume, difficulty, and rank are UNKNOWN.",noindex_target,The URL exists and stays noindex. Do not create a replacement page and do not force this URL into the index.
buy long-staple cotton sateen fabric,fabric_type,Commercial,/fabrics/long-staple-cotton-sateen/,secondary,"Mapped in fabstitch-keyword-map.csv onto an existing URL. Volume, difficulty, and rank are UNKNOWN.",noindex_target,The URL exists and stays noindex. Do not create a replacement page and do not force this URL into the index.
buy lyocell-blend bedding fabric,application,Commercial,/fabrics/lyocell-blend-bedding/,secondary,"Mapped in fabstitch-keyword-map.csv onto an existing URL. Volume, difficulty, and rank are UNKNOWN.",noindex_target,The URL exists and stays noindex. Do not create a replacement page and do not force this URL into the index.
buy matte chiffon fabric,fabric_type,Commercial,/fabrics/matte-chiffon/,secondary,"Mapped in fabstitch-keyword-map.csv onto an existing URL. Volume, difficulty, and rank are UNKNOWN.",noindex_target,The URL exists and stays noindex. Do not create a replacement page and do not force this URL into the index.
buy matte ponte fabric,fabric_type,Commercial,/fabrics/ponte-matte/,secondary,"Mapped in fabstitch-keyword-map.csv onto an existing URL. Volume, difficulty, and rank are UNKNOWN.",noindex_target,The URL exists and stays noindex. Do not create a replacement page and do not force this URL into the index.
buy membrane-backed covert fabric,fabric_type,Commercial,/fabrics/membrane-backed-covert/,secondary,"Mapped in fabstitch-keyword-map.csv onto an existing URL. Volume, difficulty, and rank are UNKNOWN.",noindex_target,The URL exists and stays noindex. Do not create a replacement page and do not force this URL into the index.
buy membrane-backed gabardine fabric,fabric_type,Commercial,/fabrics/membrane-backed-gabardine/,secondary,"Mapped in fabstitch-keyword-map.csv onto an existing URL. Volume, difficulty, and rank are UNKNOWN.",noindex_target,The URL exists and stays noindex. Do not create a replacement page and do not force this URL into the index.
buy mercerised cotton lawn fabric,fabric_type,Commercial,/fabrics/mercerised-cotton-lawn/,secondary,"Mapped in fabstitch-keyword-map.csv onto an existing URL. Volume, difficulty, and rank are UNKNOWN.",noindex_target,The URL exists and stays noindex. Do not create a replacement page and do not force this URL into the index.
buy mercerized cotton broadcloth fabric,fabric_type,Commercial,/fabrics/mercerized-cotton-broadcloth/,secondary,"Mapped in fabstitch-keyword-map.csv onto an existing URL. Volume, difficulty, and rank are UNKNOWN.",noindex_target,The URL exists and stays noindex. Do not create a replacement page and do not force this URL into the index.
buy mercerized cotton jersey fabric,fabric_type,Commercial,/fabrics/mercerized-cotton-jersey/,secondary,"Mapped in fabstitch-keyword-map.csv onto an existing URL. Volume, difficulty, and rank are UNKNOWN.",noindex_target,The URL exists and stays noindex. Do not create a replacement page and do not force this URL into the index.
buy mercerized cotton lawn fabric,fabric_type,Commercial,/fabrics/mercerized-cotton-lawn/,secondary,"Mapped in fabstitch-keyword-map.csv onto an existing URL. Volume, difficulty, and rank are UNKNOWN.",noindex_target,The URL exists and stays noindex. Do not create a replacement page and do not force this URL into the index.
buy mercerized cotton piqué fabric,fabric_type,Commercial,/fabrics/mercerized-cotton-pique/,secondary,"Mapped in fabstitch-keyword-map.csv onto an existing URL. Volume, difficulty, and rank are UNKNOWN.",noindex_target,The URL exists and stays noindex. Do not create a replacement page and do not force this URL into the index.
buy mercerized cotton poplin fabric,fabric_type,Commercial,/fabrics/mercerized-cotton-poplin/,secondary,"Mapped in fabstitch-keyword-map.csv onto an existing URL. Volume, difficulty, and rank are UNKNOWN.",noindex_target,The URL exists and stays noindex. Do not create a replacement page and do not force this URL into the index.
buy mercerized cotton sateen fabric,fabric_type,Commercial,/fabrics/mercerized-cotton-sateen/,secondary,"Mapped in fabstitch-keyword-map.csv onto an existing URL. Volume, difficulty, and rank are UNKNOWN.",noindex_target,The URL exists and stays noindex. Do not create a replacement page and do not force this URL into the index.
buy mercerized cotton twill fabric,fabric_type,Commercial,/fabrics/mercerized-cotton-twill/,secondary,"Mapped in fabstitch-keyword-map.csv onto an existing URL. Volume, difficulty, and rank are UNKNOWN.",noindex_target,The URL exists and stays noindex. Do not create a replacement page and do not force this URL into the index.
buy mercerized cotton voile fabric,fabric_type,Commercial,/fabrics/mercerized-cotton-voile/,secondary,"Mapped in fabstitch-keyword-map.csv onto an existing URL. Volume, difficulty, and rank are UNKNOWN.",noindex_target,The URL exists and stays noindex. Do not create a replacement page and do not force this URL into the index.
buy merino + roica stretch tailoring fabric,performance,Commercial,/fabrics/merino-roica-stretch-tailoring/,secondary,"Mapped in fabstitch-keyword-map.csv onto an existing URL. Volume, difficulty, and rank are UNKNOWN.",noindex_target,The URL exists and stays noindex. Do not create a replacement page and do not force this URL into the index.
buy mohair blend fabric,fabric_type,Commercial,/fabrics/mohair-blend/,secondary,"Mapped in fabstitch-keyword-map.csv onto an existing URL. Volume, difficulty, and rank are UNKNOWN.",noindex_target,The URL exists and stays noindex. Do not create a replacement page and do not force this URL into the index.
buy open-stitch knit fabric,fabric_type,Commercial,/fabrics/open-stitch-knit/,secondary,"Mapped in fabstitch-keyword-map.csv onto an existing URL. Volume, difficulty, and rank are UNKNOWN.",noindex_target,The URL exists and stays noindex. Do not create a replacement page and do not force this URL into the index.
buy open-weave linen curtain fabric,application,Commercial,/fabrics/open-weave-linen-curtain/,secondary,"Mapped in fabstitch-keyword-map.csv onto an existing URL. Volume, difficulty, and rank are UNKNOWN.",noindex_target,The URL exists and stays noindex. Do not create a replacement page and do not force this URL into the index.
buy organic cotton french terry fabric,fabric_type,Commercial,/fabrics/french-terry-organic/,secondary,"Mapped in fabstitch-keyword-map.csv onto an existing URL. Volume, difficulty, and rank are UNKNOWN.",noindex_target,The URL exists and stays noindex. Do not create a replacement page and do not force this URL into the index.
buy organic cotton lawn fabric,fabric_type,Commercial,/fabrics/organic-cotton-lawn/,secondary,"Mapped in fabstitch-keyword-map.csv onto an existing URL. Volume, difficulty, and rank are UNKNOWN.",noindex_target,The URL exists and stays noindex. Do not create a replacement page and do not force this URL into the index.
buy organic cotton piqué fabric,fabric_type,Commercial,/fabrics/organic-cotton-pique/,secondary,"Mapped in fabstitch-keyword-map.csv onto an existing URL. Volume, difficulty, and rank are UNKNOWN.",noindex_target,The URL exists and stays noindex. Do not create a replacement page and do not force this URL into the index.
buy organic oxford cotton fabric,fabric_type,Commercial,/fabrics/organic-oxford-cotton/,secondary,"Mapped in fabstitch-keyword-map.csv onto an existing URL. Volume, difficulty, and rank are UNKNOWN.",noindex_target,The URL exists and stays noindex. Do not create a replacement page and do not force this URL into the index.
buy oxford chambray cotton fabric,fabric_type,Commercial,/fabrics/oxford-chambray-cotton/,secondary,"Mapped in fabstitch-keyword-map.csv onto an existing URL. Volume, difficulty, and rank are UNKNOWN.",noindex_target,The URL exists and stays noindex. Do not create a replacement page and do not force this URL into the index.
buy panné velvet fabric,fabric_type,Commercial,/fabrics/panne-velvet/,secondary,"Mapped in fabstitch-keyword-map.csv onto an existing URL. Volume, difficulty, and rank are UNKNOWN.",noindex_target,The URL exists and stays noindex. Do not create a replacement page and do not force this URL into the index.
buy peach-skin fabric,fabric_type,Commercial,/fabrics/peach-skin/,secondary,"Mapped in fabstitch-keyword-map.csv onto an existing URL. Volume, difficulty, and rank are UNKNOWN.",noindex_target,The URL exists and stays noindex. Do not create a replacement page and do not force this URL into the index.
buy peached french terry fabric,fabric_type,Commercial,/fabrics/french-terry-peached/,secondary,"Mapped in fabstitch-keyword-map.csv onto an existing URL. Volume, difficulty, and rank are UNKNOWN.",noindex_target,The URL exists and stays noindex. Do not create a replacement page and do not force this URL into the index.
buy performance upholstery weave fabric,application,Commercial,/fabrics/performance-upholstery-weave/,secondary,"Mapped in fabstitch-keyword-map.csv onto an existing URL. Volume, difficulty, and rank are UNKNOWN.",noindex_target,The URL exists and stays noindex. Do not create a replacement page and do not force this URL into the index.
buy pima cotton broadcloth fabric,fabric_type,Commercial,/fabrics/pima-cotton-broadcloth/,secondary,"Mapped in fabstitch-keyword-map.csv onto an existing URL. Volume, difficulty, and rank are UNKNOWN.",noindex_target,The URL exists and stays noindex. Do not create a replacement page and do not force this URL into the index.
buy pima cotton fleece fabric,fabric_type,Commercial,/fabrics/pima-cotton-fleece/,secondary,"Mapped in fabstitch-keyword-map.csv onto an existing URL. Volume, difficulty, and rank are UNKNOWN.",noindex_target,The URL exists and stays noindex. Do not create a replacement page and do not force this URL into the index.
buy pima cotton interlock fabric,fabric_type,Commercial,/fabrics/pima-cotton-interlock/,secondary,"Mapped in fabstitch-keyword-map.csv onto an existing URL. Volume, difficulty, and rank are UNKNOWN.",noindex_target,The URL exists and stays noindex. Do not create a replacement page and do not force this URL into the index.
buy pima cotton jersey fabric,fabric_type,Commercial,/fabrics/pima-cotton-jersey/,secondary,"Mapped in fabstitch-keyword-map.csv onto an existing URL. Volume, difficulty, and rank are UNKNOWN.",noindex_target,The URL exists and stays noindex. Do not create a replacement page and do not force this URL into the index.
buy pima cotton poplin fabric,fabric_type,Commercial,/fabrics/pima-cotton-poplin/,secondary,"Mapped in fabstitch-keyword-map.csv onto an existing URL. Volume, difficulty, and rank are UNKNOWN.",noindex_target,The URL exists and stays noindex. Do not create a replacement page and do not force this URL into the index.
buy pima cotton rib fabric,fabric_type,Commercial,/fabrics/pima-cotton-rib/,secondary,"Mapped in fabstitch-keyword-map.csv onto an existing URL. Volume, difficulty, and rank are UNKNOWN.",noindex_target,The URL exists and stays noindex. Do not create a replacement page and do not force this URL into the index.
buy pima cotton sateen fabric,fabric_type,Commercial,/fabrics/pima-cotton-sateen/,secondary,"Mapped in fabstitch-keyword-map.csv onto an existing URL. Volume, difficulty, and rank are UNKNOWN.",noindex_target,The URL exists and stays noindex. Do not create a replacement page and do not force this URL into the index.
buy pima cotton voile fabric,fabric_type,Commercial,/fabrics/pima-cotton-voile/,secondary,"Mapped in fabstitch-keyword-map.csv onto an existing URL. Volume, difficulty, and rank are UNKNOWN.",noindex_target,The URL exists and stays noindex. Do not create a replacement page and do not force this URL into the index.
buy pinpoint oxford cotton fabric,fabric_type,Commercial,/fabrics/pinpoint-oxford-cotton/,secondary,"Mapped in fabstitch-keyword-map.csv onto an existing URL. Volume, difficulty, and rank are UNKNOWN.",noindex_target,The URL exists and stays noindex. Do not create a replacement page and do not force this URL into the index.
buy polyester chiffon fabric,fabric_type,Commercial,/fabrics/polyester-chiffon/,secondary,"Mapped in fabstitch-keyword-map.csv onto an existing URL. Volume, difficulty, and rank are UNKNOWN.",noindex_target,The URL exists and stays noindex. Do not create a replacement page and do not force this URL into the index.
buy premium-weight denim fabric,fabric_type,Commercial,/fabrics/premium-weight-denim/,secondary,"Mapped in fabstitch-keyword-map.csv onto an existing URL. Volume, difficulty, and rank are UNKNOWN.",noindex_target,The URL exists and stays noindex. Do not create a replacement page and do not force this URL into the index.
buy printed chiffon fabric,fabric_type,Commercial,/fabrics/printed-chiffon/,secondary,"Mapped in fabstitch-keyword-map.csv onto an existing URL. Volume, difficulty, and rank are UNKNOWN.",noindex_target,The URL exists and stays noindex. Do not create a replacement page and do not force this URL into the index.
buy printed cotton lawn fabric,fabric_type,Commercial,/fabrics/printed-cotton-lawn/,secondary,"Mapped in fabstitch-keyword-map.csv onto an existing URL. Volume, difficulty, and rank are UNKNOWN.",noindex_target,The URL exists and stays noindex. Do not create a replacement page and do not force this URL into the index.
buy rayon nylon ponte fabric,fabric_type,Commercial,/fabrics/ponte-rayon-nylon/,secondary,"Mapped in fabstitch-keyword-map.csv onto an existing URL. Volume, difficulty, and rank are UNKNOWN.",noindex_target,The URL exists and stays noindex. Do not create a replacement page and do not force this URL into the index.
buy real leather fabric,fabric_type,Commercial,/fabrics/real-leather/,secondary,"Mapped in fabstitch-keyword-map.csv onto an existing URL. Volume, difficulty, and rank are UNKNOWN.",noindex_target,The URL exists and stays noindex. Do not create a replacement page and do not force this URL into the index.
buy real suede fabric,fabric_type,Commercial,/fabrics/real-suede/,secondary,"Mapped in fabstitch-keyword-map.csv onto an existing URL. Volume, difficulty, and rank are UNKNOWN.",noindex_target,The URL exists and stays noindex. Do not create a replacement page and do not force this URL into the index.
buy recycled cotton french terry fabric,fabric_type,Commercial,/fabrics/french-terry-recycled-cotton/,secondary,"Mapped in fabstitch-keyword-map.csv onto an existing URL. Volume, difficulty, and rank are UNKNOWN.",noindex_target,The URL exists and stays noindex. Do not create a replacement page and do not force this URL into the index.
buy recycled nylon ripstop fabric,fabric_type,Commercial,/fabrics/recycled-nylon-ripstop/,secondary,"Mapped in fabstitch-keyword-map.csv onto an existing URL. Volume, difficulty, and rank are UNKNOWN.",noindex_target,The URL exists and stays noindex. Do not create a replacement page and do not force this URL into the index.
buy recycled pet acoustic felt fabric,fabric_type,Commercial,/fabrics/recycled-pet-acoustic-felt/,secondary,"Mapped in fabstitch-keyword-map.csv onto an existing URL. Volume, difficulty, and rank are UNKNOWN.",noindex_target,The URL exists and stays noindex. Do not create a replacement page and do not force this URL into the index.
buy recycled pet pile rug fabric,fabric_type,Commercial,/fabrics/recycled-pet-pile-rug/,secondary,"Mapped in fabstitch-keyword-map.csv onto an existing URL. Volume, difficulty, and rank are UNKNOWN.",noindex_target,The URL exists and stays noindex. Do not create a replacement page and do not force this URL into the index.
buy recycled polyester chiffon fabric,fabric_type,Commercial,/fabrics/recycled-polyester-chiffon/,secondary,"Mapped in fabstitch-keyword-map.csv onto an existing URL. Volume, difficulty, and rank are UNKNOWN.",noindex_target,The URL exists and stays noindex. Do not create a replacement page and do not force this URL into the index.
buy recycled polyester wadding fabric,fabric_type,Commercial,/fabrics/recycled-polyester-wadding/,secondary,"Mapped in fabstitch-keyword-map.csv onto an existing URL. Volume, difficulty, and rank are UNKNOWN.",noindex_target,The URL exists and stays noindex. Do not create a replacement page and do not force this URL into the index.
buy recycled-cotton denim fabric,fabric_type,Commercial,/fabrics/recycled-cotton-denim/,secondary,"Mapped in fabstitch-keyword-map.csv onto an existing URL. Volume, difficulty, and rank are UNKNOWN.",noindex_target,The URL exists and stays noindex. Do not create a replacement page and do not force this URL into the index.
buy retro sportif knit fabric,fabric_type,Commercial,/fabrics/retro-sportif-knit/,secondary,"Mapped in fabstitch-keyword-map.csv onto an existing URL. Volume, difficulty, and rank are UNKNOWN.",noindex_target,The URL exists and stays noindex. Do not create a replacement page and do not force this URL into the index.
buy ribbed ponte fabric,fabric_type,Commercial,/fabrics/ponte-ribbed/,secondary,"Mapped in fabstitch-keyword-map.csv onto an existing URL. Volume, difficulty, and rank are UNKNOWN.",noindex_target,The URL exists and stays noindex. Do not create a replacement page and do not force this URL into the index.
buy royal oxford cotton fabric,fabric_type,Commercial,/fabrics/royal-oxford-cotton/,secondary,"Mapped in fabstitch-keyword-map.csv onto an existing URL. Volume, difficulty, and rank are UNKNOWN.",noindex_target,The URL exists and stays noindex. Do not create a replacement page and do not force this URL into the index.
buy selvedge rigid denim fabric,fabric_type,Commercial,/fabrics/selvedge-rigid-denim/,secondary,"Mapped in fabstitch-keyword-map.csv onto an existing URL. Volume, difficulty, and rank are UNKNOWN.",noindex_target,The URL exists and stays noindex. Do not create a replacement page and do not force this URL into the index.
buy silk bouclé fabric,fabric_type,Commercial,/fabrics/silk-boucle/,secondary,"Mapped in fabstitch-keyword-map.csv onto an existing URL. Volume, difficulty, and rank are UNKNOWN.",noindex_target,The URL exists and stays noindex. Do not create a replacement page and do not force this URL into the index.
buy silk broadcloth fabric,fabric_type,Commercial,/fabrics/silk-broadcloth/,secondary,"Mapped in fabstitch-keyword-map.csv onto an existing URL. Volume, difficulty, and rank are UNKNOWN.",noindex_target,The URL exists and stays noindex. Do not create a replacement page and do not force this URL into the index.
buy silk charmeuse fabric,fabric_type,Commercial,/fabrics/silk-charmeuse/,secondary,"Mapped in fabstitch-keyword-map.csv onto an existing URL. Volume, difficulty, and rank are UNKNOWN.",noindex_target,The URL exists and stays noindex. Do not create a replacement page and do not force this URL into the index.
buy silk chiffon crepe fabric,fabric_type,Commercial,/fabrics/silk-chiffon-crepe/,secondary,"Mapped in fabstitch-keyword-map.csv onto an existing URL. Volume, difficulty, and rank are UNKNOWN.",noindex_target,The URL exists and stays noindex. Do not create a replacement page and do not force this URL into the index.
buy silk crepe fabric,fabric_type,Commercial,/fabrics/silk-crepe/,secondary,"Mapped in fabstitch-keyword-map.csv onto an existing URL. Volume, difficulty, and rank are UNKNOWN.",noindex_target,The URL exists and stays noindex. Do not create a replacement page and do not force this URL into the index.
buy silk dupion fabric,fabric_type,Commercial,/fabrics/silk-dupion/,secondary,"Mapped in fabstitch-keyword-map.csv onto an existing URL. Volume, difficulty, and rank are UNKNOWN.",noindex_target,The URL exists and stays noindex. Do not create a replacement page and do not force this URL into the index.
buy silk faille fabric,fabric_type,Commercial,/fabrics/silk-faille/,secondary,"Mapped in fabstitch-keyword-map.csv onto an existing URL. Volume, difficulty, and rank are UNKNOWN.",noindex_target,The URL exists and stays noindex. Do not create a replacement page and do not force this URL into the index.
buy silk habotai fabric,fabric_type,Commercial,/fabrics/silk-habotai/,secondary,"Mapped in fabstitch-keyword-map.csv onto an existing URL. Volume, difficulty, and rank are UNKNOWN.",noindex_target,The URL exists and stays noindex. Do not create a replacement page and do not force this URL into the index.
buy silk noil fabric,fabric_type,Commercial,/fabrics/silk-noil/,secondary,"Mapped in fabstitch-keyword-map.csv onto an existing URL. Volume, difficulty, and rank are UNKNOWN.",noindex_target,The URL exists and stays noindex. Do not create a replacement page and do not force this URL into the index.
buy silk organza fabric,fabric_type,Commercial,/fabrics/silk-organza/,secondary,"Mapped in fabstitch-keyword-map.csv onto an existing URL. Volume, difficulty, and rank are UNKNOWN.",noindex_target,The URL exists and stays noindex. Do not create a replacement page and do not force this URL into the index.
buy silk satin fabric,fabric_type,Commercial,/fabrics/silk-satin/,secondary,"Mapped in fabstitch-keyword-map.csv onto an existing URL. Volume, difficulty, and rank are UNKNOWN.",noindex_target,The URL exists and stays noindex. Do not create a replacement page and do not force this URL into the index.
buy silk taffeta fabric,fabric_type,Commercial,/fabrics/silk-taffeta/,secondary,"Mapped in fabstitch-keyword-map.csv onto an existing URL. Volume, difficulty, and rank are UNKNOWN.",noindex_target,The URL exists and stays noindex. Do not create a replacement page and do not force this URL into the index.
buy silk tussar fabric,fabric_type,Commercial,/fabrics/silk-tussar/,secondary,"Mapped in fabstitch-keyword-map.csv onto an existing URL. Volume, difficulty, and rank are UNKNOWN.",noindex_target,The URL exists and stays noindex. Do not create a replacement page and do not force this URL into the index.
buy silk twill fabric,fabric_type,Commercial,/fabrics/silk-twill/,secondary,"Mapped in fabstitch-keyword-map.csv onto an existing URL. Volume, difficulty, and rank are UNKNOWN.",noindex_target,The URL exists and stays noindex. Do not create a replacement page and do not force this URL into the index.
buy silk-viscose velvet fabric,fabric_type,Commercial,/fabrics/silk-viscose-velvet/,secondary,"Mapped in fabstitch-keyword-map.csv onto an existing URL. Volume, difficulty, and rank are UNKNOWN.",noindex_target,The URL exists and stays noindex. Do not create a replacement page and do not force this URL into the index.
buy slub cotton fabric,fabric_type,Commercial,/fabrics/slub-cotton/,secondary,"Mapped in fabstitch-keyword-map.csv onto an existing URL. Volume, difficulty, and rank are UNKNOWN.",noindex_target,The URL exists and stays noindex. Do not create a replacement page and do not force this URL into the index.
buy slub cotton lawn fabric,fabric_type,Commercial,/fabrics/slub-cotton-lawn/,secondary,"Mapped in fabstitch-keyword-map.csv onto an existing URL. Volume, difficulty, and rank are UNKNOWN.",noindex_target,The URL exists and stays noindex. Do not create a replacement page and do not force this URL into the index.
buy slub french terry fabric,fabric_type,Commercial,/fabrics/french-terry-slub/,secondary,"Mapped in fabstitch-keyword-map.csv onto an existing URL. Volume, difficulty, and rank are UNKNOWN.",noindex_target,The URL exists and stays noindex. Do not create a replacement page and do not force this URL into the index.
buy soft oxford cotton fabric,fabric_type,Commercial,/fabrics/soft-oxford-cotton/,secondary,"Mapped in fabstitch-keyword-map.csv onto an existing URL. Volume, difficulty, and rank are UNKNOWN.",noindex_target,The URL exists and stays noindex. Do not create a replacement page and do not force this URL into the index.
buy stretch chiffon fabric,performance,Commercial,/fabrics/stretch-chiffon/,secondary,"Mapped in fabstitch-keyword-map.csv onto an existing URL. Volume, difficulty, and rank are UNKNOWN.",noindex_target,The URL exists and stays noindex. Do not create a replacement page and do not force this URL into the index.
buy stretch cotton piqué fabric,performance,Commercial,/fabrics/stretch-cotton-pique/,secondary,"Mapped in fabstitch-keyword-map.csv onto an existing URL. Volume, difficulty, and rank are UNKNOWN.",noindex_target,The URL exists and stays noindex. Do not create a replacement page and do not force this URL into the index.
buy stretch french terry fabric,performance,Commercial,/fabrics/french-terry-stretch/,secondary,"Mapped in fabstitch-keyword-map.csv onto an existing URL. Volume, difficulty, and rank are UNKNOWN.",noindex_target,The URL exists and stays noindex. Do not create a replacement page and do not force this URL into the index.
buy stretch oxford cotton fabric,performance,Commercial,/fabrics/stretch-oxford-cotton/,secondary,"Mapped in fabstitch-keyword-map.csv onto an existing URL. Volume, difficulty, and rank are UNKNOWN.",noindex_target,The URL exists and stays noindex. Do not create a replacement page and do not force this URL into the index.
buy structured ponte fabric,fabric_type,Commercial,/fabrics/ponte-structured/,secondary,"Mapped in fabstitch-keyword-map.csv onto an existing URL. Volume, difficulty, and rank are UNKNOWN.",noindex_target,The URL exists and stays noindex. Do not create a replacement page and do not force this URL into the index.
buy suede-effect woven fabric,fabric_type,Commercial,/fabrics/suede-effect-woven/,secondary,"Mapped in fabstitch-keyword-map.csv onto an existing URL. Volume, difficulty, and rank are UNKNOWN.",noindex_target,The URL exists and stays noindex. Do not create a replacement page and do not force this URL into the index.
buy super 110s-130s tropical wool fabric,fabric_type,Commercial,/fabrics/tropical-wool-super-110s-130s/,secondary,"Mapped in fabstitch-keyword-map.csv onto an existing URL. Volume, difficulty, and rank are UNKNOWN.",noindex_target,The URL exists and stays noindex. Do not create a replacement page and do not force this URL into the index.
buy tartan fabric,fabric_type,Commercial,/fabrics/tartan/,secondary,"Mapped in fabstitch-keyword-map.csv onto an existing URL. Volume, difficulty, and rank are UNKNOWN.",noindex_target,The URL exists and stays noindex. Do not create a replacement page and do not force this URL into the index.
buy technical voile fabric,fabric_type,Commercial,/fabrics/technical-voile/,secondary,"Mapped in fabstitch-keyword-map.csv onto an existing URL. Volume, difficulty, and rank are UNKNOWN.",noindex_target,The URL exists and stays noindex. Do not create a replacement page and do not force this URL into the index.
buy tencel cotton poplin fabric,fabric_type,Commercial,/fabrics/tencel-cotton-poplin/,secondary,"Mapped in fabstitch-keyword-map.csv onto an existing URL. Volume, difficulty, and rank are UNKNOWN.",noindex_target,The URL exists and stays noindex. Do not create a replacement page and do not force this URL into the index.
buy tencel denim fabric,fabric_type,Commercial,/fabrics/tencel-denim/,secondary,"Mapped in fabstitch-keyword-map.csv onto an existing URL. Volume, difficulty, and rank are UNKNOWN.",noindex_target,The URL exists and stays noindex. Do not create a replacement page and do not force this URL into the index.
buy tencel jersey fabric,fabric_type,Commercial,/fabrics/tencel-jersey/,secondary,"Mapped in fabstitch-keyword-map.csv onto an existing URL. Volume, difficulty, and rank are UNKNOWN.",noindex_target,The URL exists and stays noindex. Do not create a replacement page and do not force this URL into the index.
buy tencel linen blend fabric,fabric_type,Commercial,/fabrics/tencel-linen-blend/,secondary,"Mapped in fabstitch-keyword-map.csv onto an existing URL. Volume, difficulty, and rank are UNKNOWN.",noindex_target,The URL exists and stays noindex. Do not create a replacement page and do not force this URL into the index.
buy tencel plain weave fabric,fabric_type,Commercial,/fabrics/tencel-plain-weave/,secondary,"Mapped in fabstitch-keyword-map.csv onto an existing URL. Volume, difficulty, and rank are UNKNOWN.",noindex_target,The URL exists and stays noindex. Do not create a replacement page and do not force this URL into the index.
buy tencel sateen fabric,fabric_type,Commercial,/fabrics/tencel-sateen/,secondary,"Mapped in fabstitch-keyword-map.csv onto an existing URL. Volume, difficulty, and rank are UNKNOWN.",noindex_target,The URL exists and stays noindex. Do not create a replacement page and do not force this URL into the index.
buy tencel shirting fabric,fabric_type,Commercial,/fabrics/tencel-shirting/,secondary,"Mapped in fabstitch-keyword-map.csv onto an existing URL. Volume, difficulty, and rank are UNKNOWN.",noindex_target,The URL exists and stays noindex. Do not create a replacement page and do not force this URL into the index.
buy tencel twill fabric,fabric_type,Commercial,/fabrics/tencel-twill/,secondary,"Mapped in fabstitch-keyword-map.csv onto an existing URL. Volume, difficulty, and rank are UNKNOWN.",noindex_target,The URL exists and stays noindex. Do not create a replacement page and do not force this URL into the index.
buy travel ponte fabric,fabric_type,Commercial,/fabrics/ponte-travel/,secondary,"Mapped in fabstitch-keyword-map.csv onto an existing URL. Volume, difficulty, and rank are UNKNOWN.",noindex_target,The URL exists and stays noindex. Do not create a replacement page and do not force this URL into the index.
buy ultra-light semi-sheer lounge knit fabric,fabric_type,Commercial,/fabrics/ultra-light-semi-sheer-lounge-knit/,secondary,"Mapped in fabstitch-keyword-map.csv onto an existing URL. Volume, difficulty, and rank are UNKNOWN.",noindex_target,The URL exists and stays noindex. Do not create a replacement page and do not force this URL into the index.
buy undyed wool rug fabric,fabric_type,Commercial,/fabrics/undyed-wool-rug/,secondary,"Mapped in fabstitch-keyword-map.csv onto an existing URL. Volume, difficulty, and rank are UNKNOWN.",noindex_target,The URL exists and stays noindex. Do not create a replacement page and do not force this URL into the index.
buy upholstery bouclé fabric,application,Commercial,/fabrics/upholstery-boucle/,secondary,"Mapped in fabstitch-keyword-map.csv onto an existing URL. Volume, difficulty, and rank are UNKNOWN.",noindex_target,The URL exists and stays noindex. Do not create a replacement page and do not force this URL into the index.
buy voile lawn fabric,fabric_type,Commercial,/fabrics/voile-lawn/,secondary,"Mapped in fabstitch-keyword-map.csv onto an existing URL. Volume, difficulty, and rank are UNKNOWN.",noindex_target,The URL exists and stays noindex. Do not create a replacement page and do not force this URL into the index.
buy washed linen bedding fabric,application,Commercial,/fabrics/washed-linen-bedding/,secondary,"Mapped in fabstitch-keyword-map.csv onto an existing URL. Volume, difficulty, and rank are UNKNOWN.",noindex_target,The URL exists and stays noindex. Do not create a replacement page and do not force this URL into the index.
buy wool alpaca brushed blend fabric,fabric_type,Commercial,/fabrics/wool-alpaca-brushed/,secondary,"Mapped in fabstitch-keyword-map.csv onto an existing URL. Volume, difficulty, and rank are UNKNOWN.",noindex_target,The URL exists and stays noindex. Do not create a replacement page and do not force this URL into the index.
buy wool cashmere melton blend fabric,fabric_type,Commercial,/fabrics/wool-cashmere-melton/,secondary,"Mapped in fabstitch-keyword-map.csv onto an existing URL. Volume, difficulty, and rank are UNKNOWN.",noindex_target,The URL exists and stays noindex. Do not create a replacement page and do not force this URL into the index.
buy wool cotton twill fabric,fabric_type,Commercial,/fabrics/wool-cotton-twill/,secondary,"Mapped in fabstitch-keyword-map.csv onto an existing URL. Volume, difficulty, and rank are UNKNOWN.",noindex_target,The URL exists and stays noindex. Do not create a replacement page and do not force this URL into the index.
buy wool felt upholstery fabric,application,Commercial,/fabrics/wool-felt-upholstery/,secondary,"Mapped in fabstitch-keyword-map.csv onto an existing URL. Volume, difficulty, and rank are UNKNOWN.",noindex_target,The URL exists and stays noindex. Do not create a replacement page and do not force this URL into the index.
buy wool hemp canvas blend fabric,fabric_type,Commercial,/fabrics/wool-hemp-canvas/,secondary,"Mapped in fabstitch-keyword-map.csv onto an existing URL. Volume, difficulty, and rank are UNKNOWN.",noindex_target,The URL exists and stays noindex. Do not create a replacement page and do not force this URL into the index.
buy wool linen open weave blend fabric,fabric_type,Commercial,/fabrics/wool-linen-tailoring-open-weave/,secondary,"Mapped in fabstitch-keyword-map.csv onto an existing URL. Volume, difficulty, and rank are UNKNOWN.",noindex_target,The URL exists and stays noindex. Do not create a replacement page and do not force this URL into the index.
buy wool mohair fresco blend fabric,fabric_type,Commercial,/fabrics/wool-mohair-fresco/,secondary,"Mapped in fabstitch-keyword-map.csv onto an existing URL. Volume, difficulty, and rank are UNKNOWN.",noindex_target,The URL exists and stays noindex. Do not create a replacement page and do not force this URL into the index.
buy wool polyamide crepe fabric,fabric_type,Commercial,/fabrics/wool-polyamide-crepe/,secondary,"Mapped in fabstitch-keyword-map.csv onto an existing URL. Volume, difficulty, and rank are UNKNOWN.",noindex_target,The URL exists and stays noindex. Do not create a replacement page and do not force this URL into the index.
buy wool polyester suiting blend fabric,fabric_type,Commercial,/fabrics/wool-polyester-suiting/,secondary,"Mapped in fabstitch-keyword-map.csv onto an existing URL. Volume, difficulty, and rank are UNKNOWN.",noindex_target,The URL exists and stays noindex. Do not create a replacement page and do not force this URL into the index.
buy wool silk suiting blend fabric,fabric_type,Commercial,/fabrics/wool-silk-suiting/,secondary,"Mapped in fabstitch-keyword-map.csv onto an existing URL. Volume, difficulty, and rank are UNKNOWN.",noindex_target,The URL exists and stays noindex. Do not create a replacement page and do not force this URL into the index.
buy wool viscose twill fabric,fabric_type,Commercial,/fabrics/wool-viscose-twill/,secondary,"Mapped in fabstitch-keyword-map.csv onto an existing URL. Volume, difficulty, and rank are UNKNOWN.",noindex_target,The URL exists and stays noindex. Do not create a replacement page and do not force this URL into the index.
buy wool-linen open weave fabric,fabric_type,Commercial,/fabrics/wool-linen-open-weave/,secondary,"Mapped in fabstitch-keyword-map.csv onto an existing URL. Volume, difficulty, and rank are UNKNOWN.",noindex_target,The URL exists and stays noindex. Do not create a replacement page and do not force this URL into the index.
buy wool-mohair open weave fabric,fabric_type,Commercial,/fabrics/wool-mohair-open-weave/,secondary,"Mapped in fabstitch-keyword-map.csv onto an existing URL. Volume, difficulty, and rank are UNKNOWN.",noindex_target,The URL exists and stays noindex. Do not create a replacement page and do not force this URL into the index.
buy wool-silk bi-stretch fabric,performance,Commercial,/fabrics/wool-silk-bi-stretch/,secondary,"Mapped in fabstitch-keyword-map.csv onto an existing URL. Volume, difficulty, and rank are UNKNOWN.",noindex_target,The URL exists and stays noindex. Do not create a replacement page and do not force this URL into the index.
buy wool-technical hybrid fabric,fabric_type,Commercial,/fabrics/wool-technical-hybrid/,secondary,"Mapped in fabstitch-keyword-map.csv onto an existing URL. Volume, difficulty, and rank are UNKNOWN.",noindex_target,The URL exists and stays noindex. Do not create a replacement page and do not force this URL into the index.
calf hair calf-hair finish,fabric_type,Commercial,/fabrics/calf-hair-finish/,secondary,"Mapped in fabstitch-keyword-map.csv onto an existing URL. Volume, difficulty, and rank are UNKNOWN.",noindex_target,The URL exists and stays noindex. Do not create a replacement page and do not force this URL into the index.
calf-hair finish,fabric_type,Commercial,/fabrics/calf-hair-finish/,secondary,"Mapped in fabstitch-keyword-map.csv onto an existing URL. Volume, difficulty, and rank are UNKNOWN.",noindex_target,The URL exists and stays noindex. Do not create a replacement page and do not force this URL into the index.
calf-hair finish fabric,fabric_type,Commercial,/fabrics/calf-hair-finish/,secondary,"Mapped in fabstitch-keyword-map.csv onto an existing URL. Volume, difficulty, and rank are UNKNOWN.",noindex_target,The URL exists and stays noindex. Do not create a replacement page and do not force this URL into the index.
calf-hair finish fabric online,fabric_type,Commercial,/fabrics/calf-hair-finish/,secondary,"Mapped in fabstitch-keyword-map.csv onto an existing URL. Volume, difficulty, and rank are UNKNOWN.",noindex_target,The URL exists and stays noindex. Do not create a replacement page and do not force this URL into the index.
calf-hair finish textile,fabric_type,Commercial,/fabrics/calf-hair-finish/,secondary,"Mapped in fabstitch-keyword-map.csv onto an existing URL. Volume, difficulty, and rank are UNKNOWN.",noindex_target,The URL exists and stays noindex. Do not create a replacement page and do not force this URL into the index.
casentino wool,fabric_type,Commercial,/fabrics/casentino-wool/,secondary,"Mapped in fabstitch-keyword-map.csv onto an existing URL. Volume, difficulty, and rank are UNKNOWN.",noindex_target,The URL exists and stays noindex. Do not create a replacement page and do not force this URL into the index.
casentino wool fabric,fabric_type,Commercial,/fabrics/casentino-wool/,secondary,"Mapped in fabstitch-keyword-map.csv onto an existing URL. Volume, difficulty, and rank are UNKNOWN.",noindex_target,The URL exists and stays noindex. Do not create a replacement page and do not force this URL into the index.
casentino wool fabric online,fabric_type,Commercial,/fabrics/casentino-wool/,secondary,"Mapped in fabstitch-keyword-map.csv onto an existing URL. Volume, difficulty, and rank are UNKNOWN.",noindex_target,The URL exists and stays noindex. Do not create a replacement page and do not force this URL into the index.
casentino wool for coats,fabric_type,Commercial,/fabrics/casentino-wool/,secondary,"Mapped in fabstitch-keyword-map.csv onto an existing URL. Volume, difficulty, and rank are UNKNOWN.",noindex_target,The URL exists and stays noindex. Do not create a replacement page and do not force this URL into the index.
casentino wool textile,fabric_type,Commercial,/fabrics/casentino-wool/,secondary,"Mapped in fabstitch-keyword-map.csv onto an existing URL. Volume, difficulty, and rank are UNKNOWN.",noindex_target,The URL exists and stays noindex. Do not create a replacement page and do not force this URL into the index.
check,fabric_type,Commercial,/fabrics/check/,secondary,"Mapped in fabstitch-keyword-map.csv onto an existing URL. Volume, difficulty, and rank are UNKNOWN.",noindex_target,The URL exists and stays noindex. Do not create a replacement page and do not force this URL into the index.
check fabric,fabric_type,Commercial,/fabrics/check/,secondary,"Mapped in fabstitch-keyword-map.csv onto an existing URL. Volume, difficulty, and rank are UNKNOWN.",noindex_target,The URL exists and stays noindex. Do not create a replacement page and do not force this URL into the index.
check fabric online,fabric_type,Commercial,/fabrics/check/,secondary,"Mapped in fabstitch-keyword-map.csv onto an existing URL. Volume, difficulty, and rank are UNKNOWN.",noindex_target,The URL exists and stays noindex. Do not create a replacement page and do not force this URL into the index.
check textile,fabric_type,Commercial,/fabrics/check/,secondary,"Mapped in fabstitch-keyword-map.csv onto an existing URL. Volume, difficulty, and rank are UNKNOWN.",noindex_target,The URL exists and stays noindex. Do not create a replacement page and do not force this URL into the index.
classic cotton piqué,fabric_type,Commercial,/fabrics/classic-cotton-pique/,secondary,"Mapped in fabstitch-keyword-map.csv onto an existing URL. Volume, difficulty, and rank are UNKNOWN.",noindex_target,The URL exists and stays noindex. Do not create a replacement page and do not force this URL into the index.
classic cotton piqué fabric,fabric_type,Commercial,/fabrics/classic-cotton-pique/,secondary,"Mapped in fabstitch-keyword-map.csv onto an existing URL. Volume, difficulty, and rank are UNKNOWN.",noindex_target,The URL exists and stays noindex. Do not create a replacement page and do not force this URL into the index.
classic cotton piqué fabric online,fabric_type,Commercial,/fabrics/classic-cotton-pique/,secondary,"Mapped in fabstitch-keyword-map.csv onto an existing URL. Volume, difficulty, and rank are UNKNOWN.",noindex_target,The URL exists and stays noindex. Do not create a replacement page and do not force this URL into the index.
classic cotton piqué for knitwear,fabric_type,Commercial,/fabrics/classic-cotton-pique/,secondary,"Mapped in fabstitch-keyword-map.csv onto an existing URL. Volume, difficulty, and rank are UNKNOWN.",noindex_target,The URL exists and stays noindex. Do not create a replacement page and do not force this URL into the index.
classic cotton piqué for shirts,fabric_type,Commercial,/fabrics/classic-cotton-pique/,secondary,"Mapped in fabstitch-keyword-map.csv onto an existing URL. Volume, difficulty, and rank are UNKNOWN.",noindex_target,The URL exists and stays noindex. Do not create a replacement page and do not force this URL into the index.
classic cotton piqué for workwear jackets,fabric_type,Commercial,/fabrics/classic-cotton-pique/,secondary,"Mapped in fabstitch-keyword-map.csv onto an existing URL. Volume, difficulty, and rank are UNKNOWN.",noindex_target,The URL exists and stays noindex. Do not create a replacement page and do not force this URL into the index.
classic cotton piqué textile,fabric_type,Commercial,/fabrics/classic-cotton-pique/,secondary,"Mapped in fabstitch-keyword-map.csv onto an existing URL. Volume, difficulty, and rank are UNKNOWN.",noindex_target,The URL exists and stays noindex. Do not create a replacement page and do not force this URL into the index.
classic double-knit ponte,fabric_type,Commercial,/fabrics/ponte-double-knit/,secondary,"Mapped in fabstitch-keyword-map.csv onto an existing URL. Volume, difficulty, and rank are UNKNOWN.",noindex_target,The URL exists and stays noindex. Do not create a replacement page and do not force this URL into the index.
classic double-knit ponte fabric,fabric_type,Commercial,/fabrics/ponte-double-knit/,secondary,"Mapped in fabstitch-keyword-map.csv onto an existing URL. Volume, difficulty, and rank are UNKNOWN.",noindex_target,The URL exists and stays noindex. Do not create a replacement page and do not force this URL into the index.
classic double-knit ponte fabric online,fabric_type,Commercial,/fabrics/ponte-double-knit/,secondary,"Mapped in fabstitch-keyword-map.csv onto an existing URL. Volume, difficulty, and rank are UNKNOWN.",noindex_target,The URL exists and stays noindex. Do not create a replacement page and do not force this URL into the index.
classic double-knit ponte for dresses,fabric_type,Commercial,/fabrics/ponte-double-knit/,secondary,"Mapped in fabstitch-keyword-map.csv onto an existing URL. Volume, difficulty, and rank are UNKNOWN.",noindex_target,The URL exists and stays noindex. Do not create a replacement page and do not force this URL into the index.
classic double-knit ponte for jackets,fabric_type,Commercial,/fabrics/ponte-double-knit/,secondary,"Mapped in fabstitch-keyword-map.csv onto an existing URL. Volume, difficulty, and rank are UNKNOWN.",noindex_target,The URL exists and stays noindex. Do not create a replacement page and do not force this URL into the index.
classic double-knit ponte for trousers,fabric_type,Commercial,/fabrics/ponte-double-knit/,secondary,"Mapped in fabstitch-keyword-map.csv onto an existing URL. Volume, difficulty, and rank are UNKNOWN.",noindex_target,The URL exists and stays noindex. Do not create a replacement page and do not force this URL into the index.
classic double-knit ponte textile,fabric_type,Commercial,/fabrics/ponte-double-knit/,secondary,"Mapped in fabstitch-keyword-map.csv onto an existing URL. Volume, difficulty, and rank are UNKNOWN.",noindex_target,The URL exists and stays noindex. Do not create a replacement page and do not force this URL into the index.
classic french terry,fabric_type,Commercial,/fabrics/french-terry-classic/,secondary,"Mapped in fabstitch-keyword-map.csv onto an existing URL. Volume, difficulty, and rank are UNKNOWN.",noindex_target,The URL exists and stays noindex. Do not create a replacement page and do not force this URL into the index.
classic french terry fabric,fabric_type,Commercial,/fabrics/french-terry-classic/,secondary,"Mapped in fabstitch-keyword-map.csv onto an existing URL. Volume, difficulty, and rank are UNKNOWN.",noindex_target,The URL exists and stays noindex. Do not create a replacement page and do not force this URL into the index.
classic french terry fabric online,fabric_type,Commercial,/fabrics/french-terry-classic/,secondary,"Mapped in fabstitch-keyword-map.csv onto an existing URL. Volume, difficulty, and rank are UNKNOWN.",noindex_target,The URL exists and stays noindex. Do not create a replacement page and do not force this URL into the index.
classic french terry for knitwear,fabric_type,Commercial,/fabrics/french-terry-classic/,secondary,"Mapped in fabstitch-keyword-map.csv onto an existing URL. Volume, difficulty, and rank are UNKNOWN.",noindex_target,The URL exists and stays noindex. Do not create a replacement page and do not force this URL into the index.
classic french terry for layering pieces,fabric_type,Commercial,/fabrics/french-terry-classic/,secondary,"Mapped in fabstitch-keyword-map.csv onto an existing URL. Volume, difficulty, and rank are UNKNOWN.",noindex_target,The URL exists and stays noindex. Do not create a replacement page and do not force this URL into the index.
classic french terry for loungewear,fabric_type,Commercial,/fabrics/french-terry-classic/,secondary,"Mapped in fabstitch-keyword-map.csv onto an existing URL. Volume, difficulty, and rank are UNKNOWN.",noindex_target,The URL exists and stays noindex. Do not create a replacement page and do not force this URL into the index.
classic french terry textile,fabric_type,Commercial,/fabrics/french-terry-classic/,secondary,"Mapped in fabstitch-keyword-map.csv onto an existing URL. Volume, difficulty, and rank are UNKNOWN.",noindex_target,The URL exists and stays noindex. Do not create a replacement page and do not force this URL into the index.
classic oxford cotton,fabric_type,Commercial,/fabrics/classic-oxford-cotton/,secondary,"Mapped in fabstitch-keyword-map.csv onto an existing URL. Volume, difficulty, and rank are UNKNOWN.",noindex_target,The URL exists and stays noindex. Do not create a replacement page and do not force this URL into the index.
classic oxford cotton fabric,fabric_type,Commercial,/fabrics/classic-oxford-cotton/,secondary,"Mapped in fabstitch-keyword-map.csv onto an existing URL. Volume, difficulty, and rank are UNKNOWN.",noindex_target,The URL exists and stays noindex. Do not create a replacement page and do not force this URL into the index.
classic oxford cotton fabric online,fabric_type,Commercial,/fabrics/classic-oxford-cotton/,secondary,"Mapped in fabstitch-keyword-map.csv onto an existing URL. Volume, difficulty, and rank are UNKNOWN.",noindex_target,The URL exists and stays noindex. Do not create a replacement page and do not force this URL into the index.
classic oxford cotton for shirts,fabric_type,Commercial,/fabrics/classic-oxford-cotton/,secondary,"Mapped in fabstitch-keyword-map.csv onto an existing URL. Volume, difficulty, and rank are UNKNOWN.",noindex_target,The URL exists and stays noindex. Do not create a replacement page and do not force this URL into the index.
classic oxford cotton for workwear jackets,fabric_type,Commercial,/fabrics/classic-oxford-cotton/,secondary,"Mapped in fabstitch-keyword-map.csv onto an existing URL. Volume, difficulty, and rank are UNKNOWN.",noindex_target,The URL exists and stays noindex. Do not create a replacement page and do not force this URL into the index.
classic oxford cotton textile,fabric_type,Commercial,/fabrics/classic-oxford-cotton/,secondary,"Mapped in fabstitch-keyword-map.csv onto an existing URL. Volume, difficulty, and rank are UNKNOWN.",noindex_target,The URL exists and stays noindex. Do not create a replacement page and do not force this URL into the index.
close plain weave egyptian cotton percale,fabric_type,Commercial,/fabrics/egyptian-cotton-percale/,secondary,"Mapped in fabstitch-keyword-map.csv onto an existing URL. Volume, difficulty, and rank are UNKNOWN.",noindex_target,The URL exists and stays noindex. Do not create a replacement page and do not force this URL into the index.
compact double knit compact ponte,fabric_type,Commercial,/fabrics/ponte-compact/,secondary,"Mapped in fabstitch-keyword-map.csv onto an existing URL. Volume, difficulty, and rank are UNKNOWN.",noindex_target,The URL exists and stays noindex. Do not create a replacement page and do not force this URL into the index.
compact ponte,fabric_type,Commercial,/fabrics/ponte-compact/,secondary,"Mapped in fabstitch-keyword-map.csv onto an existing URL. Volume, difficulty, and rank are UNKNOWN.",noindex_target,The URL exists and stays noindex. Do not create a replacement page and do not force this URL into the index.
compact ponte fabric,fabric_type,Commercial,/fabrics/ponte-compact/,secondary,"Mapped in fabstitch-keyword-map.csv onto an existing URL. Volume, difficulty, and rank are UNKNOWN.",noindex_target,The URL exists and stays noindex. Do not create a replacement page and do not force this URL into the index.
compact ponte fabric online,fabric_type,Commercial,/fabrics/ponte-compact/,secondary,"Mapped in fabstitch-keyword-map.csv onto an existing URL. Volume, difficulty, and rank are UNKNOWN.",noindex_target,The URL exists and stays noindex. Do not create a replacement page and do not force this URL into the index.
compact ponte for full skirts,fabric_type,Commercial,/fabrics/ponte-compact/,secondary,"Mapped in fabstitch-keyword-map.csv onto an existing URL. Volume, difficulty, and rank are UNKNOWN.",noindex_target,The URL exists and stays noindex. Do not create a replacement page and do not force this URL into the index.
compact ponte for soft tailoring,fabric_type,Commercial,/fabrics/ponte-compact/,secondary,"Mapped in fabstitch-keyword-map.csv onto an existing URL. Volume, difficulty, and rank are UNKNOWN.",noindex_target,The URL exists and stays noindex. Do not create a replacement page and do not force this URL into the index.
compact ponte for trousers,fabric_type,Commercial,/fabrics/ponte-compact/,secondary,"Mapped in fabstitch-keyword-map.csv onto an existing URL. Volume, difficulty, and rank are UNKNOWN.",noindex_target,The URL exists and stays noindex. Do not create a replacement page and do not force this URL into the index.
compact ponte textile,fabric_type,Commercial,/fabrics/ponte-compact/,secondary,"Mapped in fabstitch-keyword-map.csv onto an existing URL. Volume, difficulty, and rank are UNKNOWN.",noindex_target,The URL exists and stays noindex. Do not create a replacement page and do not force this URL into the index.
cooling performance construction,fabric_type,Commercial,/fabrics/cooling-performance-construction/,secondary,"Mapped in fabstitch-keyword-map.csv onto an existing URL. Volume, difficulty, and rank are UNKNOWN.",noindex_target,The URL exists and stays noindex. Do not create a replacement page and do not force this URL into the index.
cooling performance construction fabric,fabric_type,Commercial,/fabrics/cooling-performance-construction/,secondary,"Mapped in fabstitch-keyword-map.csv onto an existing URL. Volume, difficulty, and rank are UNKNOWN.",noindex_target,The URL exists and stays noindex. Do not create a replacement page and do not force this URL into the index.
cooling performance construction fabric online,fabric_type,Commercial,/fabrics/cooling-performance-construction/,secondary,"Mapped in fabstitch-keyword-map.csv onto an existing URL. Volume, difficulty, and rank are UNKNOWN.",noindex_target,The URL exists and stays noindex. Do not create a replacement page and do not force this URL into the index.
cooling performance construction for activewear,fabric_type,Commercial,/fabrics/cooling-performance-construction/,secondary,"Mapped in fabstitch-keyword-map.csv onto an existing URL. Volume, difficulty, and rank are UNKNOWN.",noindex_target,The URL exists and stays noindex. Do not create a replacement page and do not force this URL into the index.
cooling performance construction textile,fabric_type,Commercial,/fabrics/cooling-performance-construction/,secondary,"Mapped in fabstitch-keyword-map.csv onto an existing URL. Volume, difficulty, and rank are UNKNOWN.",noindex_target,The URL exists and stays noindex. Do not create a replacement page and do not force this URL into the index.
cotton bouclé knit,fabric_type,Commercial,/fabrics/cotton-boucle-knit/,secondary,"Mapped in fabstitch-keyword-map.csv onto an existing URL. Volume, difficulty, and rank are UNKNOWN.",noindex_target,The URL exists and stays noindex. Do not create a replacement page and do not force this URL into the index.
cotton bouclé knit fabric,fabric_type,Commercial,/fabrics/cotton-boucle-knit/,secondary,"Mapped in fabstitch-keyword-map.csv onto an existing URL. Volume, difficulty, and rank are UNKNOWN.",noindex_target,The URL exists and stays noindex. Do not create a replacement page and do not force this URL into the index.
cotton bouclé knit fabric online,fabric_type,Commercial,/fabrics/cotton-boucle-knit/,secondary,"Mapped in fabstitch-keyword-map.csv onto an existing URL. Volume, difficulty, and rank are UNKNOWN.",noindex_target,The URL exists and stays noindex. Do not create a replacement page and do not force this URL into the index.
cotton bouclé knit for knitwear,fabric_type,Commercial,/fabrics/cotton-boucle-knit/,secondary,"Mapped in fabstitch-keyword-map.csv onto an existing URL. Volume, difficulty, and rank are UNKNOWN.",noindex_target,The URL exists and stays noindex. Do not create a replacement page and do not force this URL into the index.
cotton bouclé knit textile,fabric_type,Commercial,/fabrics/cotton-boucle-knit/,secondary,"Mapped in fabstitch-keyword-map.csv onto an existing URL. Volume, difficulty, and rank are UNKNOWN.",noindex_target,The URL exists and stays noindex. Do not create a replacement page and do not force this URL into the index.
cotton bouclé yarn,fabric_type,Commercial,/fabrics/cotton-boucle-yarn/,secondary,"Mapped in fabstitch-keyword-map.csv onto an existing URL. Volume, difficulty, and rank are UNKNOWN.",noindex_target,The URL exists and stays noindex. Do not create a replacement page and do not force this URL into the index.
cotton bouclé yarn fabric,fabric_type,Commercial,/fabrics/cotton-boucle-yarn/,secondary,"Mapped in fabstitch-keyword-map.csv onto an existing URL. Volume, difficulty, and rank are UNKNOWN.",noindex_target,The URL exists and stays noindex. Do not create a replacement page and do not force this URL into the index.
cotton bouclé yarn fabric online,fabric_type,Commercial,/fabrics/cotton-boucle-yarn/,secondary,"Mapped in fabstitch-keyword-map.csv onto an existing URL. Volume, difficulty, and rank are UNKNOWN.",noindex_target,The URL exists and stays noindex. Do not create a replacement page and do not force this URL into the index.
cotton bouclé yarn for knitwear,fabric_type,Commercial,/fabrics/cotton-boucle-yarn/,secondary,"Mapped in fabstitch-keyword-map.csv onto an existing URL. Volume, difficulty, and rank are UNKNOWN.",noindex_target,The URL exists and stays noindex. Do not create a replacement page and do not force this URL into the index.
cotton bouclé yarn textile,fabric_type,Commercial,/fabrics/cotton-boucle-yarn/,secondary,"Mapped in fabstitch-keyword-map.csv onto an existing URL. Volume, difficulty, and rank are UNKNOWN.",noindex_target,The URL exists and stays noindex. Do not create a replacement page and do not force this URL into the index.
cotton cotton bouclé knit,fabric_type,Commercial,/fabrics/cotton-boucle-knit/,secondary,"Mapped in fabstitch-keyword-map.csv onto an existing URL. Volume, difficulty, and rank are UNKNOWN.",noindex_target,The URL exists and stays noindex. Do not create a replacement page and do not force this URL into the index.
cotton cotton moleskin,fabric_type,Commercial,/fabrics/cotton-moleskin/,secondary,"Mapped in fabstitch-keyword-map.csv onto an existing URL. Volume, difficulty, and rank are UNKNOWN.",noindex_target,The URL exists and stays noindex. Do not create a replacement page and do not force this URL into the index.
cotton cotton organdy,fabric_type,Commercial,/fabrics/cotton-organdy/,secondary,"Mapped in fabstitch-keyword-map.csv onto an existing URL. Volume, difficulty, and rank are UNKNOWN.",noindex_target,The URL exists and stays noindex. Do not create a replacement page and do not force this URL into the index.
cotton cotton velveteen,fabric_type,Commercial,/fabrics/cotton-velveteen/,secondary,"Mapped in fabstitch-keyword-map.csv onto an existing URL. Volume, difficulty, and rank are UNKNOWN.",noindex_target,The URL exists and stays noindex. Do not create a replacement page and do not force this URL into the index.
cotton crinkle cotton,fabric_type,Commercial,/fabrics/crinkle-cotton/,secondary,"Mapped in fabstitch-keyword-map.csv onto an existing URL. Volume, difficulty, and rank are UNKNOWN.",noindex_target,The URL exists and stays noindex. Do not create a replacement page and do not force this URL into the index.
cotton khadi-effect cotton,fabric_type,Commercial,/fabrics/khadi-effect-cotton/,secondary,"Mapped in fabstitch-keyword-map.csv onto an existing URL. Volume, difficulty, and rank are UNKNOWN.",noindex_target,The URL exists and stays noindex. Do not create a replacement page and do not force this URL into the index.
cotton lawn,fabric_type,Commercial,/fabrics/cotton-lawn/,secondary,"Mapped in fabstitch-keyword-map.csv onto an existing URL. Volume, difficulty, and rank are UNKNOWN.",noindex_target,The URL exists and stays noindex. Do not create a replacement page and do not force this URL into the index.
cotton lawn fabric,fabric_type,Commercial,/fabrics/cotton-lawn/,secondary,"Mapped in fabstitch-keyword-map.csv onto an existing URL. Volume, difficulty, and rank are UNKNOWN.",noindex_target,The URL exists and stays noindex. Do not create a replacement page and do not force this URL into the index.
cotton lawn fabric online,fabric_type,Commercial,/fabrics/cotton-lawn/,secondary,"Mapped in fabstitch-keyword-map.csv onto an existing URL. Volume, difficulty, and rank are UNKNOWN.",noindex_target,The URL exists and stays noindex. Do not create a replacement page and do not force this URL into the index.
cotton lawn for blouses,fabric_type,Commercial,/fabrics/cotton-lawn/,secondary,"Mapped in fabstitch-keyword-map.csv onto an existing URL. Volume, difficulty, and rank are UNKNOWN.",noindex_target,The URL exists and stays noindex. Do not create a replacement page and do not force this URL into the index.
cotton lawn for dresses,fabric_type,Commercial,/fabrics/cotton-lawn/,secondary,"Mapped in fabstitch-keyword-map.csv onto an existing URL. Volume, difficulty, and rank are UNKNOWN.",noindex_target,The URL exists and stays noindex. Do not create a replacement page and do not force this URL into the index.
cotton lawn for shirts,fabric_type,Commercial,/fabrics/cotton-lawn/,secondary,"Mapped in fabstitch-keyword-map.csv onto an existing URL. Volume, difficulty, and rank are UNKNOWN.",noindex_target,The URL exists and stays noindex. Do not create a replacement page and do not force this URL into the index.
cotton lawn textile,fabric_type,Commercial,/fabrics/cotton-lawn/,secondary,"Mapped in fabstitch-keyword-map.csv onto an existing URL. Volume, difficulty, and rank are UNKNOWN.",noindex_target,The URL exists and stays noindex. Do not create a replacement page and do not force this URL into the index.
cotton modal french terry,fabric_type,Commercial,/fabrics/french-terry-modal/,secondary,"Mapped in fabstitch-keyword-map.csv onto an existing URL. Volume, difficulty, and rank are UNKNOWN.",noindex_target,The URL exists and stays noindex. Do not create a replacement page and do not force this URL into the index.
cotton modal french terry fabric,fabric_type,Commercial,/fabrics/french-terry-modal/,secondary,"Mapped in fabstitch-keyword-map.csv onto an existing URL. Volume, difficulty, and rank are UNKNOWN.",noindex_target,The URL exists and stays noindex. Do not create a replacement page and do not force this URL into the index.
cotton modal french terry fabric online,fabric_type,Commercial,/fabrics/french-terry-modal/,secondary,"Mapped in fabstitch-keyword-map.csv onto an existing URL. Volume, difficulty, and rank are UNKNOWN.",noindex_target,The URL exists and stays noindex. Do not create a replacement page and do not force this URL into the index.
cotton modal french terry for dresses,fabric_type,Commercial,/fabrics/french-terry-modal/,secondary,"Mapped in fabstitch-keyword-map.csv onto an existing URL. Volume, difficulty, and rank are UNKNOWN.",noindex_target,The URL exists and stays noindex. Do not create a replacement page and do not force this URL into the index.
cotton modal french terry for knitwear,fabric_type,Commercial,/fabrics/french-terry-modal/,secondary,"Mapped in fabstitch-keyword-map.csv onto an existing URL. Volume, difficulty, and rank are UNKNOWN.",noindex_target,The URL exists and stays noindex. Do not create a replacement page and do not force this URL into the index.
cotton modal french terry for loungewear,fabric_type,Commercial,/fabrics/french-terry-modal/,secondary,"Mapped in fabstitch-keyword-map.csv onto an existing URL. Volume, difficulty, and rank are UNKNOWN.",noindex_target,The URL exists and stays noindex. Do not create a replacement page and do not force this URL into the index.
cotton modal french terry textile,fabric_type,Commercial,/fabrics/french-terry-modal/,secondary,"Mapped in fabstitch-keyword-map.csv onto an existing URL. Volume, difficulty, and rank are UNKNOWN.",noindex_target,The URL exists and stays noindex. Do not create a replacement page and do not force this URL into the index.
cotton moleskin,fabric_type,Commercial,/fabrics/cotton-moleskin/,secondary,"Mapped in fabstitch-keyword-map.csv onto an existing URL. Volume, difficulty, and rank are UNKNOWN.",noindex_target,The URL exists and stays noindex. Do not create a replacement page and do not force this URL into the index.
cotton moleskin fabric,fabric_type,Commercial,/fabrics/cotton-moleskin/,secondary,"Mapped in fabstitch-keyword-map.csv onto an existing URL. Volume, difficulty, and rank are UNKNOWN.",noindex_target,The URL exists and stays noindex. Do not create a replacement page and do not force this URL into the index.
cotton moleskin fabric online,fabric_type,Commercial,/fabrics/cotton-moleskin/,secondary,"Mapped in fabstitch-keyword-map.csv onto an existing URL. Volume, difficulty, and rank are UNKNOWN.",noindex_target,The URL exists and stays noindex. Do not create a replacement page and do not force this URL into the index.
cotton moleskin for workwear jackets,fabric_type,Commercial,/fabrics/cotton-moleskin/,secondary,"Mapped in fabstitch-keyword-map.csv onto an existing URL. Volume, difficulty, and rank are UNKNOWN.",noindex_target,The URL exists and stays noindex. Do not create a replacement page and do not force this URL into the index.
cotton moleskin for workwear trousers,fabric_type,Commercial,/fabrics/cotton-moleskin/,secondary,"Mapped in fabstitch-keyword-map.csv onto an existing URL. Volume, difficulty, and rank are UNKNOWN.",noindex_target,The URL exists and stays noindex. Do not create a replacement page and do not force this URL into the index.
cotton moleskin textile,fabric_type,Commercial,/fabrics/cotton-moleskin/,secondary,"Mapped in fabstitch-keyword-map.csv onto an existing URL. Volume, difficulty, and rank are UNKNOWN.",noindex_target,The URL exists and stays noindex. Do not create a replacement page and do not force this URL into the index.
cotton organdy,fabric_type,Commercial,/fabrics/cotton-organdy/,secondary,"Mapped in fabstitch-keyword-map.csv onto an existing URL. Volume, difficulty, and rank are UNKNOWN.",noindex_target,The URL exists and stays noindex. Do not create a replacement page and do not force this URL into the index.
cotton organdy fabric online,fabric_type,Commercial,/fabrics/cotton-organdy/,secondary,"Mapped in fabstitch-keyword-map.csv onto an existing URL. Volume, difficulty, and rank are UNKNOWN.",noindex_target,The URL exists and stays noindex. Do not create a replacement page and do not force this URL into the index.
cotton organdy for layering pieces,fabric_type,Commercial,/fabrics/cotton-organdy/,secondary,"Mapped in fabstitch-keyword-map.csv onto an existing URL. Volume, difficulty, and rank are UNKNOWN.",noindex_target,The URL exists and stays noindex. Do not create a replacement page and do not force this URL into the index.
cotton organdy textile,fabric_type,Commercial,/fabrics/cotton-organdy/,secondary,"Mapped in fabstitch-keyword-map.csv onto an existing URL. Volume, difficulty, and rank are UNKNOWN.",noindex_target,The URL exists and stays noindex. Do not create a replacement page and do not force this URL into the index.
cotton rayon ponte,fabric_type,Commercial,/fabrics/ponte-cotton-rayon/,secondary,"Mapped in fabstitch-keyword-map.csv onto an existing URL. Volume, difficulty, and rank are UNKNOWN.",noindex_target,The URL exists and stays noindex. Do not create a replacement page and do not force this URL into the index.
cotton rayon ponte fabric,fabric_type,Commercial,/fabrics/ponte-cotton-rayon/,secondary,"Mapped in fabstitch-keyword-map.csv onto an existing URL. Volume, difficulty, and rank are UNKNOWN.",noindex_target,The URL exists and stays noindex. Do not create a replacement page and do not force this URL into the index.
cotton rayon ponte fabric online,fabric_type,Commercial,/fabrics/ponte-cotton-rayon/,secondary,"Mapped in fabstitch-keyword-map.csv onto an existing URL. Volume, difficulty, and rank are UNKNOWN.",noindex_target,The URL exists and stays noindex. Do not create a replacement page and do not force this URL into the index.
cotton rayon ponte for dresses,fabric_type,Commercial,/fabrics/ponte-cotton-rayon/,secondary,"Mapped in fabstitch-keyword-map.csv onto an existing URL. Volume, difficulty, and rank are UNKNOWN.",noindex_target,The URL exists and stays noindex. Do not create a replacement page and do not force this URL into the index.
cotton rayon ponte for trousers,fabric_type,Commercial,/fabrics/ponte-cotton-rayon/,secondary,"Mapped in fabstitch-keyword-map.csv onto an existing URL. Volume, difficulty, and rank are UNKNOWN.",noindex_target,The URL exists and stays noindex. Do not create a replacement page and do not force this URL into the index.
cotton rayon ponte for workwear jackets,fabric_type,Commercial,/fabrics/ponte-cotton-rayon/,secondary,"Mapped in fabstitch-keyword-map.csv onto an existing URL. Volume, difficulty, and rank are UNKNOWN.",noindex_target,The URL exists and stays noindex. Do not create a replacement page and do not force this URL into the index.
cotton rayon ponte textile,fabric_type,Commercial,/fabrics/ponte-cotton-rayon/,secondary,"Mapped in fabstitch-keyword-map.csv onto an existing URL. Volume, difficulty, and rank are UNKNOWN.",noindex_target,The URL exists and stays noindex. Do not create a replacement page and do not force this URL into the index.
cotton slub cotton,fabric_type,Commercial,/fabrics/slub-cotton/,secondary,"Mapped in fabstitch-keyword-map.csv onto an existing URL. Volume, difficulty, and rank are UNKNOWN.",noindex_target,The URL exists and stays noindex. Do not create a replacement page and do not force this URL into the index.
cotton velveteen,fabric_type,Commercial,/fabrics/cotton-velveteen/,secondary,"Mapped in fabstitch-keyword-map.csv onto an existing URL. Volume, difficulty, and rank are UNKNOWN.",noindex_target,The URL exists and stays noindex. Do not create a replacement page and do not force this URL into the index.
cotton velveteen fabric,fabric_type,Commercial,/fabrics/cotton-velveteen/,secondary,"Mapped in fabstitch-keyword-map.csv onto an existing URL. Volume, difficulty, and rank are UNKNOWN.",noindex_target,The URL exists and stays noindex. Do not create a replacement page and do not force this URL into the index.
cotton velveteen fabric online,fabric_type,Commercial,/fabrics/cotton-velveteen/,secondary,"Mapped in fabstitch-keyword-map.csv onto an existing URL. Volume, difficulty, and rank are UNKNOWN.",noindex_target,The URL exists and stays noindex. Do not create a replacement page and do not force this URL into the index.
cotton velveteen textile,fabric_type,Commercial,/fabrics/cotton-velveteen/,secondary,"Mapped in fabstitch-keyword-map.csv onto an existing URL. Volume, difficulty, and rank are UNKNOWN.",noindex_target,The URL exists and stays noindex. Do not create a replacement page and do not force this URL into the index.
cotton-rich piqué,fabric_type,Commercial,/fabrics/cotton-rich-pique/,secondary,"Mapped in fabstitch-keyword-map.csv onto an existing URL. Volume, difficulty, and rank are UNKNOWN.",noindex_target,The URL exists and stays noindex. Do not create a replacement page and do not force this URL into the index.
cotton-rich piqué fabric,fabric_type,Commercial,/fabrics/cotton-rich-pique/,secondary,"Mapped in fabstitch-keyword-map.csv onto an existing URL. Volume, difficulty, and rank are UNKNOWN.",noindex_target,The URL exists and stays noindex. Do not create a replacement page and do not force this URL into the index.
cotton-rich piqué fabric online,fabric_type,Commercial,/fabrics/cotton-rich-pique/,secondary,"Mapped in fabstitch-keyword-map.csv onto an existing URL. Volume, difficulty, and rank are UNKNOWN.",noindex_target,The URL exists and stays noindex. Do not create a replacement page and do not force this URL into the index.
cotton-rich piqué for loungewear,fabric_type,Commercial,/fabrics/cotton-rich-pique/,secondary,"Mapped in fabstitch-keyword-map.csv onto an existing URL. Volume, difficulty, and rank are UNKNOWN.",noindex_target,The URL exists and stays noindex. Do not create a replacement page and do not force this URL into the index.
cotton-rich piqué for shirts,fabric_type,Commercial,/fabrics/cotton-rich-pique/,secondary,"Mapped in fabstitch-keyword-map.csv onto an existing URL. Volume, difficulty, and rank are UNKNOWN.",noindex_target,The URL exists and stays noindex. Do not create a replacement page and do not force this URL into the index.
cotton-rich piqué for workwear jackets,fabric_type,Commercial,/fabrics/cotton-rich-pique/,secondary,"Mapped in fabstitch-keyword-map.csv onto an existing URL. Volume, difficulty, and rank are UNKNOWN.",noindex_target,The URL exists and stays noindex. Do not create a replacement page and do not force this URL into the index.
cotton-rich piqué textile,fabric_type,Commercial,/fabrics/cotton-rich-pique/,secondary,"Mapped in fabstitch-keyword-map.csv onto an existing URL. Volume, difficulty, and rank are UNKNOWN.",noindex_target,The URL exists and stays noindex. Do not create a replacement page and do not force this URL into the index.
"cotton, linen or blends crochet-effect knit",fabric_type,Commercial,/fabrics/crochet-effect-knit/,secondary,"Mapped in fabstitch-keyword-map.csv onto an existing URL. Volume, difficulty, and rank are UNKNOWN.",noindex_target,The URL exists and stays noindex. Do not create a replacement page and do not force this URL into the index.
"cotton, linen or blends open-stitch knit",fabric_type,Commercial,/fabrics/open-stitch-knit/,secondary,"Mapped in fabstitch-keyword-map.csv onto an existing URL. Volume, difficulty, and rank are UNKNOWN.",noindex_target,The URL exists and stays noindex. Do not create a replacement page and do not force this URL into the index.
covert membrane-backed covert,fabric_type,Commercial,/fabrics/membrane-backed-covert/,secondary,"Mapped in fabstitch-keyword-map.csv onto an existing URL. Volume, difficulty, and rank are UNKNOWN.",noindex_target,The URL exists and stays noindex. Do not create a replacement page and do not force this URL into the index.
crepe de chine,fabric_type,Commercial,/fabrics/crepe-de-chine/,secondary,"Mapped in fabstitch-keyword-map.csv onto an existing URL. Volume, difficulty, and rank are UNKNOWN.",noindex_target,The URL exists and stays noindex. Do not create a replacement page and do not force this URL into the index.
crepe de chine fabric online,fabric_type,Commercial,/fabrics/crepe-de-chine/,secondary,"Mapped in fabstitch-keyword-map.csv onto an existing URL. Volume, difficulty, and rank are UNKNOWN.",noindex_target,The URL exists and stays noindex. Do not create a replacement page and do not force this URL into the index.
crepe de chine for linings,fabric_type,Commercial,/fabrics/crepe-de-chine/,secondary,"Mapped in fabstitch-keyword-map.csv onto an existing URL. Volume, difficulty, and rank are UNKNOWN.",noindex_target,The URL exists and stays noindex. Do not create a replacement page and do not force this URL into the index.
crepe de chine for shirts,fabric_type,Commercial,/fabrics/crepe-de-chine/,secondary,"Mapped in fabstitch-keyword-map.csv onto an existing URL. Volume, difficulty, and rank are UNKNOWN.",noindex_target,The URL exists and stays noindex. Do not create a replacement page and do not force this URL into the index.
crepe de chine for slip dresses,fabric_type,Commercial,/fabrics/crepe-de-chine/,secondary,"Mapped in fabstitch-keyword-map.csv onto an existing URL. Volume, difficulty, and rank are UNKNOWN.",noindex_target,The URL exists and stays noindex. Do not create a replacement page and do not force this URL into the index.
crepe de chine textile,fabric_type,Commercial,/fabrics/crepe-de-chine/,secondary,"Mapped in fabstitch-keyword-map.csv onto an existing URL. Volume, difficulty, and rank are UNKNOWN.",noindex_target,The URL exists and stays noindex. Do not create a replacement page and do not force this URL into the index.
crepe weave silk chiffon crepe,fabric_type,Commercial,/fabrics/silk-chiffon-crepe/,secondary,"Mapped in fabstitch-keyword-map.csv onto an existing URL. Volume, difficulty, and rank are UNKNOWN.",noindex_target,The URL exists and stays noindex. Do not create a replacement page and do not force this URL into the index.
crepe weave silk crepe,fabric_type,Commercial,/fabrics/silk-crepe/,secondary,"Mapped in fabstitch-keyword-map.csv onto an existing URL. Volume, difficulty, and rank are UNKNOWN.",noindex_target,The URL exists and stays noindex. Do not create a replacement page and do not force this URL into the index.
crepe weave wool polyamide crepe,fabric_type,Commercial,/fabrics/wool-polyamide-crepe/,secondary,"Mapped in fabstitch-keyword-map.csv onto an existing URL. Volume, difficulty, and rank are UNKNOWN.",noindex_target,The URL exists and stays noindex. Do not create a replacement page and do not force this URL into the index.
crinkle chiffon,fabric_type,Commercial,/fabrics/crinkle-chiffon/,secondary,"Mapped in fabstitch-keyword-map.csv onto an existing URL. Volume, difficulty, and rank are UNKNOWN.",noindex_target,The URL exists and stays noindex. Do not create a replacement page and do not force this URL into the index.
crinkle chiffon fabric,fabric_type,Commercial,/fabrics/crinkle-chiffon/,secondary,"Mapped in fabstitch-keyword-map.csv onto an existing URL. Volume, difficulty, and rank are UNKNOWN.",noindex_target,The URL exists and stays noindex. Do not create a replacement page and do not force this URL into the index.
crinkle chiffon fabric online,fabric_type,Commercial,/fabrics/crinkle-chiffon/,secondary,"Mapped in fabstitch-keyword-map.csv onto an existing URL. Volume, difficulty, and rank are UNKNOWN.",noindex_target,The URL exists and stays noindex. Do not create a replacement page and do not force this URL into the index.
crinkle chiffon for dresses,fabric_type,Commercial,/fabrics/crinkle-chiffon/,secondary,"Mapped in fabstitch-keyword-map.csv onto an existing URL. Volume, difficulty, and rank are UNKNOWN.",noindex_target,The URL exists and stays noindex. Do not create a replacement page and do not force this URL into the index.
crinkle chiffon for overlays,fabric_type,Commercial,/fabrics/crinkle-chiffon/,secondary,"Mapped in fabstitch-keyword-map.csv onto an existing URL. Volume, difficulty, and rank are UNKNOWN.",noindex_target,The URL exists and stays noindex. Do not create a replacement page and do not force this URL into the index.
crinkle chiffon for scarves,fabric_type,Commercial,/fabrics/crinkle-chiffon/,secondary,"Mapped in fabstitch-keyword-map.csv onto an existing URL. Volume, difficulty, and rank are UNKNOWN.",noindex_target,The URL exists and stays noindex. Do not create a replacement page and do not force this URL into the index.
crinkle chiffon textile,fabric_type,Commercial,/fabrics/crinkle-chiffon/,secondary,"Mapped in fabstitch-keyword-map.csv onto an existing URL. Volume, difficulty, and rank are UNKNOWN.",noindex_target,The URL exists and stays noindex. Do not create a replacement page and do not force this URL into the index.
crinkle cotton,fabric_type,Commercial,/fabrics/crinkle-cotton/,secondary,"Mapped in fabstitch-keyword-map.csv onto an existing URL. Volume, difficulty, and rank are UNKNOWN.",noindex_target,The URL exists and stays noindex. Do not create a replacement page and do not force this URL into the index.
crinkle cotton fabric online,fabric_type,Commercial,/fabrics/crinkle-cotton/,secondary,"Mapped in fabstitch-keyword-map.csv onto an existing URL. Volume, difficulty, and rank are UNKNOWN.",noindex_target,The URL exists and stays noindex. Do not create a replacement page and do not force this URL into the index.
crinkle cotton textile,fabric_type,Commercial,/fabrics/crinkle-cotton/,secondary,"Mapped in fabstitch-keyword-map.csv onto an existing URL. Volume, difficulty, and rank are UNKNOWN.",noindex_target,The URL exists and stays noindex. Do not create a replacement page and do not force this URL into the index.
crinkled plain weave crinkle chiffon,fabric_type,Commercial,/fabrics/crinkle-chiffon/,secondary,"Mapped in fabstitch-keyword-map.csv onto an existing URL. Volume, difficulty, and rank are UNKNOWN.",noindex_target,The URL exists and stays noindex. Do not create a replacement page and do not force this URL into the index.
crochet effect crochet-effect knit,fabric_type,Commercial,/fabrics/crochet-effect-knit/,secondary,"Mapped in fabstitch-keyword-map.csv onto an existing URL. Volume, difficulty, and rank are UNKNOWN.",noindex_target,The URL exists and stays noindex. Do not create a replacement page and do not force this URL into the index.
crochet-effect knit,fabric_type,Commercial,/fabrics/crochet-effect-knit/,secondary,"Mapped in fabstitch-keyword-map.csv onto an existing URL. Volume, difficulty, and rank are UNKNOWN.",noindex_target,The URL exists and stays noindex. Do not create a replacement page and do not force this URL into the index.
crochet-effect knit fabric,fabric_type,Commercial,/fabrics/crochet-effect-knit/,secondary,"Mapped in fabstitch-keyword-map.csv onto an existing URL. Volume, difficulty, and rank are UNKNOWN.",noindex_target,The URL exists and stays noindex. Do not create a replacement page and do not force this URL into the index.
crochet-effect knit fabric online,fabric_type,Commercial,/fabrics/crochet-effect-knit/,secondary,"Mapped in fabstitch-keyword-map.csv onto an existing URL. Volume, difficulty, and rank are UNKNOWN.",noindex_target,The URL exists and stays noindex. Do not create a replacement page and do not force this URL into the index.
crochet-effect knit for resortwear,fabric_type,Commercial,/fabrics/crochet-effect-knit/,secondary,"Mapped in fabstitch-keyword-map.csv onto an existing URL. Volume, difficulty, and rank are UNKNOWN.",noindex_target,The URL exists and stays noindex. Do not create a replacement page and do not force this URL into the index.
crochet-effect knit textile,fabric_type,Commercial,/fabrics/crochet-effect-knit/,secondary,"Mapped in fabstitch-keyword-map.csv onto an existing URL. Volume, difficulty, and rank are UNKNOWN.",noindex_target,The URL exists and stays noindex. Do not create a replacement page and do not force this URL into the index.
crossover swimwear fabric,fabric_type,Commercial,/fabrics/crossover-swimwear-fabric/,secondary,"Mapped in fabstitch-keyword-map.csv onto an existing URL. Volume, difficulty, and rank are UNKNOWN.",noindex_target,The URL exists and stays noindex. Do not create a replacement page and do not force this URL into the index.
crossover swimwear fabric fabric,fabric_type,Commercial,/fabrics/crossover-swimwear-fabric/,secondary,"Mapped in fabstitch-keyword-map.csv onto an existing URL. Volume, difficulty, and rank are UNKNOWN.",noindex_target,The URL exists and stays noindex. Do not create a replacement page and do not force this URL into the index.
crossover swimwear fabric fabric online,fabric_type,Commercial,/fabrics/crossover-swimwear-fabric/,secondary,"Mapped in fabstitch-keyword-map.csv onto an existing URL. Volume, difficulty, and rank are UNKNOWN.",noindex_target,The URL exists and stays noindex. Do not create a replacement page and do not force this URL into the index.
crossover swimwear fabric for citywear,application,Commercial,/fabrics/crossover-swimwear-fabric/,secondary,"Mapped in fabstitch-keyword-map.csv onto an existing URL. Volume, difficulty, and rank are UNKNOWN.",noindex_target,The URL exists and stays noindex. Do not create a replacement page and do not force this URL into the index.
crossover swimwear fabric for loungewear,application,Commercial,/fabrics/crossover-swimwear-fabric/,secondary,"Mapped in fabstitch-keyword-map.csv onto an existing URL. Volume, difficulty, and rank are UNKNOWN.",noindex_target,The URL exists and stays noindex. Do not create a replacement page and do not force this URL into the index.
crossover swimwear fabric for swimwear,application,Commercial,/fabrics/crossover-swimwear-fabric/,secondary,"Mapped in fabstitch-keyword-map.csv onto an existing URL. Volume, difficulty, and rank are UNKNOWN.",noindex_target,The URL exists and stays noindex. Do not create a replacement page and do not force this URL into the index.
crossover swimwear fabric textile,fabric_type,Commercial,/fabrics/crossover-swimwear-fabric/,secondary,"Mapped in fabstitch-keyword-map.csv onto an existing URL. Volume, difficulty, and rank are UNKNOWN.",noindex_target,The URL exists and stays noindex. Do not create a replacement page and do not force this URL into the index.
crushed velvet,fabric_type,Commercial,/fabrics/crushed-velvet/,secondary,"Mapped in fabstitch-keyword-map.csv onto an existing URL. Volume, difficulty, and rank are UNKNOWN.",noindex_target,The URL exists and stays noindex. Do not create a replacement page and do not force this URL into the index.
crushed velvet fabric online,fabric_type,Commercial,/fabrics/crushed-velvet/,secondary,"Mapped in fabstitch-keyword-map.csv onto an existing URL. Volume, difficulty, and rank are UNKNOWN.",noindex_target,The URL exists and stays noindex. Do not create a replacement page and do not force this URL into the index.
crushed velvet textile,fabric_type,Commercial,/fabrics/crushed-velvet/,secondary,"Mapped in fabstitch-keyword-map.csv onto an existing URL. Volume, difficulty, and rank are UNKNOWN.",noindex_target,The URL exists and stays noindex. Do not create a replacement page and do not force this URL into the index.
curled ricciolo surface casentino wool,fabric_type,Commercial,/fabrics/casentino-wool/,secondary,"Mapped in fabstitch-keyword-map.csv onto an existing URL. Volume, difficulty, and rank are UNKNOWN.",noindex_target,The URL exists and stays noindex. Do not create a replacement page and do not force this URL into the index.
damask deconstructed damask,fabric_type,Commercial,/fabrics/deconstructed-damask/,secondary,"Mapped in fabstitch-keyword-map.csv onto an existing URL. Volume, difficulty, and rank are UNKNOWN.",noindex_target,The URL exists and stays noindex. Do not create a replacement page and do not force this URL into the index.
deconstructed damask,fabric_type,Commercial,/fabrics/deconstructed-damask/,secondary,"Mapped in fabstitch-keyword-map.csv onto an existing URL. Volume, difficulty, and rank are UNKNOWN.",noindex_target,The URL exists and stays noindex. Do not create a replacement page and do not force this URL into the index.
deconstructed damask fabric,fabric_type,Commercial,/fabrics/deconstructed-damask/,secondary,"Mapped in fabstitch-keyword-map.csv onto an existing URL. Volume, difficulty, and rank are UNKNOWN.",noindex_target,The URL exists and stays noindex. Do not create a replacement page and do not force this URL into the index.
deconstructed damask fabric online,fabric_type,Commercial,/fabrics/deconstructed-damask/,secondary,"Mapped in fabstitch-keyword-map.csv onto an existing URL. Volume, difficulty, and rank are UNKNOWN.",noindex_target,The URL exists and stays noindex. Do not create a replacement page and do not force this URL into the index.
deconstructed damask textile,fabric_type,Commercial,/fabrics/deconstructed-damask/,secondary,"Mapped in fabstitch-keyword-map.csv onto an existing URL. Volume, difficulty, and rank are UNKNOWN.",noindex_target,The URL exists and stays noindex. Do not create a replacement page and do not force this URL into the index.
deconstructed jacquard,fabric_type,Commercial,/fabrics/deconstructed-jacquard/,secondary,"Mapped in fabstitch-keyword-map.csv onto an existing URL. Volume, difficulty, and rank are UNKNOWN.",noindex_target,The URL exists and stays noindex. Do not create a replacement page and do not force this URL into the index.
deconstructed jacquard fabric,fabric_type,Commercial,/fabrics/deconstructed-jacquard/,secondary,"Mapped in fabstitch-keyword-map.csv onto an existing URL. Volume, difficulty, and rank are UNKNOWN.",noindex_target,The URL exists and stays noindex. Do not create a replacement page and do not force this URL into the index.
deconstructed jacquard fabric online,fabric_type,Commercial,/fabrics/deconstructed-jacquard/,secondary,"Mapped in fabstitch-keyword-map.csv onto an existing URL. Volume, difficulty, and rank are UNKNOWN.",noindex_target,The URL exists and stays noindex. Do not create a replacement page and do not force this URL into the index.
deconstructed jacquard textile,fabric_type,Commercial,/fabrics/deconstructed-jacquard/,secondary,"Mapped in fabstitch-keyword-map.csv onto an existing URL. Volume, difficulty, and rank are UNKNOWN.",noindex_target,The URL exists and stays noindex. Do not create a replacement page and do not force this URL into the index.
denim twill tencel denim,fabric_type,Commercial,/fabrics/tencel-denim/,secondary,"Mapped in fabstitch-keyword-map.csv onto an existing URL. Volume, difficulty, and rank are UNKNOWN.",noindex_target,The URL exists and stays noindex. Do not create a replacement page and do not force this URL into the index.
dense ponte double knit classic double-knit ponte,fabric_type,Commercial,/fabrics/ponte-double-knit/,secondary,"Mapped in fabstitch-keyword-map.csv onto an existing URL. Volume, difficulty, and rank are UNKNOWN.",noindex_target,The URL exists and stays noindex. Do not create a replacement page and do not force this URL into the index.
dense sueded twill cotton moleskin,fabric_type,Commercial,/fabrics/cotton-moleskin/,secondary,"Mapped in fabstitch-keyword-map.csv onto an existing URL. Volume, difficulty, and rank are UNKNOWN.",noindex_target,The URL exists and stays noindex. Do not create a replacement page and do not force this URL into the index.
donegal tweed,fabric_type,Commercial,/fabrics/donegal-tweed/,secondary,"Mapped in fabstitch-keyword-map.csv onto an existing URL. Volume, difficulty, and rank are UNKNOWN.",noindex_target,The URL exists and stays noindex. Do not create a replacement page and do not force this URL into the index.
donegal tweed donegal tweed,fabric_type,Commercial,/fabrics/donegal-tweed/,secondary,"Mapped in fabstitch-keyword-map.csv onto an existing URL. Volume, difficulty, and rank are UNKNOWN.",noindex_target,The URL exists and stays noindex. Do not create a replacement page and do not force this URL into the index.
donegal tweed fabric,fabric_type,Commercial,/fabrics/donegal-tweed/,secondary,"Mapped in fabstitch-keyword-map.csv onto an existing URL. Volume, difficulty, and rank are UNKNOWN.",noindex_target,The URL exists and stays noindex. Do not create a replacement page and do not force this URL into the index.
donegal tweed fabric online,fabric_type,Commercial,/fabrics/donegal-tweed/,secondary,"Mapped in fabstitch-keyword-map.csv onto an existing URL. Volume, difficulty, and rank are UNKNOWN.",noindex_target,The URL exists and stays noindex. Do not create a replacement page and do not force this URL into the index.
donegal tweed textile,fabric_type,Commercial,/fabrics/donegal-tweed/,secondary,"Mapped in fabstitch-keyword-map.csv onto an existing URL. Volume, difficulty, and rank are UNKNOWN.",noindex_target,The URL exists and stays noindex. Do not create a replacement page and do not force this URL into the index.
double cotton piqué,fabric_type,Commercial,/fabrics/double-cotton-pique/,secondary,"Mapped in fabstitch-keyword-map.csv onto an existing URL. Volume, difficulty, and rank are UNKNOWN.",noindex_target,The URL exists and stays noindex. Do not create a replacement page and do not force this URL into the index.
double cotton piqué fabric,fabric_type,Commercial,/fabrics/double-cotton-pique/,secondary,"Mapped in fabstitch-keyword-map.csv onto an existing URL. Volume, difficulty, and rank are UNKNOWN.",noindex_target,The URL exists and stays noindex. Do not create a replacement page and do not force this URL into the index.
double cotton piqué fabric online,fabric_type,Commercial,/fabrics/double-cotton-pique/,secondary,"Mapped in fabstitch-keyword-map.csv onto an existing URL. Volume, difficulty, and rank are UNKNOWN.",noindex_target,The URL exists and stays noindex. Do not create a replacement page and do not force this URL into the index.
double cotton piqué for jackets,fabric_type,Commercial,/fabrics/double-cotton-pique/,secondary,"Mapped in fabstitch-keyword-map.csv onto an existing URL. Volume, difficulty, and rank are UNKNOWN.",noindex_target,The URL exists and stays noindex. Do not create a replacement page and do not force this URL into the index.
double cotton piqué for layering pieces,fabric_type,Commercial,/fabrics/double-cotton-pique/,secondary,"Mapped in fabstitch-keyword-map.csv onto an existing URL. Volume, difficulty, and rank are UNKNOWN.",noindex_target,The URL exists and stays noindex. Do not create a replacement page and do not force this URL into the index.
double cotton piqué for shirts,fabric_type,Commercial,/fabrics/double-cotton-pique/,secondary,"Mapped in fabstitch-keyword-map.csv onto an existing URL. Volume, difficulty, and rank are UNKNOWN.",noindex_target,The URL exists and stays noindex. Do not create a replacement page and do not force this URL into the index.
double cotton piqué textile,fabric_type,Commercial,/fabrics/double-cotton-pique/,secondary,"Mapped in fabstitch-keyword-map.csv onto an existing URL. Volume, difficulty, and rank are UNKNOWN.",noindex_target,The URL exists and stays noindex. Do not create a replacement page and do not force this URL into the index.
double piqué knit double cotton piqué,fabric_type,Commercial,/fabrics/double-cotton-pique/,secondary,"Mapped in fabstitch-keyword-map.csv onto an existing URL. Volume, difficulty, and rank are UNKNOWN.",noindex_target,The URL exists and stays noindex. Do not create a replacement page and do not force this URL into the index.
double-face wool,fabric_type,Commercial,/fabrics/double-face-wool/,secondary,"Mapped in fabstitch-keyword-map.csv onto an existing URL. Volume, difficulty, and rank are UNKNOWN.",noindex_target,The URL exists and stays noindex. Do not create a replacement page and do not force this URL into the index.
double-face wool fabric,fabric_type,Commercial,/fabrics/double-face-wool/,secondary,"Mapped in fabstitch-keyword-map.csv onto an existing URL. Volume, difficulty, and rank are UNKNOWN.",noindex_target,The URL exists and stays noindex. Do not create a replacement page and do not force this URL into the index.
double-face wool fabric online,fabric_type,Commercial,/fabrics/double-face-wool/,secondary,"Mapped in fabstitch-keyword-map.csv onto an existing URL. Volume, difficulty, and rank are UNKNOWN.",noindex_target,The URL exists and stays noindex. Do not create a replacement page and do not force this URL into the index.
double-face wool for unlined coats,fabric_type,Commercial,/fabrics/double-face-wool/,secondary,"Mapped in fabstitch-keyword-map.csv onto an existing URL. Volume, difficulty, and rank are UNKNOWN.",noindex_target,The URL exists and stays noindex. Do not create a replacement page and do not force this URL into the index.
double-face wool textile,fabric_type,Commercial,/fabrics/double-face-wool/,secondary,"Mapped in fabstitch-keyword-map.csv onto an existing URL. Volume, difficulty, and rank are UNKNOWN.",noindex_target,The URL exists and stays noindex. Do not create a replacement page and do not force this URL into the index.
double-layer chiffon,fabric_type,Commercial,/fabrics/double-layer-chiffon/,secondary,"Mapped in fabstitch-keyword-map.csv onto an existing URL. Volume, difficulty, and rank are UNKNOWN.",noindex_target,The URL exists and stays noindex. Do not create a replacement page and do not force this URL into the index.
double-layer chiffon fabric,fabric_type,Commercial,/fabrics/double-layer-chiffon/,secondary,"Mapped in fabstitch-keyword-map.csv onto an existing URL. Volume, difficulty, and rank are UNKNOWN.",noindex_target,The URL exists and stays noindex. Do not create a replacement page and do not force this URL into the index.
double-layer chiffon fabric online,fabric_type,Commercial,/fabrics/double-layer-chiffon/,secondary,"Mapped in fabstitch-keyword-map.csv onto an existing URL. Volume, difficulty, and rank are UNKNOWN.",noindex_target,The URL exists and stays noindex. Do not create a replacement page and do not force this URL into the index.
double-layer chiffon for blouses,fabric_type,Commercial,/fabrics/double-layer-chiffon/,secondary,"Mapped in fabstitch-keyword-map.csv onto an existing URL. Volume, difficulty, and rank are UNKNOWN.",noindex_target,The URL exists and stays noindex. Do not create a replacement page and do not force this URL into the index.
double-layer chiffon for dresses,fabric_type,Commercial,/fabrics/double-layer-chiffon/,secondary,"Mapped in fabstitch-keyword-map.csv onto an existing URL. Volume, difficulty, and rank are UNKNOWN.",noindex_target,The URL exists and stays noindex. Do not create a replacement page and do not force this URL into the index.
double-layer chiffon for overlays,fabric_type,Commercial,/fabrics/double-layer-chiffon/,secondary,"Mapped in fabstitch-keyword-map.csv onto an existing URL. Volume, difficulty, and rank are UNKNOWN.",noindex_target,The URL exists and stays noindex. Do not create a replacement page and do not force this URL into the index.
double-layer chiffon textile,fabric_type,Commercial,/fabrics/double-layer-chiffon/,secondary,"Mapped in fabstitch-keyword-map.csv onto an existing URL. Volume, difficulty, and rank are UNKNOWN.",noindex_target,The URL exists and stays noindex. Do not create a replacement page and do not force this URL into the index.
down-alternative fill,fabric_type,Commercial,/fabrics/down-alternative-fill/,secondary,"Mapped in fabstitch-keyword-map.csv onto an existing URL. Volume, difficulty, and rank are UNKNOWN.",noindex_target,The URL exists and stays noindex. Do not create a replacement page and do not force this URL into the index.
down-alternative fill fabric,fabric_type,Commercial,/fabrics/down-alternative-fill/,secondary,"Mapped in fabstitch-keyword-map.csv onto an existing URL. Volume, difficulty, and rank are UNKNOWN.",noindex_target,The URL exists and stays noindex. Do not create a replacement page and do not force this URL into the index.
down-alternative fill fabric online,fabric_type,Commercial,/fabrics/down-alternative-fill/,secondary,"Mapped in fabstitch-keyword-map.csv onto an existing URL. Volume, difficulty, and rank are UNKNOWN.",noindex_target,The URL exists and stays noindex. Do not create a replacement page and do not force this URL into the index.
down-alternative fill for garment insulation,fabric_type,Commercial,/fabrics/down-alternative-fill/,secondary,"Mapped in fabstitch-keyword-map.csv onto an existing URL. Volume, difficulty, and rank are UNKNOWN.",noindex_target,The URL exists and stays noindex. Do not create a replacement page and do not force this URL into the index.
down-alternative fill textile,fabric_type,Commercial,/fabrics/down-alternative-fill/,secondary,"Mapped in fabstitch-keyword-map.csv onto an existing URL. Volume, difficulty, and rank are UNKNOWN.",noindex_target,The URL exists and stays noindex. Do not create a replacement page and do not force this URL into the index.
egyptian cotton broadcloth,fabric_type,Commercial,/fabrics/egyptian-cotton-broadcloth/,secondary,"Mapped in fabstitch-keyword-map.csv onto an existing URL. Volume, difficulty, and rank are UNKNOWN.",noindex_target,The URL exists and stays noindex. Do not create a replacement page and do not force this URL into the index.
egyptian cotton broadcloth fabric,fabric_type,Commercial,/fabrics/egyptian-cotton-broadcloth/,secondary,"Mapped in fabstitch-keyword-map.csv onto an existing URL. Volume, difficulty, and rank are UNKNOWN.",noindex_target,The URL exists and stays noindex. Do not create a replacement page and do not force this URL into the index.
egyptian cotton broadcloth fabric online,fabric_type,Commercial,/fabrics/egyptian-cotton-broadcloth/,secondary,"Mapped in fabstitch-keyword-map.csv onto an existing URL. Volume, difficulty, and rank are UNKNOWN.",noindex_target,The URL exists and stays noindex. Do not create a replacement page and do not force this URL into the index.
egyptian cotton broadcloth for blouses,fabric_type,Commercial,/fabrics/egyptian-cotton-broadcloth/,secondary,"Mapped in fabstitch-keyword-map.csv onto an existing URL. Volume, difficulty, and rank are UNKNOWN.",noindex_target,The URL exists and stays noindex. Do not create a replacement page and do not force this URL into the index.
egyptian cotton broadcloth for shirts,fabric_type,Commercial,/fabrics/egyptian-cotton-broadcloth/,secondary,"Mapped in fabstitch-keyword-map.csv onto an existing URL. Volume, difficulty, and rank are UNKNOWN.",noindex_target,The URL exists and stays noindex. Do not create a replacement page and do not force this URL into the index.
egyptian cotton broadcloth for workwear jackets,fabric_type,Commercial,/fabrics/egyptian-cotton-broadcloth/,secondary,"Mapped in fabstitch-keyword-map.csv onto an existing URL. Volume, difficulty, and rank are UNKNOWN.",noindex_target,The URL exists and stays noindex. Do not create a replacement page and do not force this URL into the index.
egyptian cotton broadcloth textile,fabric_type,Commercial,/fabrics/egyptian-cotton-broadcloth/,secondary,"Mapped in fabstitch-keyword-map.csv onto an existing URL. Volume, difficulty, and rank are UNKNOWN.",noindex_target,The URL exists and stays noindex. Do not create a replacement page and do not force this URL into the index.
egyptian cotton flannel,fabric_type,Commercial,/fabrics/egyptian-cotton-flannel/,secondary,"Mapped in fabstitch-keyword-map.csv onto an existing URL. Volume, difficulty, and rank are UNKNOWN.",noindex_target,The URL exists and stays noindex. Do not create a replacement page and do not force this URL into the index.
egyptian cotton flannel fabric,fabric_type,Commercial,/fabrics/egyptian-cotton-flannel/,secondary,"Mapped in fabstitch-keyword-map.csv onto an existing URL. Volume, difficulty, and rank are UNKNOWN.",noindex_target,The URL exists and stays noindex. Do not create a replacement page and do not force this URL into the index.
egyptian cotton flannel fabric online,fabric_type,Commercial,/fabrics/egyptian-cotton-flannel/,secondary,"Mapped in fabstitch-keyword-map.csv onto an existing URL. Volume, difficulty, and rank are UNKNOWN.",noindex_target,The URL exists and stays noindex. Do not create a replacement page and do not force this URL into the index.
egyptian cotton flannel for bedding,application,Commercial,/fabrics/egyptian-cotton-flannel/,secondary,"Mapped in fabstitch-keyword-map.csv onto an existing URL. Volume, difficulty, and rank are UNKNOWN.",noindex_target,The URL exists and stays noindex. Do not create a replacement page and do not force this URL into the index.
egyptian cotton flannel for loungewear,fabric_type,Commercial,/fabrics/egyptian-cotton-flannel/,secondary,"Mapped in fabstitch-keyword-map.csv onto an existing URL. Volume, difficulty, and rank are UNKNOWN.",noindex_target,The URL exists and stays noindex. Do not create a replacement page and do not force this URL into the index.
egyptian cotton flannel for shirts,fabric_type,Commercial,/fabrics/egyptian-cotton-flannel/,secondary,"Mapped in fabstitch-keyword-map.csv onto an existing URL. Volume, difficulty, and rank are UNKNOWN.",noindex_target,The URL exists and stays noindex. Do not create a replacement page and do not force this URL into the index.
egyptian cotton flannel textile,fabric_type,Commercial,/fabrics/egyptian-cotton-flannel/,secondary,"Mapped in fabstitch-keyword-map.csv onto an existing URL. Volume, difficulty, and rank are UNKNOWN.",noindex_target,The URL exists and stays noindex. Do not create a replacement page and do not force this URL into the index.
egyptian cotton percale,fabric_type,Commercial,/fabrics/egyptian-cotton-percale/,secondary,"Mapped in fabstitch-keyword-map.csv onto an existing URL. Volume, difficulty, and rank are UNKNOWN.",noindex_target,The URL exists and stays noindex. Do not create a replacement page and do not force this URL into the index.
egyptian cotton percale fabric,fabric_type,Commercial,/fabrics/egyptian-cotton-percale/,secondary,"Mapped in fabstitch-keyword-map.csv onto an existing URL. Volume, difficulty, and rank are UNKNOWN.",noindex_target,The URL exists and stays noindex. Do not create a replacement page and do not force this URL into the index.
egyptian cotton percale fabric online,fabric_type,Commercial,/fabrics/egyptian-cotton-percale/,secondary,"Mapped in fabstitch-keyword-map.csv onto an existing URL. Volume, difficulty, and rank are UNKNOWN.",noindex_target,The URL exists and stays noindex. Do not create a replacement page and do not force this URL into the index.
egyptian cotton percale for bedding,application,Commercial,/fabrics/egyptian-cotton-percale/,secondary,"Mapped in fabstitch-keyword-map.csv onto an existing URL. Volume, difficulty, and rank are UNKNOWN.",noindex_target,The URL exists and stays noindex. Do not create a replacement page and do not force this URL into the index.
egyptian cotton percale for dresses,fabric_type,Commercial,/fabrics/egyptian-cotton-percale/,secondary,"Mapped in fabstitch-keyword-map.csv onto an existing URL. Volume, difficulty, and rank are UNKNOWN.",noindex_target,The URL exists and stays noindex. Do not create a replacement page and do not force this URL into the index.
egyptian cotton percale for shirts,fabric_type,Commercial,/fabrics/egyptian-cotton-percale/,secondary,"Mapped in fabstitch-keyword-map.csv onto an existing URL. Volume, difficulty, and rank are UNKNOWN.",noindex_target,The URL exists and stays noindex. Do not create a replacement page and do not force this URL into the index.
egyptian cotton percale textile,fabric_type,Commercial,/fabrics/egyptian-cotton-percale/,secondary,"Mapped in fabstitch-keyword-map.csv onto an existing URL. Volume, difficulty, and rank are UNKNOWN.",noindex_target,The URL exists and stays noindex. Do not create a replacement page and do not force this URL into the index.
egyptian cotton poplin,fabric_type,Commercial,/fabrics/egyptian-cotton-poplin/,secondary,"Mapped in fabstitch-keyword-map.csv onto an existing URL. Volume, difficulty, and rank are UNKNOWN.",noindex_target,The URL exists and stays noindex. Do not create a replacement page and do not force this URL into the index.
egyptian cotton poplin fabric,fabric_type,Commercial,/fabrics/egyptian-cotton-poplin/,secondary,"Mapped in fabstitch-keyword-map.csv onto an existing URL. Volume, difficulty, and rank are UNKNOWN.",noindex_target,The URL exists and stays noindex. Do not create a replacement page and do not force this URL into the index.
egyptian cotton poplin fabric online,fabric_type,Commercial,/fabrics/egyptian-cotton-poplin/,secondary,"Mapped in fabstitch-keyword-map.csv onto an existing URL. Volume, difficulty, and rank are UNKNOWN.",noindex_target,The URL exists and stays noindex. Do not create a replacement page and do not force this URL into the index.
egyptian cotton poplin for blouses,fabric_type,Commercial,/fabrics/egyptian-cotton-poplin/,secondary,"Mapped in fabstitch-keyword-map.csv onto an existing URL. Volume, difficulty, and rank are UNKNOWN.",noindex_target,The URL exists and stays noindex. Do not create a replacement page and do not force this URL into the index.
egyptian cotton poplin for shirts,fabric_type,Commercial,/fabrics/egyptian-cotton-poplin/,secondary,"Mapped in fabstitch-keyword-map.csv onto an existing URL. Volume, difficulty, and rank are UNKNOWN.",noindex_target,The URL exists and stays noindex. Do not create a replacement page and do not force this URL into the index.
egyptian cotton poplin for workwear jackets,fabric_type,Commercial,/fabrics/egyptian-cotton-poplin/,secondary,"Mapped in fabstitch-keyword-map.csv onto an existing URL. Volume, difficulty, and rank are UNKNOWN.",noindex_target,The URL exists and stays noindex. Do not create a replacement page and do not force this URL into the index.
egyptian cotton poplin textile,fabric_type,Commercial,/fabrics/egyptian-cotton-poplin/,secondary,"Mapped in fabstitch-keyword-map.csv onto an existing URL. Volume, difficulty, and rank are UNKNOWN.",noindex_target,The URL exists and stays noindex. Do not create a replacement page and do not force this URL into the index.
egyptian cotton sateen,fabric_type,Commercial,/fabrics/egyptian-cotton-sateen/,secondary,"Mapped in fabstitch-keyword-map.csv onto an existing URL. Volume, difficulty, and rank are UNKNOWN.",noindex_target,The URL exists and stays noindex. Do not create a replacement page and do not force this URL into the index.
egyptian cotton sateen fabric,fabric_type,Commercial,/fabrics/egyptian-cotton-sateen/,secondary,"Mapped in fabstitch-keyword-map.csv onto an existing URL. Volume, difficulty, and rank are UNKNOWN.",noindex_target,The URL exists and stays noindex. Do not create a replacement page and do not force this URL into the index.
egyptian cotton sateen fabric online,fabric_type,Commercial,/fabrics/egyptian-cotton-sateen/,secondary,"Mapped in fabstitch-keyword-map.csv onto an existing URL. Volume, difficulty, and rank are UNKNOWN.",noindex_target,The URL exists and stays noindex. Do not create a replacement page and do not force this URL into the index.
egyptian cotton sateen for bedding,application,Commercial,/fabrics/egyptian-cotton-sateen/,secondary,"Mapped in fabstitch-keyword-map.csv onto an existing URL. Volume, difficulty, and rank are UNKNOWN.",noindex_target,The URL exists and stays noindex. Do not create a replacement page and do not force this URL into the index.
egyptian cotton sateen for blouses,fabric_type,Commercial,/fabrics/egyptian-cotton-sateen/,secondary,"Mapped in fabstitch-keyword-map.csv onto an existing URL. Volume, difficulty, and rank are UNKNOWN.",noindex_target,The URL exists and stays noindex. Do not create a replacement page and do not force this URL into the index.
egyptian cotton sateen for dresses,fabric_type,Commercial,/fabrics/egyptian-cotton-sateen/,secondary,"Mapped in fabstitch-keyword-map.csv onto an existing URL. Volume, difficulty, and rank are UNKNOWN.",noindex_target,The URL exists and stays noindex. Do not create a replacement page and do not force this URL into the index.
egyptian cotton sateen textile,fabric_type,Commercial,/fabrics/egyptian-cotton-sateen/,secondary,"Mapped in fabstitch-keyword-map.csv onto an existing URL. Volume, difficulty, and rank are UNKNOWN.",noindex_target,The URL exists and stays noindex. Do not create a replacement page and do not force this URL into the index.
egyptian cotton seersucker,fabric_type,Commercial,/fabrics/egyptian-cotton-seersucker/,secondary,"Mapped in fabstitch-keyword-map.csv onto an existing URL. Volume, difficulty, and rank are UNKNOWN.",noindex_target,The URL exists and stays noindex. Do not create a replacement page and do not force this URL into the index.
egyptian cotton seersucker fabric,fabric_type,Commercial,/fabrics/egyptian-cotton-seersucker/,secondary,"Mapped in fabstitch-keyword-map.csv onto an existing URL. Volume, difficulty, and rank are UNKNOWN.",noindex_target,The URL exists and stays noindex. Do not create a replacement page and do not force this URL into the index.
egyptian cotton seersucker fabric online,fabric_type,Commercial,/fabrics/egyptian-cotton-seersucker/,secondary,"Mapped in fabstitch-keyword-map.csv onto an existing URL. Volume, difficulty, and rank are UNKNOWN.",noindex_target,The URL exists and stays noindex. Do not create a replacement page and do not force this URL into the index.
egyptian cotton seersucker for dresses,fabric_type,Commercial,/fabrics/egyptian-cotton-seersucker/,secondary,"Mapped in fabstitch-keyword-map.csv onto an existing URL. Volume, difficulty, and rank are UNKNOWN.",noindex_target,The URL exists and stays noindex. Do not create a replacement page and do not force this URL into the index.
egyptian cotton seersucker for resortwear,fabric_type,Commercial,/fabrics/egyptian-cotton-seersucker/,secondary,"Mapped in fabstitch-keyword-map.csv onto an existing URL. Volume, difficulty, and rank are UNKNOWN.",noindex_target,The URL exists and stays noindex. Do not create a replacement page and do not force this URL into the index.
egyptian cotton seersucker for shirts,fabric_type,Commercial,/fabrics/egyptian-cotton-seersucker/,secondary,"Mapped in fabstitch-keyword-map.csv onto an existing URL. Volume, difficulty, and rank are UNKNOWN.",noindex_target,The URL exists and stays noindex. Do not create a replacement page and do not force this URL into the index.
egyptian cotton seersucker textile,fabric_type,Commercial,/fabrics/egyptian-cotton-seersucker/,secondary,"Mapped in fabstitch-keyword-map.csv onto an existing URL. Volume, difficulty, and rank are UNKNOWN.",noindex_target,The URL exists and stays noindex. Do not create a replacement page and do not force this URL into the index.
egyptian cotton twill,fabric_type,Commercial,/fabrics/egyptian-cotton-twill/,secondary,"Mapped in fabstitch-keyword-map.csv onto an existing URL. Volume, difficulty, and rank are UNKNOWN.",noindex_target,The URL exists and stays noindex. Do not create a replacement page and do not force this URL into the index.
egyptian cotton twill fabric,fabric_type,Commercial,/fabrics/egyptian-cotton-twill/,secondary,"Mapped in fabstitch-keyword-map.csv onto an existing URL. Volume, difficulty, and rank are UNKNOWN.",noindex_target,The URL exists and stays noindex. Do not create a replacement page and do not force this URL into the index.
egyptian cotton twill fabric online,fabric_type,Commercial,/fabrics/egyptian-cotton-twill/,secondary,"Mapped in fabstitch-keyword-map.csv onto an existing URL. Volume, difficulty, and rank are UNKNOWN.",noindex_target,The URL exists and stays noindex. Do not create a replacement page and do not force this URL into the index.
egyptian cotton twill for shirts,fabric_type,Commercial,/fabrics/egyptian-cotton-twill/,secondary,"Mapped in fabstitch-keyword-map.csv onto an existing URL. Volume, difficulty, and rank are UNKNOWN.",noindex_target,The URL exists and stays noindex. Do not create a replacement page and do not force this URL into the index.
egyptian cotton twill for trousers,fabric_type,Commercial,/fabrics/egyptian-cotton-twill/,secondary,"Mapped in fabstitch-keyword-map.csv onto an existing URL. Volume, difficulty, and rank are UNKNOWN.",noindex_target,The URL exists and stays noindex. Do not create a replacement page and do not force this URL into the index.
egyptian cotton twill for workwear jackets,fabric_type,Commercial,/fabrics/egyptian-cotton-twill/,secondary,"Mapped in fabstitch-keyword-map.csv onto an existing URL. Volume, difficulty, and rank are UNKNOWN.",noindex_target,The URL exists and stays noindex. Do not create a replacement page and do not force this URL into the index.
egyptian cotton twill textile,fabric_type,Commercial,/fabrics/egyptian-cotton-twill/,secondary,"Mapped in fabstitch-keyword-map.csv onto an existing URL. Volume, difficulty, and rank are UNKNOWN.",noindex_target,The URL exists and stays noindex. Do not create a replacement page and do not force this URL into the index.
egyptian cotton voile,fabric_type,Commercial,/fabrics/egyptian-cotton-voile/,secondary,"Mapped in fabstitch-keyword-map.csv onto an existing URL. Volume, difficulty, and rank are UNKNOWN.",noindex_target,The URL exists and stays noindex. Do not create a replacement page and do not force this URL into the index.
egyptian cotton voile fabric,fabric_type,Commercial,/fabrics/egyptian-cotton-voile/,secondary,"Mapped in fabstitch-keyword-map.csv onto an existing URL. Volume, difficulty, and rank are UNKNOWN.",noindex_target,The URL exists and stays noindex. Do not create a replacement page and do not force this URL into the index.
egyptian cotton voile fabric online,fabric_type,Commercial,/fabrics/egyptian-cotton-voile/,secondary,"Mapped in fabstitch-keyword-map.csv onto an existing URL. Volume, difficulty, and rank are UNKNOWN.",noindex_target,The URL exists and stays noindex. Do not create a replacement page and do not force this URL into the index.
egyptian cotton voile for blouses,fabric_type,Commercial,/fabrics/egyptian-cotton-voile/,secondary,"Mapped in fabstitch-keyword-map.csv onto an existing URL. Volume, difficulty, and rank are UNKNOWN.",noindex_target,The URL exists and stays noindex. Do not create a replacement page and do not force this URL into the index.
egyptian cotton voile for dresses,fabric_type,Commercial,/fabrics/egyptian-cotton-voile/,secondary,"Mapped in fabstitch-keyword-map.csv onto an existing URL. Volume, difficulty, and rank are UNKNOWN.",noindex_target,The URL exists and stays noindex. Do not create a replacement page and do not force this URL into the index.
egyptian cotton voile for overlays,fabric_type,Commercial,/fabrics/egyptian-cotton-voile/,secondary,"Mapped in fabstitch-keyword-map.csv onto an existing URL. Volume, difficulty, and rank are UNKNOWN.",noindex_target,The URL exists and stays noindex. Do not create a replacement page and do not force this URL into the index.
egyptian cotton voile textile,fabric_type,Commercial,/fabrics/egyptian-cotton-voile/,secondary,"Mapped in fabstitch-keyword-map.csv onto an existing URL. Volume, difficulty, and rank are UNKNOWN.",noindex_target,The URL exists and stays noindex. Do not create a replacement page and do not force this URL into the index.
embroidered cotton lawn,fabric_type,Commercial,/fabrics/embroidered-cotton-lawn/,secondary,"Mapped in fabstitch-keyword-map.csv onto an existing URL. Volume, difficulty, and rank are UNKNOWN.",noindex_target,The URL exists and stays noindex. Do not create a replacement page and do not force this URL into the index.
embroidered cotton lawn fabric,fabric_type,Commercial,/fabrics/embroidered-cotton-lawn/,secondary,"Mapped in fabstitch-keyword-map.csv onto an existing URL. Volume, difficulty, and rank are UNKNOWN.",noindex_target,The URL exists and stays noindex. Do not create a replacement page and do not force this URL into the index.
embroidered cotton lawn fabric online,fabric_type,Commercial,/fabrics/embroidered-cotton-lawn/,secondary,"Mapped in fabstitch-keyword-map.csv onto an existing URL. Volume, difficulty, and rank are UNKNOWN.",noindex_target,The URL exists and stays noindex. Do not create a replacement page and do not force this URL into the index.
embroidered cotton lawn for blouses,fabric_type,Commercial,/fabrics/embroidered-cotton-lawn/,secondary,"Mapped in fabstitch-keyword-map.csv onto an existing URL. Volume, difficulty, and rank are UNKNOWN.",noindex_target,The URL exists and stays noindex. Do not create a replacement page and do not force this URL into the index.
embroidered cotton lawn for dresses,fabric_type,Commercial,/fabrics/embroidered-cotton-lawn/,secondary,"Mapped in fabstitch-keyword-map.csv onto an existing URL. Volume, difficulty, and rank are UNKNOWN.",noindex_target,The URL exists and stays noindex. Do not create a replacement page and do not force this URL into the index.
embroidered cotton lawn for overlays,fabric_type,Commercial,/fabrics/embroidered-cotton-lawn/,secondary,"Mapped in fabstitch-keyword-map.csv onto an existing URL. Volume, difficulty, and rank are UNKNOWN.",noindex_target,The URL exists and stays noindex. Do not create a replacement page and do not force this URL into the index.
embroidered cotton lawn textile,fabric_type,Commercial,/fabrics/embroidered-cotton-lawn/,secondary,"Mapped in fabstitch-keyword-map.csv onto an existing URL. Volume, difficulty, and rank are UNKNOWN.",noindex_target,The URL exists and stays noindex. Do not create a replacement page and do not force this URL into the index.
fabric for acoustic drapes acoustic-rated,application,Commercial,/fabrics/acoustic-rated-drape/,secondary,"Mapped in fabstitch-keyword-map.csv onto an existing URL. Volume, difficulty, and rank are UNKNOWN.",noindex_target,The URL exists and stays noindex. Do not create a replacement page and do not force this URL into the index.
fabric for activewear cooling,application,Commercial,/fabrics/cooling-performance-construction/,secondary,"Mapped in fabstitch-keyword-map.csv onto an existing URL. Volume, difficulty, and rank are UNKNOWN.",noindex_target,The URL exists and stays noindex. Do not create a replacement page and do not force this URL into the index.
fabric for activewear honeycomb,application,Commercial,/fabrics/honeycomb-cotton-pique/,secondary,"Mapped in fabstitch-keyword-map.csv onto an existing URL. Volume, difficulty, and rank are UNKNOWN.",noindex_target,The URL exists and stays noindex. Do not create a replacement page and do not force this URL into the index.
fabric for activewear retro,application,Commercial,/fabrics/retro-sportif-knit/,secondary,"Mapped in fabstitch-keyword-map.csv onto an existing URL. Volume, difficulty, and rank are UNKNOWN.",noindex_target,The URL exists and stays noindex. Do not create a replacement page and do not force this URL into the index.
fabric for activewear stretch,performance,Commercial,/fabrics/stretch-cotton-pique/,secondary,"Mapped in fabstitch-keyword-map.csv onto an existing URL. Volume, difficulty, and rank are UNKNOWN.",noindex_target,The URL exists and stays noindex. Do not create a replacement page and do not force this URL into the index.
fabric for baselayers fine,application,Commercial,/fabrics/fine-cotton-pique/,secondary,"Mapped in fabstitch-keyword-map.csv onto an existing URL. Volume, difficulty, and rank are UNKNOWN.",noindex_target,The URL exists and stays noindex. Do not create a replacement page and do not force this URL into the index.
fabric for baselayers lightweight,application,Commercial,/fabrics/french-terry-lightweight/,secondary,"Mapped in fabstitch-keyword-map.csv onto an existing URL. Volume, difficulty, and rank are UNKNOWN.",noindex_target,The URL exists and stays noindex. Do not create a replacement page and do not force this URL into the index.
fabric for baselayers mercerized,application,Commercial,/fabrics/mercerized-cotton-jersey/,secondary,"Mapped in fabstitch-keyword-map.csv onto an existing URL. Volume, difficulty, and rank are UNKNOWN.",noindex_target,The URL exists and stays noindex. Do not create a replacement page and do not force this URL into the index.
fabric for baselayers organic,application,Commercial,/fabrics/french-terry-organic/,secondary,"Mapped in fabstitch-keyword-map.csv onto an existing URL. Volume, difficulty, and rank are UNKNOWN.",noindex_target,The URL exists and stays noindex. Do not create a replacement page and do not force this URL into the index.
fabric for baselayers pima,application,Commercial,/fabrics/pima-cotton-jersey/,secondary,"Mapped in fabstitch-keyword-map.csv onto an existing URL. Volume, difficulty, and rank are UNKNOWN.",noindex_target,The URL exists and stays noindex. Do not create a replacement page and do not force this URL into the index.
fabric for baselayers stretch,performance,Commercial,/fabrics/french-terry-stretch/,secondary,"Mapped in fabstitch-keyword-map.csv onto an existing URL. Volume, difficulty, and rank are UNKNOWN.",noindex_target,The URL exists and stays noindex. Do not create a replacement page and do not force this URL into the index.
fabric for baselayers tencel,application,Commercial,/fabrics/tencel-jersey/,secondary,"Mapped in fabstitch-keyword-map.csv onto an existing URL. Volume, difficulty, and rank are UNKNOWN.",noindex_target,The URL exists and stays noindex. Do not create a replacement page and do not force this URL into the index.
fabric for bedding egyptian,application,Commercial,/fabrics/egyptian-cotton-percale/,secondary,"Mapped in fabstitch-keyword-map.csv onto an existing URL. Volume, difficulty, and rank are UNKNOWN.",noindex_target,The URL exists and stays noindex. Do not create a replacement page and do not force this URL into the index.
fabric for bedding long-staple,application,Commercial,/fabrics/long-staple-cotton-percale/,secondary,"Mapped in fabstitch-keyword-map.csv onto an existing URL. Volume, difficulty, and rank are UNKNOWN.",noindex_target,The URL exists and stays noindex. Do not create a replacement page and do not force this URL into the index.
fabric for bedding lyocell-blend,application,Commercial,/fabrics/lyocell-blend-bedding/,secondary,"Mapped in fabstitch-keyword-map.csv onto an existing URL. Volume, difficulty, and rank are UNKNOWN.",noindex_target,The URL exists and stays noindex. Do not create a replacement page and do not force this URL into the index.
fabric for bedding washed,application,Commercial,/fabrics/washed-linen-bedding/,secondary,"Mapped in fabstitch-keyword-map.csv onto an existing URL. Volume, difficulty, and rank are UNKNOWN.",noindex_target,The URL exists and stays noindex. Do not create a replacement page and do not force this URL into the index.
fabric for blouses batiste,application,Commercial,/fabrics/batiste-lawn/,secondary,"Mapped in fabstitch-keyword-map.csv onto an existing URL. Volume, difficulty, and rank are UNKNOWN.",noindex_target,The URL exists and stays noindex. Do not create a replacement page and do not force this URL into the index.
fabric for blouses cotton,application,Commercial,/fabrics/cotton-lawn/,secondary,"Mapped in fabstitch-keyword-map.csv onto an existing URL. Volume, difficulty, and rank are UNKNOWN.",noindex_target,The URL exists and stays noindex. Do not create a replacement page and do not force this URL into the index.
fabric for blouses double-layer,application,Commercial,/fabrics/double-layer-chiffon/,secondary,"Mapped in fabstitch-keyword-map.csv onto an existing URL. Volume, difficulty, and rank are UNKNOWN.",noindex_target,The URL exists and stays noindex. Do not create a replacement page and do not force this URL into the index.
fabric for blouses egyptian,application,Commercial,/fabrics/egyptian-cotton-poplin/,secondary,"Mapped in fabstitch-keyword-map.csv onto an existing URL. Volume, difficulty, and rank are UNKNOWN.",noindex_target,The URL exists and stays noindex. Do not create a replacement page and do not force this URL into the index.
fabric for blouses embroidered,application,Commercial,/fabrics/embroidered-cotton-lawn/,secondary,"Mapped in fabstitch-keyword-map.csv onto an existing URL. Volume, difficulty, and rank are UNKNOWN.",noindex_target,The URL exists and stays noindex. Do not create a replacement page and do not force this URL into the index.
fabric for blouses matte,application,Commercial,/fabrics/matte-chiffon/,secondary,"Mapped in fabstitch-keyword-map.csv onto an existing URL. Volume, difficulty, and rank are UNKNOWN.",noindex_target,The URL exists and stays noindex. Do not create a replacement page and do not force this URL into the index.
fabric for blouses mercerised,application,Commercial,/fabrics/mercerised-cotton-lawn/,secondary,"Mapped in fabstitch-keyword-map.csv onto an existing URL. Volume, difficulty, and rank are UNKNOWN.",noindex_target,The URL exists and stays noindex. Do not create a replacement page and do not force this URL into the index.
fabric for blouses mercerized,application,Commercial,/fabrics/mercerized-cotton-poplin/,secondary,"Mapped in fabstitch-keyword-map.csv onto an existing URL. Volume, difficulty, and rank are UNKNOWN.",noindex_target,The URL exists and stays noindex. Do not create a replacement page and do not force this URL into the index.
fabric for blouses organic,application,Commercial,/fabrics/organic-cotton-lawn/,secondary,"Mapped in fabstitch-keyword-map.csv onto an existing URL. Volume, difficulty, and rank are UNKNOWN.",noindex_target,The URL exists and stays noindex. Do not create a replacement page and do not force this URL into the index.
fabric for blouses pima,application,Commercial,/fabrics/pima-cotton-poplin/,secondary,"Mapped in fabstitch-keyword-map.csv onto an existing URL. Volume, difficulty, and rank are UNKNOWN.",noindex_target,The URL exists and stays noindex. Do not create a replacement page and do not force this URL into the index.
fabric for blouses pinpoint,application,Commercial,/fabrics/pinpoint-oxford-cotton/,secondary,"Mapped in fabstitch-keyword-map.csv onto an existing URL. Volume, difficulty, and rank are UNKNOWN.",noindex_target,The URL exists and stays noindex. Do not create a replacement page and do not force this URL into the index.
fabric for blouses polyester,application,Commercial,/fabrics/polyester-chiffon/,secondary,"Mapped in fabstitch-keyword-map.csv onto an existing URL. Volume, difficulty, and rank are UNKNOWN.",noindex_target,The URL exists and stays noindex. Do not create a replacement page and do not force this URL into the index.
fabric for blouses printed,application,Commercial,/fabrics/printed-chiffon/,secondary,"Mapped in fabstitch-keyword-map.csv onto an existing URL. Volume, difficulty, and rank are UNKNOWN.",noindex_target,The URL exists and stays noindex. Do not create a replacement page and do not force this URL into the index.
fabric for blouses recycled,application,Commercial,/fabrics/recycled-polyester-chiffon/,secondary,"Mapped in fabstitch-keyword-map.csv onto an existing URL. Volume, difficulty, and rank are UNKNOWN.",noindex_target,The URL exists and stays noindex. Do not create a replacement page and do not force this URL into the index.
fabric for blouses royal,application,Commercial,/fabrics/royal-oxford-cotton/,secondary,"Mapped in fabstitch-keyword-map.csv onto an existing URL. Volume, difficulty, and rank are UNKNOWN.",noindex_target,The URL exists and stays noindex. Do not create a replacement page and do not force this URL into the index.
fabric for blouses slub,application,Commercial,/fabrics/slub-cotton-lawn/,secondary,"Mapped in fabstitch-keyword-map.csv onto an existing URL. Volume, difficulty, and rank are UNKNOWN.",noindex_target,The URL exists and stays noindex. Do not create a replacement page and do not force this URL into the index.
fabric for blouses stretch,performance,Commercial,/fabrics/stretch-chiffon/,secondary,"Mapped in fabstitch-keyword-map.csv onto an existing URL. Volume, difficulty, and rank are UNKNOWN.",noindex_target,The URL exists and stays noindex. Do not create a replacement page and do not force this URL into the index.
fabric for blouses tencel,application,Commercial,/fabrics/tencel-plain-weave/,secondary,"Mapped in fabstitch-keyword-map.csv onto an existing URL. Volume, difficulty, and rank are UNKNOWN.",noindex_target,The URL exists and stays noindex. Do not create a replacement page and do not force this URL into the index.
fabric for blouses voile,application,Commercial,/fabrics/voile-lawn/,secondary,"Mapped in fabstitch-keyword-map.csv onto an existing URL. Volume, difficulty, and rank are UNKNOWN.",noindex_target,The URL exists and stays noindex. Do not create a replacement page and do not force this URL into the index.
fabric for chore jackets heavy,application,Commercial,/fabrics/heavy-oxford-cotton/,secondary,"Mapped in fabstitch-keyword-map.csv onto an existing URL. Volume, difficulty, and rank are UNKNOWN.",noindex_target,The URL exists and stays noindex. Do not create a replacement page and do not force this URL into the index.
fabric for city outerwear membrane-backed,application,Commercial,/fabrics/membrane-backed-gabardine/,secondary,"Mapped in fabstitch-keyword-map.csv onto an existing URL. Volume, difficulty, and rank are UNKNOWN.",noindex_target,The URL exists and stays noindex. Do not create a replacement page and do not force this URL into the index.
fabric for citywear crossover,application,Commercial,/fabrics/crossover-swimwear-fabric/,secondary,"Mapped in fabstitch-keyword-map.csv onto an existing URL. Volume, difficulty, and rank are UNKNOWN.",noindex_target,The URL exists and stays noindex. Do not create a replacement page and do not force this URL into the index.
fabric for citywear lightweight,application,Commercial,/fabrics/ponte-lightweight/,secondary,"Mapped in fabstitch-keyword-map.csv onto an existing URL. Volume, difficulty, and rank are UNKNOWN.",noindex_target,The URL exists and stays noindex. Do not create a replacement page and do not force this URL into the index.
fabric for citywear travel,application,Commercial,/fabrics/ponte-travel/,secondary,"Mapped in fabstitch-keyword-map.csv onto an existing URL. Volume, difficulty, and rank are UNKNOWN.",noindex_target,The URL exists and stays noindex. Do not create a replacement page and do not force this URL into the index.
fabric for coats alpaca,application,Commercial,/fabrics/alpaca-blend/,secondary,"Mapped in fabstitch-keyword-map.csv onto an existing URL. Volume, difficulty, and rank are UNKNOWN.",noindex_target,The URL exists and stays noindex. Do not create a replacement page and do not force this URL into the index.
fabric for coats casentino,application,Commercial,/fabrics/casentino-wool/,secondary,"Mapped in fabstitch-keyword-map.csv onto an existing URL. Volume, difficulty, and rank are UNKNOWN.",noindex_target,The URL exists and stays noindex. Do not create a replacement page and do not force this URL into the index.
fabric for coats mohair,application,Commercial,/fabrics/mohair-blend/,secondary,"Mapped in fabstitch-keyword-map.csv onto an existing URL. Volume, difficulty, and rank are UNKNOWN.",noindex_target,The URL exists and stays noindex. Do not create a replacement page and do not force this URL into the index.
fabric for coats wool,application,Commercial,/fabrics/wool-cashmere-melton/,secondary,"Mapped in fabstitch-keyword-map.csv onto an existing URL. Volume, difficulty, and rank are UNKNOWN.",noindex_target,The URL exists and stays noindex. Do not create a replacement page and do not force this URL into the index.
fabric for contract textiles bleach-cleanable,application,Commercial,/fabrics/bleach-cleanable-vinyl-alternative/,secondary,"Mapped in fabstitch-keyword-map.csv onto an existing URL. Volume, difficulty, and rank are UNKNOWN.",noindex_target,The URL exists and stays noindex. Do not create a replacement page and do not force this URL into the index.
fabric for contract textiles inherently,application,Commercial,/fabrics/inherently-fr-polyester/,secondary,"Mapped in fabstitch-keyword-map.csv onto an existing URL. Volume, difficulty, and rank are UNKNOWN.",noindex_target,The URL exists and stays noindex. Do not create a replacement page and do not force this URL into the index.
fabric for contract textiles recycled,application,Commercial,/fabrics/recycled-pet-acoustic-felt/,secondary,"Mapped in fabstitch-keyword-map.csv onto an existing URL. Volume, difficulty, and rank are UNKNOWN.",noindex_target,The URL exists and stays noindex. Do not create a replacement page and do not force this URL into the index.
fabric for curtains open-weave,application,Commercial,/fabrics/open-weave-linen-curtain/,secondary,"Mapped in fabstitch-keyword-map.csv onto an existing URL. Volume, difficulty, and rank are UNKNOWN.",noindex_target,The URL exists and stays noindex. Do not create a replacement page and do not force this URL into the index.
fabric for curtains technical,application,Commercial,/fabrics/technical-voile/,secondary,"Mapped in fabstitch-keyword-map.csv onto an existing URL. Volume, difficulty, and rank are UNKNOWN.",noindex_target,The URL exists and stays noindex. Do not create a replacement page and do not force this URL into the index.
fabric for dresses batiste,application,Commercial,/fabrics/batiste-lawn/,secondary,"Mapped in fabstitch-keyword-map.csv onto an existing URL. Volume, difficulty, and rank are UNKNOWN.",noindex_target,The URL exists and stays noindex. Do not create a replacement page and do not force this URL into the index.
fabric for dresses brushed,application,Commercial,/fabrics/ponte-brushed/,secondary,"Mapped in fabstitch-keyword-map.csv onto an existing URL. Volume, difficulty, and rank are UNKNOWN.",noindex_target,The URL exists and stays noindex. Do not create a replacement page and do not force this URL into the index.
fabric for dresses classic,application,Commercial,/fabrics/ponte-double-knit/,secondary,"Mapped in fabstitch-keyword-map.csv onto an existing URL. Volume, difficulty, and rank are UNKNOWN.",noindex_target,The URL exists and stays noindex. Do not create a replacement page and do not force this URL into the index.
fabric for dresses cotton,application,Commercial,/fabrics/cotton-lawn/,secondary,"Mapped in fabstitch-keyword-map.csv onto an existing URL. Volume, difficulty, and rank are UNKNOWN.",noindex_target,The URL exists and stays noindex. Do not create a replacement page and do not force this URL into the index.
fabric for dresses crinkle,application,Commercial,/fabrics/crinkle-chiffon/,secondary,"Mapped in fabstitch-keyword-map.csv onto an existing URL. Volume, difficulty, and rank are UNKNOWN.",noindex_target,The URL exists and stays noindex. Do not create a replacement page and do not force this URL into the index.
fabric for dresses double-layer,application,Commercial,/fabrics/double-layer-chiffon/,secondary,"Mapped in fabstitch-keyword-map.csv onto an existing URL. Volume, difficulty, and rank are UNKNOWN.",noindex_target,The URL exists and stays noindex. Do not create a replacement page and do not force this URL into the index.
fabric for dresses egyptian,application,Commercial,/fabrics/egyptian-cotton-percale/,secondary,"Mapped in fabstitch-keyword-map.csv onto an existing URL. Volume, difficulty, and rank are UNKNOWN.",noindex_target,The URL exists and stays noindex. Do not create a replacement page and do not force this URL into the index.
fabric for dresses embroidered,application,Commercial,/fabrics/embroidered-cotton-lawn/,secondary,"Mapped in fabstitch-keyword-map.csv onto an existing URL. Volume, difficulty, and rank are UNKNOWN.",noindex_target,The URL exists and stays noindex. Do not create a replacement page and do not force this URL into the index.
fabric for dresses heavy,application,Commercial,/fabrics/tencel-heavy-twill/,secondary,"Mapped in fabstitch-keyword-map.csv onto an existing URL. Volume, difficulty, and rank are UNKNOWN.",noindex_target,The URL exists and stays noindex. Do not create a replacement page and do not force this URL into the index.
fabric for dresses lightweight,application,Commercial,/fabrics/ponte-lightweight/,secondary,"Mapped in fabstitch-keyword-map.csv onto an existing URL. Volume, difficulty, and rank are UNKNOWN.",noindex_target,The URL exists and stays noindex. Do not create a replacement page and do not force this URL into the index.
fabric for dresses linen-silk,application,Commercial,/fabrics/linen-silk/,secondary,"Mapped in fabstitch-keyword-map.csv onto an existing URL. Volume, difficulty, and rank are UNKNOWN.",noindex_target,The URL exists and stays noindex. Do not create a replacement page and do not force this URL into the index.
fabric for dresses matte,application,Commercial,/fabrics/matte-chiffon/,secondary,"Mapped in fabstitch-keyword-map.csv onto an existing URL. Volume, difficulty, and rank are UNKNOWN.",noindex_target,The URL exists and stays noindex. Do not create a replacement page and do not force this URL into the index.
fabric for dresses mercerised,application,Commercial,/fabrics/mercerised-cotton-lawn/,secondary,"Mapped in fabstitch-keyword-map.csv onto an existing URL. Volume, difficulty, and rank are UNKNOWN.",noindex_target,The URL exists and stays noindex. Do not create a replacement page and do not force this URL into the index.
fabric for dresses mercerized,application,Commercial,/fabrics/mercerized-cotton-sateen/,secondary,"Mapped in fabstitch-keyword-map.csv onto an existing URL. Volume, difficulty, and rank are UNKNOWN.",noindex_target,The URL exists and stays noindex. Do not create a replacement page and do not force this URL into the index.
fabric for dresses organic,application,Commercial,/fabrics/organic-cotton-lawn/,secondary,"Mapped in fabstitch-keyword-map.csv onto an existing URL. Volume, difficulty, and rank are UNKNOWN.",noindex_target,The URL exists and stays noindex. Do not create a replacement page and do not force this URL into the index.
fabric for dresses pima,application,Commercial,/fabrics/pima-cotton-poplin/,secondary,"Mapped in fabstitch-keyword-map.csv onto an existing URL. Volume, difficulty, and rank are UNKNOWN.",noindex_target,The URL exists and stays noindex. Do not create a replacement page and do not force this URL into the index.
fabric for dresses printed,application,Commercial,/fabrics/printed-chiffon/,secondary,"Mapped in fabstitch-keyword-map.csv onto an existing URL. Volume, difficulty, and rank are UNKNOWN.",noindex_target,The URL exists and stays noindex. Do not create a replacement page and do not force this URL into the index.
fabric for dresses rayon,application,Commercial,/fabrics/ponte-rayon-nylon/,secondary,"Mapped in fabstitch-keyword-map.csv onto an existing URL. Volume, difficulty, and rank are UNKNOWN.",noindex_target,The URL exists and stays noindex. Do not create a replacement page and do not force this URL into the index.
fabric for dresses ribbed,application,Commercial,/fabrics/ponte-ribbed/,secondary,"Mapped in fabstitch-keyword-map.csv onto an existing URL. Volume, difficulty, and rank are UNKNOWN.",noindex_target,The URL exists and stays noindex. Do not create a replacement page and do not force this URL into the index.
fabric for dresses stretch,performance,Commercial,/fabrics/stretch-chiffon/,secondary,"Mapped in fabstitch-keyword-map.csv onto an existing URL. Volume, difficulty, and rank are UNKNOWN.",noindex_target,The URL exists and stays noindex. Do not create a replacement page and do not force this URL into the index.
fabric for dresses tencel,application,Commercial,/fabrics/tencel-plain-weave/,secondary,"Mapped in fabstitch-keyword-map.csv onto an existing URL. Volume, difficulty, and rank are UNKNOWN.",noindex_target,The URL exists and stays noindex. Do not create a replacement page and do not force this URL into the index.
fabric for dresses travel,application,Commercial,/fabrics/ponte-travel/,secondary,"Mapped in fabstitch-keyword-map.csv onto an existing URL. Volume, difficulty, and rank are UNKNOWN.",noindex_target,The URL exists and stays noindex. Do not create a replacement page and do not force this URL into the index.
fabric for dresses voile,application,Commercial,/fabrics/voile-lawn/,secondary,"Mapped in fabstitch-keyword-map.csv onto an existing URL. Volume, difficulty, and rank are UNKNOWN.",noindex_target,The URL exists and stays noindex. Do not create a replacement page and do not force this URL into the index.
fabric for dresses wool,application,Commercial,/fabrics/wool-viscose-twill/,secondary,"Mapped in fabstitch-keyword-map.csv onto an existing URL. Volume, difficulty, and rank are UNKNOWN.",noindex_target,The URL exists and stays noindex. Do not create a replacement page and do not force this URL into the index.
fabric for full skirts compact,application,Commercial,/fabrics/ponte-compact/,secondary,"Mapped in fabstitch-keyword-map.csv onto an existing URL. Volume, difficulty, and rank are UNKNOWN.",noindex_target,The URL exists and stays noindex. Do not create a replacement page and do not force this URL into the index.
fabric for full skirts lightweight,application,Commercial,/fabrics/ponte-lightweight/,secondary,"Mapped in fabstitch-keyword-map.csv onto an existing URL. Volume, difficulty, and rank are UNKNOWN.",noindex_target,The URL exists and stays noindex. Do not create a replacement page and do not force this URL into the index.
fabric for full skirts ribbed,application,Commercial,/fabrics/ponte-ribbed/,secondary,"Mapped in fabstitch-keyword-map.csv onto an existing URL. Volume, difficulty, and rank are UNKNOWN.",noindex_target,The URL exists and stays noindex. Do not create a replacement page and do not force this URL into the index.
fabric for full skirts silk,application,Commercial,/fabrics/silk-taffeta/,secondary,"Mapped in fabstitch-keyword-map.csv onto an existing URL. Volume, difficulty, and rank are UNKNOWN.",noindex_target,The URL exists and stays noindex. Do not create a replacement page and do not force this URL into the index.
fabric for garment insulation down-alternative,application,Commercial,/fabrics/down-alternative-fill/,secondary,"Mapped in fabstitch-keyword-map.csv onto an existing URL. Volume, difficulty, and rank are UNKNOWN.",noindex_target,The URL exists and stays noindex. Do not create a replacement page and do not force this URL into the index.
fabric for garment insulation recycled,application,Commercial,/fabrics/recycled-polyester-wadding/,secondary,"Mapped in fabstitch-keyword-map.csv onto an existing URL. Volume, difficulty, and rank are UNKNOWN.",noindex_target,The URL exists and stays noindex. Do not create a replacement page and do not force this URL into the index.
fabric for home textiles / interiors silk,application,Commercial,/fabrics/silk-dupion/,secondary,"Mapped in fabstitch-keyword-map.csv onto an existing URL. Volume, difficulty, and rank are UNKNOWN.",noindex_target,The URL exists and stays noindex. Do not create a replacement page and do not force this URL into the index.
fabric for interiors silk-viscose,application,Commercial,/fabrics/silk-viscose-velvet/,secondary,"Mapped in fabstitch-keyword-map.csv onto an existing URL. Volume, difficulty, and rank are UNKNOWN.",noindex_target,The URL exists and stays noindex. Do not create a replacement page and do not force this URL into the index.
fabric for jackets classic,application,Commercial,/fabrics/ponte-double-knit/,secondary,"Mapped in fabstitch-keyword-map.csv onto an existing URL. Volume, difficulty, and rank are UNKNOWN.",noindex_target,The URL exists and stays noindex. Do not create a replacement page and do not force this URL into the index.
fabric for jackets double,application,Commercial,/fabrics/double-cotton-pique/,secondary,"Mapped in fabstitch-keyword-map.csv onto an existing URL. Volume, difficulty, and rank are UNKNOWN.",noindex_target,The URL exists and stays noindex. Do not create a replacement page and do not force this URL into the index.
fabric for jackets heavy,application,Commercial,/fabrics/tencel-heavy-twill/,secondary,"Mapped in fabstitch-keyword-map.csv onto an existing URL. Volume, difficulty, and rank are UNKNOWN.",noindex_target,The URL exists and stays noindex. Do not create a replacement page and do not force this URL into the index.
fabric for jackets silk,application,Commercial,/fabrics/silk-dupion/,secondary,"Mapped in fabstitch-keyword-map.csv onto an existing URL. Volume, difficulty, and rank are UNKNOWN.",noindex_target,The URL exists and stays noindex. Do not create a replacement page and do not force this URL into the index.
fabric for jackets structured,application,Commercial,/fabrics/ponte-structured/,secondary,"Mapped in fabstitch-keyword-map.csv onto an existing URL. Volume, difficulty, and rank are UNKNOWN.",noindex_target,The URL exists and stays noindex. Do not create a replacement page and do not force this URL into the index.
fabric for jackets tencel,application,Commercial,/fabrics/tencel-denim/,secondary,"Mapped in fabstitch-keyword-map.csv onto an existing URL. Volume, difficulty, and rank are UNKNOWN.",noindex_target,The URL exists and stays noindex. Do not create a replacement page and do not force this URL into the index.
fabric for jackets wool,application,Commercial,/fabrics/wool-cotton-twill/,secondary,"Mapped in fabstitch-keyword-map.csv onto an existing URL. Volume, difficulty, and rank are UNKNOWN.",noindex_target,The URL exists and stays noindex. Do not create a replacement page and do not force this URL into the index.
fabric for knitwear birdseye,application,Commercial,/fabrics/birdseye-cotton-pique/,secondary,"Mapped in fabstitch-keyword-map.csv onto an existing URL. Volume, difficulty, and rank are UNKNOWN.",noindex_target,The URL exists and stays noindex. Do not create a replacement page and do not force this URL into the index.
fabric for knitwear classic,application,Commercial,/fabrics/classic-cotton-pique/,secondary,"Mapped in fabstitch-keyword-map.csv onto an existing URL. Volume, difficulty, and rank are UNKNOWN.",noindex_target,The URL exists and stays noindex. Do not create a replacement page and do not force this URL into the index.
fabric for knitwear cotton,application,Commercial,/fabrics/cotton-boucle-yarn/,secondary,"Mapped in fabstitch-keyword-map.csv onto an existing URL. Volume, difficulty, and rank are UNKNOWN.",noindex_target,The URL exists and stays noindex. Do not create a replacement page and do not force this URL into the index.
fabric for knitwear fine,application,Commercial,/fabrics/fine-cotton-pique/,secondary,"Mapped in fabstitch-keyword-map.csv onto an existing URL. Volume, difficulty, and rank are UNKNOWN.",noindex_target,The URL exists and stays noindex. Do not create a replacement page and do not force this URL into the index.
fabric for knitwear heavyweight,application,Commercial,/fabrics/french-terry-heavyweight/,secondary,"Mapped in fabstitch-keyword-map.csv onto an existing URL. Volume, difficulty, and rank are UNKNOWN.",noindex_target,The URL exists and stays noindex. Do not create a replacement page and do not force this URL into the index.
fabric for knitwear lightweight,application,Commercial,/fabrics/french-terry-lightweight/,secondary,"Mapped in fabstitch-keyword-map.csv onto an existing URL. Volume, difficulty, and rank are UNKNOWN.",noindex_target,The URL exists and stays noindex. Do not create a replacement page and do not force this URL into the index.
fabric for knitwear linen,application,Commercial,/fabrics/linen-boucle-knit/,secondary,"Mapped in fabstitch-keyword-map.csv onto an existing URL. Volume, difficulty, and rank are UNKNOWN.",noindex_target,The URL exists and stays noindex. Do not create a replacement page and do not force this URL into the index.
fabric for knitwear linen-silk,application,Commercial,/fabrics/linen-silk/,secondary,"Mapped in fabstitch-keyword-map.csv onto an existing URL. Volume, difficulty, and rank are UNKNOWN.",noindex_target,The URL exists and stays noindex. Do not create a replacement page and do not force this URL into the index.
fabric for knitwear mercerized,application,Commercial,/fabrics/mercerized-cotton-jersey/,secondary,"Mapped in fabstitch-keyword-map.csv onto an existing URL. Volume, difficulty, and rank are UNKNOWN.",noindex_target,The URL exists and stays noindex. Do not create a replacement page and do not force this URL into the index.
fabric for knitwear organic,application,Commercial,/fabrics/organic-cotton-pique/,secondary,"Mapped in fabstitch-keyword-map.csv onto an existing URL. Volume, difficulty, and rank are UNKNOWN.",noindex_target,The URL exists and stays noindex. Do not create a replacement page and do not force this URL into the index.
fabric for knitwear peached,application,Commercial,/fabrics/french-terry-peached/,secondary,"Mapped in fabstitch-keyword-map.csv onto an existing URL. Volume, difficulty, and rank are UNKNOWN.",noindex_target,The URL exists and stays noindex. Do not create a replacement page and do not force this URL into the index.
fabric for knitwear pima,application,Commercial,/fabrics/pima-cotton-jersey/,secondary,"Mapped in fabstitch-keyword-map.csv onto an existing URL. Volume, difficulty, and rank are UNKNOWN.",noindex_target,The URL exists and stays noindex. Do not create a replacement page and do not force this URL into the index.
fabric for knitwear recycled,application,Commercial,/fabrics/french-terry-recycled-cotton/,secondary,"Mapped in fabstitch-keyword-map.csv onto an existing URL. Volume, difficulty, and rank are UNKNOWN.",noindex_target,The URL exists and stays noindex. Do not create a replacement page and do not force this URL into the index.
fabric for knitwear ribbed,application,Commercial,/fabrics/ponte-ribbed/,secondary,"Mapped in fabstitch-keyword-map.csv onto an existing URL. Volume, difficulty, and rank are UNKNOWN.",noindex_target,The URL exists and stays noindex. Do not create a replacement page and do not force this URL into the index.
fabric for knitwear silk,application,Commercial,/fabrics/silk-boucle/,secondary,"Mapped in fabstitch-keyword-map.csv onto an existing URL. Volume, difficulty, and rank are UNKNOWN.",noindex_target,The URL exists and stays noindex. Do not create a replacement page and do not force this URL into the index.
fabric for knitwear slub,application,Commercial,/fabrics/french-terry-slub/,secondary,"Mapped in fabstitch-keyword-map.csv onto an existing URL. Volume, difficulty, and rank are UNKNOWN.",noindex_target,The URL exists and stays noindex. Do not create a replacement page and do not force this URL into the index.
fabric for knitwear stretch,performance,Commercial,/fabrics/french-terry-stretch/,secondary,"Mapped in fabstitch-keyword-map.csv onto an existing URL. Volume, difficulty, and rank are UNKNOWN.",noindex_target,The URL exists and stays noindex. Do not create a replacement page and do not force this URL into the index.
fabric for knitwear tencel,application,Commercial,/fabrics/tencel-denim/,secondary,"Mapped in fabstitch-keyword-map.csv onto an existing URL. Volume, difficulty, and rank are UNKNOWN.",noindex_target,The URL exists and stays noindex. Do not create a replacement page and do not force this URL into the index.
fabric for layering pieces brushed,application,Commercial,/fabrics/ponte-brushed/,secondary,"Mapped in fabstitch-keyword-map.csv onto an existing URL. Volume, difficulty, and rank are UNKNOWN.",noindex_target,The URL exists and stays noindex. Do not create a replacement page and do not force this URL into the index.
fabric for layering pieces classic,application,Commercial,/fabrics/french-terry-classic/,secondary,"Mapped in fabstitch-keyword-map.csv onto an existing URL. Volume, difficulty, and rank are UNKNOWN.",noindex_target,The URL exists and stays noindex. Do not create a replacement page and do not force this URL into the index.
fabric for layering pieces cotton,application,Commercial,/fabrics/cotton-organdy/,secondary,"Mapped in fabstitch-keyword-map.csv onto an existing URL. Volume, difficulty, and rank are UNKNOWN.",noindex_target,The URL exists and stays noindex. Do not create a replacement page and do not force this URL into the index.
fabric for layering pieces double,application,Commercial,/fabrics/double-cotton-pique/,secondary,"Mapped in fabstitch-keyword-map.csv onto an existing URL. Volume, difficulty, and rank are UNKNOWN.",noindex_target,The URL exists and stays noindex. Do not create a replacement page and do not force this URL into the index.
fabric for layering pieces fine-gauge,application,Commercial,/fabrics/fine-gauge-semi-sheer-knit/,secondary,"Mapped in fabstitch-keyword-map.csv onto an existing URL. Volume, difficulty, and rank are UNKNOWN.",noindex_target,The URL exists and stays noindex. Do not create a replacement page and do not force this URL into the index.
fabric for layering pieces heavyweight,application,Commercial,/fabrics/french-terry-heavyweight/,secondary,"Mapped in fabstitch-keyword-map.csv onto an existing URL. Volume, difficulty, and rank are UNKNOWN.",noindex_target,The URL exists and stays noindex. Do not create a replacement page and do not force this URL into the index.
fabric for layering pieces lightweight,application,Commercial,/fabrics/lightweight-merino-knit/,secondary,"Mapped in fabstitch-keyword-map.csv onto an existing URL. Volume, difficulty, and rank are UNKNOWN.",noindex_target,The URL exists and stays noindex. Do not create a replacement page and do not force this URL into the index.
fabric for layering pieces peached,application,Commercial,/fabrics/french-terry-peached/,secondary,"Mapped in fabstitch-keyword-map.csv onto an existing URL. Volume, difficulty, and rank are UNKNOWN.",noindex_target,The URL exists and stays noindex. Do not create a replacement page and do not force this URL into the index.
fabric for layering pieces pima,application,Commercial,/fabrics/pima-cotton-fleece/,secondary,"Mapped in fabstitch-keyword-map.csv onto an existing URL. Volume, difficulty, and rank are UNKNOWN.",noindex_target,The URL exists and stays noindex. Do not create a replacement page and do not force this URL into the index.
fabric for layering pieces recycled,application,Commercial,/fabrics/french-terry-recycled-cotton/,secondary,"Mapped in fabstitch-keyword-map.csv onto an existing URL. Volume, difficulty, and rank are UNKNOWN.",noindex_target,The URL exists and stays noindex. Do not create a replacement page and do not force this URL into the index.
fabric for layering pieces slub,application,Commercial,/fabrics/french-terry-slub/,secondary,"Mapped in fabstitch-keyword-map.csv onto an existing URL. Volume, difficulty, and rank are UNKNOWN.",noindex_target,The URL exists and stays noindex. Do not create a replacement page and do not force this URL into the index.
fabric for layering pieces wool,application,Commercial,/fabrics/wool-alpaca-brushed/,secondary,"Mapped in fabstitch-keyword-map.csv onto an existing URL. Volume, difficulty, and rank are UNKNOWN.",noindex_target,The URL exists and stays noindex. Do not create a replacement page and do not force this URL into the index.
fabric for lightweight outerwear silk,application,Commercial,/fabrics/silk-taffeta/,secondary,"Mapped in fabstitch-keyword-map.csv onto an existing URL. Volume, difficulty, and rank are UNKNOWN.",noindex_target,The URL exists and stays noindex. Do not create a replacement page and do not force this URL into the index.
fabric for linings batiste,application,Commercial,/fabrics/batiste-lawn/,secondary,"Mapped in fabstitch-keyword-map.csv onto an existing URL. Volume, difficulty, and rank are UNKNOWN.",noindex_target,The URL exists and stays noindex. Do not create a replacement page and do not force this URL into the index.
fabric for linings crepe,application,Commercial,/fabrics/crepe-de-chine/,secondary,"Mapped in fabstitch-keyword-map.csv onto an existing URL. Volume, difficulty, and rank are UNKNOWN.",noindex_target,The URL exists and stays noindex. Do not create a replacement page and do not force this URL into the index.
fabric for linings mercerized,application,Commercial,/fabrics/mercerized-cotton-sateen/,secondary,"Mapped in fabstitch-keyword-map.csv onto an existing URL. Volume, difficulty, and rank are UNKNOWN.",noindex_target,The URL exists and stays noindex. Do not create a replacement page and do not force this URL into the index.
fabric for linings pima,application,Commercial,/fabrics/pima-cotton-sateen/,secondary,"Mapped in fabstitch-keyword-map.csv onto an existing URL. Volume, difficulty, and rank are UNKNOWN.",noindex_target,The URL exists and stays noindex. Do not create a replacement page and do not force this URL into the index.
fabric for linings silk,application,Commercial,/fabrics/silk-habotai/,secondary,"Mapped in fabstitch-keyword-map.csv onto an existing URL. Volume, difficulty, and rank are UNKNOWN.",noindex_target,The URL exists and stays noindex. Do not create a replacement page and do not force this URL into the index.
fabric for linings tencel,application,Commercial,/fabrics/tencel-sateen/,secondary,"Mapped in fabstitch-keyword-map.csv onto an existing URL. Volume, difficulty, and rank are UNKNOWN.",noindex_target,The URL exists and stays noindex. Do not create a replacement page and do not force this URL into the index.
fabric for loungewear brushed,application,Commercial,/fabrics/tencel-brushed/,secondary,"Mapped in fabstitch-keyword-map.csv onto an existing URL. Volume, difficulty, and rank are UNKNOWN.",noindex_target,The URL exists and stays noindex. Do not create a replacement page and do not force this URL into the index.
fabric for loungewear classic,application,Commercial,/fabrics/french-terry-classic/,secondary,"Mapped in fabstitch-keyword-map.csv onto an existing URL. Volume, difficulty, and rank are UNKNOWN.",noindex_target,The URL exists and stays noindex. Do not create a replacement page and do not force this URL into the index.
fabric for loungewear cotton,application,Commercial,/fabrics/french-terry-modal/,secondary,"Mapped in fabstitch-keyword-map.csv onto an existing URL. Volume, difficulty, and rank are UNKNOWN.",noindex_target,The URL exists and stays noindex. Do not create a replacement page and do not force this URL into the index.
fabric for loungewear cotton-rich,application,Commercial,/fabrics/cotton-rich-pique/,secondary,"Mapped in fabstitch-keyword-map.csv onto an existing URL. Volume, difficulty, and rank are UNKNOWN.",noindex_target,The URL exists and stays noindex. Do not create a replacement page and do not force this URL into the index.
fabric for loungewear crossover,application,Commercial,/fabrics/crossover-swimwear-fabric/,secondary,"Mapped in fabstitch-keyword-map.csv onto an existing URL. Volume, difficulty, and rank are UNKNOWN.",noindex_target,The URL exists and stays noindex. Do not create a replacement page and do not force this URL into the index.
fabric for loungewear egyptian,application,Commercial,/fabrics/egyptian-cotton-flannel/,secondary,"Mapped in fabstitch-keyword-map.csv onto an existing URL. Volume, difficulty, and rank are UNKNOWN.",noindex_target,The URL exists and stays noindex. Do not create a replacement page and do not force this URL into the index.
fabric for loungewear fine,application,Commercial,/fabrics/french-terry-loopback/,secondary,"Mapped in fabstitch-keyword-map.csv onto an existing URL. Volume, difficulty, and rank are UNKNOWN.",noindex_target,The URL exists and stays noindex. Do not create a replacement page and do not force this URL into the index.
fabric for loungewear heavyweight,application,Commercial,/fabrics/french-terry-heavyweight/,secondary,"Mapped in fabstitch-keyword-map.csv onto an existing URL. Volume, difficulty, and rank are UNKNOWN.",noindex_target,The URL exists and stays noindex. Do not create a replacement page and do not force this URL into the index.
fabric for loungewear lightweight,application,Commercial,/fabrics/french-terry-lightweight/,secondary,"Mapped in fabstitch-keyword-map.csv onto an existing URL. Volume, difficulty, and rank are UNKNOWN.",noindex_target,The URL exists and stays noindex. Do not create a replacement page and do not force this URL into the index.
fabric for loungewear organic,application,Commercial,/fabrics/organic-oxford-cotton/,secondary,"Mapped in fabstitch-keyword-map.csv onto an existing URL. Volume, difficulty, and rank are UNKNOWN.",noindex_target,The URL exists and stays noindex. Do not create a replacement page and do not force this URL into the index.
fabric for loungewear oxford,application,Commercial,/fabrics/oxford-chambray-cotton/,secondary,"Mapped in fabstitch-keyword-map.csv onto an existing URL. Volume, difficulty, and rank are UNKNOWN.",noindex_target,The URL exists and stays noindex. Do not create a replacement page and do not force this URL into the index.
fabric for loungewear peached,application,Commercial,/fabrics/french-terry-peached/,secondary,"Mapped in fabstitch-keyword-map.csv onto an existing URL. Volume, difficulty, and rank are UNKNOWN.",noindex_target,The URL exists and stays noindex. Do not create a replacement page and do not force this URL into the index.
fabric for loungewear pima,application,Commercial,/fabrics/pima-cotton-interlock/,secondary,"Mapped in fabstitch-keyword-map.csv onto an existing URL. Volume, difficulty, and rank are UNKNOWN.",noindex_target,The URL exists and stays noindex. Do not create a replacement page and do not force this URL into the index.
fabric for loungewear recycled,application,Commercial,/fabrics/french-terry-recycled-cotton/,secondary,"Mapped in fabstitch-keyword-map.csv onto an existing URL. Volume, difficulty, and rank are UNKNOWN.",noindex_target,The URL exists and stays noindex. Do not create a replacement page and do not force this URL into the index.
fabric for loungewear slub,application,Commercial,/fabrics/french-terry-slub/,secondary,"Mapped in fabstitch-keyword-map.csv onto an existing URL. Volume, difficulty, and rank are UNKNOWN.",noindex_target,The URL exists and stays noindex. Do not create a replacement page and do not force this URL into the index.
fabric for loungewear soft,application,Commercial,/fabrics/soft-oxford-cotton/,secondary,"Mapped in fabstitch-keyword-map.csv onto an existing URL. Volume, difficulty, and rank are UNKNOWN.",noindex_target,The URL exists and stays noindex. Do not create a replacement page and do not force this URL into the index.
fabric for loungewear stretch,performance,Commercial,/fabrics/french-terry-stretch/,secondary,"Mapped in fabstitch-keyword-map.csv onto an existing URL. Volume, difficulty, and rank are UNKNOWN.",noindex_target,The URL exists and stays noindex. Do not create a replacement page and do not force this URL into the index.
fabric for loungewear ultra-light,application,Commercial,/fabrics/ultra-light-semi-sheer-lounge-knit/,secondary,"Mapped in fabstitch-keyword-map.csv onto an existing URL. Volume, difficulty, and rank are UNKNOWN.",noindex_target,The URL exists and stays noindex. Do not create a replacement page and do not force this URL into the index.
fabric for occasionwear silk,application,Commercial,/fabrics/silk-taffeta/,secondary,"Mapped in fabstitch-keyword-map.csv onto an existing URL. Volume, difficulty, and rank are UNKNOWN.",noindex_target,The URL exists and stays noindex. Do not create a replacement page and do not force this URL into the index.
fabric for occasionwear silk-viscose,application,Commercial,/fabrics/silk-viscose-velvet/,secondary,"Mapped in fabstitch-keyword-map.csv onto an existing URL. Volume, difficulty, and rank are UNKNOWN.",noindex_target,The URL exists and stays noindex. Do not create a replacement page and do not force this URL into the index.
fabric for occasionwear wool,application,Commercial,/fabrics/wool-silk-suiting/,secondary,"Mapped in fabstitch-keyword-map.csv onto an existing URL. Volume, difficulty, and rank are UNKNOWN.",noindex_target,The URL exists and stays noindex. Do not create a replacement page and do not force this URL into the index.
fabric for outerwear 2.5l,application,Commercial,/fabrics/two-point-five-layer-membrane-laminate/,secondary,"Mapped in fabstitch-keyword-map.csv onto an existing URL. Volume, difficulty, and rank are UNKNOWN.",noindex_target,The URL exists and stays noindex. Do not create a replacement page and do not force this URL into the index.
fabric for outerwear 2l,application,Commercial,/fabrics/two-layer-membrane-laminate/,secondary,"Mapped in fabstitch-keyword-map.csv onto an existing URL. Volume, difficulty, and rank are UNKNOWN.",noindex_target,The URL exists and stays noindex. Do not create a replacement page and do not force this URL into the index.
fabric for outerwear 3l,application,Commercial,/fabrics/three-layer-membrane-laminate/,secondary,"Mapped in fabstitch-keyword-map.csv onto an existing URL. Volume, difficulty, and rank are UNKNOWN.",noindex_target,The URL exists and stays noindex. Do not create a replacement page and do not force this URL into the index.
fabric for outerwear jumbo,application,Commercial,/fabrics/jumbo-corduroy/,secondary,"Mapped in fabstitch-keyword-map.csv onto an existing URL. Volume, difficulty, and rank are UNKNOWN.",noindex_target,The URL exists and stays noindex. Do not create a replacement page and do not force this URL into the index.
fabric for outerwear recycled,application,Commercial,/fabrics/recycled-nylon-ripstop/,secondary,"Mapped in fabstitch-keyword-map.csv onto an existing URL. Volume, difficulty, and rank are UNKNOWN.",noindex_target,The URL exists and stays noindex. Do not create a replacement page and do not force this URL into the index.
fabric for outerwear wool-technical,application,Commercial,/fabrics/wool-technical-hybrid/,secondary,"Mapped in fabstitch-keyword-map.csv onto an existing URL. Volume, difficulty, and rank are UNKNOWN.",noindex_target,The URL exists and stays noindex. Do not create a replacement page and do not force this URL into the index.
fabric for overlays crinkle,application,Commercial,/fabrics/crinkle-chiffon/,secondary,"Mapped in fabstitch-keyword-map.csv onto an existing URL. Volume, difficulty, and rank are UNKNOWN.",noindex_target,The URL exists and stays noindex. Do not create a replacement page and do not force this URL into the index.
fabric for overlays double-layer,application,Commercial,/fabrics/double-layer-chiffon/,secondary,"Mapped in fabstitch-keyword-map.csv onto an existing URL. Volume, difficulty, and rank are UNKNOWN.",noindex_target,The URL exists and stays noindex. Do not create a replacement page and do not force this URL into the index.
fabric for overlays egyptian,application,Commercial,/fabrics/egyptian-cotton-voile/,secondary,"Mapped in fabstitch-keyword-map.csv onto an existing URL. Volume, difficulty, and rank are UNKNOWN.",noindex_target,The URL exists and stays noindex. Do not create a replacement page and do not force this URL into the index.
fabric for overlays embroidered,application,Commercial,/fabrics/embroidered-cotton-lawn/,secondary,"Mapped in fabstitch-keyword-map.csv onto an existing URL. Volume, difficulty, and rank are UNKNOWN.",noindex_target,The URL exists and stays noindex. Do not create a replacement page and do not force this URL into the index.
fabric for overlays matte,application,Commercial,/fabrics/matte-chiffon/,secondary,"Mapped in fabstitch-keyword-map.csv onto an existing URL. Volume, difficulty, and rank are UNKNOWN.",noindex_target,The URL exists and stays noindex. Do not create a replacement page and do not force this URL into the index.
fabric for overlays mercerized,application,Commercial,/fabrics/mercerized-cotton-voile/,secondary,"Mapped in fabstitch-keyword-map.csv onto an existing URL. Volume, difficulty, and rank are UNKNOWN.",noindex_target,The URL exists and stays noindex. Do not create a replacement page and do not force this URL into the index.
fabric for overlays pima,application,Commercial,/fabrics/pima-cotton-voile/,secondary,"Mapped in fabstitch-keyword-map.csv onto an existing URL. Volume, difficulty, and rank are UNKNOWN.",noindex_target,The URL exists and stays noindex. Do not create a replacement page and do not force this URL into the index.
fabric for overlays polyester,application,Commercial,/fabrics/polyester-chiffon/,secondary,"Mapped in fabstitch-keyword-map.csv onto an existing URL. Volume, difficulty, and rank are UNKNOWN.",noindex_target,The URL exists and stays noindex. Do not create a replacement page and do not force this URL into the index.
fabric for overlays recycled,application,Commercial,/fabrics/recycled-polyester-chiffon/,secondary,"Mapped in fabstitch-keyword-map.csv onto an existing URL. Volume, difficulty, and rank are UNKNOWN.",noindex_target,The URL exists and stays noindex. Do not create a replacement page and do not force this URL into the index.
fabric for overlays silk,application,Commercial,/fabrics/silk-organza/,secondary,"Mapped in fabstitch-keyword-map.csv onto an existing URL. Volume, difficulty, and rank are UNKNOWN.",noindex_target,The URL exists and stays noindex. Do not create a replacement page and do not force this URL into the index.
fabric for overlays stretch,performance,Commercial,/fabrics/stretch-chiffon/,secondary,"Mapped in fabstitch-keyword-map.csv onto an existing URL. Volume, difficulty, and rank are UNKNOWN.",noindex_target,The URL exists and stays noindex. Do not create a replacement page and do not force this URL into the index.
fabric for overlays voile,application,Commercial,/fabrics/voile-lawn/,secondary,"Mapped in fabstitch-keyword-map.csv onto an existing URL. Volume, difficulty, and rank are UNKNOWN.",noindex_target,The URL exists and stays noindex. Do not create a replacement page and do not force this URL into the index.
fabric for resortwear crochet-effect,application,Commercial,/fabrics/crochet-effect-knit/,secondary,"Mapped in fabstitch-keyword-map.csv onto an existing URL. Volume, difficulty, and rank are UNKNOWN.",noindex_target,The URL exists and stays noindex. Do not create a replacement page and do not force this URL into the index.
fabric for resortwear egyptian,application,Commercial,/fabrics/egyptian-cotton-seersucker/,secondary,"Mapped in fabstitch-keyword-map.csv onto an existing URL. Volume, difficulty, and rank are UNKNOWN.",noindex_target,The URL exists and stays noindex. Do not create a replacement page and do not force this URL into the index.
fabric for resortwear linen-silk,application,Commercial,/fabrics/linen-silk/,secondary,"Mapped in fabstitch-keyword-map.csv onto an existing URL. Volume, difficulty, and rank are UNKNOWN.",noindex_target,The URL exists and stays noindex. Do not create a replacement page and do not force this URL into the index.
fabric for resortwear open-stitch,application,Commercial,/fabrics/open-stitch-knit/,secondary,"Mapped in fabstitch-keyword-map.csv onto an existing URL. Volume, difficulty, and rank are UNKNOWN.",noindex_target,The URL exists and stays noindex. Do not create a replacement page and do not force this URL into the index.
fabric for resortwear silk,application,Commercial,/fabrics/silk-noil/,secondary,"Mapped in fabstitch-keyword-map.csv onto an existing URL. Volume, difficulty, and rank are UNKNOWN.",noindex_target,The URL exists and stays noindex. Do not create a replacement page and do not force this URL into the index.
fabric for resortwear slub,application,Commercial,/fabrics/slub-cotton-lawn/,secondary,"Mapped in fabstitch-keyword-map.csv onto an existing URL. Volume, difficulty, and rank are UNKNOWN.",noindex_target,The URL exists and stays noindex. Do not create a replacement page and do not force this URL into the index.
fabric for resortwear tencel,application,Commercial,/fabrics/tencel-linen-blend/,secondary,"Mapped in fabstitch-keyword-map.csv onto an existing URL. Volume, difficulty, and rank are UNKNOWN.",noindex_target,The URL exists and stays noindex. Do not create a replacement page and do not force this URL into the index.
fabric for ruffles silk,application,Commercial,/fabrics/silk-organza/,secondary,"Mapped in fabstitch-keyword-map.csv onto an existing URL. Volume, difficulty, and rank are UNKNOWN.",noindex_target,The URL exists and stays noindex. Do not create a replacement page and do not force this URL into the index.
fabric for rugs jute,application,Commercial,/fabrics/jute-rug/,secondary,"Mapped in fabstitch-keyword-map.csv onto an existing URL. Volume, difficulty, and rank are UNKNOWN.",noindex_target,The URL exists and stays noindex. Do not create a replacement page and do not force this URL into the index.
fabric for rugs recycled,application,Commercial,/fabrics/recycled-pet-pile-rug/,secondary,"Mapped in fabstitch-keyword-map.csv onto an existing URL. Volume, difficulty, and rank are UNKNOWN.",noindex_target,The URL exists and stays noindex. Do not create a replacement page and do not force this URL into the index.
fabric for rugs undyed,application,Commercial,/fabrics/undyed-wool-rug/,secondary,"Mapped in fabstitch-keyword-map.csv onto an existing URL. Volume, difficulty, and rank are UNKNOWN.",noindex_target,The URL exists and stays noindex. Do not create a replacement page and do not force this URL into the index.
fabric for scarves crinkle,application,Commercial,/fabrics/crinkle-chiffon/,secondary,"Mapped in fabstitch-keyword-map.csv onto an existing URL. Volume, difficulty, and rank are UNKNOWN.",noindex_target,The URL exists and stays noindex. Do not create a replacement page and do not force this URL into the index.
fabric for scarves polyester,application,Commercial,/fabrics/polyester-chiffon/,secondary,"Mapped in fabstitch-keyword-map.csv onto an existing URL. Volume, difficulty, and rank are UNKNOWN.",noindex_target,The URL exists and stays noindex. Do not create a replacement page and do not force this URL into the index.
fabric for scarves printed,application,Commercial,/fabrics/printed-chiffon/,secondary,"Mapped in fabstitch-keyword-map.csv onto an existing URL. Volume, difficulty, and rank are UNKNOWN.",noindex_target,The URL exists and stays noindex. Do not create a replacement page and do not force this URL into the index.
fabric for scarves recycled,application,Commercial,/fabrics/recycled-polyester-chiffon/,secondary,"Mapped in fabstitch-keyword-map.csv onto an existing URL. Volume, difficulty, and rank are UNKNOWN.",noindex_target,The URL exists and stays noindex. Do not create a replacement page and do not force this URL into the index.
fabric for sheers open-weave,application,Commercial,/fabrics/open-weave-linen-curtain/,secondary,"Mapped in fabstitch-keyword-map.csv onto an existing URL. Volume, difficulty, and rank are UNKNOWN.",noindex_target,The URL exists and stays noindex. Do not create a replacement page and do not force this URL into the index.
fabric for sheers technical,application,Commercial,/fabrics/technical-voile/,secondary,"Mapped in fabstitch-keyword-map.csv onto an existing URL. Volume, difficulty, and rank are UNKNOWN.",noindex_target,The URL exists and stays noindex. Do not create a replacement page and do not force this URL into the index.
fabric for shirts birdseye,application,Commercial,/fabrics/birdseye-cotton-pique/,secondary,"Mapped in fabstitch-keyword-map.csv onto an existing URL. Volume, difficulty, and rank are UNKNOWN.",noindex_target,The URL exists and stays noindex. Do not create a replacement page and do not force this URL into the index.
fabric for shirts brushed,application,Commercial,/fabrics/brushed-flannel/,secondary,"Mapped in fabstitch-keyword-map.csv onto an existing URL. Volume, difficulty, and rank are UNKNOWN.",noindex_target,The URL exists and stays noindex. Do not create a replacement page and do not force this URL into the index.
fabric for shirts classic,application,Commercial,/fabrics/classic-oxford-cotton/,secondary,"Mapped in fabstitch-keyword-map.csv onto an existing URL. Volume, difficulty, and rank are UNKNOWN.",noindex_target,The URL exists and stays noindex. Do not create a replacement page and do not force this URL into the index.
fabric for shirts cotton-rich,application,Commercial,/fabrics/cotton-rich-pique/,secondary,"Mapped in fabstitch-keyword-map.csv onto an existing URL. Volume, difficulty, and rank are UNKNOWN.",noindex_target,The URL exists and stays noindex. Do not create a replacement page and do not force this URL into the index.
fabric for shirts crepe,application,Commercial,/fabrics/crepe-de-chine/,secondary,"Mapped in fabstitch-keyword-map.csv onto an existing URL. Volume, difficulty, and rank are UNKNOWN.",noindex_target,The URL exists and stays noindex. Do not create a replacement page and do not force this URL into the index.
fabric for shirts double,application,Commercial,/fabrics/double-cotton-pique/,secondary,"Mapped in fabstitch-keyword-map.csv onto an existing URL. Volume, difficulty, and rank are UNKNOWN.",noindex_target,The URL exists and stays noindex. Do not create a replacement page and do not force this URL into the index.
fabric for shirts egyptian,application,Commercial,/fabrics/egyptian-cotton-poplin/,secondary,"Mapped in fabstitch-keyword-map.csv onto an existing URL. Volume, difficulty, and rank are UNKNOWN.",noindex_target,The URL exists and stays noindex. Do not create a replacement page and do not force this URL into the index.
fabric for shirts fine,application,Commercial,/fabrics/fine-cotton-pique/,secondary,"Mapped in fabstitch-keyword-map.csv onto an existing URL. Volume, difficulty, and rank are UNKNOWN.",noindex_target,The URL exists and stays noindex. Do not create a replacement page and do not force this URL into the index.
fabric for shirts fine-wale,application,Commercial,/fabrics/fine-wale-corduroy/,secondary,"Mapped in fabstitch-keyword-map.csv onto an existing URL. Volume, difficulty, and rank are UNKNOWN.",noindex_target,The URL exists and stays noindex. Do not create a replacement page and do not force this URL into the index.
fabric for shirts heavy,application,Commercial,/fabrics/heavy-oxford-cotton/,secondary,"Mapped in fabstitch-keyword-map.csv onto an existing URL. Volume, difficulty, and rank are UNKNOWN.",noindex_target,The URL exists and stays noindex. Do not create a replacement page and do not force this URL into the index.
fabric for shirts honeycomb,application,Commercial,/fabrics/honeycomb-cotton-pique/,secondary,"Mapped in fabstitch-keyword-map.csv onto an existing URL. Volume, difficulty, and rank are UNKNOWN.",noindex_target,The URL exists and stays noindex. Do not create a replacement page and do not force this URL into the index.
fabric for shirts mercerised,application,Commercial,/fabrics/mercerised-cotton-lawn/,secondary,"Mapped in fabstitch-keyword-map.csv onto an existing URL. Volume, difficulty, and rank are UNKNOWN.",noindex_target,The URL exists and stays noindex. Do not create a replacement page and do not force this URL into the index.
fabric for shirts mercerized,application,Commercial,/fabrics/mercerized-cotton-poplin/,secondary,"Mapped in fabstitch-keyword-map.csv onto an existing URL. Volume, difficulty, and rank are UNKNOWN.",noindex_target,The URL exists and stays noindex. Do not create a replacement page and do not force this URL into the index.
fabric for shirts organic,application,Commercial,/fabrics/organic-cotton-lawn/,secondary,"Mapped in fabstitch-keyword-map.csv onto an existing URL. Volume, difficulty, and rank are UNKNOWN.",noindex_target,The URL exists and stays noindex. Do not create a replacement page and do not force this URL into the index.
fabric for shirts oxford,application,Commercial,/fabrics/oxford-chambray-cotton/,secondary,"Mapped in fabstitch-keyword-map.csv onto an existing URL. Volume, difficulty, and rank are UNKNOWN.",noindex_target,The URL exists and stays noindex. Do not create a replacement page and do not force this URL into the index.
fabric for shirts pima,application,Commercial,/fabrics/pima-cotton-poplin/,secondary,"Mapped in fabstitch-keyword-map.csv onto an existing URL. Volume, difficulty, and rank are UNKNOWN.",noindex_target,The URL exists and stays noindex. Do not create a replacement page and do not force this URL into the index.
fabric for shirts pinpoint,application,Commercial,/fabrics/pinpoint-oxford-cotton/,secondary,"Mapped in fabstitch-keyword-map.csv onto an existing URL. Volume, difficulty, and rank are UNKNOWN.",noindex_target,The URL exists and stays noindex. Do not create a replacement page and do not force this URL into the index.
fabric for shirts printed,application,Commercial,/fabrics/printed-cotton-lawn/,secondary,"Mapped in fabstitch-keyword-map.csv onto an existing URL. Volume, difficulty, and rank are UNKNOWN.",noindex_target,The URL exists and stays noindex. Do not create a replacement page and do not force this URL into the index.
fabric for shirts royal,application,Commercial,/fabrics/royal-oxford-cotton/,secondary,"Mapped in fabstitch-keyword-map.csv onto an existing URL. Volume, difficulty, and rank are UNKNOWN.",noindex_target,The URL exists and stays noindex. Do not create a replacement page and do not force this URL into the index.
fabric for shirts silk,application,Commercial,/fabrics/silk-broadcloth/,secondary,"Mapped in fabstitch-keyword-map.csv onto an existing URL. Volume, difficulty, and rank are UNKNOWN.",noindex_target,The URL exists and stays noindex. Do not create a replacement page and do not force this URL into the index.
fabric for shirts slub,application,Commercial,/fabrics/slub-cotton-lawn/,secondary,"Mapped in fabstitch-keyword-map.csv onto an existing URL. Volume, difficulty, and rank are UNKNOWN.",noindex_target,The URL exists and stays noindex. Do not create a replacement page and do not force this URL into the index.
fabric for shirts soft,application,Commercial,/fabrics/soft-oxford-cotton/,secondary,"Mapped in fabstitch-keyword-map.csv onto an existing URL. Volume, difficulty, and rank are UNKNOWN.",noindex_target,The URL exists and stays noindex. Do not create a replacement page and do not force this URL into the index.
fabric for shirts stretch,performance,Commercial,/fabrics/stretch-oxford-cotton/,secondary,"Mapped in fabstitch-keyword-map.csv onto an existing URL. Volume, difficulty, and rank are UNKNOWN.",noindex_target,The URL exists and stays noindex. Do not create a replacement page and do not force this URL into the index.
fabric for shirts tencel,application,Commercial,/fabrics/tencel-plain-weave/,secondary,"Mapped in fabstitch-keyword-map.csv onto an existing URL. Volume, difficulty, and rank are UNKNOWN.",noindex_target,The URL exists and stays noindex. Do not create a replacement page and do not force this URL into the index.
fabric for slip dresses crepe,application,Commercial,/fabrics/crepe-de-chine/,secondary,"Mapped in fabstitch-keyword-map.csv onto an existing URL. Volume, difficulty, and rank are UNKNOWN.",noindex_target,The URL exists and stays noindex. Do not create a replacement page and do not force this URL into the index.
fabric for slip dresses silk,application,Commercial,/fabrics/silk-charmeuse/,secondary,"Mapped in fabstitch-keyword-map.csv onto an existing URL. Volume, difficulty, and rank are UNKNOWN.",noindex_target,The URL exists and stays noindex. Do not create a replacement page and do not force this URL into the index.
fabric for soft tailoring compact,application,Commercial,/fabrics/ponte-compact/,secondary,"Mapped in fabstitch-keyword-map.csv onto an existing URL. Volume, difficulty, and rank are UNKNOWN.",noindex_target,The URL exists and stays noindex. Do not create a replacement page and do not force this URL into the index.
fabric for soft tailoring linen-lyocell,application,Commercial,/fabrics/linen-lyocell/,secondary,"Mapped in fabstitch-keyword-map.csv onto an existing URL. Volume, difficulty, and rank are UNKNOWN.",noindex_target,The URL exists and stays noindex. Do not create a replacement page and do not force this URL into the index.
fabric for soft tailoring linen-viscose,application,Commercial,/fabrics/linen-viscose/,secondary,"Mapped in fabstitch-keyword-map.csv onto an existing URL. Volume, difficulty, and rank are UNKNOWN.",noindex_target,The URL exists and stays noindex. Do not create a replacement page and do not force this URL into the index.
fabric for soft tailoring rayon,application,Commercial,/fabrics/ponte-rayon-nylon/,secondary,"Mapped in fabstitch-keyword-map.csv onto an existing URL. Volume, difficulty, and rank are UNKNOWN.",noindex_target,The URL exists and stays noindex. Do not create a replacement page and do not force this URL into the index.
fabric for soft tailoring wool,application,Commercial,/fabrics/wool-linen-tailoring-open-weave/,secondary,"Mapped in fabstitch-keyword-map.csv onto an existing URL. Volume, difficulty, and rank are UNKNOWN.",noindex_target,The URL exists and stays noindex. Do not create a replacement page and do not force this URL into the index.
fabric for statement knits alpaca,application,Commercial,/fabrics/alpaca-blend/,secondary,"Mapped in fabstitch-keyword-map.csv onto an existing URL. Volume, difficulty, and rank are UNKNOWN.",noindex_target,The URL exists and stays noindex. Do not create a replacement page and do not force this URL into the index.
fabric for statement knits mohair,application,Commercial,/fabrics/mohair-blend/,secondary,"Mapped in fabstitch-keyword-map.csv onto an existing URL. Volume, difficulty, and rank are UNKNOWN.",noindex_target,The URL exists and stays noindex. Do not create a replacement page and do not force this URL into the index.
fabric for suiting brushed,application,Commercial,/fabrics/brushed-flannel/,secondary,"Mapped in fabstitch-keyword-map.csv onto an existing URL. Volume, difficulty, and rank are UNKNOWN.",noindex_target,The URL exists and stays noindex. Do not create a replacement page and do not force this URL into the index.
fabric for suiting merino,application,Commercial,/fabrics/merino-roica-stretch-tailoring/,secondary,"Mapped in fabstitch-keyword-map.csv onto an existing URL. Volume, difficulty, and rank are UNKNOWN.",noindex_target,The URL exists and stays noindex. Do not create a replacement page and do not force this URL into the index.
fabric for suiting super,application,Commercial,/fabrics/tropical-wool-super-110s-130s/,secondary,"Mapped in fabstitch-keyword-map.csv onto an existing URL. Volume, difficulty, and rank are UNKNOWN.",noindex_target,The URL exists and stays noindex. Do not create a replacement page and do not force this URL into the index.
fabric for suiting wool,application,Commercial,/fabrics/wool-linen-tailoring-open-weave/,secondary,"Mapped in fabstitch-keyword-map.csv onto an existing URL. Volume, difficulty, and rank are UNKNOWN.",noindex_target,The URL exists and stays noindex. Do not create a replacement page and do not force this URL into the index.
fabric for suiting wool-silk,application,Commercial,/fabrics/wool-silk-bi-stretch/,secondary,"Mapped in fabstitch-keyword-map.csv onto an existing URL. Volume, difficulty, and rank are UNKNOWN.",noindex_target,The URL exists and stays noindex. Do not create a replacement page and do not force this URL into the index.
fabric for swimwear crossover,application,Commercial,/fabrics/crossover-swimwear-fabric/,secondary,"Mapped in fabstitch-keyword-map.csv onto an existing URL. Volume, difficulty, and rank are UNKNOWN.",noindex_target,The URL exists and stays noindex. Do not create a replacement page and do not force this URL into the index.
fabric for trousers brushed,application,Commercial,/fabrics/brushed-flannel/,secondary,"Mapped in fabstitch-keyword-map.csv onto an existing URL. Volume, difficulty, and rank are UNKNOWN.",noindex_target,The URL exists and stays noindex. Do not create a replacement page and do not force this URL into the index.
fabric for trousers classic,application,Commercial,/fabrics/ponte-double-knit/,secondary,"Mapped in fabstitch-keyword-map.csv onto an existing URL. Volume, difficulty, and rank are UNKNOWN.",noindex_target,The URL exists and stays noindex. Do not create a replacement page and do not force this URL into the index.
fabric for trousers compact,application,Commercial,/fabrics/ponte-compact/,secondary,"Mapped in fabstitch-keyword-map.csv onto an existing URL. Volume, difficulty, and rank are UNKNOWN.",noindex_target,The URL exists and stays noindex. Do not create a replacement page and do not force this URL into the index.
fabric for trousers cotton,application,Commercial,/fabrics/ponte-cotton-rayon/,secondary,"Mapped in fabstitch-keyword-map.csv onto an existing URL. Volume, difficulty, and rank are UNKNOWN.",noindex_target,The URL exists and stays noindex. Do not create a replacement page and do not force this URL into the index.
fabric for trousers egyptian,application,Commercial,/fabrics/egyptian-cotton-twill/,secondary,"Mapped in fabstitch-keyword-map.csv onto an existing URL. Volume, difficulty, and rank are UNKNOWN.",noindex_target,The URL exists and stays noindex. Do not create a replacement page and do not force this URL into the index.
fabric for trousers fine-wale,application,Commercial,/fabrics/fine-wale-corduroy/,secondary,"Mapped in fabstitch-keyword-map.csv onto an existing URL. Volume, difficulty, and rank are UNKNOWN.",noindex_target,The URL exists and stays noindex. Do not create a replacement page and do not force this URL into the index.
fabric for trousers heavy,application,Commercial,/fabrics/tencel-heavy-twill/,secondary,"Mapped in fabstitch-keyword-map.csv onto an existing URL. Volume, difficulty, and rank are UNKNOWN.",noindex_target,The URL exists and stays noindex. Do not create a replacement page and do not force this URL into the index.
fabric for trousers jumbo,application,Commercial,/fabrics/jumbo-corduroy/,secondary,"Mapped in fabstitch-keyword-map.csv onto an existing URL. Volume, difficulty, and rank are UNKNOWN.",noindex_target,The URL exists and stays noindex. Do not create a replacement page and do not force this URL into the index.
fabric for trousers linen-lyocell,application,Commercial,/fabrics/linen-lyocell/,secondary,"Mapped in fabstitch-keyword-map.csv onto an existing URL. Volume, difficulty, and rank are UNKNOWN.",noindex_target,The URL exists and stays noindex. Do not create a replacement page and do not force this URL into the index.
fabric for trousers linen-viscose,application,Commercial,/fabrics/linen-viscose/,secondary,"Mapped in fabstitch-keyword-map.csv onto an existing URL. Volume, difficulty, and rank are UNKNOWN.",noindex_target,The URL exists and stays noindex. Do not create a replacement page and do not force this URL into the index.
fabric for trousers matte,application,Commercial,/fabrics/ponte-matte/,secondary,"Mapped in fabstitch-keyword-map.csv onto an existing URL. Volume, difficulty, and rank are UNKNOWN.",noindex_target,The URL exists and stays noindex. Do not create a replacement page and do not force this URL into the index.
fabric for trousers mercerized,application,Commercial,/fabrics/mercerized-cotton-twill/,secondary,"Mapped in fabstitch-keyword-map.csv onto an existing URL. Volume, difficulty, and rank are UNKNOWN.",noindex_target,The URL exists and stays noindex. Do not create a replacement page and do not force this URL into the index.
fabric for trousers rayon,application,Commercial,/fabrics/ponte-rayon-nylon/,secondary,"Mapped in fabstitch-keyword-map.csv onto an existing URL. Volume, difficulty, and rank are UNKNOWN.",noindex_target,The URL exists and stays noindex. Do not create a replacement page and do not force this URL into the index.
fabric for trousers structured,application,Commercial,/fabrics/ponte-structured/,secondary,"Mapped in fabstitch-keyword-map.csv onto an existing URL. Volume, difficulty, and rank are UNKNOWN.",noindex_target,The URL exists and stays noindex. Do not create a replacement page and do not force this URL into the index.
fabric for trousers tencel,application,Commercial,/fabrics/tencel-twill/,secondary,"Mapped in fabstitch-keyword-map.csv onto an existing URL. Volume, difficulty, and rank are UNKNOWN.",noindex_target,The URL exists and stays noindex. Do not create a replacement page and do not force this URL into the index.
fabric for trousers travel,application,Commercial,/fabrics/ponte-travel/,secondary,"Mapped in fabstitch-keyword-map.csv onto an existing URL. Volume, difficulty, and rank are UNKNOWN.",noindex_target,The URL exists and stays noindex. Do not create a replacement page and do not force this URL into the index.
fabric for trousers wool,application,Commercial,/fabrics/wool-cotton-twill/,secondary,"Mapped in fabstitch-keyword-map.csv onto an existing URL. Volume, difficulty, and rank are UNKNOWN.",noindex_target,The URL exists and stays noindex. Do not create a replacement page and do not force this URL into the index.
fabric for unlined coats double-face,application,Commercial,/fabrics/double-face-wool/,secondary,"Mapped in fabstitch-keyword-map.csv onto an existing URL. Volume, difficulty, and rank are UNKNOWN.",noindex_target,The URL exists and stays noindex. Do not create a replacement page and do not force this URL into the index.
fabric for unstructured jackets wool,application,Commercial,/fabrics/wool-linen-tailoring-open-weave/,secondary,"Mapped in fabstitch-keyword-map.csv onto an existing URL. Volume, difficulty, and rank are UNKNOWN.",noindex_target,The URL exists and stays noindex. Do not create a replacement page and do not force this URL into the index.
fabric for unstructured jackets wool-linen,application,Commercial,/fabrics/wool-linen-open-weave/,secondary,"Mapped in fabstitch-keyword-map.csv onto an existing URL. Volume, difficulty, and rank are UNKNOWN.",noindex_target,The URL exists and stays noindex. Do not create a replacement page and do not force this URL into the index.
fabric for unstructured jackets wool-mohair,application,Commercial,/fabrics/wool-mohair-open-weave/,secondary,"Mapped in fabstitch-keyword-map.csv onto an existing URL. Volume, difficulty, and rank are UNKNOWN.",noindex_target,The URL exists and stays noindex. Do not create a replacement page and do not force this URL into the index.
fabric for upholstery heavy,application,Commercial,/fabrics/heavy-linen-upholstery/,secondary,"Mapped in fabstitch-keyword-map.csv onto an existing URL. Volume, difficulty, and rank are UNKNOWN.",noindex_target,The URL exists and stays noindex. Do not create a replacement page and do not force this URL into the index.
fabric for upholstery performance,application,Commercial,/fabrics/performance-upholstery-weave/,secondary,"Mapped in fabstitch-keyword-map.csv onto an existing URL. Volume, difficulty, and rank are UNKNOWN.",noindex_target,The URL exists and stays noindex. Do not create a replacement page and do not force this URL into the index.
fabric for upholstery upholstery,application,Commercial,/fabrics/upholstery-boucle/,secondary,"Mapped in fabstitch-keyword-map.csv onto an existing URL. Volume, difficulty, and rank are UNKNOWN.",noindex_target,The URL exists and stays noindex. Do not create a replacement page and do not force this URL into the index.
fabric for upholstery wool,application,Commercial,/fabrics/wool-felt-upholstery/,secondary,"Mapped in fabstitch-keyword-map.csv onto an existing URL. Volume, difficulty, and rank are UNKNOWN.",noindex_target,The URL exists and stays noindex. Do not create a replacement page and do not force this URL into the index.
fabric for volume sleeves silk,application,Commercial,/fabrics/silk-organza/,secondary,"Mapped in fabstitch-keyword-map.csv onto an existing URL. Volume, difficulty, and rank are UNKNOWN.",noindex_target,The URL exists and stays noindex. Do not create a replacement page and do not force this URL into the index.
fabric for workwear jackets birdseye,application,Commercial,/fabrics/birdseye-cotton-pique/,secondary,"Mapped in fabstitch-keyword-map.csv onto an existing URL. Volume, difficulty, and rank are UNKNOWN.",noindex_target,The URL exists and stays noindex. Do not create a replacement page and do not force this URL into the index.
fabric for workwear jackets classic,application,Commercial,/fabrics/classic-oxford-cotton/,secondary,"Mapped in fabstitch-keyword-map.csv onto an existing URL. Volume, difficulty, and rank are UNKNOWN.",noindex_target,The URL exists and stays noindex. Do not create a replacement page and do not force this URL into the index.
fabric for workwear jackets cotton,application,Commercial,/fabrics/cotton-moleskin/,secondary,"Mapped in fabstitch-keyword-map.csv onto an existing URL. Volume, difficulty, and rank are UNKNOWN.",noindex_target,The URL exists and stays noindex. Do not create a replacement page and do not force this URL into the index.
fabric for workwear jackets cotton-rich,application,Commercial,/fabrics/cotton-rich-pique/,secondary,"Mapped in fabstitch-keyword-map.csv onto an existing URL. Volume, difficulty, and rank are UNKNOWN.",noindex_target,The URL exists and stays noindex. Do not create a replacement page and do not force this URL into the index.
fabric for workwear jackets egyptian,application,Commercial,/fabrics/egyptian-cotton-poplin/,secondary,"Mapped in fabstitch-keyword-map.csv onto an existing URL. Volume, difficulty, and rank are UNKNOWN.",noindex_target,The URL exists and stays noindex. Do not create a replacement page and do not force this URL into the index.
fabric for workwear jackets heavy,application,Commercial,/fabrics/heavy-oxford-cotton/,secondary,"Mapped in fabstitch-keyword-map.csv onto an existing URL. Volume, difficulty, and rank are UNKNOWN.",noindex_target,The URL exists and stays noindex. Do not create a replacement page and do not force this URL into the index.
fabric for workwear jackets honeycomb,application,Commercial,/fabrics/honeycomb-cotton-pique/,secondary,"Mapped in fabstitch-keyword-map.csv onto an existing URL. Volume, difficulty, and rank are UNKNOWN.",noindex_target,The URL exists and stays noindex. Do not create a replacement page and do not force this URL into the index.
fabric for workwear jackets matte,application,Commercial,/fabrics/ponte-matte/,secondary,"Mapped in fabstitch-keyword-map.csv onto an existing URL. Volume, difficulty, and rank are UNKNOWN.",noindex_target,The URL exists and stays noindex. Do not create a replacement page and do not force this URL into the index.
fabric for workwear jackets mercerized,application,Commercial,/fabrics/mercerized-cotton-poplin/,secondary,"Mapped in fabstitch-keyword-map.csv onto an existing URL. Volume, difficulty, and rank are UNKNOWN.",noindex_target,The URL exists and stays noindex. Do not create a replacement page and do not force this URL into the index.
fabric for workwear jackets organic,application,Commercial,/fabrics/organic-oxford-cotton/,secondary,"Mapped in fabstitch-keyword-map.csv onto an existing URL. Volume, difficulty, and rank are UNKNOWN.",noindex_target,The URL exists and stays noindex. Do not create a replacement page and do not force this URL into the index.
fabric for workwear jackets oxford,application,Commercial,/fabrics/oxford-chambray-cotton/,secondary,"Mapped in fabstitch-keyword-map.csv onto an existing URL. Volume, difficulty, and rank are UNKNOWN.",noindex_target,The URL exists and stays noindex. Do not create a replacement page and do not force this URL into the index.
fabric for workwear jackets pima,application,Commercial,/fabrics/pima-cotton-broadcloth/,secondary,"Mapped in fabstitch-keyword-map.csv onto an existing URL. Volume, difficulty, and rank are UNKNOWN.",noindex_target,The URL exists and stays noindex. Do not create a replacement page and do not force this URL into the index.
fabric for workwear jackets pinpoint,application,Commercial,/fabrics/pinpoint-oxford-cotton/,secondary,"Mapped in fabstitch-keyword-map.csv onto an existing URL. Volume, difficulty, and rank are UNKNOWN.",noindex_target,The URL exists and stays noindex. Do not create a replacement page and do not force this URL into the index.
fabric for workwear jackets royal,application,Commercial,/fabrics/royal-oxford-cotton/,secondary,"Mapped in fabstitch-keyword-map.csv onto an existing URL. Volume, difficulty, and rank are UNKNOWN.",noindex_target,The URL exists and stays noindex. Do not create a replacement page and do not force this URL into the index.
fabric for workwear jackets soft,application,Commercial,/fabrics/soft-oxford-cotton/,secondary,"Mapped in fabstitch-keyword-map.csv onto an existing URL. Volume, difficulty, and rank are UNKNOWN.",noindex_target,The URL exists and stays noindex. Do not create a replacement page and do not force this URL into the index.
fabric for workwear jackets stretch,performance,Commercial,/fabrics/stretch-oxford-cotton/,secondary,"Mapped in fabstitch-keyword-map.csv onto an existing URL. Volume, difficulty, and rank are UNKNOWN.",noindex_target,The URL exists and stays noindex. Do not create a replacement page and do not force this URL into the index.
fabric for workwear jackets structured,application,Commercial,/fabrics/ponte-structured/,secondary,"Mapped in fabstitch-keyword-map.csv onto an existing URL. Volume, difficulty, and rank are UNKNOWN.",noindex_target,The URL exists and stays noindex. Do not create a replacement page and do not force this URL into the index.
fabric for workwear jackets wool,application,Commercial,/fabrics/wool-cotton-twill/,secondary,"Mapped in fabstitch-keyword-map.csv onto an existing URL. Volume, difficulty, and rank are UNKNOWN.",noindex_target,The URL exists and stays noindex. Do not create a replacement page and do not force this URL into the index.
fabric for workwear trousers cotton,application,Commercial,/fabrics/cotton-moleskin/,secondary,"Mapped in fabstitch-keyword-map.csv onto an existing URL. Volume, difficulty, and rank are UNKNOWN.",noindex_target,The URL exists and stays noindex. Do not create a replacement page and do not force this URL into the index.
felt wool felt upholstery,application,Commercial,/fabrics/wool-felt-upholstery/,secondary,"Mapped in fabstitch-keyword-map.csv onto an existing URL. Volume, difficulty, and rank are UNKNOWN.",noindex_target,The URL exists and stays noindex. Do not create a replacement page and do not force this URL into the index.
fine close plain weave egyptian cotton broadcloth,fabric_type,Commercial,/fabrics/egyptian-cotton-broadcloth/,secondary,"Mapped in fabstitch-keyword-map.csv onto an existing URL. Volume, difficulty, and rank are UNKNOWN.",noindex_target,The URL exists and stays noindex. Do not create a replacement page and do not force this URL into the index.
fine close plain weave mercerized cotton broadcloth,fabric_type,Commercial,/fabrics/mercerized-cotton-broadcloth/,secondary,"Mapped in fabstitch-keyword-map.csv onto an existing URL. Volume, difficulty, and rank are UNKNOWN.",noindex_target,The URL exists and stays noindex. Do not create a replacement page and do not force this URL into the index.
fine close plain weave pima cotton broadcloth,fabric_type,Commercial,/fabrics/pima-cotton-broadcloth/,secondary,"Mapped in fabstitch-keyword-map.csv onto an existing URL. Volume, difficulty, and rank are UNKNOWN.",noindex_target,The URL exists and stays noindex. Do not create a replacement page and do not force this URL into the index.
fine cotton piqué,fabric_type,Commercial,/fabrics/fine-cotton-pique/,secondary,"Mapped in fabstitch-keyword-map.csv onto an existing URL. Volume, difficulty, and rank are UNKNOWN.",noindex_target,The URL exists and stays noindex. Do not create a replacement page and do not force this URL into the index.
fine cotton piqué fabric,fabric_type,Commercial,/fabrics/fine-cotton-pique/,secondary,"Mapped in fabstitch-keyword-map.csv onto an existing URL. Volume, difficulty, and rank are UNKNOWN.",noindex_target,The URL exists and stays noindex. Do not create a replacement page and do not force this URL into the index.
fine cotton piqué fabric online,fabric_type,Commercial,/fabrics/fine-cotton-pique/,secondary,"Mapped in fabstitch-keyword-map.csv onto an existing URL. Volume, difficulty, and rank are UNKNOWN.",noindex_target,The URL exists and stays noindex. Do not create a replacement page and do not force this URL into the index.
fine cotton piqué for baselayers,fabric_type,Commercial,/fabrics/fine-cotton-pique/,secondary,"Mapped in fabstitch-keyword-map.csv onto an existing URL. Volume, difficulty, and rank are UNKNOWN.",noindex_target,The URL exists and stays noindex. Do not create a replacement page and do not force this URL into the index.
fine cotton piqué for knitwear,fabric_type,Commercial,/fabrics/fine-cotton-pique/,secondary,"Mapped in fabstitch-keyword-map.csv onto an existing URL. Volume, difficulty, and rank are UNKNOWN.",noindex_target,The URL exists and stays noindex. Do not create a replacement page and do not force this URL into the index.
fine cotton piqué for shirts,fabric_type,Commercial,/fabrics/fine-cotton-pique/,secondary,"Mapped in fabstitch-keyword-map.csv onto an existing URL. Volume, difficulty, and rank are UNKNOWN.",noindex_target,The URL exists and stays noindex. Do not create a replacement page and do not force this URL into the index.
fine cotton piqué textile,fabric_type,Commercial,/fabrics/fine-cotton-pique/,secondary,"Mapped in fabstitch-keyword-map.csv onto an existing URL. Volume, difficulty, and rank are UNKNOWN.",noindex_target,The URL exists and stays noindex. Do not create a replacement page and do not force this URL into the index.
fine high-count plain weave cotton lawn,fabric_type,Commercial,/fabrics/cotton-lawn/,secondary,"Mapped in fabstitch-keyword-map.csv onto an existing URL. Volume, difficulty, and rank are UNKNOWN.",noindex_target,The URL exists and stays noindex. Do not create a replacement page and do not force this URL into the index.
fine high-count plain weave mercerized cotton lawn,fabric_type,Commercial,/fabrics/mercerized-cotton-lawn/,secondary,"Mapped in fabstitch-keyword-map.csv onto an existing URL. Volume, difficulty, and rank are UNKNOWN.",noindex_target,The URL exists and stays noindex. Do not create a replacement page and do not force this URL into the index.
fine high-count plain weave organic cotton lawn,fabric_type,Commercial,/fabrics/organic-cotton-lawn/,secondary,"Mapped in fabstitch-keyword-map.csv onto an existing URL. Volume, difficulty, and rank are UNKNOWN.",noindex_target,The URL exists and stays noindex. Do not create a replacement page and do not force this URL into the index.
fine high-count plain weave printed cotton lawn,fabric_type,Commercial,/fabrics/printed-cotton-lawn/,secondary,"Mapped in fabstitch-keyword-map.csv onto an existing URL. Volume, difficulty, and rank are UNKNOWN.",noindex_target,The URL exists and stays noindex. Do not create a replacement page and do not force this URL into the index.
fine loopback french terry,fabric_type,Commercial,/fabrics/french-terry-loopback/,secondary,"Mapped in fabstitch-keyword-map.csv onto an existing URL. Volume, difficulty, and rank are UNKNOWN.",noindex_target,The URL exists and stays noindex. Do not create a replacement page and do not force this URL into the index.
fine loopback french terry fabric,fabric_type,Commercial,/fabrics/french-terry-loopback/,secondary,"Mapped in fabstitch-keyword-map.csv onto an existing URL. Volume, difficulty, and rank are UNKNOWN.",noindex_target,The URL exists and stays noindex. Do not create a replacement page and do not force this URL into the index.
fine loopback french terry fabric online,fabric_type,Commercial,/fabrics/french-terry-loopback/,secondary,"Mapped in fabstitch-keyword-map.csv onto an existing URL. Volume, difficulty, and rank are UNKNOWN.",noindex_target,The URL exists and stays noindex. Do not create a replacement page and do not force this URL into the index.
fine loopback french terry for baselayers,fabric_type,Commercial,/fabrics/french-terry-loopback/,secondary,"Mapped in fabstitch-keyword-map.csv onto an existing URL. Volume, difficulty, and rank are UNKNOWN.",noindex_target,The URL exists and stays noindex. Do not create a replacement page and do not force this URL into the index.
fine loopback french terry for knitwear,fabric_type,Commercial,/fabrics/french-terry-loopback/,secondary,"Mapped in fabstitch-keyword-map.csv onto an existing URL. Volume, difficulty, and rank are UNKNOWN.",noindex_target,The URL exists and stays noindex. Do not create a replacement page and do not force this URL into the index.
fine loopback french terry for loungewear,fabric_type,Commercial,/fabrics/french-terry-loopback/,secondary,"Mapped in fabstitch-keyword-map.csv onto an existing URL. Volume, difficulty, and rank are UNKNOWN.",noindex_target,The URL exists and stays noindex. Do not create a replacement page and do not force this URL into the index.
fine loopback french terry textile,fabric_type,Commercial,/fabrics/french-terry-loopback/,secondary,"Mapped in fabstitch-keyword-map.csv onto an existing URL. Volume, difficulty, and rank are UNKNOWN.",noindex_target,The URL exists and stays noindex. Do not create a replacement page and do not force this URL into the index.
fine open plain weave egyptian cotton voile,fabric_type,Commercial,/fabrics/egyptian-cotton-voile/,secondary,"Mapped in fabstitch-keyword-map.csv onto an existing URL. Volume, difficulty, and rank are UNKNOWN.",noindex_target,The URL exists and stays noindex. Do not create a replacement page and do not force this URL into the index.
fine open plain weave mercerized cotton voile,fabric_type,Commercial,/fabrics/mercerized-cotton-voile/,secondary,"Mapped in fabstitch-keyword-map.csv onto an existing URL. Volume, difficulty, and rank are UNKNOWN.",noindex_target,The URL exists and stays noindex. Do not create a replacement page and do not force this URL into the index.
fine open plain weave pima cotton voile,fabric_type,Commercial,/fabrics/pima-cotton-voile/,secondary,"Mapped in fabstitch-keyword-map.csv onto an existing URL. Volume, difficulty, and rank are UNKNOWN.",noindex_target,The URL exists and stays noindex. Do not create a replacement page and do not force this URL into the index.
fine open plain weave voile lawn,fabric_type,Commercial,/fabrics/voile-lawn/,secondary,"Mapped in fabstitch-keyword-map.csv onto an existing URL. Volume, difficulty, and rank are UNKNOWN.",noindex_target,The URL exists and stays noindex. Do not create a replacement page and do not force this URL into the index.
fine oxford basketweave pinpoint oxford cotton,fabric_type,Commercial,/fabrics/pinpoint-oxford-cotton/,secondary,"Mapped in fabstitch-keyword-map.csv onto an existing URL. Volume, difficulty, and rank are UNKNOWN.",noindex_target,The URL exists and stays noindex. Do not create a replacement page and do not force this URL into the index.
fine plain weave batiste lawn,fabric_type,Commercial,/fabrics/batiste-lawn/,secondary,"Mapped in fabstitch-keyword-map.csv onto an existing URL. Volume, difficulty, and rank are UNKNOWN.",noindex_target,The URL exists and stays noindex. Do not create a replacement page and do not force this URL into the index.
fine plain weave egyptian cotton poplin,fabric_type,Commercial,/fabrics/egyptian-cotton-poplin/,secondary,"Mapped in fabstitch-keyword-map.csv onto an existing URL. Volume, difficulty, and rank are UNKNOWN.",noindex_target,The URL exists and stays noindex. Do not create a replacement page and do not force this URL into the index.
fine plain weave embroidered cotton lawn,fabric_type,Commercial,/fabrics/embroidered-cotton-lawn/,secondary,"Mapped in fabstitch-keyword-map.csv onto an existing URL. Volume, difficulty, and rank are UNKNOWN.",noindex_target,The URL exists and stays noindex. Do not create a replacement page and do not force this URL into the index.
fine plain weave mercerised cotton lawn,fabric_type,Commercial,/fabrics/mercerised-cotton-lawn/,secondary,"Mapped in fabstitch-keyword-map.csv onto an existing URL. Volume, difficulty, and rank are UNKNOWN.",noindex_target,The URL exists and stays noindex. Do not create a replacement page and do not force this URL into the index.
fine plain weave mercerized cotton poplin,fabric_type,Commercial,/fabrics/mercerized-cotton-poplin/,secondary,"Mapped in fabstitch-keyword-map.csv onto an existing URL. Volume, difficulty, and rank are UNKNOWN.",noindex_target,The URL exists and stays noindex. Do not create a replacement page and do not force this URL into the index.
fine plain weave pima cotton poplin,fabric_type,Commercial,/fabrics/pima-cotton-poplin/,secondary,"Mapped in fabstitch-keyword-map.csv onto an existing URL. Volume, difficulty, and rank are UNKNOWN.",noindex_target,The URL exists and stays noindex. Do not create a replacement page and do not force this URL into the index.
fine plain weave slub cotton lawn,fabric_type,Commercial,/fabrics/slub-cotton-lawn/,secondary,"Mapped in fabstitch-keyword-map.csv onto an existing URL. Volume, difficulty, and rank are UNKNOWN.",noindex_target,The URL exists and stays noindex. Do not create a replacement page and do not force this URL into the index.
fine plain weave tencel shirting,fabric_type,Commercial,/fabrics/tencel-shirting/,secondary,"Mapped in fabstitch-keyword-map.csv onto an existing URL. Volume, difficulty, and rank are UNKNOWN.",noindex_target,The URL exists and stays noindex. Do not create a replacement page and do not force this URL into the index.
fine plain weave wool silk suiting blend,fabric_type,Commercial,/fabrics/wool-silk-suiting/,secondary,"Mapped in fabstitch-keyword-map.csv onto an existing URL. Volume, difficulty, and rank are UNKNOWN.",noindex_target,The URL exists and stays noindex. Do not create a replacement page and do not force this URL into the index.
fine ribbed weave silk faille,fabric_type,Commercial,/fabrics/silk-faille/,secondary,"Mapped in fabstitch-keyword-map.csv onto an existing URL. Volume, difficulty, and rank are UNKNOWN.",noindex_target,The URL exists and stays noindex. Do not create a replacement page and do not force this URL into the index.
fine-gauge french terry fine loopback french terry,fabric_type,Commercial,/fabrics/french-terry-loopback/,secondary,"Mapped in fabstitch-keyword-map.csv onto an existing URL. Volume, difficulty, and rank are UNKNOWN.",noindex_target,The URL exists and stays noindex. Do not create a replacement page and do not force this URL into the index.
fine-gauge piqué knit fine cotton piqué,fabric_type,Commercial,/fabrics/fine-cotton-pique/,secondary,"Mapped in fabstitch-keyword-map.csv onto an existing URL. Volume, difficulty, and rank are UNKNOWN.",noindex_target,The URL exists and stays noindex. Do not create a replacement page and do not force this URL into the index.
fine-gauge semi-sheer knit,fabric_type,Commercial,/fabrics/fine-gauge-semi-sheer-knit/,secondary,"Mapped in fabstitch-keyword-map.csv onto an existing URL. Volume, difficulty, and rank are UNKNOWN.",noindex_target,The URL exists and stays noindex. Do not create a replacement page and do not force this URL into the index.
fine-gauge semi-sheer knit fabric,fabric_type,Commercial,/fabrics/fine-gauge-semi-sheer-knit/,secondary,"Mapped in fabstitch-keyword-map.csv onto an existing URL. Volume, difficulty, and rank are UNKNOWN.",noindex_target,The URL exists and stays noindex. Do not create a replacement page and do not force this URL into the index.
fine-gauge semi-sheer knit fabric online,fabric_type,Commercial,/fabrics/fine-gauge-semi-sheer-knit/,secondary,"Mapped in fabstitch-keyword-map.csv onto an existing URL. Volume, difficulty, and rank are UNKNOWN.",noindex_target,The URL exists and stays noindex. Do not create a replacement page and do not force this URL into the index.
fine-gauge semi-sheer knit for layering pieces,fabric_type,Commercial,/fabrics/fine-gauge-semi-sheer-knit/,secondary,"Mapped in fabstitch-keyword-map.csv onto an existing URL. Volume, difficulty, and rank are UNKNOWN.",noindex_target,The URL exists and stays noindex. Do not create a replacement page and do not force this URL into the index.
fine-gauge semi-sheer knit textile,fabric_type,Commercial,/fabrics/fine-gauge-semi-sheer-knit/,secondary,"Mapped in fabstitch-keyword-map.csv onto an existing URL. Volume, difficulty, and rank are UNKNOWN.",noindex_target,The URL exists and stays noindex. Do not create a replacement page and do not force this URL into the index.
fine-wale corduroy,fabric_type,Commercial,/fabrics/fine-wale-corduroy/,secondary,"Mapped in fabstitch-keyword-map.csv onto an existing URL. Volume, difficulty, and rank are UNKNOWN.",noindex_target,The URL exists and stays noindex. Do not create a replacement page and do not force this URL into the index.
fine-wale corduroy fabric,fabric_type,Commercial,/fabrics/fine-wale-corduroy/,secondary,"Mapped in fabstitch-keyword-map.csv onto an existing URL. Volume, difficulty, and rank are UNKNOWN.",noindex_target,The URL exists and stays noindex. Do not create a replacement page and do not force this URL into the index.
fine-wale corduroy fabric online,fabric_type,Commercial,/fabrics/fine-wale-corduroy/,secondary,"Mapped in fabstitch-keyword-map.csv onto an existing URL. Volume, difficulty, and rank are UNKNOWN.",noindex_target,The URL exists and stays noindex. Do not create a replacement page and do not force this URL into the index.
fine-wale corduroy fine-wale corduroy,fabric_type,Commercial,/fabrics/fine-wale-corduroy/,secondary,"Mapped in fabstitch-keyword-map.csv onto an existing URL. Volume, difficulty, and rank are UNKNOWN.",noindex_target,The URL exists and stays noindex. Do not create a replacement page and do not force this URL into the index.
fine-wale corduroy for shirts,fabric_type,Commercial,/fabrics/fine-wale-corduroy/,secondary,"Mapped in fabstitch-keyword-map.csv onto an existing URL. Volume, difficulty, and rank are UNKNOWN.",noindex_target,The URL exists and stays noindex. Do not create a replacement page and do not force this URL into the index.
fine-wale corduroy for trousers,fabric_type,Commercial,/fabrics/fine-wale-corduroy/,secondary,"Mapped in fabstitch-keyword-map.csv onto an existing URL. Volume, difficulty, and rank are UNKNOWN.",noindex_target,The URL exists and stays noindex. Do not create a replacement page and do not force this URL into the index.
fine-wale corduroy textile,fabric_type,Commercial,/fabrics/fine-wale-corduroy/,secondary,"Mapped in fabstitch-keyword-map.csv onto an existing URL. Volume, difficulty, and rank are UNKNOWN.",noindex_target,The URL exists and stays noindex. Do not create a replacement page and do not force this URL into the index.
fleece knit pima cotton fleece,fabric_type,Commercial,/fabrics/pima-cotton-fleece/,secondary,"Mapped in fabstitch-keyword-map.csv onto an existing URL. Volume, difficulty, and rank are UNKNOWN.",noindex_target,The URL exists and stays noindex. Do not create a replacement page and do not force this URL into the index.
french terry knit classic french terry,fabric_type,Commercial,/fabrics/french-terry-classic/,secondary,"Mapped in fabstitch-keyword-map.csv onto an existing URL. Volume, difficulty, and rank are UNKNOWN.",noindex_target,The URL exists and stays noindex. Do not create a replacement page and do not force this URL into the index.
french terry knit cotton modal french terry,fabric_type,Commercial,/fabrics/french-terry-modal/,secondary,"Mapped in fabstitch-keyword-map.csv onto an existing URL. Volume, difficulty, and rank are UNKNOWN.",noindex_target,The URL exists and stays noindex. Do not create a replacement page and do not force this URL into the index.
french terry knit lightweight french terry,fabric_type,Commercial,/fabrics/french-terry-lightweight/,secondary,"Mapped in fabstitch-keyword-map.csv onto an existing URL. Volume, difficulty, and rank are UNKNOWN.",noindex_target,The URL exists and stays noindex. Do not create a replacement page and do not force this URL into the index.
french terry knit organic cotton french terry,fabric_type,Commercial,/fabrics/french-terry-organic/,secondary,"Mapped in fabstitch-keyword-map.csv onto an existing URL. Volume, difficulty, and rank are UNKNOWN.",noindex_target,The URL exists and stays noindex. Do not create a replacement page and do not force this URL into the index.
french terry knit peached french terry,fabric_type,Commercial,/fabrics/french-terry-peached/,secondary,"Mapped in fabstitch-keyword-map.csv onto an existing URL. Volume, difficulty, and rank are UNKNOWN.",noindex_target,The URL exists and stays noindex. Do not create a replacement page and do not force this URL into the index.
french terry knit recycled cotton french terry,fabric_type,Commercial,/fabrics/french-terry-recycled-cotton/,secondary,"Mapped in fabstitch-keyword-map.csv onto an existing URL. Volume, difficulty, and rank are UNKNOWN.",noindex_target,The URL exists and stays noindex. Do not create a replacement page and do not force this URL into the index.
french terry knit stretch french terry,performance,Commercial,/fabrics/french-terry-stretch/,secondary,"Mapped in fabstitch-keyword-map.csv onto an existing URL. Volume, difficulty, and rank are UNKNOWN.",noindex_target,The URL exists and stays noindex. Do not create a replacement page and do not force this URL into the index.
fulled melton wool cashmere melton blend,fabric_type,Commercial,/fabrics/wool-cashmere-melton/,secondary,"Mapped in fabstitch-keyword-map.csv onto an existing URL. Volume, difficulty, and rank are UNKNOWN.",noindex_target,The URL exists and stays noindex. Do not create a replacement page and do not force this URL into the index.
gabardine membrane-backed gabardine,fabric_type,Commercial,/fabrics/membrane-backed-gabardine/,secondary,"Mapped in fabstitch-keyword-map.csv onto an existing URL. Volume, difficulty, and rank are UNKNOWN.",noindex_target,The URL exists and stays noindex. Do not create a replacement page and do not force this URL into the index.
heavy french terry knit heavyweight french terry,fabric_type,Commercial,/fabrics/french-terry-heavyweight/,secondary,"Mapped in fabstitch-keyword-map.csv onto an existing URL. Volume, difficulty, and rank are UNKNOWN.",noindex_target,The URL exists and stays noindex. Do not create a replacement page and do not force this URL into the index.
heavy linen upholstery,application,Commercial,/fabrics/heavy-linen-upholstery/,secondary,"Mapped in fabstitch-keyword-map.csv onto an existing URL. Volume, difficulty, and rank are UNKNOWN.",noindex_target,The URL exists and stays noindex. Do not create a replacement page and do not force this URL into the index.
heavy linen upholstery fabric,application,Commercial,/fabrics/heavy-linen-upholstery/,secondary,"Mapped in fabstitch-keyword-map.csv onto an existing URL. Volume, difficulty, and rank are UNKNOWN.",noindex_target,The URL exists and stays noindex. Do not create a replacement page and do not force this URL into the index.
heavy linen upholstery fabric online,application,Commercial,/fabrics/heavy-linen-upholstery/,secondary,"Mapped in fabstitch-keyword-map.csv onto an existing URL. Volume, difficulty, and rank are UNKNOWN.",noindex_target,The URL exists and stays noindex. Do not create a replacement page and do not force this URL into the index.
heavy linen upholstery for upholstery,application,Commercial,/fabrics/heavy-linen-upholstery/,secondary,"Mapped in fabstitch-keyword-map.csv onto an existing URL. Volume, difficulty, and rank are UNKNOWN.",noindex_target,The URL exists and stays noindex. Do not create a replacement page and do not force this URL into the index.
heavy linen upholstery textile,application,Commercial,/fabrics/heavy-linen-upholstery/,secondary,"Mapped in fabstitch-keyword-map.csv onto an existing URL. Volume, difficulty, and rank are UNKNOWN.",noindex_target,The URL exists and stays noindex. Do not create a replacement page and do not force this URL into the index.
heavy oxford basketweave heavy oxford cotton,fabric_type,Commercial,/fabrics/heavy-oxford-cotton/,secondary,"Mapped in fabstitch-keyword-map.csv onto an existing URL. Volume, difficulty, and rank are UNKNOWN.",noindex_target,The URL exists and stays noindex. Do not create a replacement page and do not force this URL into the index.
heavy oxford cotton,fabric_type,Commercial,/fabrics/heavy-oxford-cotton/,secondary,"Mapped in fabstitch-keyword-map.csv onto an existing URL. Volume, difficulty, and rank are UNKNOWN.",noindex_target,The URL exists and stays noindex. Do not create a replacement page and do not force this URL into the index.
heavy oxford cotton fabric,fabric_type,Commercial,/fabrics/heavy-oxford-cotton/,secondary,"Mapped in fabstitch-keyword-map.csv onto an existing URL. Volume, difficulty, and rank are UNKNOWN.",noindex_target,The URL exists and stays noindex. Do not create a replacement page and do not force this URL into the index.
heavy oxford cotton fabric online,fabric_type,Commercial,/fabrics/heavy-oxford-cotton/,secondary,"Mapped in fabstitch-keyword-map.csv onto an existing URL. Volume, difficulty, and rank are UNKNOWN.",noindex_target,The URL exists and stays noindex. Do not create a replacement page and do not force this URL into the index.
heavy oxford cotton for chore jackets,fabric_type,Commercial,/fabrics/heavy-oxford-cotton/,secondary,"Mapped in fabstitch-keyword-map.csv onto an existing URL. Volume, difficulty, and rank are UNKNOWN.",noindex_target,The URL exists and stays noindex. Do not create a replacement page and do not force this URL into the index.
heavy oxford cotton for shirts,fabric_type,Commercial,/fabrics/heavy-oxford-cotton/,secondary,"Mapped in fabstitch-keyword-map.csv onto an existing URL. Volume, difficulty, and rank are UNKNOWN.",noindex_target,The URL exists and stays noindex. Do not create a replacement page and do not force this URL into the index.
heavy oxford cotton for workwear jackets,fabric_type,Commercial,/fabrics/heavy-oxford-cotton/,secondary,"Mapped in fabstitch-keyword-map.csv onto an existing URL. Volume, difficulty, and rank are UNKNOWN.",noindex_target,The URL exists and stays noindex. Do not create a replacement page and do not force this URL into the index.
heavy oxford cotton textile,fabric_type,Commercial,/fabrics/heavy-oxford-cotton/,secondary,"Mapped in fabstitch-keyword-map.csv onto an existing URL. Volume, difficulty, and rank are UNKNOWN.",noindex_target,The URL exists and stays noindex. Do not create a replacement page and do not force this URL into the index.
heavy ponte double knit structured ponte,fabric_type,Commercial,/fabrics/ponte-structured/,secondary,"Mapped in fabstitch-keyword-map.csv onto an existing URL. Volume, difficulty, and rank are UNKNOWN.",noindex_target,The URL exists and stays noindex. Do not create a replacement page and do not force this URL into the index.
heavy tencel twill,fabric_type,Commercial,/fabrics/tencel-heavy-twill/,secondary,"Mapped in fabstitch-keyword-map.csv onto an existing URL. Volume, difficulty, and rank are UNKNOWN.",noindex_target,The URL exists and stays noindex. Do not create a replacement page and do not force this URL into the index.
heavy tencel twill fabric,fabric_type,Commercial,/fabrics/tencel-heavy-twill/,secondary,"Mapped in fabstitch-keyword-map.csv onto an existing URL. Volume, difficulty, and rank are UNKNOWN.",noindex_target,The URL exists and stays noindex. Do not create a replacement page and do not force this URL into the index.
heavy tencel twill fabric online,fabric_type,Commercial,/fabrics/tencel-heavy-twill/,secondary,"Mapped in fabstitch-keyword-map.csv onto an existing URL. Volume, difficulty, and rank are UNKNOWN.",noindex_target,The URL exists and stays noindex. Do not create a replacement page and do not force this URL into the index.
heavy tencel twill for dresses,fabric_type,Commercial,/fabrics/tencel-heavy-twill/,secondary,"Mapped in fabstitch-keyword-map.csv onto an existing URL. Volume, difficulty, and rank are UNKNOWN.",noindex_target,The URL exists and stays noindex. Do not create a replacement page and do not force this URL into the index.
heavy tencel twill for jackets,fabric_type,Commercial,/fabrics/tencel-heavy-twill/,secondary,"Mapped in fabstitch-keyword-map.csv onto an existing URL. Volume, difficulty, and rank are UNKNOWN.",noindex_target,The URL exists and stays noindex. Do not create a replacement page and do not force this URL into the index.
heavy tencel twill for trousers,fabric_type,Commercial,/fabrics/tencel-heavy-twill/,secondary,"Mapped in fabstitch-keyword-map.csv onto an existing URL. Volume, difficulty, and rank are UNKNOWN.",noindex_target,The URL exists and stays noindex. Do not create a replacement page and do not force this URL into the index.
heavy tencel twill textile,fabric_type,Commercial,/fabrics/tencel-heavy-twill/,secondary,"Mapped in fabstitch-keyword-map.csv onto an existing URL. Volume, difficulty, and rank are UNKNOWN.",noindex_target,The URL exists and stays noindex. Do not create a replacement page and do not force this URL into the index.
heavyweight french terry,fabric_type,Commercial,/fabrics/french-terry-heavyweight/,secondary,"Mapped in fabstitch-keyword-map.csv onto an existing URL. Volume, difficulty, and rank are UNKNOWN.",noindex_target,The URL exists and stays noindex. Do not create a replacement page and do not force this URL into the index.
heavyweight french terry fabric,fabric_type,Commercial,/fabrics/french-terry-heavyweight/,secondary,"Mapped in fabstitch-keyword-map.csv onto an existing URL. Volume, difficulty, and rank are UNKNOWN.",noindex_target,The URL exists and stays noindex. Do not create a replacement page and do not force this URL into the index.
heavyweight french terry fabric online,fabric_type,Commercial,/fabrics/french-terry-heavyweight/,secondary,"Mapped in fabstitch-keyword-map.csv onto an existing URL. Volume, difficulty, and rank are UNKNOWN.",noindex_target,The URL exists and stays noindex. Do not create a replacement page and do not force this URL into the index.
heavyweight french terry for knitwear,fabric_type,Commercial,/fabrics/french-terry-heavyweight/,secondary,"Mapped in fabstitch-keyword-map.csv onto an existing URL. Volume, difficulty, and rank are UNKNOWN.",noindex_target,The URL exists and stays noindex. Do not create a replacement page and do not force this URL into the index.
heavyweight french terry for layering pieces,fabric_type,Commercial,/fabrics/french-terry-heavyweight/,secondary,"Mapped in fabstitch-keyword-map.csv onto an existing URL. Volume, difficulty, and rank are UNKNOWN.",noindex_target,The URL exists and stays noindex. Do not create a replacement page and do not force this URL into the index.
heavyweight french terry for loungewear,fabric_type,Commercial,/fabrics/french-terry-heavyweight/,secondary,"Mapped in fabstitch-keyword-map.csv onto an existing URL. Volume, difficulty, and rank are UNKNOWN.",noindex_target,The URL exists and stays noindex. Do not create a replacement page and do not force this URL into the index.
heavyweight french terry textile,fabric_type,Commercial,/fabrics/french-terry-heavyweight/,secondary,"Mapped in fabstitch-keyword-map.csv onto an existing URL. Volume, difficulty, and rank are UNKNOWN.",noindex_target,The URL exists and stays noindex. Do not create a replacement page and do not force this URL into the index.
hemp-cotton denim,fabric_type,Commercial,/fabrics/hemp-cotton-denim/,secondary,"Mapped in fabstitch-keyword-map.csv onto an existing URL. Volume, difficulty, and rank are UNKNOWN.",noindex_target,The URL exists and stays noindex. Do not create a replacement page and do not force this URL into the index.
hemp-cotton denim fabric,fabric_type,Commercial,/fabrics/hemp-cotton-denim/,secondary,"Mapped in fabstitch-keyword-map.csv onto an existing URL. Volume, difficulty, and rank are UNKNOWN.",noindex_target,The URL exists and stays noindex. Do not create a replacement page and do not force this URL into the index.
hemp-cotton denim fabric online,fabric_type,Commercial,/fabrics/hemp-cotton-denim/,secondary,"Mapped in fabstitch-keyword-map.csv onto an existing URL. Volume, difficulty, and rank are UNKNOWN.",noindex_target,The URL exists and stays noindex. Do not create a replacement page and do not force this URL into the index.
hemp-cotton denim textile,fabric_type,Commercial,/fabrics/hemp-cotton-denim/,secondary,"Mapped in fabstitch-keyword-map.csv onto an existing URL. Volume, difficulty, and rank are UNKNOWN.",noindex_target,The URL exists and stays noindex. Do not create a replacement page and do not force this URL into the index.
herringbone herringbone tweed,fabric_type,Commercial,/fabrics/herringbone-tweed/,secondary,"Mapped in fabstitch-keyword-map.csv onto an existing URL. Volume, difficulty, and rank are UNKNOWN.",noindex_target,The URL exists and stays noindex. Do not create a replacement page and do not force this URL into the index.
herringbone tweed,fabric_type,Commercial,/fabrics/herringbone-tweed/,secondary,"Mapped in fabstitch-keyword-map.csv onto an existing URL. Volume, difficulty, and rank are UNKNOWN.",noindex_target,The URL exists and stays noindex. Do not create a replacement page and do not force this URL into the index.
herringbone tweed fabric,fabric_type,Commercial,/fabrics/herringbone-tweed/,secondary,"Mapped in fabstitch-keyword-map.csv onto an existing URL. Volume, difficulty, and rank are UNKNOWN.",noindex_target,The URL exists and stays noindex. Do not create a replacement page and do not force this URL into the index.
herringbone tweed fabric online,fabric_type,Commercial,/fabrics/herringbone-tweed/,secondary,"Mapped in fabstitch-keyword-map.csv onto an existing URL. Volume, difficulty, and rank are UNKNOWN.",noindex_target,The URL exists and stays noindex. Do not create a replacement page and do not force this URL into the index.
herringbone tweed textile,fabric_type,Commercial,/fabrics/herringbone-tweed/,secondary,"Mapped in fabstitch-keyword-map.csv onto an existing URL. Volume, difficulty, and rank are UNKNOWN.",noindex_target,The URL exists and stays noindex. Do not create a replacement page and do not force this URL into the index.
honeycomb cotton piqué,fabric_type,Commercial,/fabrics/honeycomb-cotton-pique/,secondary,"Mapped in fabstitch-keyword-map.csv onto an existing URL. Volume, difficulty, and rank are UNKNOWN.",noindex_target,The URL exists and stays noindex. Do not create a replacement page and do not force this URL into the index.
honeycomb cotton piqué fabric,fabric_type,Commercial,/fabrics/honeycomb-cotton-pique/,secondary,"Mapped in fabstitch-keyword-map.csv onto an existing URL. Volume, difficulty, and rank are UNKNOWN.",noindex_target,The URL exists and stays noindex. Do not create a replacement page and do not force this URL into the index.
honeycomb cotton piqué fabric online,fabric_type,Commercial,/fabrics/honeycomb-cotton-pique/,secondary,"Mapped in fabstitch-keyword-map.csv onto an existing URL. Volume, difficulty, and rank are UNKNOWN.",noindex_target,The URL exists and stays noindex. Do not create a replacement page and do not force this URL into the index.
honeycomb cotton piqué for activewear,fabric_type,Commercial,/fabrics/honeycomb-cotton-pique/,secondary,"Mapped in fabstitch-keyword-map.csv onto an existing URL. Volume, difficulty, and rank are UNKNOWN.",noindex_target,The URL exists and stays noindex. Do not create a replacement page and do not force this URL into the index.
honeycomb cotton piqué for shirts,fabric_type,Commercial,/fabrics/honeycomb-cotton-pique/,secondary,"Mapped in fabstitch-keyword-map.csv onto an existing URL. Volume, difficulty, and rank are UNKNOWN.",noindex_target,The URL exists and stays noindex. Do not create a replacement page and do not force this URL into the index.
honeycomb cotton piqué for workwear jackets,fabric_type,Commercial,/fabrics/honeycomb-cotton-pique/,secondary,"Mapped in fabstitch-keyword-map.csv onto an existing URL. Volume, difficulty, and rank are UNKNOWN.",noindex_target,The URL exists and stays noindex. Do not create a replacement page and do not force this URL into the index.
honeycomb cotton piqué textile,fabric_type,Commercial,/fabrics/honeycomb-cotton-pique/,secondary,"Mapped in fabstitch-keyword-map.csv onto an existing URL. Volume, difficulty, and rank are UNKNOWN.",noindex_target,The URL exists and stays noindex. Do not create a replacement page and do not force this URL into the index.
honeycomb piqué knit honeycomb cotton piqué,fabric_type,Commercial,/fabrics/honeycomb-cotton-pique/,secondary,"Mapped in fabstitch-keyword-map.csv onto an existing URL. Volume, difficulty, and rank are UNKNOWN.",noindex_target,The URL exists and stays noindex. Do not create a replacement page and do not force this URL into the index.
inherently fr polyester,fabric_type,Commercial,/fabrics/inherently-fr-polyester/,secondary,"Mapped in fabstitch-keyword-map.csv onto an existing URL. Volume, difficulty, and rank are UNKNOWN.",noindex_target,The URL exists and stays noindex. Do not create a replacement page and do not force this URL into the index.
inherently fr polyester fabric,fabric_type,Commercial,/fabrics/inherently-fr-polyester/,secondary,"Mapped in fabstitch-keyword-map.csv onto an existing URL. Volume, difficulty, and rank are UNKNOWN.",noindex_target,The URL exists and stays noindex. Do not create a replacement page and do not force this URL into the index.
inherently fr polyester fabric online,fabric_type,Commercial,/fabrics/inherently-fr-polyester/,secondary,"Mapped in fabstitch-keyword-map.csv onto an existing URL. Volume, difficulty, and rank are UNKNOWN.",noindex_target,The URL exists and stays noindex. Do not create a replacement page and do not force this URL into the index.
inherently fr polyester for contract textiles,fabric_type,Commercial,/fabrics/inherently-fr-polyester/,secondary,"Mapped in fabstitch-keyword-map.csv onto an existing URL. Volume, difficulty, and rank are UNKNOWN.",noindex_target,The URL exists and stays noindex. Do not create a replacement page and do not force this URL into the index.
inherently fr polyester textile,fabric_type,Commercial,/fabrics/inherently-fr-polyester/,secondary,"Mapped in fabstitch-keyword-map.csv onto an existing URL. Volume, difficulty, and rank are UNKNOWN.",noindex_target,The URL exists and stays noindex. Do not create a replacement page and do not force this URL into the index.
insulating fill down-alternative fill,fabric_type,Commercial,/fabrics/down-alternative-fill/,secondary,"Mapped in fabstitch-keyword-map.csv onto an existing URL. Volume, difficulty, and rank are UNKNOWN.",noindex_target,The URL exists and stays noindex. Do not create a replacement page and do not force this URL into the index.
interlock knit pima cotton interlock,fabric_type,Commercial,/fabrics/pima-cotton-interlock/,secondary,"Mapped in fabstitch-keyword-map.csv onto an existing URL. Volume, difficulty, and rank are UNKNOWN.",noindex_target,The URL exists and stays noindex. Do not create a replacement page and do not force this URL into the index.
jacquard deconstructed jacquard,fabric_type,Commercial,/fabrics/deconstructed-jacquard/,secondary,"Mapped in fabstitch-keyword-map.csv onto an existing URL. Volume, difficulty, and rank are UNKNOWN.",noindex_target,The URL exists and stays noindex. Do not create a replacement page and do not force this URL into the index.
jumbo cord jumbo corduroy,fabric_type,Commercial,/fabrics/jumbo-corduroy/,secondary,"Mapped in fabstitch-keyword-map.csv onto an existing URL. Volume, difficulty, and rank are UNKNOWN.",noindex_target,The URL exists and stays noindex. Do not create a replacement page and do not force this URL into the index.
jumbo corduroy fabric,fabric_type,Commercial,/fabrics/jumbo-corduroy/,secondary,"Mapped in fabstitch-keyword-map.csv onto an existing URL. Volume, difficulty, and rank are UNKNOWN.",noindex_target,The URL exists and stays noindex. Do not create a replacement page and do not force this URL into the index.
jumbo corduroy fabric online,fabric_type,Commercial,/fabrics/jumbo-corduroy/,secondary,"Mapped in fabstitch-keyword-map.csv onto an existing URL. Volume, difficulty, and rank are UNKNOWN.",noindex_target,The URL exists and stays noindex. Do not create a replacement page and do not force this URL into the index.
jumbo corduroy for outerwear,fabric_type,Commercial,/fabrics/jumbo-corduroy/,secondary,"Mapped in fabstitch-keyword-map.csv onto an existing URL. Volume, difficulty, and rank are UNKNOWN.",noindex_target,The URL exists and stays noindex. Do not create a replacement page and do not force this URL into the index.
jumbo corduroy for trousers,fabric_type,Commercial,/fabrics/jumbo-corduroy/,secondary,"Mapped in fabstitch-keyword-map.csv onto an existing URL. Volume, difficulty, and rank are UNKNOWN.",noindex_target,The URL exists and stays noindex. Do not create a replacement page and do not force this URL into the index.
jumbo corduroy textile,fabric_type,Commercial,/fabrics/jumbo-corduroy/,secondary,"Mapped in fabstitch-keyword-map.csv onto an existing URL. Volume, difficulty, and rank are UNKNOWN.",noindex_target,The URL exists and stays noindex. Do not create a replacement page and do not force this URL into the index.
jute jute rug,fabric_type,Commercial,/fabrics/jute-rug/,secondary,"Mapped in fabstitch-keyword-map.csv onto an existing URL. Volume, difficulty, and rank are UNKNOWN.",noindex_target,The URL exists and stays noindex. Do not create a replacement page and do not force this URL into the index.
jute rug,fabric_type,Commercial,/fabrics/jute-rug/,secondary,"Mapped in fabstitch-keyword-map.csv onto an existing URL. Volume, difficulty, and rank are UNKNOWN.",noindex_target,The URL exists and stays noindex. Do not create a replacement page and do not force this URL into the index.
jute rug fabric,fabric_type,Commercial,/fabrics/jute-rug/,secondary,"Mapped in fabstitch-keyword-map.csv onto an existing URL. Volume, difficulty, and rank are UNKNOWN.",noindex_target,The URL exists and stays noindex. Do not create a replacement page and do not force this URL into the index.
jute rug fabric online,fabric_type,Commercial,/fabrics/jute-rug/,secondary,"Mapped in fabstitch-keyword-map.csv onto an existing URL. Volume, difficulty, and rank are UNKNOWN.",noindex_target,The URL exists and stays noindex. Do not create a replacement page and do not force this URL into the index.
jute rug for rugs,fabric_type,Commercial,/fabrics/jute-rug/,secondary,"Mapped in fabstitch-keyword-map.csv onto an existing URL. Volume, difficulty, and rank are UNKNOWN.",noindex_target,The URL exists and stays noindex. Do not create a replacement page and do not force this URL into the index.
jute rug textile,fabric_type,Commercial,/fabrics/jute-rug/,secondary,"Mapped in fabstitch-keyword-map.csv onto an existing URL. Volume, difficulty, and rank are UNKNOWN.",noindex_target,The URL exists and stays noindex. Do not create a replacement page and do not force this URL into the index.
khadi-effect cotton,fabric_type,Commercial,/fabrics/khadi-effect-cotton/,secondary,"Mapped in fabstitch-keyword-map.csv onto an existing URL. Volume, difficulty, and rank are UNKNOWN.",noindex_target,The URL exists and stays noindex. Do not create a replacement page and do not force this URL into the index.
khadi-effect cotton fabric,fabric_type,Commercial,/fabrics/khadi-effect-cotton/,secondary,"Mapped in fabstitch-keyword-map.csv onto an existing URL. Volume, difficulty, and rank are UNKNOWN.",noindex_target,The URL exists and stays noindex. Do not create a replacement page and do not force this URL into the index.
khadi-effect cotton fabric online,fabric_type,Commercial,/fabrics/khadi-effect-cotton/,secondary,"Mapped in fabstitch-keyword-map.csv onto an existing URL. Volume, difficulty, and rank are UNKNOWN.",noindex_target,The URL exists and stays noindex. Do not create a replacement page and do not force this URL into the index.
khadi-effect cotton textile,fabric_type,Commercial,/fabrics/khadi-effect-cotton/,secondary,"Mapped in fabstitch-keyword-map.csv onto an existing URL. Volume, difficulty, and rank are UNKNOWN.",noindex_target,The URL exists and stays noindex. Do not create a replacement page and do not force this URL into the index.
knit ultra-light semi-sheer lounge knit,fabric_type,Commercial,/fabrics/ultra-light-semi-sheer-lounge-knit/,secondary,"Mapped in fabstitch-keyword-map.csv onto an existing URL. Volume, difficulty, and rank are UNKNOWN.",noindex_target,The URL exists and stays noindex. Do not create a replacement page and do not force this URL into the index.
laser- and ozone-finished denim,fabric_type,Commercial,/fabrics/laser-and-ozone-finished-denim/,secondary,"Mapped in fabstitch-keyword-map.csv onto an existing URL. Volume, difficulty, and rank are UNKNOWN.",noindex_target,The URL exists and stays noindex. Do not create a replacement page and do not force this URL into the index.
laser- and ozone-finished denim fabric,fabric_type,Commercial,/fabrics/laser-and-ozone-finished-denim/,secondary,"Mapped in fabstitch-keyword-map.csv onto an existing URL. Volume, difficulty, and rank are UNKNOWN.",noindex_target,The URL exists and stays noindex. Do not create a replacement page and do not force this URL into the index.
laser- and ozone-finished denim fabric online,fabric_type,Commercial,/fabrics/laser-and-ozone-finished-denim/,secondary,"Mapped in fabstitch-keyword-map.csv onto an existing URL. Volume, difficulty, and rank are UNKNOWN.",noindex_target,The URL exists and stays noindex. Do not create a replacement page and do not force this URL into the index.
laser- and ozone-finished denim textile,fabric_type,Commercial,/fabrics/laser-and-ozone-finished-denim/,secondary,"Mapped in fabstitch-keyword-map.csv onto an existing URL. Volume, difficulty, and rank are UNKNOWN.",noindex_target,The URL exists and stays noindex. Do not create a replacement page and do not force this URL into the index.
leather real leather,fabric_type,Commercial,/fabrics/real-leather/,secondary,"Mapped in fabstitch-keyword-map.csv onto an existing URL. Volume, difficulty, and rank are UNKNOWN.",noindex_target,The URL exists and stays noindex. Do not create a replacement page and do not force this URL into the index.
light ponte double knit lightweight ponte,fabric_type,Commercial,/fabrics/ponte-lightweight/,secondary,"Mapped in fabstitch-keyword-map.csv onto an existing URL. Volume, difficulty, and rank are UNKNOWN.",noindex_target,The URL exists and stays noindex. Do not create a replacement page and do not force this URL into the index.
lightweight french terry,fabric_type,Commercial,/fabrics/french-terry-lightweight/,secondary,"Mapped in fabstitch-keyword-map.csv onto an existing URL. Volume, difficulty, and rank are UNKNOWN.",noindex_target,The URL exists and stays noindex. Do not create a replacement page and do not force this URL into the index.
lightweight french terry fabric,fabric_type,Commercial,/fabrics/french-terry-lightweight/,secondary,"Mapped in fabstitch-keyword-map.csv onto an existing URL. Volume, difficulty, and rank are UNKNOWN.",noindex_target,The URL exists and stays noindex. Do not create a replacement page and do not force this URL into the index.
lightweight french terry fabric online,fabric_type,Commercial,/fabrics/french-terry-lightweight/,secondary,"Mapped in fabstitch-keyword-map.csv onto an existing URL. Volume, difficulty, and rank are UNKNOWN.",noindex_target,The URL exists and stays noindex. Do not create a replacement page and do not force this URL into the index.
lightweight french terry for baselayers,fabric_type,Commercial,/fabrics/french-terry-lightweight/,secondary,"Mapped in fabstitch-keyword-map.csv onto an existing URL. Volume, difficulty, and rank are UNKNOWN.",noindex_target,The URL exists and stays noindex. Do not create a replacement page and do not force this URL into the index.
lightweight french terry for knitwear,fabric_type,Commercial,/fabrics/french-terry-lightweight/,secondary,"Mapped in fabstitch-keyword-map.csv onto an existing URL. Volume, difficulty, and rank are UNKNOWN.",noindex_target,The URL exists and stays noindex. Do not create a replacement page and do not force this URL into the index.
lightweight french terry for loungewear,fabric_type,Commercial,/fabrics/french-terry-lightweight/,secondary,"Mapped in fabstitch-keyword-map.csv onto an existing URL. Volume, difficulty, and rank are UNKNOWN.",noindex_target,The URL exists and stays noindex. Do not create a replacement page and do not force this URL into the index.
lightweight french terry textile,fabric_type,Commercial,/fabrics/french-terry-lightweight/,secondary,"Mapped in fabstitch-keyword-map.csv onto an existing URL. Volume, difficulty, and rank are UNKNOWN.",noindex_target,The URL exists and stays noindex. Do not create a replacement page and do not force this URL into the index.
lightweight merino knit,fabric_type,Commercial,/fabrics/lightweight-merino-knit/,secondary,"Mapped in fabstitch-keyword-map.csv onto an existing URL. Volume, difficulty, and rank are UNKNOWN.",noindex_target,The URL exists and stays noindex. Do not create a replacement page and do not force this URL into the index.
lightweight merino knit fabric,fabric_type,Commercial,/fabrics/lightweight-merino-knit/,secondary,"Mapped in fabstitch-keyword-map.csv onto an existing URL. Volume, difficulty, and rank are UNKNOWN.",noindex_target,The URL exists and stays noindex. Do not create a replacement page and do not force this URL into the index.
lightweight merino knit fabric online,fabric_type,Commercial,/fabrics/lightweight-merino-knit/,secondary,"Mapped in fabstitch-keyword-map.csv onto an existing URL. Volume, difficulty, and rank are UNKNOWN.",noindex_target,The URL exists and stays noindex. Do not create a replacement page and do not force this URL into the index.
lightweight merino knit for layering pieces,fabric_type,Commercial,/fabrics/lightweight-merino-knit/,secondary,"Mapped in fabstitch-keyword-map.csv onto an existing URL. Volume, difficulty, and rank are UNKNOWN.",noindex_target,The URL exists and stays noindex. Do not create a replacement page and do not force this URL into the index.
lightweight merino knit textile,fabric_type,Commercial,/fabrics/lightweight-merino-knit/,secondary,"Mapped in fabstitch-keyword-map.csv onto an existing URL. Volume, difficulty, and rank are UNKNOWN.",noindex_target,The URL exists and stays noindex. Do not create a replacement page and do not force this URL into the index.
lightweight ponte,fabric_type,Commercial,/fabrics/ponte-lightweight/,secondary,"Mapped in fabstitch-keyword-map.csv onto an existing URL. Volume, difficulty, and rank are UNKNOWN.",noindex_target,The URL exists and stays noindex. Do not create a replacement page and do not force this URL into the index.
lightweight ponte fabric,fabric_type,Commercial,/fabrics/ponte-lightweight/,secondary,"Mapped in fabstitch-keyword-map.csv onto an existing URL. Volume, difficulty, and rank are UNKNOWN.",noindex_target,The URL exists and stays noindex. Do not create a replacement page and do not force this URL into the index.
lightweight ponte fabric online,fabric_type,Commercial,/fabrics/ponte-lightweight/,secondary,"Mapped in fabstitch-keyword-map.csv onto an existing URL. Volume, difficulty, and rank are UNKNOWN.",noindex_target,The URL exists and stays noindex. Do not create a replacement page and do not force this URL into the index.
lightweight ponte for citywear,fabric_type,Commercial,/fabrics/ponte-lightweight/,secondary,"Mapped in fabstitch-keyword-map.csv onto an existing URL. Volume, difficulty, and rank are UNKNOWN.",noindex_target,The URL exists and stays noindex. Do not create a replacement page and do not force this URL into the index.
lightweight ponte for dresses,fabric_type,Commercial,/fabrics/ponte-lightweight/,secondary,"Mapped in fabstitch-keyword-map.csv onto an existing URL. Volume, difficulty, and rank are UNKNOWN.",noindex_target,The URL exists and stays noindex. Do not create a replacement page and do not force this URL into the index.
lightweight ponte for full skirts,fabric_type,Commercial,/fabrics/ponte-lightweight/,secondary,"Mapped in fabstitch-keyword-map.csv onto an existing URL. Volume, difficulty, and rank are UNKNOWN.",noindex_target,The URL exists and stays noindex. Do not create a replacement page and do not force this URL into the index.
lightweight ponte textile,fabric_type,Commercial,/fabrics/ponte-lightweight/,secondary,"Mapped in fabstitch-keyword-map.csv onto an existing URL. Volume, difficulty, and rank are UNKNOWN.",noindex_target,The URL exists and stays noindex. Do not create a replacement page and do not force this URL into the index.
linen bouclé knit,fabric_type,Commercial,/fabrics/linen-boucle-knit/,secondary,"Mapped in fabstitch-keyword-map.csv onto an existing URL. Volume, difficulty, and rank are UNKNOWN.",noindex_target,The URL exists and stays noindex. Do not create a replacement page and do not force this URL into the index.
linen bouclé knit fabric,fabric_type,Commercial,/fabrics/linen-boucle-knit/,secondary,"Mapped in fabstitch-keyword-map.csv onto an existing URL. Volume, difficulty, and rank are UNKNOWN.",noindex_target,The URL exists and stays noindex. Do not create a replacement page and do not force this URL into the index.
linen bouclé knit fabric online,fabric_type,Commercial,/fabrics/linen-boucle-knit/,secondary,"Mapped in fabstitch-keyword-map.csv onto an existing URL. Volume, difficulty, and rank are UNKNOWN.",noindex_target,The URL exists and stays noindex. Do not create a replacement page and do not force this URL into the index.
linen bouclé knit for knitwear,fabric_type,Commercial,/fabrics/linen-boucle-knit/,secondary,"Mapped in fabstitch-keyword-map.csv onto an existing URL. Volume, difficulty, and rank are UNKNOWN.",noindex_target,The URL exists and stays noindex. Do not create a replacement page and do not force this URL into the index.
linen bouclé knit textile,fabric_type,Commercial,/fabrics/linen-boucle-knit/,secondary,"Mapped in fabstitch-keyword-map.csv onto an existing URL. Volume, difficulty, and rank are UNKNOWN.",noindex_target,The URL exists and stays noindex. Do not create a replacement page and do not force this URL into the index.
linen heavy linen upholstery,application,Commercial,/fabrics/heavy-linen-upholstery/,secondary,"Mapped in fabstitch-keyword-map.csv onto an existing URL. Volume, difficulty, and rank are UNKNOWN.",noindex_target,The URL exists and stays noindex. Do not create a replacement page and do not force this URL into the index.
linen linen bouclé knit,fabric_type,Commercial,/fabrics/linen-boucle-knit/,secondary,"Mapped in fabstitch-keyword-map.csv onto an existing URL. Volume, difficulty, and rank are UNKNOWN.",noindex_target,The URL exists and stays noindex. Do not create a replacement page and do not force this URL into the index.
linen open-weave linen curtain,application,Commercial,/fabrics/open-weave-linen-curtain/,secondary,"Mapped in fabstitch-keyword-map.csv onto an existing URL. Volume, difficulty, and rank are UNKNOWN.",noindex_target,The URL exists and stays noindex. Do not create a replacement page and do not force this URL into the index.
linen washed linen bedding,application,Commercial,/fabrics/washed-linen-bedding/,secondary,"Mapped in fabstitch-keyword-map.csv onto an existing URL. Volume, difficulty, and rank are UNKNOWN.",noindex_target,The URL exists and stays noindex. Do not create a replacement page and do not force this URL into the index.
linen-lyocell,fabric_type,Commercial,/fabrics/linen-lyocell/,secondary,"Mapped in fabstitch-keyword-map.csv onto an existing URL. Volume, difficulty, and rank are UNKNOWN.",noindex_target,The URL exists and stays noindex. Do not create a replacement page and do not force this URL into the index.
linen-lyocell fabric,fabric_type,Commercial,/fabrics/linen-lyocell/,secondary,"Mapped in fabstitch-keyword-map.csv onto an existing URL. Volume, difficulty, and rank are UNKNOWN.",noindex_target,The URL exists and stays noindex. Do not create a replacement page and do not force this URL into the index.
linen-lyocell fabric online,fabric_type,Commercial,/fabrics/linen-lyocell/,secondary,"Mapped in fabstitch-keyword-map.csv onto an existing URL. Volume, difficulty, and rank are UNKNOWN.",noindex_target,The URL exists and stays noindex. Do not create a replacement page and do not force this URL into the index.
linen-lyocell for soft tailoring,fabric_type,Commercial,/fabrics/linen-lyocell/,secondary,"Mapped in fabstitch-keyword-map.csv onto an existing URL. Volume, difficulty, and rank are UNKNOWN.",noindex_target,The URL exists and stays noindex. Do not create a replacement page and do not force this URL into the index.
linen-lyocell for trousers,fabric_type,Commercial,/fabrics/linen-lyocell/,secondary,"Mapped in fabstitch-keyword-map.csv onto an existing URL. Volume, difficulty, and rank are UNKNOWN.",noindex_target,The URL exists and stays noindex. Do not create a replacement page and do not force this URL into the index.
linen-lyocell textile,fabric_type,Commercial,/fabrics/linen-lyocell/,secondary,"Mapped in fabstitch-keyword-map.csv onto an existing URL. Volume, difficulty, and rank are UNKNOWN.",noindex_target,The URL exists and stays noindex. Do not create a replacement page and do not force this URL into the index.
linen-silk,fabric_type,Commercial,/fabrics/linen-silk/,secondary,"Mapped in fabstitch-keyword-map.csv onto an existing URL. Volume, difficulty, and rank are UNKNOWN.",noindex_target,The URL exists and stays noindex. Do not create a replacement page and do not force this URL into the index.
linen-silk fabric,fabric_type,Commercial,/fabrics/linen-silk/,secondary,"Mapped in fabstitch-keyword-map.csv onto an existing URL. Volume, difficulty, and rank are UNKNOWN.",noindex_target,The URL exists and stays noindex. Do not create a replacement page and do not force this URL into the index.
linen-silk fabric online,fabric_type,Commercial,/fabrics/linen-silk/,secondary,"Mapped in fabstitch-keyword-map.csv onto an existing URL. Volume, difficulty, and rank are UNKNOWN.",noindex_target,The URL exists and stays noindex. Do not create a replacement page and do not force this URL into the index.
linen-silk for dresses,fabric_type,Commercial,/fabrics/linen-silk/,secondary,"Mapped in fabstitch-keyword-map.csv onto an existing URL. Volume, difficulty, and rank are UNKNOWN.",noindex_target,The URL exists and stays noindex. Do not create a replacement page and do not force this URL into the index.
linen-silk for knitwear,fabric_type,Commercial,/fabrics/linen-silk/,secondary,"Mapped in fabstitch-keyword-map.csv onto an existing URL. Volume, difficulty, and rank are UNKNOWN.",noindex_target,The URL exists and stays noindex. Do not create a replacement page and do not force this URL into the index.
linen-silk for resortwear,fabric_type,Commercial,/fabrics/linen-silk/,secondary,"Mapped in fabstitch-keyword-map.csv onto an existing URL. Volume, difficulty, and rank are UNKNOWN.",noindex_target,The URL exists and stays noindex. Do not create a replacement page and do not force this URL into the index.
linen-silk textile,fabric_type,Commercial,/fabrics/linen-silk/,secondary,"Mapped in fabstitch-keyword-map.csv onto an existing URL. Volume, difficulty, and rank are UNKNOWN.",noindex_target,The URL exists and stays noindex. Do not create a replacement page and do not force this URL into the index.
linen-viscose,fabric_type,Commercial,/fabrics/linen-viscose/,secondary,"Mapped in fabstitch-keyword-map.csv onto an existing URL. Volume, difficulty, and rank are UNKNOWN.",noindex_target,The URL exists and stays noindex. Do not create a replacement page and do not force this URL into the index.
linen-viscose fabric,fabric_type,Commercial,/fabrics/linen-viscose/,secondary,"Mapped in fabstitch-keyword-map.csv onto an existing URL. Volume, difficulty, and rank are UNKNOWN.",noindex_target,The URL exists and stays noindex. Do not create a replacement page and do not force this URL into the index.
linen-viscose fabric online,fabric_type,Commercial,/fabrics/linen-viscose/,secondary,"Mapped in fabstitch-keyword-map.csv onto an existing URL. Volume, difficulty, and rank are UNKNOWN.",noindex_target,The URL exists and stays noindex. Do not create a replacement page and do not force this URL into the index.
linen-viscose for soft tailoring,fabric_type,Commercial,/fabrics/linen-viscose/,secondary,"Mapped in fabstitch-keyword-map.csv onto an existing URL. Volume, difficulty, and rank are UNKNOWN.",noindex_target,The URL exists and stays noindex. Do not create a replacement page and do not force this URL into the index.
linen-viscose for trousers,fabric_type,Commercial,/fabrics/linen-viscose/,secondary,"Mapped in fabstitch-keyword-map.csv onto an existing URL. Volume, difficulty, and rank are UNKNOWN.",noindex_target,The URL exists and stays noindex. Do not create a replacement page and do not force this URL into the index.
linen-viscose textile,fabric_type,Commercial,/fabrics/linen-viscose/,secondary,"Mapped in fabstitch-keyword-map.csv onto an existing URL. Volume, difficulty, and rank are UNKNOWN.",noindex_target,The URL exists and stays noindex. Do not create a replacement page and do not force this URL into the index.
long-staple cotton long-staple cotton percale,fabric_type,Commercial,/fabrics/long-staple-cotton-percale/,secondary,"Mapped in fabstitch-keyword-map.csv onto an existing URL. Volume, difficulty, and rank are UNKNOWN.",noindex_target,The URL exists and stays noindex. Do not create a replacement page and do not force this URL into the index.
long-staple cotton long-staple cotton sateen,fabric_type,Commercial,/fabrics/long-staple-cotton-sateen/,secondary,"Mapped in fabstitch-keyword-map.csv onto an existing URL. Volume, difficulty, and rank are UNKNOWN.",noindex_target,The URL exists and stays noindex. Do not create a replacement page and do not force this URL into the index.
long-staple cotton percale,fabric_type,Commercial,/fabrics/long-staple-cotton-percale/,secondary,"Mapped in fabstitch-keyword-map.csv onto an existing URL. Volume, difficulty, and rank are UNKNOWN.",noindex_target,The URL exists and stays noindex. Do not create a replacement page and do not force this URL into the index.
long-staple cotton percale fabric,fabric_type,Commercial,/fabrics/long-staple-cotton-percale/,secondary,"Mapped in fabstitch-keyword-map.csv onto an existing URL. Volume, difficulty, and rank are UNKNOWN.",noindex_target,The URL exists and stays noindex. Do not create a replacement page and do not force this URL into the index.
long-staple cotton percale fabric online,fabric_type,Commercial,/fabrics/long-staple-cotton-percale/,secondary,"Mapped in fabstitch-keyword-map.csv onto an existing URL. Volume, difficulty, and rank are UNKNOWN.",noindex_target,The URL exists and stays noindex. Do not create a replacement page and do not force this URL into the index.
long-staple cotton percale for bedding,application,Commercial,/fabrics/long-staple-cotton-percale/,secondary,"Mapped in fabstitch-keyword-map.csv onto an existing URL. Volume, difficulty, and rank are UNKNOWN.",noindex_target,The URL exists and stays noindex. Do not create a replacement page and do not force this URL into the index.
long-staple cotton percale textile,fabric_type,Commercial,/fabrics/long-staple-cotton-percale/,secondary,"Mapped in fabstitch-keyword-map.csv onto an existing URL. Volume, difficulty, and rank are UNKNOWN.",noindex_target,The URL exists and stays noindex. Do not create a replacement page and do not force this URL into the index.
long-staple cotton sateen,fabric_type,Commercial,/fabrics/long-staple-cotton-sateen/,secondary,"Mapped in fabstitch-keyword-map.csv onto an existing URL. Volume, difficulty, and rank are UNKNOWN.",noindex_target,The URL exists and stays noindex. Do not create a replacement page and do not force this URL into the index.
long-staple cotton sateen fabric,fabric_type,Commercial,/fabrics/long-staple-cotton-sateen/,secondary,"Mapped in fabstitch-keyword-map.csv onto an existing URL. Volume, difficulty, and rank are UNKNOWN.",noindex_target,The URL exists and stays noindex. Do not create a replacement page and do not force this URL into the index.
long-staple cotton sateen fabric online,fabric_type,Commercial,/fabrics/long-staple-cotton-sateen/,secondary,"Mapped in fabstitch-keyword-map.csv onto an existing URL. Volume, difficulty, and rank are UNKNOWN.",noindex_target,The URL exists and stays noindex. Do not create a replacement page and do not force this URL into the index.
long-staple cotton sateen for bedding,application,Commercial,/fabrics/long-staple-cotton-sateen/,secondary,"Mapped in fabstitch-keyword-map.csv onto an existing URL. Volume, difficulty, and rank are UNKNOWN.",noindex_target,The URL exists and stays noindex. Do not create a replacement page and do not force this URL into the index.
long-staple cotton sateen textile,fabric_type,Commercial,/fabrics/long-staple-cotton-sateen/,secondary,"Mapped in fabstitch-keyword-map.csv onto an existing URL. Volume, difficulty, and rank are UNKNOWN.",noindex_target,The URL exists and stays noindex. Do not create a replacement page and do not force this URL into the index.
lyocell blend lyocell-blend bedding,application,Commercial,/fabrics/lyocell-blend-bedding/,secondary,"Mapped in fabstitch-keyword-map.csv onto an existing URL. Volume, difficulty, and rank are UNKNOWN.",noindex_target,The URL exists and stays noindex. Do not create a replacement page and do not force this URL into the index.
lyocell-blend bedding,application,Commercial,/fabrics/lyocell-blend-bedding/,secondary,"Mapped in fabstitch-keyword-map.csv onto an existing URL. Volume, difficulty, and rank are UNKNOWN.",noindex_target,The URL exists and stays noindex. Do not create a replacement page and do not force this URL into the index.
lyocell-blend bedding fabric,application,Commercial,/fabrics/lyocell-blend-bedding/,secondary,"Mapped in fabstitch-keyword-map.csv onto an existing URL. Volume, difficulty, and rank are UNKNOWN.",noindex_target,The URL exists and stays noindex. Do not create a replacement page and do not force this URL into the index.
lyocell-blend bedding fabric online,application,Commercial,/fabrics/lyocell-blend-bedding/,secondary,"Mapped in fabstitch-keyword-map.csv onto an existing URL. Volume, difficulty, and rank are UNKNOWN.",noindex_target,The URL exists and stays noindex. Do not create a replacement page and do not force this URL into the index.
lyocell-blend bedding for bedding,application,Commercial,/fabrics/lyocell-blend-bedding/,secondary,"Mapped in fabstitch-keyword-map.csv onto an existing URL. Volume, difficulty, and rank are UNKNOWN.",noindex_target,The URL exists and stays noindex. Do not create a replacement page and do not force this URL into the index.
lyocell-blend bedding textile,application,Commercial,/fabrics/lyocell-blend-bedding/,secondary,"Mapped in fabstitch-keyword-map.csv onto an existing URL. Volume, difficulty, and rank are UNKNOWN.",noindex_target,The URL exists and stays noindex. Do not create a replacement page and do not force this URL into the index.
matte chiffon,fabric_type,Commercial,/fabrics/matte-chiffon/,secondary,"Mapped in fabstitch-keyword-map.csv onto an existing URL. Volume, difficulty, and rank are UNKNOWN.",noindex_target,The URL exists and stays noindex. Do not create a replacement page and do not force this URL into the index.
matte chiffon fabric,fabric_type,Commercial,/fabrics/matte-chiffon/,secondary,"Mapped in fabstitch-keyword-map.csv onto an existing URL. Volume, difficulty, and rank are UNKNOWN.",noindex_target,The URL exists and stays noindex. Do not create a replacement page and do not force this URL into the index.
matte chiffon fabric online,fabric_type,Commercial,/fabrics/matte-chiffon/,secondary,"Mapped in fabstitch-keyword-map.csv onto an existing URL. Volume, difficulty, and rank are UNKNOWN.",noindex_target,The URL exists and stays noindex. Do not create a replacement page and do not force this URL into the index.
matte chiffon for blouses,fabric_type,Commercial,/fabrics/matte-chiffon/,secondary,"Mapped in fabstitch-keyword-map.csv onto an existing URL. Volume, difficulty, and rank are UNKNOWN.",noindex_target,The URL exists and stays noindex. Do not create a replacement page and do not force this URL into the index.
matte chiffon for dresses,fabric_type,Commercial,/fabrics/matte-chiffon/,secondary,"Mapped in fabstitch-keyword-map.csv onto an existing URL. Volume, difficulty, and rank are UNKNOWN.",noindex_target,The URL exists and stays noindex. Do not create a replacement page and do not force this URL into the index.
matte chiffon for overlays,fabric_type,Commercial,/fabrics/matte-chiffon/,secondary,"Mapped in fabstitch-keyword-map.csv onto an existing URL. Volume, difficulty, and rank are UNKNOWN.",noindex_target,The URL exists and stays noindex. Do not create a replacement page and do not force this URL into the index.
matte chiffon textile,fabric_type,Commercial,/fabrics/matte-chiffon/,secondary,"Mapped in fabstitch-keyword-map.csv onto an existing URL. Volume, difficulty, and rank are UNKNOWN.",noindex_target,The URL exists and stays noindex. Do not create a replacement page and do not force this URL into the index.
matte ponte,fabric_type,Commercial,/fabrics/ponte-matte/,secondary,"Mapped in fabstitch-keyword-map.csv onto an existing URL. Volume, difficulty, and rank are UNKNOWN.",noindex_target,The URL exists and stays noindex. Do not create a replacement page and do not force this URL into the index.
matte ponte fabric,fabric_type,Commercial,/fabrics/ponte-matte/,secondary,"Mapped in fabstitch-keyword-map.csv onto an existing URL. Volume, difficulty, and rank are UNKNOWN.",noindex_target,The URL exists and stays noindex. Do not create a replacement page and do not force this URL into the index.
matte ponte fabric online,fabric_type,Commercial,/fabrics/ponte-matte/,secondary,"Mapped in fabstitch-keyword-map.csv onto an existing URL. Volume, difficulty, and rank are UNKNOWN.",noindex_target,The URL exists and stays noindex. Do not create a replacement page and do not force this URL into the index.
matte ponte for dresses,fabric_type,Commercial,/fabrics/ponte-matte/,secondary,"Mapped in fabstitch-keyword-map.csv onto an existing URL. Volume, difficulty, and rank are UNKNOWN.",noindex_target,The URL exists and stays noindex. Do not create a replacement page and do not force this URL into the index.
matte ponte for trousers,fabric_type,Commercial,/fabrics/ponte-matte/,secondary,"Mapped in fabstitch-keyword-map.csv onto an existing URL. Volume, difficulty, and rank are UNKNOWN.",noindex_target,The URL exists and stays noindex. Do not create a replacement page and do not force this URL into the index.
matte ponte for workwear jackets,fabric_type,Commercial,/fabrics/ponte-matte/,secondary,"Mapped in fabstitch-keyword-map.csv onto an existing URL. Volume, difficulty, and rank are UNKNOWN.",noindex_target,The URL exists and stays noindex. Do not create a replacement page and do not force this URL into the index.
matte ponte textile,fabric_type,Commercial,/fabrics/ponte-matte/,secondary,"Mapped in fabstitch-keyword-map.csv onto an existing URL. Volume, difficulty, and rank are UNKNOWN.",noindex_target,The URL exists and stays noindex. Do not create a replacement page and do not force this URL into the index.
membrane-backed covert,fabric_type,Commercial,/fabrics/membrane-backed-covert/,secondary,"Mapped in fabstitch-keyword-map.csv onto an existing URL. Volume, difficulty, and rank are UNKNOWN.",noindex_target,The URL exists and stays noindex. Do not create a replacement page and do not force this URL into the index.
membrane-backed covert fabric,fabric_type,Commercial,/fabrics/membrane-backed-covert/,secondary,"Mapped in fabstitch-keyword-map.csv onto an existing URL. Volume, difficulty, and rank are UNKNOWN.",noindex_target,The URL exists and stays noindex. Do not create a replacement page and do not force this URL into the index.
membrane-backed covert fabric online,fabric_type,Commercial,/fabrics/membrane-backed-covert/,secondary,"Mapped in fabstitch-keyword-map.csv onto an existing URL. Volume, difficulty, and rank are UNKNOWN.",noindex_target,The URL exists and stays noindex. Do not create a replacement page and do not force this URL into the index.
membrane-backed covert for city outerwear,fabric_type,Commercial,/fabrics/membrane-backed-covert/,secondary,"Mapped in fabstitch-keyword-map.csv onto an existing URL. Volume, difficulty, and rank are UNKNOWN.",noindex_target,The URL exists and stays noindex. Do not create a replacement page and do not force this URL into the index.
membrane-backed covert textile,fabric_type,Commercial,/fabrics/membrane-backed-covert/,secondary,"Mapped in fabstitch-keyword-map.csv onto an existing URL. Volume, difficulty, and rank are UNKNOWN.",noindex_target,The URL exists and stays noindex. Do not create a replacement page and do not force this URL into the index.
membrane-backed gabardine,fabric_type,Commercial,/fabrics/membrane-backed-gabardine/,secondary,"Mapped in fabstitch-keyword-map.csv onto an existing URL. Volume, difficulty, and rank are UNKNOWN.",noindex_target,The URL exists and stays noindex. Do not create a replacement page and do not force this URL into the index.
membrane-backed gabardine fabric,fabric_type,Commercial,/fabrics/membrane-backed-gabardine/,secondary,"Mapped in fabstitch-keyword-map.csv onto an existing URL. Volume, difficulty, and rank are UNKNOWN.",noindex_target,The URL exists and stays noindex. Do not create a replacement page and do not force this URL into the index.
membrane-backed gabardine fabric online,fabric_type,Commercial,/fabrics/membrane-backed-gabardine/,secondary,"Mapped in fabstitch-keyword-map.csv onto an existing URL. Volume, difficulty, and rank are UNKNOWN.",noindex_target,The URL exists and stays noindex. Do not create a replacement page and do not force this URL into the index.
membrane-backed gabardine for city outerwear,fabric_type,Commercial,/fabrics/membrane-backed-gabardine/,secondary,"Mapped in fabstitch-keyword-map.csv onto an existing URL. Volume, difficulty, and rank are UNKNOWN.",noindex_target,The URL exists and stays noindex. Do not create a replacement page and do not force this URL into the index.
membrane-backed gabardine textile,fabric_type,Commercial,/fabrics/membrane-backed-gabardine/,secondary,"Mapped in fabstitch-keyword-map.csv onto an existing URL. Volume, difficulty, and rank are UNKNOWN.",noindex_target,The URL exists and stays noindex. Do not create a replacement page and do not force this URL into the index.
mercerised cotton lawn,fabric_type,Commercial,/fabrics/mercerised-cotton-lawn/,secondary,"Mapped in fabstitch-keyword-map.csv onto an existing URL. Volume, difficulty, and rank are UNKNOWN.",noindex_target,The URL exists and stays noindex. Do not create a replacement page and do not force this URL into the index.
mercerised cotton lawn fabric,fabric_type,Commercial,/fabrics/mercerised-cotton-lawn/,secondary,"Mapped in fabstitch-keyword-map.csv onto an existing URL. Volume, difficulty, and rank are UNKNOWN.",noindex_target,The URL exists and stays noindex. Do not create a replacement page and do not force this URL into the index.
mercerised cotton lawn fabric online,fabric_type,Commercial,/fabrics/mercerised-cotton-lawn/,secondary,"Mapped in fabstitch-keyword-map.csv onto an existing URL. Volume, difficulty, and rank are UNKNOWN.",noindex_target,The URL exists and stays noindex. Do not create a replacement page and do not force this URL into the index.
mercerised cotton lawn for blouses,fabric_type,Commercial,/fabrics/mercerised-cotton-lawn/,secondary,"Mapped in fabstitch-keyword-map.csv onto an existing URL. Volume, difficulty, and rank are UNKNOWN.",noindex_target,The URL exists and stays noindex. Do not create a replacement page and do not force this URL into the index.
mercerised cotton lawn for dresses,fabric_type,Commercial,/fabrics/mercerised-cotton-lawn/,secondary,"Mapped in fabstitch-keyword-map.csv onto an existing URL. Volume, difficulty, and rank are UNKNOWN.",noindex_target,The URL exists and stays noindex. Do not create a replacement page and do not force this URL into the index.
mercerised cotton lawn for shirts,fabric_type,Commercial,/fabrics/mercerised-cotton-lawn/,secondary,"Mapped in fabstitch-keyword-map.csv onto an existing URL. Volume, difficulty, and rank are UNKNOWN.",noindex_target,The URL exists and stays noindex. Do not create a replacement page and do not force this URL into the index.
mercerised cotton lawn textile,fabric_type,Commercial,/fabrics/mercerised-cotton-lawn/,secondary,"Mapped in fabstitch-keyword-map.csv onto an existing URL. Volume, difficulty, and rank are UNKNOWN.",noindex_target,The URL exists and stays noindex. Do not create a replacement page and do not force this URL into the index.
mercerized cotton broadcloth,fabric_type,Commercial,/fabrics/mercerized-cotton-broadcloth/,secondary,"Mapped in fabstitch-keyword-map.csv onto an existing URL. Volume, difficulty, and rank are UNKNOWN.",noindex_target,The URL exists and stays noindex. Do not create a replacement page and do not force this URL into the index.
mercerized cotton broadcloth fabric,fabric_type,Commercial,/fabrics/mercerized-cotton-broadcloth/,secondary,"Mapped in fabstitch-keyword-map.csv onto an existing URL. Volume, difficulty, and rank are UNKNOWN.",noindex_target,The URL exists and stays noindex. Do not create a replacement page and do not force this URL into the index.
mercerized cotton broadcloth fabric online,fabric_type,Commercial,/fabrics/mercerized-cotton-broadcloth/,secondary,"Mapped in fabstitch-keyword-map.csv onto an existing URL. Volume, difficulty, and rank are UNKNOWN.",noindex_target,The URL exists and stays noindex. Do not create a replacement page and do not force this URL into the index.
mercerized cotton broadcloth for blouses,fabric_type,Commercial,/fabrics/mercerized-cotton-broadcloth/,secondary,"Mapped in fabstitch-keyword-map.csv onto an existing URL. Volume, difficulty, and rank are UNKNOWN.",noindex_target,The URL exists and stays noindex. Do not create a replacement page and do not force this URL into the index.
mercerized cotton broadcloth for shirts,fabric_type,Commercial,/fabrics/mercerized-cotton-broadcloth/,secondary,"Mapped in fabstitch-keyword-map.csv onto an existing URL. Volume, difficulty, and rank are UNKNOWN.",noindex_target,The URL exists and stays noindex. Do not create a replacement page and do not force this URL into the index.
mercerized cotton broadcloth for workwear jackets,fabric_type,Commercial,/fabrics/mercerized-cotton-broadcloth/,secondary,"Mapped in fabstitch-keyword-map.csv onto an existing URL. Volume, difficulty, and rank are UNKNOWN.",noindex_target,The URL exists and stays noindex. Do not create a replacement page and do not force this URL into the index.
mercerized cotton broadcloth textile,fabric_type,Commercial,/fabrics/mercerized-cotton-broadcloth/,secondary,"Mapped in fabstitch-keyword-map.csv onto an existing URL. Volume, difficulty, and rank are UNKNOWN.",noindex_target,The URL exists and stays noindex. Do not create a replacement page and do not force this URL into the index.
mercerized cotton jersey,fabric_type,Commercial,/fabrics/mercerized-cotton-jersey/,secondary,"Mapped in fabstitch-keyword-map.csv onto an existing URL. Volume, difficulty, and rank are UNKNOWN.",noindex_target,The URL exists and stays noindex. Do not create a replacement page and do not force this URL into the index.
mercerized cotton jersey fabric,fabric_type,Commercial,/fabrics/mercerized-cotton-jersey/,secondary,"Mapped in fabstitch-keyword-map.csv onto an existing URL. Volume, difficulty, and rank are UNKNOWN.",noindex_target,The URL exists and stays noindex. Do not create a replacement page and do not force this URL into the index.
mercerized cotton jersey fabric online,fabric_type,Commercial,/fabrics/mercerized-cotton-jersey/,secondary,"Mapped in fabstitch-keyword-map.csv onto an existing URL. Volume, difficulty, and rank are UNKNOWN.",noindex_target,The URL exists and stays noindex. Do not create a replacement page and do not force this URL into the index.
mercerized cotton jersey for baselayers,fabric_type,Commercial,/fabrics/mercerized-cotton-jersey/,secondary,"Mapped in fabstitch-keyword-map.csv onto an existing URL. Volume, difficulty, and rank are UNKNOWN.",noindex_target,The URL exists and stays noindex. Do not create a replacement page and do not force this URL into the index.
mercerized cotton jersey for knitwear,fabric_type,Commercial,/fabrics/mercerized-cotton-jersey/,secondary,"Mapped in fabstitch-keyword-map.csv onto an existing URL. Volume, difficulty, and rank are UNKNOWN.",noindex_target,The URL exists and stays noindex. Do not create a replacement page and do not force this URL into the index.
mercerized cotton jersey textile,fabric_type,Commercial,/fabrics/mercerized-cotton-jersey/,secondary,"Mapped in fabstitch-keyword-map.csv onto an existing URL. Volume, difficulty, and rank are UNKNOWN.",noindex_target,The URL exists and stays noindex. Do not create a replacement page and do not force this URL into the index.
mercerized cotton lawn,fabric_type,Commercial,/fabrics/mercerized-cotton-lawn/,secondary,"Mapped in fabstitch-keyword-map.csv onto an existing URL. Volume, difficulty, and rank are UNKNOWN.",noindex_target,The URL exists and stays noindex. Do not create a replacement page and do not force this URL into the index.
mercerized cotton lawn fabric,fabric_type,Commercial,/fabrics/mercerized-cotton-lawn/,secondary,"Mapped in fabstitch-keyword-map.csv onto an existing URL. Volume, difficulty, and rank are UNKNOWN.",noindex_target,The URL exists and stays noindex. Do not create a replacement page and do not force this URL into the index.
mercerized cotton lawn fabric online,fabric_type,Commercial,/fabrics/mercerized-cotton-lawn/,secondary,"Mapped in fabstitch-keyword-map.csv onto an existing URL. Volume, difficulty, and rank are UNKNOWN.",noindex_target,The URL exists and stays noindex. Do not create a replacement page and do not force this URL into the index.
mercerized cotton lawn for blouses,fabric_type,Commercial,/fabrics/mercerized-cotton-lawn/,secondary,"Mapped in fabstitch-keyword-map.csv onto an existing URL. Volume, difficulty, and rank are UNKNOWN.",noindex_target,The URL exists and stays noindex. Do not create a replacement page and do not force this URL into the index.
mercerized cotton lawn for dresses,fabric_type,Commercial,/fabrics/mercerized-cotton-lawn/,secondary,"Mapped in fabstitch-keyword-map.csv onto an existing URL. Volume, difficulty, and rank are UNKNOWN.",noindex_target,The URL exists and stays noindex. Do not create a replacement page and do not force this URL into the index.
mercerized cotton lawn for shirts,fabric_type,Commercial,/fabrics/mercerized-cotton-lawn/,secondary,"Mapped in fabstitch-keyword-map.csv onto an existing URL. Volume, difficulty, and rank are UNKNOWN.",noindex_target,The URL exists and stays noindex. Do not create a replacement page and do not force this URL into the index.
mercerized cotton lawn textile,fabric_type,Commercial,/fabrics/mercerized-cotton-lawn/,secondary,"Mapped in fabstitch-keyword-map.csv onto an existing URL. Volume, difficulty, and rank are UNKNOWN.",noindex_target,The URL exists and stays noindex. Do not create a replacement page and do not force this URL into the index.
mercerized cotton piqué,fabric_type,Commercial,/fabrics/mercerized-cotton-pique/,secondary,"Mapped in fabstitch-keyword-map.csv onto an existing URL. Volume, difficulty, and rank are UNKNOWN.",noindex_target,The URL exists and stays noindex. Do not create a replacement page and do not force this URL into the index.
mercerized cotton piqué fabric,fabric_type,Commercial,/fabrics/mercerized-cotton-pique/,secondary,"Mapped in fabstitch-keyword-map.csv onto an existing URL. Volume, difficulty, and rank are UNKNOWN.",noindex_target,The URL exists and stays noindex. Do not create a replacement page and do not force this URL into the index.
mercerized cotton piqué fabric online,fabric_type,Commercial,/fabrics/mercerized-cotton-pique/,secondary,"Mapped in fabstitch-keyword-map.csv onto an existing URL. Volume, difficulty, and rank are UNKNOWN.",noindex_target,The URL exists and stays noindex. Do not create a replacement page and do not force this URL into the index.
mercerized cotton piqué for knitwear,fabric_type,Commercial,/fabrics/mercerized-cotton-pique/,secondary,"Mapped in fabstitch-keyword-map.csv onto an existing URL. Volume, difficulty, and rank are UNKNOWN.",noindex_target,The URL exists and stays noindex. Do not create a replacement page and do not force this URL into the index.
mercerized cotton piqué for shirts,fabric_type,Commercial,/fabrics/mercerized-cotton-pique/,secondary,"Mapped in fabstitch-keyword-map.csv onto an existing URL. Volume, difficulty, and rank are UNKNOWN.",noindex_target,The URL exists and stays noindex. Do not create a replacement page and do not force this URL into the index.
mercerized cotton piqué for workwear jackets,fabric_type,Commercial,/fabrics/mercerized-cotton-pique/,secondary,"Mapped in fabstitch-keyword-map.csv onto an existing URL. Volume, difficulty, and rank are UNKNOWN.",noindex_target,The URL exists and stays noindex. Do not create a replacement page and do not force this URL into the index.
mercerized cotton piqué textile,fabric_type,Commercial,/fabrics/mercerized-cotton-pique/,secondary,"Mapped in fabstitch-keyword-map.csv onto an existing URL. Volume, difficulty, and rank are UNKNOWN.",noindex_target,The URL exists and stays noindex. Do not create a replacement page and do not force this URL into the index.
mercerized cotton poplin,fabric_type,Commercial,/fabrics/mercerized-cotton-poplin/,secondary,"Mapped in fabstitch-keyword-map.csv onto an existing URL. Volume, difficulty, and rank are UNKNOWN.",noindex_target,The URL exists and stays noindex. Do not create a replacement page and do not force this URL into the index.
mercerized cotton poplin fabric,fabric_type,Commercial,/fabrics/mercerized-cotton-poplin/,secondary,"Mapped in fabstitch-keyword-map.csv onto an existing URL. Volume, difficulty, and rank are UNKNOWN.",noindex_target,The URL exists and stays noindex. Do not create a replacement page and do not force this URL into the index.
mercerized cotton poplin fabric online,fabric_type,Commercial,/fabrics/mercerized-cotton-poplin/,secondary,"Mapped in fabstitch-keyword-map.csv onto an existing URL. Volume, difficulty, and rank are UNKNOWN.",noindex_target,The URL exists and stays noindex. Do not create a replacement page and do not force this URL into the index.
mercerized cotton poplin for blouses,fabric_type,Commercial,/fabrics/mercerized-cotton-poplin/,secondary,"Mapped in fabstitch-keyword-map.csv onto an existing URL. Volume, difficulty, and rank are UNKNOWN.",noindex_target,The URL exists and stays noindex. Do not create a replacement page and do not force this URL into the index.
mercerized cotton poplin for shirts,fabric_type,Commercial,/fabrics/mercerized-cotton-poplin/,secondary,"Mapped in fabstitch-keyword-map.csv onto an existing URL. Volume, difficulty, and rank are UNKNOWN.",noindex_target,The URL exists and stays noindex. Do not create a replacement page and do not force this URL into the index.
mercerized cotton poplin for workwear jackets,fabric_type,Commercial,/fabrics/mercerized-cotton-poplin/,secondary,"Mapped in fabstitch-keyword-map.csv onto an existing URL. Volume, difficulty, and rank are UNKNOWN.",noindex_target,The URL exists and stays noindex. Do not create a replacement page and do not force this URL into the index.
mercerized cotton poplin textile,fabric_type,Commercial,/fabrics/mercerized-cotton-poplin/,secondary,"Mapped in fabstitch-keyword-map.csv onto an existing URL. Volume, difficulty, and rank are UNKNOWN.",noindex_target,The URL exists and stays noindex. Do not create a replacement page and do not force this URL into the index.
mercerized cotton sateen,fabric_type,Commercial,/fabrics/mercerized-cotton-sateen/,secondary,"Mapped in fabstitch-keyword-map.csv onto an existing URL. Volume, difficulty, and rank are UNKNOWN.",noindex_target,The URL exists and stays noindex. Do not create a replacement page and do not force this URL into the index.
mercerized cotton sateen fabric,fabric_type,Commercial,/fabrics/mercerized-cotton-sateen/,secondary,"Mapped in fabstitch-keyword-map.csv onto an existing URL. Volume, difficulty, and rank are UNKNOWN.",noindex_target,The URL exists and stays noindex. Do not create a replacement page and do not force this URL into the index.
mercerized cotton sateen fabric online,fabric_type,Commercial,/fabrics/mercerized-cotton-sateen/,secondary,"Mapped in fabstitch-keyword-map.csv onto an existing URL. Volume, difficulty, and rank are UNKNOWN.",noindex_target,The URL exists and stays noindex. Do not create a replacement page and do not force this URL into the index.
mercerized cotton sateen for blouses,fabric_type,Commercial,/fabrics/mercerized-cotton-sateen/,secondary,"Mapped in fabstitch-keyword-map.csv onto an existing URL. Volume, difficulty, and rank are UNKNOWN.",noindex_target,The URL exists and stays noindex. Do not create a replacement page and do not force this URL into the index.
mercerized cotton sateen for dresses,fabric_type,Commercial,/fabrics/mercerized-cotton-sateen/,secondary,"Mapped in fabstitch-keyword-map.csv onto an existing URL. Volume, difficulty, and rank are UNKNOWN.",noindex_target,The URL exists and stays noindex. Do not create a replacement page and do not force this URL into the index.
mercerized cotton sateen for linings,fabric_type,Commercial,/fabrics/mercerized-cotton-sateen/,secondary,"Mapped in fabstitch-keyword-map.csv onto an existing URL. Volume, difficulty, and rank are UNKNOWN.",noindex_target,The URL exists and stays noindex. Do not create a replacement page and do not force this URL into the index.
mercerized cotton sateen textile,fabric_type,Commercial,/fabrics/mercerized-cotton-sateen/,secondary,"Mapped in fabstitch-keyword-map.csv onto an existing URL. Volume, difficulty, and rank are UNKNOWN.",noindex_target,The URL exists and stays noindex. Do not create a replacement page and do not force this URL into the index.
mercerized cotton twill,fabric_type,Commercial,/fabrics/mercerized-cotton-twill/,secondary,"Mapped in fabstitch-keyword-map.csv onto an existing URL. Volume, difficulty, and rank are UNKNOWN.",noindex_target,The URL exists and stays noindex. Do not create a replacement page and do not force this URL into the index.
mercerized cotton twill fabric,fabric_type,Commercial,/fabrics/mercerized-cotton-twill/,secondary,"Mapped in fabstitch-keyword-map.csv onto an existing URL. Volume, difficulty, and rank are UNKNOWN.",noindex_target,The URL exists and stays noindex. Do not create a replacement page and do not force this URL into the index.
mercerized cotton twill fabric online,fabric_type,Commercial,/fabrics/mercerized-cotton-twill/,secondary,"Mapped in fabstitch-keyword-map.csv onto an existing URL. Volume, difficulty, and rank are UNKNOWN.",noindex_target,The URL exists and stays noindex. Do not create a replacement page and do not force this URL into the index.
mercerized cotton twill for trousers,fabric_type,Commercial,/fabrics/mercerized-cotton-twill/,secondary,"Mapped in fabstitch-keyword-map.csv onto an existing URL. Volume, difficulty, and rank are UNKNOWN.",noindex_target,The URL exists and stays noindex. Do not create a replacement page and do not force this URL into the index.
mercerized cotton twill for workwear jackets,fabric_type,Commercial,/fabrics/mercerized-cotton-twill/,secondary,"Mapped in fabstitch-keyword-map.csv onto an existing URL. Volume, difficulty, and rank are UNKNOWN.",noindex_target,The URL exists and stays noindex. Do not create a replacement page and do not force this URL into the index.
mercerized cotton twill textile,fabric_type,Commercial,/fabrics/mercerized-cotton-twill/,secondary,"Mapped in fabstitch-keyword-map.csv onto an existing URL. Volume, difficulty, and rank are UNKNOWN.",noindex_target,The URL exists and stays noindex. Do not create a replacement page and do not force this URL into the index.
mercerized cotton voile,fabric_type,Commercial,/fabrics/mercerized-cotton-voile/,secondary,"Mapped in fabstitch-keyword-map.csv onto an existing URL. Volume, difficulty, and rank are UNKNOWN.",noindex_target,The URL exists and stays noindex. Do not create a replacement page and do not force this URL into the index.
mercerized cotton voile fabric,fabric_type,Commercial,/fabrics/mercerized-cotton-voile/,secondary,"Mapped in fabstitch-keyword-map.csv onto an existing URL. Volume, difficulty, and rank are UNKNOWN.",noindex_target,The URL exists and stays noindex. Do not create a replacement page and do not force this URL into the index.
mercerized cotton voile fabric online,fabric_type,Commercial,/fabrics/mercerized-cotton-voile/,secondary,"Mapped in fabstitch-keyword-map.csv onto an existing URL. Volume, difficulty, and rank are UNKNOWN.",noindex_target,The URL exists and stays noindex. Do not create a replacement page and do not force this URL into the index.
mercerized cotton voile for blouses,fabric_type,Commercial,/fabrics/mercerized-cotton-voile/,secondary,"Mapped in fabstitch-keyword-map.csv onto an existing URL. Volume, difficulty, and rank are UNKNOWN.",noindex_target,The URL exists and stays noindex. Do not create a replacement page and do not force this URL into the index.
mercerized cotton voile for dresses,fabric_type,Commercial,/fabrics/mercerized-cotton-voile/,secondary,"Mapped in fabstitch-keyword-map.csv onto an existing URL. Volume, difficulty, and rank are UNKNOWN.",noindex_target,The URL exists and stays noindex. Do not create a replacement page and do not force this URL into the index.
mercerized cotton voile for overlays,fabric_type,Commercial,/fabrics/mercerized-cotton-voile/,secondary,"Mapped in fabstitch-keyword-map.csv onto an existing URL. Volume, difficulty, and rank are UNKNOWN.",noindex_target,The URL exists and stays noindex. Do not create a replacement page and do not force this URL into the index.
mercerized cotton voile textile,fabric_type,Commercial,/fabrics/mercerized-cotton-voile/,secondary,"Mapped in fabstitch-keyword-map.csv onto an existing URL. Volume, difficulty, and rank are UNKNOWN.",noindex_target,The URL exists and stays noindex. Do not create a replacement page and do not force this URL into the index.
merino + roica stretch tailoring,performance,Commercial,/fabrics/merino-roica-stretch-tailoring/,secondary,"Mapped in fabstitch-keyword-map.csv onto an existing URL. Volume, difficulty, and rank are UNKNOWN.",noindex_target,The URL exists and stays noindex. Do not create a replacement page and do not force this URL into the index.
merino + roica stretch tailoring fabric,performance,Commercial,/fabrics/merino-roica-stretch-tailoring/,secondary,"Mapped in fabstitch-keyword-map.csv onto an existing URL. Volume, difficulty, and rank are UNKNOWN.",noindex_target,The URL exists and stays noindex. Do not create a replacement page and do not force this URL into the index.
merino + roica stretch tailoring fabric online,performance,Commercial,/fabrics/merino-roica-stretch-tailoring/,secondary,"Mapped in fabstitch-keyword-map.csv onto an existing URL. Volume, difficulty, and rank are UNKNOWN.",noindex_target,The URL exists and stays noindex. Do not create a replacement page and do not force this URL into the index.
merino + roica stretch tailoring for suiting,performance,Commercial,/fabrics/merino-roica-stretch-tailoring/,secondary,"Mapped in fabstitch-keyword-map.csv onto an existing URL. Volume, difficulty, and rank are UNKNOWN.",noindex_target,The URL exists and stays noindex. Do not create a replacement page and do not force this URL into the index.
merino + roica stretch tailoring textile,performance,Commercial,/fabrics/merino-roica-stretch-tailoring/,secondary,"Mapped in fabstitch-keyword-map.csv onto an existing URL. Volume, difficulty, and rank are UNKNOWN.",noindex_target,The URL exists and stays noindex. Do not create a replacement page and do not force this URL into the index.
merino wool lightweight merino knit,fabric_type,Commercial,/fabrics/lightweight-merino-knit/,secondary,"Mapped in fabstitch-keyword-map.csv onto an existing URL. Volume, difficulty, and rank are UNKNOWN.",noindex_target,The URL exists and stays noindex. Do not create a replacement page and do not force this URL into the index.
merino wool with roica elastomer merino + roica stretch tailoring,performance,Commercial,/fabrics/merino-roica-stretch-tailoring/,secondary,"Mapped in fabstitch-keyword-map.csv onto an existing URL. Volume, difficulty, and rank are UNKNOWN.",noindex_target,The URL exists and stays noindex. Do not create a replacement page and do not force this URL into the index.
microfibre polyester peach-skin,fabric_type,Commercial,/fabrics/peach-skin/,secondary,"Mapped in fabstitch-keyword-map.csv onto an existing URL. Volume, difficulty, and rank are UNKNOWN.",noindex_target,The URL exists and stays noindex. Do not create a replacement page and do not force this URL into the index.
mohair blend,fabric_type,Commercial,/fabrics/mohair-blend/,secondary,"Mapped in fabstitch-keyword-map.csv onto an existing URL. Volume, difficulty, and rank are UNKNOWN.",noindex_target,The URL exists and stays noindex. Do not create a replacement page and do not force this URL into the index.
mohair blend fabric,fabric_type,Commercial,/fabrics/mohair-blend/,secondary,"Mapped in fabstitch-keyword-map.csv onto an existing URL. Volume, difficulty, and rank are UNKNOWN.",noindex_target,The URL exists and stays noindex. Do not create a replacement page and do not force this URL into the index.
mohair blend fabric online,fabric_type,Commercial,/fabrics/mohair-blend/,secondary,"Mapped in fabstitch-keyword-map.csv onto an existing URL. Volume, difficulty, and rank are UNKNOWN.",noindex_target,The URL exists and stays noindex. Do not create a replacement page and do not force this URL into the index.
mohair blend for coats,fabric_type,Commercial,/fabrics/mohair-blend/,secondary,"Mapped in fabstitch-keyword-map.csv onto an existing URL. Volume, difficulty, and rank are UNKNOWN.",noindex_target,The URL exists and stays noindex. Do not create a replacement page and do not force this URL into the index.
mohair blend for statement knits,fabric_type,Commercial,/fabrics/mohair-blend/,secondary,"Mapped in fabstitch-keyword-map.csv onto an existing URL. Volume, difficulty, and rank are UNKNOWN.",noindex_target,The URL exists and stays noindex. Do not create a replacement page and do not force this URL into the index.
mohair blend mohair blend,fabric_type,Commercial,/fabrics/mohair-blend/,secondary,"Mapped in fabstitch-keyword-map.csv onto an existing URL. Volume, difficulty, and rank are UNKNOWN.",noindex_target,The URL exists and stays noindex. Do not create a replacement page and do not force this URL into the index.
mohair blend textile,fabric_type,Commercial,/fabrics/mohair-blend/,secondary,"Mapped in fabstitch-keyword-map.csv onto an existing URL. Volume, difficulty, and rank are UNKNOWN.",noindex_target,The URL exists and stays noindex. Do not create a replacement page and do not force this URL into the index.
open fresco weave wool mohair fresco blend,fabric_type,Commercial,/fabrics/wool-mohair-fresco/,secondary,"Mapped in fabstitch-keyword-map.csv onto an existing URL. Volume, difficulty, and rank are UNKNOWN.",noindex_target,The URL exists and stays noindex. Do not create a replacement page and do not force this URL into the index.
open stitch open-stitch knit,fabric_type,Commercial,/fabrics/open-stitch-knit/,secondary,"Mapped in fabstitch-keyword-map.csv onto an existing URL. Volume, difficulty, and rank are UNKNOWN.",noindex_target,The URL exists and stays noindex. Do not create a replacement page and do not force this URL into the index.
open weave open-weave linen curtain,application,Commercial,/fabrics/open-weave-linen-curtain/,secondary,"Mapped in fabstitch-keyword-map.csv onto an existing URL. Volume, difficulty, and rank are UNKNOWN.",noindex_target,The URL exists and stays noindex. Do not create a replacement page and do not force this URL into the index.
open weave wool linen open weave blend,fabric_type,Commercial,/fabrics/wool-linen-tailoring-open-weave/,secondary,"Mapped in fabstitch-keyword-map.csv onto an existing URL. Volume, difficulty, and rank are UNKNOWN.",noindex_target,The URL exists and stays noindex. Do not create a replacement page and do not force this URL into the index.
open weave wool-linen open weave,fabric_type,Commercial,/fabrics/wool-linen-open-weave/,secondary,"Mapped in fabstitch-keyword-map.csv onto an existing URL. Volume, difficulty, and rank are UNKNOWN.",noindex_target,The URL exists and stays noindex. Do not create a replacement page and do not force this URL into the index.
open weave wool-mohair open weave,fabric_type,Commercial,/fabrics/wool-mohair-open-weave/,secondary,"Mapped in fabstitch-keyword-map.csv onto an existing URL. Volume, difficulty, and rank are UNKNOWN.",noindex_target,The URL exists and stays noindex. Do not create a replacement page and do not force this URL into the index.
open-stitch knit,fabric_type,Commercial,/fabrics/open-stitch-knit/,secondary,"Mapped in fabstitch-keyword-map.csv onto an existing URL. Volume, difficulty, and rank are UNKNOWN.",noindex_target,The URL exists and stays noindex. Do not create a replacement page and do not force this URL into the index.
open-stitch knit fabric,fabric_type,Commercial,/fabrics/open-stitch-knit/,secondary,"Mapped in fabstitch-keyword-map.csv onto an existing URL. Volume, difficulty, and rank are UNKNOWN.",noindex_target,The URL exists and stays noindex. Do not create a replacement page and do not force this URL into the index.
open-stitch knit fabric online,fabric_type,Commercial,/fabrics/open-stitch-knit/,secondary,"Mapped in fabstitch-keyword-map.csv onto an existing URL. Volume, difficulty, and rank are UNKNOWN.",noindex_target,The URL exists and stays noindex. Do not create a replacement page and do not force this URL into the index.
open-stitch knit for resortwear,fabric_type,Commercial,/fabrics/open-stitch-knit/,secondary,"Mapped in fabstitch-keyword-map.csv onto an existing URL. Volume, difficulty, and rank are UNKNOWN.",noindex_target,The URL exists and stays noindex. Do not create a replacement page and do not force this URL into the index.
open-stitch knit textile,fabric_type,Commercial,/fabrics/open-stitch-knit/,secondary,"Mapped in fabstitch-keyword-map.csv onto an existing URL. Volume, difficulty, and rank are UNKNOWN.",noindex_target,The URL exists and stays noindex. Do not create a replacement page and do not force this URL into the index.
open-weave linen curtain,application,Commercial,/fabrics/open-weave-linen-curtain/,secondary,"Mapped in fabstitch-keyword-map.csv onto an existing URL. Volume, difficulty, and rank are UNKNOWN.",noindex_target,The URL exists and stays noindex. Do not create a replacement page and do not force this URL into the index.
open-weave linen curtain fabric,application,Commercial,/fabrics/open-weave-linen-curtain/,secondary,"Mapped in fabstitch-keyword-map.csv onto an existing URL. Volume, difficulty, and rank are UNKNOWN.",noindex_target,The URL exists and stays noindex. Do not create a replacement page and do not force this URL into the index.
open-weave linen curtain fabric online,application,Commercial,/fabrics/open-weave-linen-curtain/,secondary,"Mapped in fabstitch-keyword-map.csv onto an existing URL. Volume, difficulty, and rank are UNKNOWN.",noindex_target,The URL exists and stays noindex. Do not create a replacement page and do not force this URL into the index.
open-weave linen curtain for curtains,application,Commercial,/fabrics/open-weave-linen-curtain/,secondary,"Mapped in fabstitch-keyword-map.csv onto an existing URL. Volume, difficulty, and rank are UNKNOWN.",noindex_target,The URL exists and stays noindex. Do not create a replacement page and do not force this URL into the index.
open-weave linen curtain for sheers,application,Commercial,/fabrics/open-weave-linen-curtain/,secondary,"Mapped in fabstitch-keyword-map.csv onto an existing URL. Volume, difficulty, and rank are UNKNOWN.",noindex_target,The URL exists and stays noindex. Do not create a replacement page and do not force this URL into the index.
open-weave linen curtain textile,application,Commercial,/fabrics/open-weave-linen-curtain/,secondary,"Mapped in fabstitch-keyword-map.csv onto an existing URL. Volume, difficulty, and rank are UNKNOWN.",noindex_target,The URL exists and stays noindex. Do not create a replacement page and do not force this URL into the index.
organic cotton french terry,fabric_type,Commercial,/fabrics/french-terry-organic/,secondary,"Mapped in fabstitch-keyword-map.csv onto an existing URL. Volume, difficulty, and rank are UNKNOWN.",noindex_target,The URL exists and stays noindex. Do not create a replacement page and do not force this URL into the index.
organic cotton french terry fabric,fabric_type,Commercial,/fabrics/french-terry-organic/,secondary,"Mapped in fabstitch-keyword-map.csv onto an existing URL. Volume, difficulty, and rank are UNKNOWN.",noindex_target,The URL exists and stays noindex. Do not create a replacement page and do not force this URL into the index.
organic cotton french terry fabric online,fabric_type,Commercial,/fabrics/french-terry-organic/,secondary,"Mapped in fabstitch-keyword-map.csv onto an existing URL. Volume, difficulty, and rank are UNKNOWN.",noindex_target,The URL exists and stays noindex. Do not create a replacement page and do not force this URL into the index.
organic cotton french terry for baselayers,fabric_type,Commercial,/fabrics/french-terry-organic/,secondary,"Mapped in fabstitch-keyword-map.csv onto an existing URL. Volume, difficulty, and rank are UNKNOWN.",noindex_target,The URL exists and stays noindex. Do not create a replacement page and do not force this URL into the index.
organic cotton french terry for knitwear,fabric_type,Commercial,/fabrics/french-terry-organic/,secondary,"Mapped in fabstitch-keyword-map.csv onto an existing URL. Volume, difficulty, and rank are UNKNOWN.",noindex_target,The URL exists and stays noindex. Do not create a replacement page and do not force this URL into the index.
organic cotton french terry for loungewear,fabric_type,Commercial,/fabrics/french-terry-organic/,secondary,"Mapped in fabstitch-keyword-map.csv onto an existing URL. Volume, difficulty, and rank are UNKNOWN.",noindex_target,The URL exists and stays noindex. Do not create a replacement page and do not force this URL into the index.
organic cotton french terry textile,fabric_type,Commercial,/fabrics/french-terry-organic/,secondary,"Mapped in fabstitch-keyword-map.csv onto an existing URL. Volume, difficulty, and rank are UNKNOWN.",noindex_target,The URL exists and stays noindex. Do not create a replacement page and do not force this URL into the index.
organic cotton lawn,fabric_type,Commercial,/fabrics/organic-cotton-lawn/,secondary,"Mapped in fabstitch-keyword-map.csv onto an existing URL. Volume, difficulty, and rank are UNKNOWN.",noindex_target,The URL exists and stays noindex. Do not create a replacement page and do not force this URL into the index.
organic cotton lawn fabric,fabric_type,Commercial,/fabrics/organic-cotton-lawn/,secondary,"Mapped in fabstitch-keyword-map.csv onto an existing URL. Volume, difficulty, and rank are UNKNOWN.",noindex_target,The URL exists and stays noindex. Do not create a replacement page and do not force this URL into the index.
organic cotton lawn fabric online,fabric_type,Commercial,/fabrics/organic-cotton-lawn/,secondary,"Mapped in fabstitch-keyword-map.csv onto an existing URL. Volume, difficulty, and rank are UNKNOWN.",noindex_target,The URL exists and stays noindex. Do not create a replacement page and do not force this URL into the index.
organic cotton lawn for blouses,fabric_type,Commercial,/fabrics/organic-cotton-lawn/,secondary,"Mapped in fabstitch-keyword-map.csv onto an existing URL. Volume, difficulty, and rank are UNKNOWN.",noindex_target,The URL exists and stays noindex. Do not create a replacement page and do not force this URL into the index.
organic cotton lawn for dresses,fabric_type,Commercial,/fabrics/organic-cotton-lawn/,secondary,"Mapped in fabstitch-keyword-map.csv onto an existing URL. Volume, difficulty, and rank are UNKNOWN.",noindex_target,The URL exists and stays noindex. Do not create a replacement page and do not force this URL into the index.
organic cotton lawn for shirts,fabric_type,Commercial,/fabrics/organic-cotton-lawn/,secondary,"Mapped in fabstitch-keyword-map.csv onto an existing URL. Volume, difficulty, and rank are UNKNOWN.",noindex_target,The URL exists and stays noindex. Do not create a replacement page and do not force this URL into the index.
organic cotton lawn textile,fabric_type,Commercial,/fabrics/organic-cotton-lawn/,secondary,"Mapped in fabstitch-keyword-map.csv onto an existing URL. Volume, difficulty, and rank are UNKNOWN.",noindex_target,The URL exists and stays noindex. Do not create a replacement page and do not force this URL into the index.
organic cotton piqué,fabric_type,Commercial,/fabrics/organic-cotton-pique/,secondary,"Mapped in fabstitch-keyword-map.csv onto an existing URL. Volume, difficulty, and rank are UNKNOWN.",noindex_target,The URL exists and stays noindex. Do not create a replacement page and do not force this URL into the index.
organic cotton piqué fabric,fabric_type,Commercial,/fabrics/organic-cotton-pique/,secondary,"Mapped in fabstitch-keyword-map.csv onto an existing URL. Volume, difficulty, and rank are UNKNOWN.",noindex_target,The URL exists and stays noindex. Do not create a replacement page and do not force this URL into the index.
organic cotton piqué fabric online,fabric_type,Commercial,/fabrics/organic-cotton-pique/,secondary,"Mapped in fabstitch-keyword-map.csv onto an existing URL. Volume, difficulty, and rank are UNKNOWN.",noindex_target,The URL exists and stays noindex. Do not create a replacement page and do not force this URL into the index.
organic cotton piqué for knitwear,fabric_type,Commercial,/fabrics/organic-cotton-pique/,secondary,"Mapped in fabstitch-keyword-map.csv onto an existing URL. Volume, difficulty, and rank are UNKNOWN.",noindex_target,The URL exists and stays noindex. Do not create a replacement page and do not force this URL into the index.
organic cotton piqué for shirts,fabric_type,Commercial,/fabrics/organic-cotton-pique/,secondary,"Mapped in fabstitch-keyword-map.csv onto an existing URL. Volume, difficulty, and rank are UNKNOWN.",noindex_target,The URL exists and stays noindex. Do not create a replacement page and do not force this URL into the index.
organic cotton piqué for workwear jackets,fabric_type,Commercial,/fabrics/organic-cotton-pique/,secondary,"Mapped in fabstitch-keyword-map.csv onto an existing URL. Volume, difficulty, and rank are UNKNOWN.",noindex_target,The URL exists and stays noindex. Do not create a replacement page and do not force this URL into the index.
organic cotton piqué textile,fabric_type,Commercial,/fabrics/organic-cotton-pique/,secondary,"Mapped in fabstitch-keyword-map.csv onto an existing URL. Volume, difficulty, and rank are UNKNOWN.",noindex_target,The URL exists and stays noindex. Do not create a replacement page and do not force this URL into the index.
organic oxford cotton,fabric_type,Commercial,/fabrics/organic-oxford-cotton/,secondary,"Mapped in fabstitch-keyword-map.csv onto an existing URL. Volume, difficulty, and rank are UNKNOWN.",noindex_target,The URL exists and stays noindex. Do not create a replacement page and do not force this URL into the index.
organic oxford cotton fabric,fabric_type,Commercial,/fabrics/organic-oxford-cotton/,secondary,"Mapped in fabstitch-keyword-map.csv onto an existing URL. Volume, difficulty, and rank are UNKNOWN.",noindex_target,The URL exists and stays noindex. Do not create a replacement page and do not force this URL into the index.
organic oxford cotton fabric online,fabric_type,Commercial,/fabrics/organic-oxford-cotton/,secondary,"Mapped in fabstitch-keyword-map.csv onto an existing URL. Volume, difficulty, and rank are UNKNOWN.",noindex_target,The URL exists and stays noindex. Do not create a replacement page and do not force this URL into the index.
organic oxford cotton for loungewear,fabric_type,Commercial,/fabrics/organic-oxford-cotton/,secondary,"Mapped in fabstitch-keyword-map.csv onto an existing URL. Volume, difficulty, and rank are UNKNOWN.",noindex_target,The URL exists and stays noindex. Do not create a replacement page and do not force this URL into the index.
organic oxford cotton for shirts,fabric_type,Commercial,/fabrics/organic-oxford-cotton/,secondary,"Mapped in fabstitch-keyword-map.csv onto an existing URL. Volume, difficulty, and rank are UNKNOWN.",noindex_target,The URL exists and stays noindex. Do not create a replacement page and do not force this URL into the index.
organic oxford cotton for workwear jackets,fabric_type,Commercial,/fabrics/organic-oxford-cotton/,secondary,"Mapped in fabstitch-keyword-map.csv onto an existing URL. Volume, difficulty, and rank are UNKNOWN.",noindex_target,The URL exists and stays noindex. Do not create a replacement page and do not force this URL into the index.
organic oxford cotton textile,fabric_type,Commercial,/fabrics/organic-oxford-cotton/,secondary,"Mapped in fabstitch-keyword-map.csv onto an existing URL. Volume, difficulty, and rank are UNKNOWN.",noindex_target,The URL exists and stays noindex. Do not create a replacement page and do not force this URL into the index.
oxford basketweave classic oxford cotton,fabric_type,Commercial,/fabrics/classic-oxford-cotton/,secondary,"Mapped in fabstitch-keyword-map.csv onto an existing URL. Volume, difficulty, and rank are UNKNOWN.",noindex_target,The URL exists and stays noindex. Do not create a replacement page and do not force this URL into the index.
oxford basketweave organic oxford cotton,fabric_type,Commercial,/fabrics/organic-oxford-cotton/,secondary,"Mapped in fabstitch-keyword-map.csv onto an existing URL. Volume, difficulty, and rank are UNKNOWN.",noindex_target,The URL exists and stays noindex. Do not create a replacement page and do not force this URL into the index.
oxford basketweave oxford chambray cotton,fabric_type,Commercial,/fabrics/oxford-chambray-cotton/,secondary,"Mapped in fabstitch-keyword-map.csv onto an existing URL. Volume, difficulty, and rank are UNKNOWN.",noindex_target,The URL exists and stays noindex. Do not create a replacement page and do not force this URL into the index.
oxford basketweave soft oxford cotton,fabric_type,Commercial,/fabrics/soft-oxford-cotton/,secondary,"Mapped in fabstitch-keyword-map.csv onto an existing URL. Volume, difficulty, and rank are UNKNOWN.",noindex_target,The URL exists and stays noindex. Do not create a replacement page and do not force this URL into the index.
oxford basketweave stretch oxford cotton,performance,Commercial,/fabrics/stretch-oxford-cotton/,secondary,"Mapped in fabstitch-keyword-map.csv onto an existing URL. Volume, difficulty, and rank are UNKNOWN.",noindex_target,The URL exists and stays noindex. Do not create a replacement page and do not force this URL into the index.
oxford chambray cotton,fabric_type,Commercial,/fabrics/oxford-chambray-cotton/,secondary,"Mapped in fabstitch-keyword-map.csv onto an existing URL. Volume, difficulty, and rank are UNKNOWN.",noindex_target,The URL exists and stays noindex. Do not create a replacement page and do not force this URL into the index.
oxford chambray cotton fabric,fabric_type,Commercial,/fabrics/oxford-chambray-cotton/,secondary,"Mapped in fabstitch-keyword-map.csv onto an existing URL. Volume, difficulty, and rank are UNKNOWN.",noindex_target,The URL exists and stays noindex. Do not create a replacement page and do not force this URL into the index.
oxford chambray cotton fabric online,fabric_type,Commercial,/fabrics/oxford-chambray-cotton/,secondary,"Mapped in fabstitch-keyword-map.csv onto an existing URL. Volume, difficulty, and rank are UNKNOWN.",noindex_target,The URL exists and stays noindex. Do not create a replacement page and do not force this URL into the index.
oxford chambray cotton for loungewear,fabric_type,Commercial,/fabrics/oxford-chambray-cotton/,secondary,"Mapped in fabstitch-keyword-map.csv onto an existing URL. Volume, difficulty, and rank are UNKNOWN.",noindex_target,The URL exists and stays noindex. Do not create a replacement page and do not force this URL into the index.
oxford chambray cotton for shirts,fabric_type,Commercial,/fabrics/oxford-chambray-cotton/,secondary,"Mapped in fabstitch-keyword-map.csv onto an existing URL. Volume, difficulty, and rank are UNKNOWN.",noindex_target,The URL exists and stays noindex. Do not create a replacement page and do not force this URL into the index.
oxford chambray cotton for workwear jackets,fabric_type,Commercial,/fabrics/oxford-chambray-cotton/,secondary,"Mapped in fabstitch-keyword-map.csv onto an existing URL. Volume, difficulty, and rank are UNKNOWN.",noindex_target,The URL exists and stays noindex. Do not create a replacement page and do not force this URL into the index.
oxford chambray cotton textile,fabric_type,Commercial,/fabrics/oxford-chambray-cotton/,secondary,"Mapped in fabstitch-keyword-map.csv onto an existing URL. Volume, difficulty, and rank are UNKNOWN.",noindex_target,The URL exists and stays noindex. Do not create a replacement page and do not force this URL into the index.
panné velvet,fabric_type,Commercial,/fabrics/panne-velvet/,secondary,"Mapped in fabstitch-keyword-map.csv onto an existing URL. Volume, difficulty, and rank are UNKNOWN.",noindex_target,The URL exists and stays noindex. Do not create a replacement page and do not force this URL into the index.
panné velvet fabric,fabric_type,Commercial,/fabrics/panne-velvet/,secondary,"Mapped in fabstitch-keyword-map.csv onto an existing URL. Volume, difficulty, and rank are UNKNOWN.",noindex_target,The URL exists and stays noindex. Do not create a replacement page and do not force this URL into the index.
panné velvet fabric online,fabric_type,Commercial,/fabrics/panne-velvet/,secondary,"Mapped in fabstitch-keyword-map.csv onto an existing URL. Volume, difficulty, and rank are UNKNOWN.",noindex_target,The URL exists and stays noindex. Do not create a replacement page and do not force this URL into the index.
panné velvet textile,fabric_type,Commercial,/fabrics/panne-velvet/,secondary,"Mapped in fabstitch-keyword-map.csv onto an existing URL. Volume, difficulty, and rank are UNKNOWN.",noindex_target,The URL exists and stays noindex. Do not create a replacement page and do not force this URL into the index.
peach-skin,fabric_type,Commercial,/fabrics/peach-skin/,secondary,"Mapped in fabstitch-keyword-map.csv onto an existing URL. Volume, difficulty, and rank are UNKNOWN.",noindex_target,The URL exists and stays noindex. Do not create a replacement page and do not force this URL into the index.
peach-skin fabric,fabric_type,Commercial,/fabrics/peach-skin/,secondary,"Mapped in fabstitch-keyword-map.csv onto an existing URL. Volume, difficulty, and rank are UNKNOWN.",noindex_target,The URL exists and stays noindex. Do not create a replacement page and do not force this URL into the index.
peach-skin fabric online,fabric_type,Commercial,/fabrics/peach-skin/,secondary,"Mapped in fabstitch-keyword-map.csv onto an existing URL. Volume, difficulty, and rank are UNKNOWN.",noindex_target,The URL exists and stays noindex. Do not create a replacement page and do not force this URL into the index.
peach-skin textile,fabric_type,Commercial,/fabrics/peach-skin/,secondary,"Mapped in fabstitch-keyword-map.csv onto an existing URL. Volume, difficulty, and rank are UNKNOWN.",noindex_target,The URL exists and stays noindex. Do not create a replacement page and do not force this URL into the index.
peached french terry,fabric_type,Commercial,/fabrics/french-terry-peached/,secondary,"Mapped in fabstitch-keyword-map.csv onto an existing URL. Volume, difficulty, and rank are UNKNOWN.",noindex_target,The URL exists and stays noindex. Do not create a replacement page and do not force this URL into the index.
peached french terry fabric,fabric_type,Commercial,/fabrics/french-terry-peached/,secondary,"Mapped in fabstitch-keyword-map.csv onto an existing URL. Volume, difficulty, and rank are UNKNOWN.",noindex_target,The URL exists and stays noindex. Do not create a replacement page and do not force this URL into the index.
peached french terry fabric online,fabric_type,Commercial,/fabrics/french-terry-peached/,secondary,"Mapped in fabstitch-keyword-map.csv onto an existing URL. Volume, difficulty, and rank are UNKNOWN.",noindex_target,The URL exists and stays noindex. Do not create a replacement page and do not force this URL into the index.
peached french terry for knitwear,fabric_type,Commercial,/fabrics/french-terry-peached/,secondary,"Mapped in fabstitch-keyword-map.csv onto an existing URL. Volume, difficulty, and rank are UNKNOWN.",noindex_target,The URL exists and stays noindex. Do not create a replacement page and do not force this URL into the index.
peached french terry for layering pieces,fabric_type,Commercial,/fabrics/french-terry-peached/,secondary,"Mapped in fabstitch-keyword-map.csv onto an existing URL. Volume, difficulty, and rank are UNKNOWN.",noindex_target,The URL exists and stays noindex. Do not create a replacement page and do not force this URL into the index.
peached french terry for loungewear,fabric_type,Commercial,/fabrics/french-terry-peached/,secondary,"Mapped in fabstitch-keyword-map.csv onto an existing URL. Volume, difficulty, and rank are UNKNOWN.",noindex_target,The URL exists and stays noindex. Do not create a replacement page and do not force this URL into the index.
peached french terry textile,fabric_type,Commercial,/fabrics/french-terry-peached/,secondary,"Mapped in fabstitch-keyword-map.csv onto an existing URL. Volume, difficulty, and rank are UNKNOWN.",noindex_target,The URL exists and stays noindex. Do not create a replacement page and do not force this URL into the index.
percale long-staple cotton percale,fabric_type,Commercial,/fabrics/long-staple-cotton-percale/,secondary,"Mapped in fabstitch-keyword-map.csv onto an existing URL. Volume, difficulty, and rank are UNKNOWN.",noindex_target,The URL exists and stays noindex. Do not create a replacement page and do not force this URL into the index.
performance upholstery weave,application,Commercial,/fabrics/performance-upholstery-weave/,secondary,"Mapped in fabstitch-keyword-map.csv onto an existing URL. Volume, difficulty, and rank are UNKNOWN.",noindex_target,The URL exists and stays noindex. Do not create a replacement page and do not force this URL into the index.
performance upholstery weave fabric,application,Commercial,/fabrics/performance-upholstery-weave/,secondary,"Mapped in fabstitch-keyword-map.csv onto an existing URL. Volume, difficulty, and rank are UNKNOWN.",noindex_target,The URL exists and stays noindex. Do not create a replacement page and do not force this URL into the index.
performance upholstery weave fabric online,application,Commercial,/fabrics/performance-upholstery-weave/,secondary,"Mapped in fabstitch-keyword-map.csv onto an existing URL. Volume, difficulty, and rank are UNKNOWN.",noindex_target,The URL exists and stays noindex. Do not create a replacement page and do not force this URL into the index.
performance upholstery weave for upholstery,application,Commercial,/fabrics/performance-upholstery-weave/,secondary,"Mapped in fabstitch-keyword-map.csv onto an existing URL. Volume, difficulty, and rank are UNKNOWN.",noindex_target,The URL exists and stays noindex. Do not create a replacement page and do not force this URL into the index.
performance upholstery weave textile,application,Commercial,/fabrics/performance-upholstery-weave/,secondary,"Mapped in fabstitch-keyword-map.csv onto an existing URL. Volume, difficulty, and rank are UNKNOWN.",noindex_target,The URL exists and stays noindex. Do not create a replacement page and do not force this URL into the index.
performance weave performance upholstery weave,application,Commercial,/fabrics/performance-upholstery-weave/,secondary,"Mapped in fabstitch-keyword-map.csv onto an existing URL. Volume, difficulty, and rank are UNKNOWN.",noindex_target,The URL exists and stays noindex. Do not create a replacement page and do not force this URL into the index.
pile recycled pet pile rug,fabric_type,Commercial,/fabrics/recycled-pet-pile-rug/,secondary,"Mapped in fabstitch-keyword-map.csv onto an existing URL. Volume, difficulty, and rank are UNKNOWN.",noindex_target,The URL exists and stays noindex. Do not create a replacement page and do not force this URL into the index.
pima cotton broadcloth,fabric_type,Commercial,/fabrics/pima-cotton-broadcloth/,secondary,"Mapped in fabstitch-keyword-map.csv onto an existing URL. Volume, difficulty, and rank are UNKNOWN.",noindex_target,The URL exists and stays noindex. Do not create a replacement page and do not force this URL into the index.
pima cotton broadcloth fabric,fabric_type,Commercial,/fabrics/pima-cotton-broadcloth/,secondary,"Mapped in fabstitch-keyword-map.csv onto an existing URL. Volume, difficulty, and rank are UNKNOWN.",noindex_target,The URL exists and stays noindex. Do not create a replacement page and do not force this URL into the index.
pima cotton broadcloth fabric online,fabric_type,Commercial,/fabrics/pima-cotton-broadcloth/,secondary,"Mapped in fabstitch-keyword-map.csv onto an existing URL. Volume, difficulty, and rank are UNKNOWN.",noindex_target,The URL exists and stays noindex. Do not create a replacement page and do not force this URL into the index.
pima cotton broadcloth for blouses,fabric_type,Commercial,/fabrics/pima-cotton-broadcloth/,secondary,"Mapped in fabstitch-keyword-map.csv onto an existing URL. Volume, difficulty, and rank are UNKNOWN.",noindex_target,The URL exists and stays noindex. Do not create a replacement page and do not force this URL into the index.
pima cotton broadcloth for shirts,fabric_type,Commercial,/fabrics/pima-cotton-broadcloth/,secondary,"Mapped in fabstitch-keyword-map.csv onto an existing URL. Volume, difficulty, and rank are UNKNOWN.",noindex_target,The URL exists and stays noindex. Do not create a replacement page and do not force this URL into the index.
pima cotton broadcloth for workwear jackets,fabric_type,Commercial,/fabrics/pima-cotton-broadcloth/,secondary,"Mapped in fabstitch-keyword-map.csv onto an existing URL. Volume, difficulty, and rank are UNKNOWN.",noindex_target,The URL exists and stays noindex. Do not create a replacement page and do not force this URL into the index.
pima cotton broadcloth textile,fabric_type,Commercial,/fabrics/pima-cotton-broadcloth/,secondary,"Mapped in fabstitch-keyword-map.csv onto an existing URL. Volume, difficulty, and rank are UNKNOWN.",noindex_target,The URL exists and stays noindex. Do not create a replacement page and do not force this URL into the index.
pima cotton fleece,fabric_type,Commercial,/fabrics/pima-cotton-fleece/,secondary,"Mapped in fabstitch-keyword-map.csv onto an existing URL. Volume, difficulty, and rank are UNKNOWN.",noindex_target,The URL exists and stays noindex. Do not create a replacement page and do not force this URL into the index.
pima cotton fleece fabric,fabric_type,Commercial,/fabrics/pima-cotton-fleece/,secondary,"Mapped in fabstitch-keyword-map.csv onto an existing URL. Volume, difficulty, and rank are UNKNOWN.",noindex_target,The URL exists and stays noindex. Do not create a replacement page and do not force this URL into the index.
pima cotton fleece fabric online,fabric_type,Commercial,/fabrics/pima-cotton-fleece/,secondary,"Mapped in fabstitch-keyword-map.csv onto an existing URL. Volume, difficulty, and rank are UNKNOWN.",noindex_target,The URL exists and stays noindex. Do not create a replacement page and do not force this URL into the index.
pima cotton fleece for knitwear,fabric_type,Commercial,/fabrics/pima-cotton-fleece/,secondary,"Mapped in fabstitch-keyword-map.csv onto an existing URL. Volume, difficulty, and rank are UNKNOWN.",noindex_target,The URL exists and stays noindex. Do not create a replacement page and do not force this URL into the index.
pima cotton fleece for layering pieces,fabric_type,Commercial,/fabrics/pima-cotton-fleece/,secondary,"Mapped in fabstitch-keyword-map.csv onto an existing URL. Volume, difficulty, and rank are UNKNOWN.",noindex_target,The URL exists and stays noindex. Do not create a replacement page and do not force this URL into the index.
pima cotton fleece for loungewear,fabric_type,Commercial,/fabrics/pima-cotton-fleece/,secondary,"Mapped in fabstitch-keyword-map.csv onto an existing URL. Volume, difficulty, and rank are UNKNOWN.",noindex_target,The URL exists and stays noindex. Do not create a replacement page and do not force this URL into the index.
pima cotton fleece textile,fabric_type,Commercial,/fabrics/pima-cotton-fleece/,secondary,"Mapped in fabstitch-keyword-map.csv onto an existing URL. Volume, difficulty, and rank are UNKNOWN.",noindex_target,The URL exists and stays noindex. Do not create a replacement page and do not force this URL into the index.
pima cotton interlock,fabric_type,Commercial,/fabrics/pima-cotton-interlock/,secondary,"Mapped in fabstitch-keyword-map.csv onto an existing URL. Volume, difficulty, and rank are UNKNOWN.",noindex_target,The URL exists and stays noindex. Do not create a replacement page and do not force this URL into the index.
pima cotton interlock fabric,fabric_type,Commercial,/fabrics/pima-cotton-interlock/,secondary,"Mapped in fabstitch-keyword-map.csv onto an existing URL. Volume, difficulty, and rank are UNKNOWN.",noindex_target,The URL exists and stays noindex. Do not create a replacement page and do not force this URL into the index.
pima cotton interlock fabric online,fabric_type,Commercial,/fabrics/pima-cotton-interlock/,secondary,"Mapped in fabstitch-keyword-map.csv onto an existing URL. Volume, difficulty, and rank are UNKNOWN.",noindex_target,The URL exists and stays noindex. Do not create a replacement page and do not force this URL into the index.
pima cotton interlock for baselayers,fabric_type,Commercial,/fabrics/pima-cotton-interlock/,secondary,"Mapped in fabstitch-keyword-map.csv onto an existing URL. Volume, difficulty, and rank are UNKNOWN.",noindex_target,The URL exists and stays noindex. Do not create a replacement page and do not force this URL into the index.
pima cotton interlock for knitwear,fabric_type,Commercial,/fabrics/pima-cotton-interlock/,secondary,"Mapped in fabstitch-keyword-map.csv onto an existing URL. Volume, difficulty, and rank are UNKNOWN.",noindex_target,The URL exists and stays noindex. Do not create a replacement page and do not force this URL into the index.
pima cotton interlock for loungewear,fabric_type,Commercial,/fabrics/pima-cotton-interlock/,secondary,"Mapped in fabstitch-keyword-map.csv onto an existing URL. Volume, difficulty, and rank are UNKNOWN.",noindex_target,The URL exists and stays noindex. Do not create a replacement page and do not force this URL into the index.
pima cotton interlock textile,fabric_type,Commercial,/fabrics/pima-cotton-interlock/,secondary,"Mapped in fabstitch-keyword-map.csv onto an existing URL. Volume, difficulty, and rank are UNKNOWN.",noindex_target,The URL exists and stays noindex. Do not create a replacement page and do not force this URL into the index.
pima cotton jersey,fabric_type,Commercial,/fabrics/pima-cotton-jersey/,secondary,"Mapped in fabstitch-keyword-map.csv onto an existing URL. Volume, difficulty, and rank are UNKNOWN.",noindex_target,The URL exists and stays noindex. Do not create a replacement page and do not force this URL into the index.
pima cotton jersey fabric,fabric_type,Commercial,/fabrics/pima-cotton-jersey/,secondary,"Mapped in fabstitch-keyword-map.csv onto an existing URL. Volume, difficulty, and rank are UNKNOWN.",noindex_target,The URL exists and stays noindex. Do not create a replacement page and do not force this URL into the index.
pima cotton jersey fabric online,fabric_type,Commercial,/fabrics/pima-cotton-jersey/,secondary,"Mapped in fabstitch-keyword-map.csv onto an existing URL. Volume, difficulty, and rank are UNKNOWN.",noindex_target,The URL exists and stays noindex. Do not create a replacement page and do not force this URL into the index.
pima cotton jersey for baselayers,fabric_type,Commercial,/fabrics/pima-cotton-jersey/,secondary,"Mapped in fabstitch-keyword-map.csv onto an existing URL. Volume, difficulty, and rank are UNKNOWN.",noindex_target,The URL exists and stays noindex. Do not create a replacement page and do not force this URL into the index.
pima cotton jersey for knitwear,fabric_type,Commercial,/fabrics/pima-cotton-jersey/,secondary,"Mapped in fabstitch-keyword-map.csv onto an existing URL. Volume, difficulty, and rank are UNKNOWN.",noindex_target,The URL exists and stays noindex. Do not create a replacement page and do not force this URL into the index.
pima cotton jersey textile,fabric_type,Commercial,/fabrics/pima-cotton-jersey/,secondary,"Mapped in fabstitch-keyword-map.csv onto an existing URL. Volume, difficulty, and rank are UNKNOWN.",noindex_target,The URL exists and stays noindex. Do not create a replacement page and do not force this URL into the index.
pima cotton poplin,fabric_type,Commercial,/fabrics/pima-cotton-poplin/,secondary,"Mapped in fabstitch-keyword-map.csv onto an existing URL. Volume, difficulty, and rank are UNKNOWN.",noindex_target,The URL exists and stays noindex. Do not create a replacement page and do not force this URL into the index.
pima cotton poplin fabric,fabric_type,Commercial,/fabrics/pima-cotton-poplin/,secondary,"Mapped in fabstitch-keyword-map.csv onto an existing URL. Volume, difficulty, and rank are UNKNOWN.",noindex_target,The URL exists and stays noindex. Do not create a replacement page and do not force this URL into the index.
pima cotton poplin fabric online,fabric_type,Commercial,/fabrics/pima-cotton-poplin/,secondary,"Mapped in fabstitch-keyword-map.csv onto an existing URL. Volume, difficulty, and rank are UNKNOWN.",noindex_target,The URL exists and stays noindex. Do not create a replacement page and do not force this URL into the index.
pima cotton poplin for blouses,fabric_type,Commercial,/fabrics/pima-cotton-poplin/,secondary,"Mapped in fabstitch-keyword-map.csv onto an existing URL. Volume, difficulty, and rank are UNKNOWN.",noindex_target,The URL exists and stays noindex. Do not create a replacement page and do not force this URL into the index.
pima cotton poplin for dresses,fabric_type,Commercial,/fabrics/pima-cotton-poplin/,secondary,"Mapped in fabstitch-keyword-map.csv onto an existing URL. Volume, difficulty, and rank are UNKNOWN.",noindex_target,The URL exists and stays noindex. Do not create a replacement page and do not force this URL into the index.
pima cotton poplin for shirts,fabric_type,Commercial,/fabrics/pima-cotton-poplin/,secondary,"Mapped in fabstitch-keyword-map.csv onto an existing URL. Volume, difficulty, and rank are UNKNOWN.",noindex_target,The URL exists and stays noindex. Do not create a replacement page and do not force this URL into the index.
pima cotton poplin textile,fabric_type,Commercial,/fabrics/pima-cotton-poplin/,secondary,"Mapped in fabstitch-keyword-map.csv onto an existing URL. Volume, difficulty, and rank are UNKNOWN.",noindex_target,The URL exists and stays noindex. Do not create a replacement page and do not force this URL into the index.
pima cotton rib,fabric_type,Commercial,/fabrics/pima-cotton-rib/,secondary,"Mapped in fabstitch-keyword-map.csv onto an existing URL. Volume, difficulty, and rank are UNKNOWN.",noindex_target,The URL exists and stays noindex. Do not create a replacement page and do not force this URL into the index.
pima cotton rib fabric,fabric_type,Commercial,/fabrics/pima-cotton-rib/,secondary,"Mapped in fabstitch-keyword-map.csv onto an existing URL. Volume, difficulty, and rank are UNKNOWN.",noindex_target,The URL exists and stays noindex. Do not create a replacement page and do not force this URL into the index.
pima cotton rib fabric online,fabric_type,Commercial,/fabrics/pima-cotton-rib/,secondary,"Mapped in fabstitch-keyword-map.csv onto an existing URL. Volume, difficulty, and rank are UNKNOWN.",noindex_target,The URL exists and stays noindex. Do not create a replacement page and do not force this URL into the index.
pima cotton rib for baselayers,fabric_type,Commercial,/fabrics/pima-cotton-rib/,secondary,"Mapped in fabstitch-keyword-map.csv onto an existing URL. Volume, difficulty, and rank are UNKNOWN.",noindex_target,The URL exists and stays noindex. Do not create a replacement page and do not force this URL into the index.
pima cotton rib for knitwear,fabric_type,Commercial,/fabrics/pima-cotton-rib/,secondary,"Mapped in fabstitch-keyword-map.csv onto an existing URL. Volume, difficulty, and rank are UNKNOWN.",noindex_target,The URL exists and stays noindex. Do not create a replacement page and do not force this URL into the index.
pima cotton rib for loungewear,fabric_type,Commercial,/fabrics/pima-cotton-rib/,secondary,"Mapped in fabstitch-keyword-map.csv onto an existing URL. Volume, difficulty, and rank are UNKNOWN.",noindex_target,The URL exists and stays noindex. Do not create a replacement page and do not force this URL into the index.
pima cotton rib textile,fabric_type,Commercial,/fabrics/pima-cotton-rib/,secondary,"Mapped in fabstitch-keyword-map.csv onto an existing URL. Volume, difficulty, and rank are UNKNOWN.",noindex_target,The URL exists and stays noindex. Do not create a replacement page and do not force this URL into the index.
pima cotton sateen,fabric_type,Commercial,/fabrics/pima-cotton-sateen/,secondary,"Mapped in fabstitch-keyword-map.csv onto an existing URL. Volume, difficulty, and rank are UNKNOWN.",noindex_target,The URL exists and stays noindex. Do not create a replacement page and do not force this URL into the index.
pima cotton sateen fabric,fabric_type,Commercial,/fabrics/pima-cotton-sateen/,secondary,"Mapped in fabstitch-keyword-map.csv onto an existing URL. Volume, difficulty, and rank are UNKNOWN.",noindex_target,The URL exists and stays noindex. Do not create a replacement page and do not force this URL into the index.
pima cotton sateen fabric online,fabric_type,Commercial,/fabrics/pima-cotton-sateen/,secondary,"Mapped in fabstitch-keyword-map.csv onto an existing URL. Volume, difficulty, and rank are UNKNOWN.",noindex_target,The URL exists and stays noindex. Do not create a replacement page and do not force this URL into the index.
pima cotton sateen for blouses,fabric_type,Commercial,/fabrics/pima-cotton-sateen/,secondary,"Mapped in fabstitch-keyword-map.csv onto an existing URL. Volume, difficulty, and rank are UNKNOWN.",noindex_target,The URL exists and stays noindex. Do not create a replacement page and do not force this URL into the index.
pima cotton sateen for dresses,fabric_type,Commercial,/fabrics/pima-cotton-sateen/,secondary,"Mapped in fabstitch-keyword-map.csv onto an existing URL. Volume, difficulty, and rank are UNKNOWN.",noindex_target,The URL exists and stays noindex. Do not create a replacement page and do not force this URL into the index.
pima cotton sateen for linings,fabric_type,Commercial,/fabrics/pima-cotton-sateen/,secondary,"Mapped in fabstitch-keyword-map.csv onto an existing URL. Volume, difficulty, and rank are UNKNOWN.",noindex_target,The URL exists and stays noindex. Do not create a replacement page and do not force this URL into the index.
pima cotton sateen textile,fabric_type,Commercial,/fabrics/pima-cotton-sateen/,secondary,"Mapped in fabstitch-keyword-map.csv onto an existing URL. Volume, difficulty, and rank are UNKNOWN.",noindex_target,The URL exists and stays noindex. Do not create a replacement page and do not force this URL into the index.
pima cotton voile,fabric_type,Commercial,/fabrics/pima-cotton-voile/,secondary,"Mapped in fabstitch-keyword-map.csv onto an existing URL. Volume, difficulty, and rank are UNKNOWN.",noindex_target,The URL exists and stays noindex. Do not create a replacement page and do not force this URL into the index.
pima cotton voile fabric,fabric_type,Commercial,/fabrics/pima-cotton-voile/,secondary,"Mapped in fabstitch-keyword-map.csv onto an existing URL. Volume, difficulty, and rank are UNKNOWN.",noindex_target,The URL exists and stays noindex. Do not create a replacement page and do not force this URL into the index.
pima cotton voile fabric online,fabric_type,Commercial,/fabrics/pima-cotton-voile/,secondary,"Mapped in fabstitch-keyword-map.csv onto an existing URL. Volume, difficulty, and rank are UNKNOWN.",noindex_target,The URL exists and stays noindex. Do not create a replacement page and do not force this URL into the index.
pima cotton voile for blouses,fabric_type,Commercial,/fabrics/pima-cotton-voile/,secondary,"Mapped in fabstitch-keyword-map.csv onto an existing URL. Volume, difficulty, and rank are UNKNOWN.",noindex_target,The URL exists and stays noindex. Do not create a replacement page and do not force this URL into the index.
pima cotton voile for dresses,fabric_type,Commercial,/fabrics/pima-cotton-voile/,secondary,"Mapped in fabstitch-keyword-map.csv onto an existing URL. Volume, difficulty, and rank are UNKNOWN.",noindex_target,The URL exists and stays noindex. Do not create a replacement page and do not force this URL into the index.
pima cotton voile for overlays,fabric_type,Commercial,/fabrics/pima-cotton-voile/,secondary,"Mapped in fabstitch-keyword-map.csv onto an existing URL. Volume, difficulty, and rank are UNKNOWN.",noindex_target,The URL exists and stays noindex. Do not create a replacement page and do not force this URL into the index.
pima cotton voile textile,fabric_type,Commercial,/fabrics/pima-cotton-voile/,secondary,"Mapped in fabstitch-keyword-map.csv onto an existing URL. Volume, difficulty, and rank are UNKNOWN.",noindex_target,The URL exists and stays noindex. Do not create a replacement page and do not force this URL into the index.
pinpoint oxford cotton,fabric_type,Commercial,/fabrics/pinpoint-oxford-cotton/,secondary,"Mapped in fabstitch-keyword-map.csv onto an existing URL. Volume, difficulty, and rank are UNKNOWN.",noindex_target,The URL exists and stays noindex. Do not create a replacement page and do not force this URL into the index.
pinpoint oxford cotton fabric,fabric_type,Commercial,/fabrics/pinpoint-oxford-cotton/,secondary,"Mapped in fabstitch-keyword-map.csv onto an existing URL. Volume, difficulty, and rank are UNKNOWN.",noindex_target,The URL exists and stays noindex. Do not create a replacement page and do not force this URL into the index.
pinpoint oxford cotton fabric online,fabric_type,Commercial,/fabrics/pinpoint-oxford-cotton/,secondary,"Mapped in fabstitch-keyword-map.csv onto an existing URL. Volume, difficulty, and rank are UNKNOWN.",noindex_target,The URL exists and stays noindex. Do not create a replacement page and do not force this URL into the index.
pinpoint oxford cotton for blouses,fabric_type,Commercial,/fabrics/pinpoint-oxford-cotton/,secondary,"Mapped in fabstitch-keyword-map.csv onto an existing URL. Volume, difficulty, and rank are UNKNOWN.",noindex_target,The URL exists and stays noindex. Do not create a replacement page and do not force this URL into the index.
pinpoint oxford cotton for shirts,fabric_type,Commercial,/fabrics/pinpoint-oxford-cotton/,secondary,"Mapped in fabstitch-keyword-map.csv onto an existing URL. Volume, difficulty, and rank are UNKNOWN.",noindex_target,The URL exists and stays noindex. Do not create a replacement page and do not force this URL into the index.
pinpoint oxford cotton for workwear jackets,fabric_type,Commercial,/fabrics/pinpoint-oxford-cotton/,secondary,"Mapped in fabstitch-keyword-map.csv onto an existing URL. Volume, difficulty, and rank are UNKNOWN.",noindex_target,The URL exists and stays noindex. Do not create a replacement page and do not force this URL into the index.
pinpoint oxford cotton textile,fabric_type,Commercial,/fabrics/pinpoint-oxford-cotton/,secondary,"Mapped in fabstitch-keyword-map.csv onto an existing URL. Volume, difficulty, and rank are UNKNOWN.",noindex_target,The URL exists and stays noindex. Do not create a replacement page and do not force this URL into the index.
piqué knit classic cotton piqué,fabric_type,Commercial,/fabrics/classic-cotton-pique/,secondary,"Mapped in fabstitch-keyword-map.csv onto an existing URL. Volume, difficulty, and rank are UNKNOWN.",noindex_target,The URL exists and stays noindex. Do not create a replacement page and do not force this URL into the index.
piqué knit cotton-rich piqué,fabric_type,Commercial,/fabrics/cotton-rich-pique/,secondary,"Mapped in fabstitch-keyword-map.csv onto an existing URL. Volume, difficulty, and rank are UNKNOWN.",noindex_target,The URL exists and stays noindex. Do not create a replacement page and do not force this URL into the index.
piqué knit mercerized cotton piqué,fabric_type,Commercial,/fabrics/mercerized-cotton-pique/,secondary,"Mapped in fabstitch-keyword-map.csv onto an existing URL. Volume, difficulty, and rank are UNKNOWN.",noindex_target,The URL exists and stays noindex. Do not create a replacement page and do not force this URL into the index.
piqué knit organic cotton piqué,fabric_type,Commercial,/fabrics/organic-cotton-pique/,secondary,"Mapped in fabstitch-keyword-map.csv onto an existing URL. Volume, difficulty, and rank are UNKNOWN.",noindex_target,The URL exists and stays noindex. Do not create a replacement page and do not force this URL into the index.
piqué knit stretch cotton piqué,performance,Commercial,/fabrics/stretch-cotton-pique/,secondary,"Mapped in fabstitch-keyword-map.csv onto an existing URL. Volume, difficulty, and rank are UNKNOWN.",noindex_target,The URL exists and stays noindex. Do not create a replacement page and do not force this URL into the index.
piqué retro sportif knit,fabric_type,Commercial,/fabrics/retro-sportif-knit/,secondary,"Mapped in fabstitch-keyword-map.csv onto an existing URL. Volume, difficulty, and rank are UNKNOWN.",noindex_target,The URL exists and stays noindex. Do not create a replacement page and do not force this URL into the index.
plain canvas weave wool hemp canvas blend,fabric_type,Commercial,/fabrics/wool-hemp-canvas/,secondary,"Mapped in fabstitch-keyword-map.csv onto an existing URL. Volume, difficulty, and rank are UNKNOWN.",noindex_target,The URL exists and stays noindex. Do not create a replacement page and do not force this URL into the index.
plain suiting weave wool polyester suiting blend,fabric_type,Commercial,/fabrics/wool-polyester-suiting/,secondary,"Mapped in fabstitch-keyword-map.csv onto an existing URL. Volume, difficulty, and rank are UNKNOWN.",noindex_target,The URL exists and stays noindex. Do not create a replacement page and do not force this URL into the index.
plain weave brushed tencel,fabric_type,Commercial,/fabrics/tencel-brushed/,secondary,"Mapped in fabstitch-keyword-map.csv onto an existing URL. Volume, difficulty, and rank are UNKNOWN.",noindex_target,The URL exists and stays noindex. Do not create a replacement page and do not force this URL into the index.
plain weave egyptian cotton flannel,fabric_type,Commercial,/fabrics/egyptian-cotton-flannel/,secondary,"Mapped in fabstitch-keyword-map.csv onto an existing URL. Volume, difficulty, and rank are UNKNOWN.",noindex_target,The URL exists and stays noindex. Do not create a replacement page and do not force this URL into the index.
plain weave matte chiffon,fabric_type,Commercial,/fabrics/matte-chiffon/,secondary,"Mapped in fabstitch-keyword-map.csv onto an existing URL. Volume, difficulty, and rank are UNKNOWN.",noindex_target,The URL exists and stays noindex. Do not create a replacement page and do not force this URL into the index.
plain weave polyester chiffon,fabric_type,Commercial,/fabrics/polyester-chiffon/,secondary,"Mapped in fabstitch-keyword-map.csv onto an existing URL. Volume, difficulty, and rank are UNKNOWN.",noindex_target,The URL exists and stays noindex. Do not create a replacement page and do not force this URL into the index.
plain weave printed chiffon,fabric_type,Commercial,/fabrics/printed-chiffon/,secondary,"Mapped in fabstitch-keyword-map.csv onto an existing URL. Volume, difficulty, and rank are UNKNOWN.",noindex_target,The URL exists and stays noindex. Do not create a replacement page and do not force this URL into the index.
plain weave recycled polyester chiffon,fabric_type,Commercial,/fabrics/recycled-polyester-chiffon/,secondary,"Mapped in fabstitch-keyword-map.csv onto an existing URL. Volume, difficulty, and rank are UNKNOWN.",noindex_target,The URL exists and stays noindex. Do not create a replacement page and do not force this URL into the index.
plain weave silk broadcloth,fabric_type,Commercial,/fabrics/silk-broadcloth/,secondary,"Mapped in fabstitch-keyword-map.csv onto an existing URL. Volume, difficulty, and rank are UNKNOWN.",noindex_target,The URL exists and stays noindex. Do not create a replacement page and do not force this URL into the index.
plain weave silk noil,fabric_type,Commercial,/fabrics/silk-noil/,secondary,"Mapped in fabstitch-keyword-map.csv onto an existing URL. Volume, difficulty, and rank are UNKNOWN.",noindex_target,The URL exists and stays noindex. Do not create a replacement page and do not force this URL into the index.
plain weave silk taffeta,fabric_type,Commercial,/fabrics/silk-taffeta/,secondary,"Mapped in fabstitch-keyword-map.csv onto an existing URL. Volume, difficulty, and rank are UNKNOWN.",noindex_target,The URL exists and stays noindex. Do not create a replacement page and do not force this URL into the index.
plain weave silk tussar,fabric_type,Commercial,/fabrics/silk-tussar/,secondary,"Mapped in fabstitch-keyword-map.csv onto an existing URL. Volume, difficulty, and rank are UNKNOWN.",noindex_target,The URL exists and stays noindex. Do not create a replacement page and do not force this URL into the index.
plain weave stretch chiffon,performance,Commercial,/fabrics/stretch-chiffon/,secondary,"Mapped in fabstitch-keyword-map.csv onto an existing URL. Volume, difficulty, and rank are UNKNOWN.",noindex_target,The URL exists and stays noindex. Do not create a replacement page and do not force this URL into the index.
plain weave tencel linen blend,fabric_type,Commercial,/fabrics/tencel-linen-blend/,secondary,"Mapped in fabstitch-keyword-map.csv onto an existing URL. Volume, difficulty, and rank are UNKNOWN.",noindex_target,The URL exists and stays noindex. Do not create a replacement page and do not force this URL into the index.
plain weave tencel plain weave,fabric_type,Commercial,/fabrics/tencel-plain-weave/,secondary,"Mapped in fabstitch-keyword-map.csv onto an existing URL. Volume, difficulty, and rank are UNKNOWN.",noindex_target,The URL exists and stays noindex. Do not create a replacement page and do not force this URL into the index.
plain weave wool alpaca brushed blend,fabric_type,Commercial,/fabrics/wool-alpaca-brushed/,secondary,"Mapped in fabstitch-keyword-map.csv onto an existing URL. Volume, difficulty, and rank are UNKNOWN.",noindex_target,The URL exists and stays noindex. Do not create a replacement page and do not force this URL into the index.
poly-nylon microfibre suede-effect woven,fabric_type,Commercial,/fabrics/suede-effect-woven/,secondary,"Mapped in fabstitch-keyword-map.csv onto an existing URL. Volume, difficulty, and rank are UNKNOWN.",noindex_target,The URL exists and stays noindex. Do not create a replacement page and do not force this URL into the index.
polyester and elastane stretch chiffon,performance,Commercial,/fabrics/stretch-chiffon/,secondary,"Mapped in fabstitch-keyword-map.csv onto an existing URL. Volume, difficulty, and rank are UNKNOWN.",noindex_target,The URL exists and stays noindex. Do not create a replacement page and do not force this URL into the index.
polyester chiffon,fabric_type,Commercial,/fabrics/polyester-chiffon/,secondary,"Mapped in fabstitch-keyword-map.csv onto an existing URL. Volume, difficulty, and rank are UNKNOWN.",noindex_target,The URL exists and stays noindex. Do not create a replacement page and do not force this URL into the index.
polyester chiffon fabric,fabric_type,Commercial,/fabrics/polyester-chiffon/,secondary,"Mapped in fabstitch-keyword-map.csv onto an existing URL. Volume, difficulty, and rank are UNKNOWN.",noindex_target,The URL exists and stays noindex. Do not create a replacement page and do not force this URL into the index.
polyester chiffon fabric online,fabric_type,Commercial,/fabrics/polyester-chiffon/,secondary,"Mapped in fabstitch-keyword-map.csv onto an existing URL. Volume, difficulty, and rank are UNKNOWN.",noindex_target,The URL exists and stays noindex. Do not create a replacement page and do not force this URL into the index.
polyester chiffon for blouses,fabric_type,Commercial,/fabrics/polyester-chiffon/,secondary,"Mapped in fabstitch-keyword-map.csv onto an existing URL. Volume, difficulty, and rank are UNKNOWN.",noindex_target,The URL exists and stays noindex. Do not create a replacement page and do not force this URL into the index.
polyester chiffon for overlays,fabric_type,Commercial,/fabrics/polyester-chiffon/,secondary,"Mapped in fabstitch-keyword-map.csv onto an existing URL. Volume, difficulty, and rank are UNKNOWN.",noindex_target,The URL exists and stays noindex. Do not create a replacement page and do not force this URL into the index.
polyester chiffon for scarves,fabric_type,Commercial,/fabrics/polyester-chiffon/,secondary,"Mapped in fabstitch-keyword-map.csv onto an existing URL. Volume, difficulty, and rank are UNKNOWN.",noindex_target,The URL exists and stays noindex. Do not create a replacement page and do not force this URL into the index.
polyester chiffon textile,fabric_type,Commercial,/fabrics/polyester-chiffon/,secondary,"Mapped in fabstitch-keyword-map.csv onto an existing URL. Volume, difficulty, and rank are UNKNOWN.",noindex_target,The URL exists and stays noindex. Do not create a replacement page and do not force this URL into the index.
polyester crinkle chiffon,fabric_type,Commercial,/fabrics/crinkle-chiffon/,secondary,"Mapped in fabstitch-keyword-map.csv onto an existing URL. Volume, difficulty, and rank are UNKNOWN.",noindex_target,The URL exists and stays noindex. Do not create a replacement page and do not force this URL into the index.
polyester double-layer chiffon,fabric_type,Commercial,/fabrics/double-layer-chiffon/,secondary,"Mapped in fabstitch-keyword-map.csv onto an existing URL. Volume, difficulty, and rank are UNKNOWN.",noindex_target,The URL exists and stays noindex. Do not create a replacement page and do not force this URL into the index.
polyester inherently fr polyester,fabric_type,Commercial,/fabrics/inherently-fr-polyester/,secondary,"Mapped in fabstitch-keyword-map.csv onto an existing URL. Volume, difficulty, and rank are UNKNOWN.",noindex_target,The URL exists and stays noindex. Do not create a replacement page and do not force this URL into the index.
polyester matte chiffon,fabric_type,Commercial,/fabrics/matte-chiffon/,secondary,"Mapped in fabstitch-keyword-map.csv onto an existing URL. Volume, difficulty, and rank are UNKNOWN.",noindex_target,The URL exists and stays noindex. Do not create a replacement page and do not force this URL into the index.
polyester printed chiffon,fabric_type,Commercial,/fabrics/printed-chiffon/,secondary,"Mapped in fabstitch-keyword-map.csv onto an existing URL. Volume, difficulty, and rank are UNKNOWN.",noindex_target,The URL exists and stays noindex. Do not create a replacement page and do not force this URL into the index.
ponte double knit brushed ponte,fabric_type,Commercial,/fabrics/ponte-brushed/,secondary,"Mapped in fabstitch-keyword-map.csv onto an existing URL. Volume, difficulty, and rank are UNKNOWN.",noindex_target,The URL exists and stays noindex. Do not create a replacement page and do not force this URL into the index.
ponte double knit cotton rayon ponte,fabric_type,Commercial,/fabrics/ponte-cotton-rayon/,secondary,"Mapped in fabstitch-keyword-map.csv onto an existing URL. Volume, difficulty, and rank are UNKNOWN.",noindex_target,The URL exists and stays noindex. Do not create a replacement page and do not force this URL into the index.
ponte double knit matte ponte,fabric_type,Commercial,/fabrics/ponte-matte/,secondary,"Mapped in fabstitch-keyword-map.csv onto an existing URL. Volume, difficulty, and rank are UNKNOWN.",noindex_target,The URL exists and stays noindex. Do not create a replacement page and do not force this URL into the index.
ponte double knit rayon nylon ponte,fabric_type,Commercial,/fabrics/ponte-rayon-nylon/,secondary,"Mapped in fabstitch-keyword-map.csv onto an existing URL. Volume, difficulty, and rank are UNKNOWN.",noindex_target,The URL exists and stays noindex. Do not create a replacement page and do not force this URL into the index.
ponte double knit ribbed ponte,fabric_type,Commercial,/fabrics/ponte-ribbed/,secondary,"Mapped in fabstitch-keyword-map.csv onto an existing URL. Volume, difficulty, and rank are UNKNOWN.",noindex_target,The URL exists and stays noindex. Do not create a replacement page and do not force this URL into the index.
ponte double knit travel ponte,fabric_type,Commercial,/fabrics/ponte-travel/,secondary,"Mapped in fabstitch-keyword-map.csv onto an existing URL. Volume, difficulty, and rank are UNKNOWN.",noindex_target,The URL exists and stays noindex. Do not create a replacement page and do not force this URL into the index.
poplin plain weave tencel cotton poplin,fabric_type,Commercial,/fabrics/tencel-cotton-poplin/,secondary,"Mapped in fabstitch-keyword-map.csv onto an existing URL. Volume, difficulty, and rank are UNKNOWN.",noindex_target,The URL exists and stays noindex. Do not create a replacement page and do not force this URL into the index.
premium-weight denim,fabric_type,Commercial,/fabrics/premium-weight-denim/,secondary,"Mapped in fabstitch-keyword-map.csv onto an existing URL. Volume, difficulty, and rank are UNKNOWN.",noindex_target,The URL exists and stays noindex. Do not create a replacement page and do not force this URL into the index.
premium-weight denim fabric,fabric_type,Commercial,/fabrics/premium-weight-denim/,secondary,"Mapped in fabstitch-keyword-map.csv onto an existing URL. Volume, difficulty, and rank are UNKNOWN.",noindex_target,The URL exists and stays noindex. Do not create a replacement page and do not force this URL into the index.
premium-weight denim fabric online,fabric_type,Commercial,/fabrics/premium-weight-denim/,secondary,"Mapped in fabstitch-keyword-map.csv onto an existing URL. Volume, difficulty, and rank are UNKNOWN.",noindex_target,The URL exists and stays noindex. Do not create a replacement page and do not force this URL into the index.
premium-weight denim textile,fabric_type,Commercial,/fabrics/premium-weight-denim/,secondary,"Mapped in fabstitch-keyword-map.csv onto an existing URL. Volume, difficulty, and rank are UNKNOWN.",noindex_target,The URL exists and stays noindex. Do not create a replacement page and do not force this URL into the index.
printed chiffon,fabric_type,Commercial,/fabrics/printed-chiffon/,secondary,"Mapped in fabstitch-keyword-map.csv onto an existing URL. Volume, difficulty, and rank are UNKNOWN.",noindex_target,The URL exists and stays noindex. Do not create a replacement page and do not force this URL into the index.
printed chiffon fabric,fabric_type,Commercial,/fabrics/printed-chiffon/,secondary,"Mapped in fabstitch-keyword-map.csv onto an existing URL. Volume, difficulty, and rank are UNKNOWN.",noindex_target,The URL exists and stays noindex. Do not create a replacement page and do not force this URL into the index.
printed chiffon fabric online,fabric_type,Commercial,/fabrics/printed-chiffon/,secondary,"Mapped in fabstitch-keyword-map.csv onto an existing URL. Volume, difficulty, and rank are UNKNOWN.",noindex_target,The URL exists and stays noindex. Do not create a replacement page and do not force this URL into the index.
printed chiffon for blouses,fabric_type,Commercial,/fabrics/printed-chiffon/,secondary,"Mapped in fabstitch-keyword-map.csv onto an existing URL. Volume, difficulty, and rank are UNKNOWN.",noindex_target,The URL exists and stays noindex. Do not create a replacement page and do not force this URL into the index.
printed chiffon for dresses,fabric_type,Commercial,/fabrics/printed-chiffon/,secondary,"Mapped in fabstitch-keyword-map.csv onto an existing URL. Volume, difficulty, and rank are UNKNOWN.",noindex_target,The URL exists and stays noindex. Do not create a replacement page and do not force this URL into the index.
printed chiffon for scarves,fabric_type,Commercial,/fabrics/printed-chiffon/,secondary,"Mapped in fabstitch-keyword-map.csv onto an existing URL. Volume, difficulty, and rank are UNKNOWN.",noindex_target,The URL exists and stays noindex. Do not create a replacement page and do not force this URL into the index.
printed chiffon textile,fabric_type,Commercial,/fabrics/printed-chiffon/,secondary,"Mapped in fabstitch-keyword-map.csv onto an existing URL. Volume, difficulty, and rank are UNKNOWN.",noindex_target,The URL exists and stays noindex. Do not create a replacement page and do not force this URL into the index.
printed cotton lawn,fabric_type,Commercial,/fabrics/printed-cotton-lawn/,secondary,"Mapped in fabstitch-keyword-map.csv onto an existing URL. Volume, difficulty, and rank are UNKNOWN.",noindex_target,The URL exists and stays noindex. Do not create a replacement page and do not force this URL into the index.
printed cotton lawn fabric,fabric_type,Commercial,/fabrics/printed-cotton-lawn/,secondary,"Mapped in fabstitch-keyword-map.csv onto an existing URL. Volume, difficulty, and rank are UNKNOWN.",noindex_target,The URL exists and stays noindex. Do not create a replacement page and do not force this URL into the index.
printed cotton lawn fabric online,fabric_type,Commercial,/fabrics/printed-cotton-lawn/,secondary,"Mapped in fabstitch-keyword-map.csv onto an existing URL. Volume, difficulty, and rank are UNKNOWN.",noindex_target,The URL exists and stays noindex. Do not create a replacement page and do not force this URL into the index.
printed cotton lawn for blouses,fabric_type,Commercial,/fabrics/printed-cotton-lawn/,secondary,"Mapped in fabstitch-keyword-map.csv onto an existing URL. Volume, difficulty, and rank are UNKNOWN.",noindex_target,The URL exists and stays noindex. Do not create a replacement page and do not force this URL into the index.
printed cotton lawn for dresses,fabric_type,Commercial,/fabrics/printed-cotton-lawn/,secondary,"Mapped in fabstitch-keyword-map.csv onto an existing URL. Volume, difficulty, and rank are UNKNOWN.",noindex_target,The URL exists and stays noindex. Do not create a replacement page and do not force this URL into the index.
printed cotton lawn for shirts,fabric_type,Commercial,/fabrics/printed-cotton-lawn/,secondary,"Mapped in fabstitch-keyword-map.csv onto an existing URL. Volume, difficulty, and rank are UNKNOWN.",noindex_target,The URL exists and stays noindex. Do not create a replacement page and do not force this URL into the index.
printed cotton lawn textile,fabric_type,Commercial,/fabrics/printed-cotton-lawn/,secondary,"Mapped in fabstitch-keyword-map.csv onto an existing URL. Volume, difficulty, and rank are UNKNOWN.",noindex_target,The URL exists and stays noindex. Do not create a replacement page and do not force this URL into the index.
puckered plain weave egyptian cotton seersucker,fabric_type,Commercial,/fabrics/egyptian-cotton-seersucker/,secondary,"Mapped in fabstitch-keyword-map.csv onto an existing URL. Volume, difficulty, and rank are UNKNOWN.",noindex_target,The URL exists and stays noindex. Do not create a replacement page and do not force this URL into the index.
raised nap brushed flannel,fabric_type,Commercial,/fabrics/brushed-flannel/,secondary,"Mapped in fabstitch-keyword-map.csv onto an existing URL. Volume, difficulty, and rank are UNKNOWN.",noindex_target,The URL exists and stays noindex. Do not create a replacement page and do not force this URL into the index.
rayon nylon ponte,fabric_type,Commercial,/fabrics/ponte-rayon-nylon/,secondary,"Mapped in fabstitch-keyword-map.csv onto an existing URL. Volume, difficulty, and rank are UNKNOWN.",noindex_target,The URL exists and stays noindex. Do not create a replacement page and do not force this URL into the index.
rayon nylon ponte fabric,fabric_type,Commercial,/fabrics/ponte-rayon-nylon/,secondary,"Mapped in fabstitch-keyword-map.csv onto an existing URL. Volume, difficulty, and rank are UNKNOWN.",noindex_target,The URL exists and stays noindex. Do not create a replacement page and do not force this URL into the index.
rayon nylon ponte fabric online,fabric_type,Commercial,/fabrics/ponte-rayon-nylon/,secondary,"Mapped in fabstitch-keyword-map.csv onto an existing URL. Volume, difficulty, and rank are UNKNOWN.",noindex_target,The URL exists and stays noindex. Do not create a replacement page and do not force this URL into the index.
rayon nylon ponte for dresses,fabric_type,Commercial,/fabrics/ponte-rayon-nylon/,secondary,"Mapped in fabstitch-keyword-map.csv onto an existing URL. Volume, difficulty, and rank are UNKNOWN.",noindex_target,The URL exists and stays noindex. Do not create a replacement page and do not force this URL into the index.
rayon nylon ponte for soft tailoring,fabric_type,Commercial,/fabrics/ponte-rayon-nylon/,secondary,"Mapped in fabstitch-keyword-map.csv onto an existing URL. Volume, difficulty, and rank are UNKNOWN.",noindex_target,The URL exists and stays noindex. Do not create a replacement page and do not force this URL into the index.
rayon nylon ponte for trousers,fabric_type,Commercial,/fabrics/ponte-rayon-nylon/,secondary,"Mapped in fabstitch-keyword-map.csv onto an existing URL. Volume, difficulty, and rank are UNKNOWN.",noindex_target,The URL exists and stays noindex. Do not create a replacement page and do not force this URL into the index.
rayon nylon ponte textile,fabric_type,Commercial,/fabrics/ponte-rayon-nylon/,secondary,"Mapped in fabstitch-keyword-map.csv onto an existing URL. Volume, difficulty, and rank are UNKNOWN.",noindex_target,The URL exists and stays noindex. Do not create a replacement page and do not force this URL into the index.
real leather,fabric_type,Commercial,/fabrics/real-leather/,secondary,"Mapped in fabstitch-keyword-map.csv onto an existing URL. Volume, difficulty, and rank are UNKNOWN.",noindex_target,The URL exists and stays noindex. Do not create a replacement page and do not force this URL into the index.
real leather fabric,fabric_type,Commercial,/fabrics/real-leather/,secondary,"Mapped in fabstitch-keyword-map.csv onto an existing URL. Volume, difficulty, and rank are UNKNOWN.",noindex_target,The URL exists and stays noindex. Do not create a replacement page and do not force this URL into the index.
real leather fabric online,fabric_type,Commercial,/fabrics/real-leather/,secondary,"Mapped in fabstitch-keyword-map.csv onto an existing URL. Volume, difficulty, and rank are UNKNOWN.",noindex_target,The URL exists and stays noindex. Do not create a replacement page and do not force this URL into the index.
real leather textile,fabric_type,Commercial,/fabrics/real-leather/,secondary,"Mapped in fabstitch-keyword-map.csv onto an existing URL. Volume, difficulty, and rank are UNKNOWN.",noindex_target,The URL exists and stays noindex. Do not create a replacement page and do not force this URL into the index.
real suede,fabric_type,Commercial,/fabrics/real-suede/,secondary,"Mapped in fabstitch-keyword-map.csv onto an existing URL. Volume, difficulty, and rank are UNKNOWN.",noindex_target,The URL exists and stays noindex. Do not create a replacement page and do not force this URL into the index.
real suede fabric,fabric_type,Commercial,/fabrics/real-suede/,secondary,"Mapped in fabstitch-keyword-map.csv onto an existing URL. Volume, difficulty, and rank are UNKNOWN.",noindex_target,The URL exists and stays noindex. Do not create a replacement page and do not force this URL into the index.
real suede fabric online,fabric_type,Commercial,/fabrics/real-suede/,secondary,"Mapped in fabstitch-keyword-map.csv onto an existing URL. Volume, difficulty, and rank are UNKNOWN.",noindex_target,The URL exists and stays noindex. Do not create a replacement page and do not force this URL into the index.
real suede textile,fabric_type,Commercial,/fabrics/real-suede/,secondary,"Mapped in fabstitch-keyword-map.csv onto an existing URL. Volume, difficulty, and rank are UNKNOWN.",noindex_target,The URL exists and stays noindex. Do not create a replacement page and do not force this URL into the index.
recycled cotton french terry,fabric_type,Commercial,/fabrics/french-terry-recycled-cotton/,secondary,"Mapped in fabstitch-keyword-map.csv onto an existing URL. Volume, difficulty, and rank are UNKNOWN.",noindex_target,The URL exists and stays noindex. Do not create a replacement page and do not force this URL into the index.
recycled cotton french terry fabric,fabric_type,Commercial,/fabrics/french-terry-recycled-cotton/,secondary,"Mapped in fabstitch-keyword-map.csv onto an existing URL. Volume, difficulty, and rank are UNKNOWN.",noindex_target,The URL exists and stays noindex. Do not create a replacement page and do not force this URL into the index.
recycled cotton french terry fabric online,fabric_type,Commercial,/fabrics/french-terry-recycled-cotton/,secondary,"Mapped in fabstitch-keyword-map.csv onto an existing URL. Volume, difficulty, and rank are UNKNOWN.",noindex_target,The URL exists and stays noindex. Do not create a replacement page and do not force this URL into the index.
recycled cotton french terry for knitwear,fabric_type,Commercial,/fabrics/french-terry-recycled-cotton/,secondary,"Mapped in fabstitch-keyword-map.csv onto an existing URL. Volume, difficulty, and rank are UNKNOWN.",noindex_target,The URL exists and stays noindex. Do not create a replacement page and do not force this URL into the index.
recycled cotton french terry for layering pieces,fabric_type,Commercial,/fabrics/french-terry-recycled-cotton/,secondary,"Mapped in fabstitch-keyword-map.csv onto an existing URL. Volume, difficulty, and rank are UNKNOWN.",noindex_target,The URL exists and stays noindex. Do not create a replacement page and do not force this URL into the index.
recycled cotton french terry for loungewear,fabric_type,Commercial,/fabrics/french-terry-recycled-cotton/,secondary,"Mapped in fabstitch-keyword-map.csv onto an existing URL. Volume, difficulty, and rank are UNKNOWN.",noindex_target,The URL exists and stays noindex. Do not create a replacement page and do not force this URL into the index.
recycled cotton french terry textile,fabric_type,Commercial,/fabrics/french-terry-recycled-cotton/,secondary,"Mapped in fabstitch-keyword-map.csv onto an existing URL. Volume, difficulty, and rank are UNKNOWN.",noindex_target,The URL exists and stays noindex. Do not create a replacement page and do not force this URL into the index.
recycled nylon recycled nylon ripstop,fabric_type,Commercial,/fabrics/recycled-nylon-ripstop/,secondary,"Mapped in fabstitch-keyword-map.csv onto an existing URL. Volume, difficulty, and rank are UNKNOWN.",noindex_target,The URL exists and stays noindex. Do not create a replacement page and do not force this URL into the index.
recycled nylon ripstop,fabric_type,Commercial,/fabrics/recycled-nylon-ripstop/,secondary,"Mapped in fabstitch-keyword-map.csv onto an existing URL. Volume, difficulty, and rank are UNKNOWN.",noindex_target,The URL exists and stays noindex. Do not create a replacement page and do not force this URL into the index.
recycled nylon ripstop fabric,fabric_type,Commercial,/fabrics/recycled-nylon-ripstop/,secondary,"Mapped in fabstitch-keyword-map.csv onto an existing URL. Volume, difficulty, and rank are UNKNOWN.",noindex_target,The URL exists and stays noindex. Do not create a replacement page and do not force this URL into the index.
recycled nylon ripstop fabric online,fabric_type,Commercial,/fabrics/recycled-nylon-ripstop/,secondary,"Mapped in fabstitch-keyword-map.csv onto an existing URL. Volume, difficulty, and rank are UNKNOWN.",noindex_target,The URL exists and stays noindex. Do not create a replacement page and do not force this URL into the index.
recycled nylon ripstop for outerwear,fabric_type,Commercial,/fabrics/recycled-nylon-ripstop/,secondary,"Mapped in fabstitch-keyword-map.csv onto an existing URL. Volume, difficulty, and rank are UNKNOWN.",noindex_target,The URL exists and stays noindex. Do not create a replacement page and do not force this URL into the index.
recycled nylon ripstop textile,fabric_type,Commercial,/fabrics/recycled-nylon-ripstop/,secondary,"Mapped in fabstitch-keyword-map.csv onto an existing URL. Volume, difficulty, and rank are UNKNOWN.",noindex_target,The URL exists and stays noindex. Do not create a replacement page and do not force this URL into the index.
recycled pet acoustic felt,fabric_type,Commercial,/fabrics/recycled-pet-acoustic-felt/,secondary,"Mapped in fabstitch-keyword-map.csv onto an existing URL. Volume, difficulty, and rank are UNKNOWN.",noindex_target,The URL exists and stays noindex. Do not create a replacement page and do not force this URL into the index.
recycled pet acoustic felt fabric,fabric_type,Commercial,/fabrics/recycled-pet-acoustic-felt/,secondary,"Mapped in fabstitch-keyword-map.csv onto an existing URL. Volume, difficulty, and rank are UNKNOWN.",noindex_target,The URL exists and stays noindex. Do not create a replacement page and do not force this URL into the index.
recycled pet acoustic felt fabric online,fabric_type,Commercial,/fabrics/recycled-pet-acoustic-felt/,secondary,"Mapped in fabstitch-keyword-map.csv onto an existing URL. Volume, difficulty, and rank are UNKNOWN.",noindex_target,The URL exists and stays noindex. Do not create a replacement page and do not force this URL into the index.
recycled pet acoustic felt for contract textiles,fabric_type,Commercial,/fabrics/recycled-pet-acoustic-felt/,secondary,"Mapped in fabstitch-keyword-map.csv onto an existing URL. Volume, difficulty, and rank are UNKNOWN.",noindex_target,The URL exists and stays noindex. Do not create a replacement page and do not force this URL into the index.
recycled pet acoustic felt textile,fabric_type,Commercial,/fabrics/recycled-pet-acoustic-felt/,secondary,"Mapped in fabstitch-keyword-map.csv onto an existing URL. Volume, difficulty, and rank are UNKNOWN.",noindex_target,The URL exists and stays noindex. Do not create a replacement page and do not force this URL into the index.
recycled pet pile rug,fabric_type,Commercial,/fabrics/recycled-pet-pile-rug/,secondary,"Mapped in fabstitch-keyword-map.csv onto an existing URL. Volume, difficulty, and rank are UNKNOWN.",noindex_target,The URL exists and stays noindex. Do not create a replacement page and do not force this URL into the index.
recycled pet pile rug fabric,fabric_type,Commercial,/fabrics/recycled-pet-pile-rug/,secondary,"Mapped in fabstitch-keyword-map.csv onto an existing URL. Volume, difficulty, and rank are UNKNOWN.",noindex_target,The URL exists and stays noindex. Do not create a replacement page and do not force this URL into the index.
recycled pet pile rug fabric online,fabric_type,Commercial,/fabrics/recycled-pet-pile-rug/,secondary,"Mapped in fabstitch-keyword-map.csv onto an existing URL. Volume, difficulty, and rank are UNKNOWN.",noindex_target,The URL exists and stays noindex. Do not create a replacement page and do not force this URL into the index.
recycled pet pile rug for rugs,fabric_type,Commercial,/fabrics/recycled-pet-pile-rug/,secondary,"Mapped in fabstitch-keyword-map.csv onto an existing URL. Volume, difficulty, and rank are UNKNOWN.",noindex_target,The URL exists and stays noindex. Do not create a replacement page and do not force this URL into the index.
recycled pet pile rug textile,fabric_type,Commercial,/fabrics/recycled-pet-pile-rug/,secondary,"Mapped in fabstitch-keyword-map.csv onto an existing URL. Volume, difficulty, and rank are UNKNOWN.",noindex_target,The URL exists and stays noindex. Do not create a replacement page and do not force this URL into the index.
recycled pet recycled pet acoustic felt,fabric_type,Commercial,/fabrics/recycled-pet-acoustic-felt/,secondary,"Mapped in fabstitch-keyword-map.csv onto an existing URL. Volume, difficulty, and rank are UNKNOWN.",noindex_target,The URL exists and stays noindex. Do not create a replacement page and do not force this URL into the index.
recycled pet recycled pet pile rug,fabric_type,Commercial,/fabrics/recycled-pet-pile-rug/,secondary,"Mapped in fabstitch-keyword-map.csv onto an existing URL. Volume, difficulty, and rank are UNKNOWN.",noindex_target,The URL exists and stays noindex. Do not create a replacement page and do not force this URL into the index.
recycled polyester chiffon,fabric_type,Commercial,/fabrics/recycled-polyester-chiffon/,secondary,"Mapped in fabstitch-keyword-map.csv onto an existing URL. Volume, difficulty, and rank are UNKNOWN.",noindex_target,The URL exists and stays noindex. Do not create a replacement page and do not force this URL into the index.
recycled polyester chiffon fabric,fabric_type,Commercial,/fabrics/recycled-polyester-chiffon/,secondary,"Mapped in fabstitch-keyword-map.csv onto an existing URL. Volume, difficulty, and rank are UNKNOWN.",noindex_target,The URL exists and stays noindex. Do not create a replacement page and do not force this URL into the index.
recycled polyester chiffon fabric online,fabric_type,Commercial,/fabrics/recycled-polyester-chiffon/,secondary,"Mapped in fabstitch-keyword-map.csv onto an existing URL. Volume, difficulty, and rank are UNKNOWN.",noindex_target,The URL exists and stays noindex. Do not create a replacement page and do not force this URL into the index.
recycled polyester chiffon for blouses,fabric_type,Commercial,/fabrics/recycled-polyester-chiffon/,secondary,"Mapped in fabstitch-keyword-map.csv onto an existing URL. Volume, difficulty, and rank are UNKNOWN.",noindex_target,The URL exists and stays noindex. Do not create a replacement page and do not force this URL into the index.
recycled polyester chiffon for overlays,fabric_type,Commercial,/fabrics/recycled-polyester-chiffon/,secondary,"Mapped in fabstitch-keyword-map.csv onto an existing URL. Volume, difficulty, and rank are UNKNOWN.",noindex_target,The URL exists and stays noindex. Do not create a replacement page and do not force this URL into the index.
recycled polyester chiffon for scarves,fabric_type,Commercial,/fabrics/recycled-polyester-chiffon/,secondary,"Mapped in fabstitch-keyword-map.csv onto an existing URL. Volume, difficulty, and rank are UNKNOWN.",noindex_target,The URL exists and stays noindex. Do not create a replacement page and do not force this URL into the index.
recycled polyester chiffon textile,fabric_type,Commercial,/fabrics/recycled-polyester-chiffon/,secondary,"Mapped in fabstitch-keyword-map.csv onto an existing URL. Volume, difficulty, and rank are UNKNOWN.",noindex_target,The URL exists and stays noindex. Do not create a replacement page and do not force this URL into the index.
recycled polyester recycled polyester chiffon,fabric_type,Commercial,/fabrics/recycled-polyester-chiffon/,secondary,"Mapped in fabstitch-keyword-map.csv onto an existing URL. Volume, difficulty, and rank are UNKNOWN.",noindex_target,The URL exists and stays noindex. Do not create a replacement page and do not force this URL into the index.
recycled polyester recycled polyester wadding,fabric_type,Commercial,/fabrics/recycled-polyester-wadding/,secondary,"Mapped in fabstitch-keyword-map.csv onto an existing URL. Volume, difficulty, and rank are UNKNOWN.",noindex_target,The URL exists and stays noindex. Do not create a replacement page and do not force this URL into the index.
recycled polyester wadding,fabric_type,Commercial,/fabrics/recycled-polyester-wadding/,secondary,"Mapped in fabstitch-keyword-map.csv onto an existing URL. Volume, difficulty, and rank are UNKNOWN.",noindex_target,The URL exists and stays noindex. Do not create a replacement page and do not force this URL into the index.
recycled polyester wadding fabric,fabric_type,Commercial,/fabrics/recycled-polyester-wadding/,secondary,"Mapped in fabstitch-keyword-map.csv onto an existing URL. Volume, difficulty, and rank are UNKNOWN.",noindex_target,The URL exists and stays noindex. Do not create a replacement page and do not force this URL into the index.
recycled polyester wadding fabric online,fabric_type,Commercial,/fabrics/recycled-polyester-wadding/,secondary,"Mapped in fabstitch-keyword-map.csv onto an existing URL. Volume, difficulty, and rank are UNKNOWN.",noindex_target,The URL exists and stays noindex. Do not create a replacement page and do not force this URL into the index.
recycled polyester wadding for garment insulation,fabric_type,Commercial,/fabrics/recycled-polyester-wadding/,secondary,"Mapped in fabstitch-keyword-map.csv onto an existing URL. Volume, difficulty, and rank are UNKNOWN.",noindex_target,The URL exists and stays noindex. Do not create a replacement page and do not force this URL into the index.
recycled polyester wadding textile,fabric_type,Commercial,/fabrics/recycled-polyester-wadding/,secondary,"Mapped in fabstitch-keyword-map.csv onto an existing URL. Volume, difficulty, and rank are UNKNOWN.",noindex_target,The URL exists and stays noindex. Do not create a replacement page and do not force this URL into the index.
recycled-cotton denim,fabric_type,Commercial,/fabrics/recycled-cotton-denim/,secondary,"Mapped in fabstitch-keyword-map.csv onto an existing URL. Volume, difficulty, and rank are UNKNOWN.",noindex_target,The URL exists and stays noindex. Do not create a replacement page and do not force this URL into the index.
recycled-cotton denim fabric,fabric_type,Commercial,/fabrics/recycled-cotton-denim/,secondary,"Mapped in fabstitch-keyword-map.csv onto an existing URL. Volume, difficulty, and rank are UNKNOWN.",noindex_target,The URL exists and stays noindex. Do not create a replacement page and do not force this URL into the index.
recycled-cotton denim fabric online,fabric_type,Commercial,/fabrics/recycled-cotton-denim/,secondary,"Mapped in fabstitch-keyword-map.csv onto an existing URL. Volume, difficulty, and rank are UNKNOWN.",noindex_target,The URL exists and stays noindex. Do not create a replacement page and do not force this URL into the index.
recycled-cotton denim textile,fabric_type,Commercial,/fabrics/recycled-cotton-denim/,secondary,"Mapped in fabstitch-keyword-map.csv onto an existing URL. Volume, difficulty, and rank are UNKNOWN.",noindex_target,The URL exists and stays noindex. Do not create a replacement page and do not force this URL into the index.
retro sportif knit,fabric_type,Commercial,/fabrics/retro-sportif-knit/,secondary,"Mapped in fabstitch-keyword-map.csv onto an existing URL. Volume, difficulty, and rank are UNKNOWN.",noindex_target,The URL exists and stays noindex. Do not create a replacement page and do not force this URL into the index.
retro sportif knit fabric,fabric_type,Commercial,/fabrics/retro-sportif-knit/,secondary,"Mapped in fabstitch-keyword-map.csv onto an existing URL. Volume, difficulty, and rank are UNKNOWN.",noindex_target,The URL exists and stays noindex. Do not create a replacement page and do not force this URL into the index.
retro sportif knit fabric online,fabric_type,Commercial,/fabrics/retro-sportif-knit/,secondary,"Mapped in fabstitch-keyword-map.csv onto an existing URL. Volume, difficulty, and rank are UNKNOWN.",noindex_target,The URL exists and stays noindex. Do not create a replacement page and do not force this URL into the index.
retro sportif knit for activewear,fabric_type,Commercial,/fabrics/retro-sportif-knit/,secondary,"Mapped in fabstitch-keyword-map.csv onto an existing URL. Volume, difficulty, and rank are UNKNOWN.",noindex_target,The URL exists and stays noindex. Do not create a replacement page and do not force this URL into the index.
retro sportif knit textile,fabric_type,Commercial,/fabrics/retro-sportif-knit/,secondary,"Mapped in fabstitch-keyword-map.csv onto an existing URL. Volume, difficulty, and rank are UNKNOWN.",noindex_target,The URL exists and stays noindex. Do not create a replacement page and do not force this URL into the index.
ribbed ponte,fabric_type,Commercial,/fabrics/ponte-ribbed/,secondary,"Mapped in fabstitch-keyword-map.csv onto an existing URL. Volume, difficulty, and rank are UNKNOWN.",noindex_target,The URL exists and stays noindex. Do not create a replacement page and do not force this URL into the index.
ribbed ponte fabric,fabric_type,Commercial,/fabrics/ponte-ribbed/,secondary,"Mapped in fabstitch-keyword-map.csv onto an existing URL. Volume, difficulty, and rank are UNKNOWN.",noindex_target,The URL exists and stays noindex. Do not create a replacement page and do not force this URL into the index.
ribbed ponte fabric online,fabric_type,Commercial,/fabrics/ponte-ribbed/,secondary,"Mapped in fabstitch-keyword-map.csv onto an existing URL. Volume, difficulty, and rank are UNKNOWN.",noindex_target,The URL exists and stays noindex. Do not create a replacement page and do not force this URL into the index.
ribbed ponte for dresses,fabric_type,Commercial,/fabrics/ponte-ribbed/,secondary,"Mapped in fabstitch-keyword-map.csv onto an existing URL. Volume, difficulty, and rank are UNKNOWN.",noindex_target,The URL exists and stays noindex. Do not create a replacement page and do not force this URL into the index.
ribbed ponte for full skirts,fabric_type,Commercial,/fabrics/ponte-ribbed/,secondary,"Mapped in fabstitch-keyword-map.csv onto an existing URL. Volume, difficulty, and rank are UNKNOWN.",noindex_target,The URL exists and stays noindex. Do not create a replacement page and do not force this URL into the index.
ribbed ponte for knitwear,fabric_type,Commercial,/fabrics/ponte-ribbed/,secondary,"Mapped in fabstitch-keyword-map.csv onto an existing URL. Volume, difficulty, and rank are UNKNOWN.",noindex_target,The URL exists and stays noindex. Do not create a replacement page and do not force this URL into the index.
ribbed ponte textile,fabric_type,Commercial,/fabrics/ponte-ribbed/,secondary,"Mapped in fabstitch-keyword-map.csv onto an existing URL. Volume, difficulty, and rank are UNKNOWN.",noindex_target,The URL exists and stays noindex. Do not create a replacement page and do not force this URL into the index.
ripstop recycled nylon ripstop,fabric_type,Commercial,/fabrics/recycled-nylon-ripstop/,secondary,"Mapped in fabstitch-keyword-map.csv onto an existing URL. Volume, difficulty, and rank are UNKNOWN.",noindex_target,The URL exists and stays noindex. Do not create a replacement page and do not force this URL into the index.
royal oxford basketweave royal oxford cotton,fabric_type,Commercial,/fabrics/royal-oxford-cotton/,secondary,"Mapped in fabstitch-keyword-map.csv onto an existing URL. Volume, difficulty, and rank are UNKNOWN.",noindex_target,The URL exists and stays noindex. Do not create a replacement page and do not force this URL into the index.
royal oxford cotton,fabric_type,Commercial,/fabrics/royal-oxford-cotton/,secondary,"Mapped in fabstitch-keyword-map.csv onto an existing URL. Volume, difficulty, and rank are UNKNOWN.",noindex_target,The URL exists and stays noindex. Do not create a replacement page and do not force this URL into the index.
royal oxford cotton fabric,fabric_type,Commercial,/fabrics/royal-oxford-cotton/,secondary,"Mapped in fabstitch-keyword-map.csv onto an existing URL. Volume, difficulty, and rank are UNKNOWN.",noindex_target,The URL exists and stays noindex. Do not create a replacement page and do not force this URL into the index.
royal oxford cotton fabric online,fabric_type,Commercial,/fabrics/royal-oxford-cotton/,secondary,"Mapped in fabstitch-keyword-map.csv onto an existing URL. Volume, difficulty, and rank are UNKNOWN.",noindex_target,The URL exists and stays noindex. Do not create a replacement page and do not force this URL into the index.
royal oxford cotton for blouses,fabric_type,Commercial,/fabrics/royal-oxford-cotton/,secondary,"Mapped in fabstitch-keyword-map.csv onto an existing URL. Volume, difficulty, and rank are UNKNOWN.",noindex_target,The URL exists and stays noindex. Do not create a replacement page and do not force this URL into the index.
royal oxford cotton for shirts,fabric_type,Commercial,/fabrics/royal-oxford-cotton/,secondary,"Mapped in fabstitch-keyword-map.csv onto an existing URL. Volume, difficulty, and rank are UNKNOWN.",noindex_target,The URL exists and stays noindex. Do not create a replacement page and do not force this URL into the index.
royal oxford cotton for workwear jackets,fabric_type,Commercial,/fabrics/royal-oxford-cotton/,secondary,"Mapped in fabstitch-keyword-map.csv onto an existing URL. Volume, difficulty, and rank are UNKNOWN.",noindex_target,The URL exists and stays noindex. Do not create a replacement page and do not force this URL into the index.
royal oxford cotton textile,fabric_type,Commercial,/fabrics/royal-oxford-cotton/,secondary,"Mapped in fabstitch-keyword-map.csv onto an existing URL. Volume, difficulty, and rank are UNKNOWN.",noindex_target,The URL exists and stays noindex. Do not create a replacement page and do not force this URL into the index.
sanded peach-skin,fabric_type,Commercial,/fabrics/peach-skin/,secondary,"Mapped in fabstitch-keyword-map.csv onto an existing URL. Volume, difficulty, and rank are UNKNOWN.",noindex_target,The URL exists and stays noindex. Do not create a replacement page and do not force this URL into the index.
sateen long-staple cotton sateen,fabric_type,Commercial,/fabrics/long-staple-cotton-sateen/,secondary,"Mapped in fabstitch-keyword-map.csv onto an existing URL. Volume, difficulty, and rank are UNKNOWN.",noindex_target,The URL exists and stays noindex. Do not create a replacement page and do not force this URL into the index.
sateen weave egyptian cotton sateen,fabric_type,Commercial,/fabrics/egyptian-cotton-sateen/,secondary,"Mapped in fabstitch-keyword-map.csv onto an existing URL. Volume, difficulty, and rank are UNKNOWN.",noindex_target,The URL exists and stays noindex. Do not create a replacement page and do not force this URL into the index.
sateen weave mercerized cotton sateen,fabric_type,Commercial,/fabrics/mercerized-cotton-sateen/,secondary,"Mapped in fabstitch-keyword-map.csv onto an existing URL. Volume, difficulty, and rank are UNKNOWN.",noindex_target,The URL exists and stays noindex. Do not create a replacement page and do not force this URL into the index.
sateen weave pima cotton sateen,fabric_type,Commercial,/fabrics/pima-cotton-sateen/,secondary,"Mapped in fabstitch-keyword-map.csv onto an existing URL. Volume, difficulty, and rank are UNKNOWN.",noindex_target,The URL exists and stays noindex. Do not create a replacement page and do not force this URL into the index.
sateen weave tencel sateen,fabric_type,Commercial,/fabrics/tencel-sateen/,secondary,"Mapped in fabstitch-keyword-map.csv onto an existing URL. Volume, difficulty, and rank are UNKNOWN.",noindex_target,The URL exists and stays noindex. Do not create a replacement page and do not force this URL into the index.
satin weave silk charmeuse,fabric_type,Commercial,/fabrics/silk-charmeuse/,secondary,"Mapped in fabstitch-keyword-map.csv onto an existing URL. Volume, difficulty, and rank are UNKNOWN.",noindex_target,The URL exists and stays noindex. Do not create a replacement page and do not force this URL into the index.
satin weave silk satin,fabric_type,Commercial,/fabrics/silk-satin/,secondary,"Mapped in fabstitch-keyword-map.csv onto an existing URL. Volume, difficulty, and rank are UNKNOWN.",noindex_target,The URL exists and stays noindex. Do not create a replacement page and do not force this URL into the index.
selvedge rigid denim,fabric_type,Commercial,/fabrics/selvedge-rigid-denim/,secondary,"Mapped in fabstitch-keyword-map.csv onto an existing URL. Volume, difficulty, and rank are UNKNOWN.",noindex_target,The URL exists and stays noindex. Do not create a replacement page and do not force this URL into the index.
selvedge rigid denim fabric,fabric_type,Commercial,/fabrics/selvedge-rigid-denim/,secondary,"Mapped in fabstitch-keyword-map.csv onto an existing URL. Volume, difficulty, and rank are UNKNOWN.",noindex_target,The URL exists and stays noindex. Do not create a replacement page and do not force this URL into the index.
selvedge rigid denim fabric online,fabric_type,Commercial,/fabrics/selvedge-rigid-denim/,secondary,"Mapped in fabstitch-keyword-map.csv onto an existing URL. Volume, difficulty, and rank are UNKNOWN.",noindex_target,The URL exists and stays noindex. Do not create a replacement page and do not force this URL into the index.
selvedge rigid denim textile,fabric_type,Commercial,/fabrics/selvedge-rigid-denim/,secondary,"Mapped in fabstitch-keyword-map.csv onto an existing URL. Volume, difficulty, and rank are UNKNOWN.",noindex_target,The URL exists and stays noindex. Do not create a replacement page and do not force this URL into the index.
selvedge selvedge rigid denim,fabric_type,Commercial,/fabrics/selvedge-rigid-denim/,secondary,"Mapped in fabstitch-keyword-map.csv onto an existing URL. Volume, difficulty, and rank are UNKNOWN.",noindex_target,The URL exists and stays noindex. Do not create a replacement page and do not force this URL into the index.
"short, dense pile cotton velveteen",fabric_type,Commercial,/fabrics/cotton-velveteen/,secondary,"Mapped in fabstitch-keyword-map.csv onto an existing URL. Volume, difficulty, and rank are UNKNOWN.",noindex_target,The URL exists and stays noindex. Do not create a replacement page and do not force this URL into the index.
silk and viscose silk-viscose velvet,fabric_type,Commercial,/fabrics/silk-viscose-velvet/,secondary,"Mapped in fabstitch-keyword-map.csv onto an existing URL. Volume, difficulty, and rank are UNKNOWN.",noindex_target,The URL exists and stays noindex. Do not create a replacement page and do not force this URL into the index.
silk bouclé,fabric_type,Commercial,/fabrics/silk-boucle/,secondary,"Mapped in fabstitch-keyword-map.csv onto an existing URL. Volume, difficulty, and rank are UNKNOWN.",noindex_target,The URL exists and stays noindex. Do not create a replacement page and do not force this URL into the index.
silk bouclé fabric,fabric_type,Commercial,/fabrics/silk-boucle/,secondary,"Mapped in fabstitch-keyword-map.csv onto an existing URL. Volume, difficulty, and rank are UNKNOWN.",noindex_target,The URL exists and stays noindex. Do not create a replacement page and do not force this URL into the index.
silk bouclé fabric online,fabric_type,Commercial,/fabrics/silk-boucle/,secondary,"Mapped in fabstitch-keyword-map.csv onto an existing URL. Volume, difficulty, and rank are UNKNOWN.",noindex_target,The URL exists and stays noindex. Do not create a replacement page and do not force this URL into the index.
silk bouclé for jackets,fabric_type,Commercial,/fabrics/silk-boucle/,secondary,"Mapped in fabstitch-keyword-map.csv onto an existing URL. Volume, difficulty, and rank are UNKNOWN.",noindex_target,The URL exists and stays noindex. Do not create a replacement page and do not force this URL into the index.
silk bouclé for knitwear,fabric_type,Commercial,/fabrics/silk-boucle/,secondary,"Mapped in fabstitch-keyword-map.csv onto an existing URL. Volume, difficulty, and rank are UNKNOWN.",noindex_target,The URL exists and stays noindex. Do not create a replacement page and do not force this URL into the index.
silk bouclé textile,fabric_type,Commercial,/fabrics/silk-boucle/,secondary,"Mapped in fabstitch-keyword-map.csv onto an existing URL. Volume, difficulty, and rank are UNKNOWN.",noindex_target,The URL exists and stays noindex. Do not create a replacement page and do not force this URL into the index.
silk broadcloth,fabric_type,Commercial,/fabrics/silk-broadcloth/,secondary,"Mapped in fabstitch-keyword-map.csv onto an existing URL. Volume, difficulty, and rank are UNKNOWN.",noindex_target,The URL exists and stays noindex. Do not create a replacement page and do not force this URL into the index.
silk broadcloth fabric,fabric_type,Commercial,/fabrics/silk-broadcloth/,secondary,"Mapped in fabstitch-keyword-map.csv onto an existing URL. Volume, difficulty, and rank are UNKNOWN.",noindex_target,The URL exists and stays noindex. Do not create a replacement page and do not force this URL into the index.
silk broadcloth fabric online,fabric_type,Commercial,/fabrics/silk-broadcloth/,secondary,"Mapped in fabstitch-keyword-map.csv onto an existing URL. Volume, difficulty, and rank are UNKNOWN.",noindex_target,The URL exists and stays noindex. Do not create a replacement page and do not force this URL into the index.
silk broadcloth for blouses,fabric_type,Commercial,/fabrics/silk-broadcloth/,secondary,"Mapped in fabstitch-keyword-map.csv onto an existing URL. Volume, difficulty, and rank are UNKNOWN.",noindex_target,The URL exists and stays noindex. Do not create a replacement page and do not force this URL into the index.
silk broadcloth for linings,fabric_type,Commercial,/fabrics/silk-broadcloth/,secondary,"Mapped in fabstitch-keyword-map.csv onto an existing URL. Volume, difficulty, and rank are UNKNOWN.",noindex_target,The URL exists and stays noindex. Do not create a replacement page and do not force this URL into the index.
silk broadcloth for shirts,fabric_type,Commercial,/fabrics/silk-broadcloth/,secondary,"Mapped in fabstitch-keyword-map.csv onto an existing URL. Volume, difficulty, and rank are UNKNOWN.",noindex_target,The URL exists and stays noindex. Do not create a replacement page and do not force this URL into the index.
silk broadcloth textile,fabric_type,Commercial,/fabrics/silk-broadcloth/,secondary,"Mapped in fabstitch-keyword-map.csv onto an existing URL. Volume, difficulty, and rank are UNKNOWN.",noindex_target,The URL exists and stays noindex. Do not create a replacement page and do not force this URL into the index.
silk charmeuse,fabric_type,Commercial,/fabrics/silk-charmeuse/,secondary,"Mapped in fabstitch-keyword-map.csv onto an existing URL. Volume, difficulty, and rank are UNKNOWN.",noindex_target,The URL exists and stays noindex. Do not create a replacement page and do not force this URL into the index.
silk charmeuse fabric,fabric_type,Commercial,/fabrics/silk-charmeuse/,secondary,"Mapped in fabstitch-keyword-map.csv onto an existing URL. Volume, difficulty, and rank are UNKNOWN.",noindex_target,The URL exists and stays noindex. Do not create a replacement page and do not force this URL into the index.
silk charmeuse fabric online,fabric_type,Commercial,/fabrics/silk-charmeuse/,secondary,"Mapped in fabstitch-keyword-map.csv onto an existing URL. Volume, difficulty, and rank are UNKNOWN.",noindex_target,The URL exists and stays noindex. Do not create a replacement page and do not force this URL into the index.
silk charmeuse for blouses,fabric_type,Commercial,/fabrics/silk-charmeuse/,secondary,"Mapped in fabstitch-keyword-map.csv onto an existing URL. Volume, difficulty, and rank are UNKNOWN.",noindex_target,The URL exists and stays noindex. Do not create a replacement page and do not force this URL into the index.
silk charmeuse for linings,fabric_type,Commercial,/fabrics/silk-charmeuse/,secondary,"Mapped in fabstitch-keyword-map.csv onto an existing URL. Volume, difficulty, and rank are UNKNOWN.",noindex_target,The URL exists and stays noindex. Do not create a replacement page and do not force this URL into the index.
silk charmeuse for slip dresses,fabric_type,Commercial,/fabrics/silk-charmeuse/,secondary,"Mapped in fabstitch-keyword-map.csv onto an existing URL. Volume, difficulty, and rank are UNKNOWN.",noindex_target,The URL exists and stays noindex. Do not create a replacement page and do not force this URL into the index.
silk charmeuse textile,fabric_type,Commercial,/fabrics/silk-charmeuse/,secondary,"Mapped in fabstitch-keyword-map.csv onto an existing URL. Volume, difficulty, and rank are UNKNOWN.",noindex_target,The URL exists and stays noindex. Do not create a replacement page and do not force this URL into the index.
silk chiffon crepe,fabric_type,Commercial,/fabrics/silk-chiffon-crepe/,secondary,"Mapped in fabstitch-keyword-map.csv onto an existing URL. Volume, difficulty, and rank are UNKNOWN.",noindex_target,The URL exists and stays noindex. Do not create a replacement page and do not force this URL into the index.
silk chiffon crepe fabric,fabric_type,Commercial,/fabrics/silk-chiffon-crepe/,secondary,"Mapped in fabstitch-keyword-map.csv onto an existing URL. Volume, difficulty, and rank are UNKNOWN.",noindex_target,The URL exists and stays noindex. Do not create a replacement page and do not force this URL into the index.
silk chiffon crepe fabric online,fabric_type,Commercial,/fabrics/silk-chiffon-crepe/,secondary,"Mapped in fabstitch-keyword-map.csv onto an existing URL. Volume, difficulty, and rank are UNKNOWN.",noindex_target,The URL exists and stays noindex. Do not create a replacement page and do not force this URL into the index.
silk chiffon crepe for dresses,fabric_type,Commercial,/fabrics/silk-chiffon-crepe/,secondary,"Mapped in fabstitch-keyword-map.csv onto an existing URL. Volume, difficulty, and rank are UNKNOWN.",noindex_target,The URL exists and stays noindex. Do not create a replacement page and do not force this URL into the index.
silk chiffon crepe for overlays,fabric_type,Commercial,/fabrics/silk-chiffon-crepe/,secondary,"Mapped in fabstitch-keyword-map.csv onto an existing URL. Volume, difficulty, and rank are UNKNOWN.",noindex_target,The URL exists and stays noindex. Do not create a replacement page and do not force this URL into the index.
silk chiffon crepe for scarves,fabric_type,Commercial,/fabrics/silk-chiffon-crepe/,secondary,"Mapped in fabstitch-keyword-map.csv onto an existing URL. Volume, difficulty, and rank are UNKNOWN.",noindex_target,The URL exists and stays noindex. Do not create a replacement page and do not force this URL into the index.
silk chiffon crepe textile,fabric_type,Commercial,/fabrics/silk-chiffon-crepe/,secondary,"Mapped in fabstitch-keyword-map.csv onto an existing URL. Volume, difficulty, and rank are UNKNOWN.",noindex_target,The URL exists and stays noindex. Do not create a replacement page and do not force this URL into the index.
silk crepe,fabric_type,Commercial,/fabrics/silk-crepe/,secondary,"Mapped in fabstitch-keyword-map.csv onto an existing URL. Volume, difficulty, and rank are UNKNOWN.",noindex_target,The URL exists and stays noindex. Do not create a replacement page and do not force this URL into the index.
silk crepe de chine,fabric_type,Commercial,/fabrics/crepe-de-chine/,secondary,"Mapped in fabstitch-keyword-map.csv onto an existing URL. Volume, difficulty, and rank are UNKNOWN.",noindex_target,The URL exists and stays noindex. Do not create a replacement page and do not force this URL into the index.
silk crepe fabric,fabric_type,Commercial,/fabrics/silk-crepe/,secondary,"Mapped in fabstitch-keyword-map.csv onto an existing URL. Volume, difficulty, and rank are UNKNOWN.",noindex_target,The URL exists and stays noindex. Do not create a replacement page and do not force this URL into the index.
silk crepe fabric online,fabric_type,Commercial,/fabrics/silk-crepe/,secondary,"Mapped in fabstitch-keyword-map.csv onto an existing URL. Volume, difficulty, and rank are UNKNOWN.",noindex_target,The URL exists and stays noindex. Do not create a replacement page and do not force this URL into the index.
silk crepe for blouses,fabric_type,Commercial,/fabrics/silk-crepe/,secondary,"Mapped in fabstitch-keyword-map.csv onto an existing URL. Volume, difficulty, and rank are UNKNOWN.",noindex_target,The URL exists and stays noindex. Do not create a replacement page and do not force this URL into the index.
silk crepe for dresses,fabric_type,Commercial,/fabrics/silk-crepe/,secondary,"Mapped in fabstitch-keyword-map.csv onto an existing URL. Volume, difficulty, and rank are UNKNOWN.",noindex_target,The URL exists and stays noindex. Do not create a replacement page and do not force this URL into the index.
silk crepe for slip dresses,fabric_type,Commercial,/fabrics/silk-crepe/,secondary,"Mapped in fabstitch-keyword-map.csv onto an existing URL. Volume, difficulty, and rank are UNKNOWN.",noindex_target,The URL exists and stays noindex. Do not create a replacement page and do not force this URL into the index.
silk crepe textile,fabric_type,Commercial,/fabrics/silk-crepe/,secondary,"Mapped in fabstitch-keyword-map.csv onto an existing URL. Volume, difficulty, and rank are UNKNOWN.",noindex_target,The URL exists and stays noindex. Do not create a replacement page and do not force this URL into the index.
silk dupion,fabric_type,Commercial,/fabrics/silk-dupion/,secondary,"Mapped in fabstitch-keyword-map.csv onto an existing URL. Volume, difficulty, and rank are UNKNOWN.",noindex_target,The URL exists and stays noindex. Do not create a replacement page and do not force this URL into the index.
silk dupion fabric online,fabric_type,Commercial,/fabrics/silk-dupion/,secondary,"Mapped in fabstitch-keyword-map.csv onto an existing URL. Volume, difficulty, and rank are UNKNOWN.",noindex_target,The URL exists and stays noindex. Do not create a replacement page and do not force this URL into the index.
silk dupion for home textiles / interiors,fabric_type,Commercial,/fabrics/silk-dupion/,secondary,"Mapped in fabstitch-keyword-map.csv onto an existing URL. Volume, difficulty, and rank are UNKNOWN.",noindex_target,The URL exists and stays noindex. Do not create a replacement page and do not force this URL into the index.
silk dupion for jackets,fabric_type,Commercial,/fabrics/silk-dupion/,secondary,"Mapped in fabstitch-keyword-map.csv onto an existing URL. Volume, difficulty, and rank are UNKNOWN.",noindex_target,The URL exists and stays noindex. Do not create a replacement page and do not force this URL into the index.
silk dupion for occasionwear,fabric_type,Commercial,/fabrics/silk-dupion/,secondary,"Mapped in fabstitch-keyword-map.csv onto an existing URL. Volume, difficulty, and rank are UNKNOWN.",noindex_target,The URL exists and stays noindex. Do not create a replacement page and do not force this URL into the index.
silk dupion textile,fabric_type,Commercial,/fabrics/silk-dupion/,secondary,"Mapped in fabstitch-keyword-map.csv onto an existing URL. Volume, difficulty, and rank are UNKNOWN.",noindex_target,The URL exists and stays noindex. Do not create a replacement page and do not force this URL into the index.
silk faille,fabric_type,Commercial,/fabrics/silk-faille/,secondary,"Mapped in fabstitch-keyword-map.csv onto an existing URL. Volume, difficulty, and rank are UNKNOWN.",noindex_target,The URL exists and stays noindex. Do not create a replacement page and do not force this URL into the index.
silk faille fabric,fabric_type,Commercial,/fabrics/silk-faille/,secondary,"Mapped in fabstitch-keyword-map.csv onto an existing URL. Volume, difficulty, and rank are UNKNOWN.",noindex_target,The URL exists and stays noindex. Do not create a replacement page and do not force this URL into the index.
silk faille fabric online,fabric_type,Commercial,/fabrics/silk-faille/,secondary,"Mapped in fabstitch-keyword-map.csv onto an existing URL. Volume, difficulty, and rank are UNKNOWN.",noindex_target,The URL exists and stays noindex. Do not create a replacement page and do not force this URL into the index.
silk faille for full skirts,fabric_type,Commercial,/fabrics/silk-faille/,secondary,"Mapped in fabstitch-keyword-map.csv onto an existing URL. Volume, difficulty, and rank are UNKNOWN.",noindex_target,The URL exists and stays noindex. Do not create a replacement page and do not force this URL into the index.
silk faille for jackets,fabric_type,Commercial,/fabrics/silk-faille/,secondary,"Mapped in fabstitch-keyword-map.csv onto an existing URL. Volume, difficulty, and rank are UNKNOWN.",noindex_target,The URL exists and stays noindex. Do not create a replacement page and do not force this URL into the index.
silk faille for occasionwear,fabric_type,Commercial,/fabrics/silk-faille/,secondary,"Mapped in fabstitch-keyword-map.csv onto an existing URL. Volume, difficulty, and rank are UNKNOWN.",noindex_target,The URL exists and stays noindex. Do not create a replacement page and do not force this URL into the index.
silk faille textile,fabric_type,Commercial,/fabrics/silk-faille/,secondary,"Mapped in fabstitch-keyword-map.csv onto an existing URL. Volume, difficulty, and rank are UNKNOWN.",noindex_target,The URL exists and stays noindex. Do not create a replacement page and do not force this URL into the index.
silk fine-gauge semi-sheer knit,fabric_type,Commercial,/fabrics/fine-gauge-semi-sheer-knit/,secondary,"Mapped in fabstitch-keyword-map.csv onto an existing URL. Volume, difficulty, and rank are UNKNOWN.",noindex_target,The URL exists and stays noindex. Do not create a replacement page and do not force this URL into the index.
silk habotai,fabric_type,Commercial,/fabrics/silk-habotai/,secondary,"Mapped in fabstitch-keyword-map.csv onto an existing URL. Volume, difficulty, and rank are UNKNOWN.",noindex_target,The URL exists and stays noindex. Do not create a replacement page and do not force this URL into the index.
silk habotai fabric online,fabric_type,Commercial,/fabrics/silk-habotai/,secondary,"Mapped in fabstitch-keyword-map.csv onto an existing URL. Volume, difficulty, and rank are UNKNOWN.",noindex_target,The URL exists and stays noindex. Do not create a replacement page and do not force this URL into the index.
silk habotai for linings,fabric_type,Commercial,/fabrics/silk-habotai/,secondary,"Mapped in fabstitch-keyword-map.csv onto an existing URL. Volume, difficulty, and rank are UNKNOWN.",noindex_target,The URL exists and stays noindex. Do not create a replacement page and do not force this URL into the index.
silk habotai for scarves,fabric_type,Commercial,/fabrics/silk-habotai/,secondary,"Mapped in fabstitch-keyword-map.csv onto an existing URL. Volume, difficulty, and rank are UNKNOWN.",noindex_target,The URL exists and stays noindex. Do not create a replacement page and do not force this URL into the index.
silk habotai textile,fabric_type,Commercial,/fabrics/silk-habotai/,secondary,"Mapped in fabstitch-keyword-map.csv onto an existing URL. Volume, difficulty, and rank are UNKNOWN.",noindex_target,The URL exists and stays noindex. Do not create a replacement page and do not force this URL into the index.
silk noil,fabric_type,Commercial,/fabrics/silk-noil/,secondary,"Mapped in fabstitch-keyword-map.csv onto an existing URL. Volume, difficulty, and rank are UNKNOWN.",noindex_target,The URL exists and stays noindex. Do not create a replacement page and do not force this URL into the index.
silk noil fabric,fabric_type,Commercial,/fabrics/silk-noil/,secondary,"Mapped in fabstitch-keyword-map.csv onto an existing URL. Volume, difficulty, and rank are UNKNOWN.",noindex_target,The URL exists and stays noindex. Do not create a replacement page and do not force this URL into the index.
silk noil fabric online,fabric_type,Commercial,/fabrics/silk-noil/,secondary,"Mapped in fabstitch-keyword-map.csv onto an existing URL. Volume, difficulty, and rank are UNKNOWN.",noindex_target,The URL exists and stays noindex. Do not create a replacement page and do not force this URL into the index.
silk noil for blouses,fabric_type,Commercial,/fabrics/silk-noil/,secondary,"Mapped in fabstitch-keyword-map.csv onto an existing URL. Volume, difficulty, and rank are UNKNOWN.",noindex_target,The URL exists and stays noindex. Do not create a replacement page and do not force this URL into the index.
silk noil for dresses,fabric_type,Commercial,/fabrics/silk-noil/,secondary,"Mapped in fabstitch-keyword-map.csv onto an existing URL. Volume, difficulty, and rank are UNKNOWN.",noindex_target,The URL exists and stays noindex. Do not create a replacement page and do not force this URL into the index.
silk noil for resortwear,fabric_type,Commercial,/fabrics/silk-noil/,secondary,"Mapped in fabstitch-keyword-map.csv onto an existing URL. Volume, difficulty, and rank are UNKNOWN.",noindex_target,The URL exists and stays noindex. Do not create a replacement page and do not force this URL into the index.
silk noil textile,fabric_type,Commercial,/fabrics/silk-noil/,secondary,"Mapped in fabstitch-keyword-map.csv onto an existing URL. Volume, difficulty, and rank are UNKNOWN.",noindex_target,The URL exists and stays noindex. Do not create a replacement page and do not force this URL into the index.
silk organza,fabric_type,Commercial,/fabrics/silk-organza/,secondary,"Mapped in fabstitch-keyword-map.csv onto an existing URL. Volume, difficulty, and rank are UNKNOWN.",noindex_target,The URL exists and stays noindex. Do not create a replacement page and do not force this URL into the index.
silk organza fabric online,fabric_type,Commercial,/fabrics/silk-organza/,secondary,"Mapped in fabstitch-keyword-map.csv onto an existing URL. Volume, difficulty, and rank are UNKNOWN.",noindex_target,The URL exists and stays noindex. Do not create a replacement page and do not force this URL into the index.
silk organza for overlays,fabric_type,Commercial,/fabrics/silk-organza/,secondary,"Mapped in fabstitch-keyword-map.csv onto an existing URL. Volume, difficulty, and rank are UNKNOWN.",noindex_target,The URL exists and stays noindex. Do not create a replacement page and do not force this URL into the index.
silk organza for ruffles,fabric_type,Commercial,/fabrics/silk-organza/,secondary,"Mapped in fabstitch-keyword-map.csv onto an existing URL. Volume, difficulty, and rank are UNKNOWN.",noindex_target,The URL exists and stays noindex. Do not create a replacement page and do not force this URL into the index.
silk organza for volume sleeves,fabric_type,Commercial,/fabrics/silk-organza/,secondary,"Mapped in fabstitch-keyword-map.csv onto an existing URL. Volume, difficulty, and rank are UNKNOWN.",noindex_target,The URL exists and stays noindex. Do not create a replacement page and do not force this URL into the index.
silk organza textile,fabric_type,Commercial,/fabrics/silk-organza/,secondary,"Mapped in fabstitch-keyword-map.csv onto an existing URL. Volume, difficulty, and rank are UNKNOWN.",noindex_target,The URL exists and stays noindex. Do not create a replacement page and do not force this URL into the index.
silk satin,fabric_type,Commercial,/fabrics/silk-satin/,secondary,"Mapped in fabstitch-keyword-map.csv onto an existing URL. Volume, difficulty, and rank are UNKNOWN.",noindex_target,The URL exists and stays noindex. Do not create a replacement page and do not force this URL into the index.
silk satin fabric,fabric_type,Commercial,/fabrics/silk-satin/,secondary,"Mapped in fabstitch-keyword-map.csv onto an existing URL. Volume, difficulty, and rank are UNKNOWN.",noindex_target,The URL exists and stays noindex. Do not create a replacement page and do not force this URL into the index.
silk satin fabric online,fabric_type,Commercial,/fabrics/silk-satin/,secondary,"Mapped in fabstitch-keyword-map.csv onto an existing URL. Volume, difficulty, and rank are UNKNOWN.",noindex_target,The URL exists and stays noindex. Do not create a replacement page and do not force this URL into the index.
silk satin for dresses,fabric_type,Commercial,/fabrics/silk-satin/,secondary,"Mapped in fabstitch-keyword-map.csv onto an existing URL. Volume, difficulty, and rank are UNKNOWN.",noindex_target,The URL exists and stays noindex. Do not create a replacement page and do not force this URL into the index.
silk satin for linings,fabric_type,Commercial,/fabrics/silk-satin/,secondary,"Mapped in fabstitch-keyword-map.csv onto an existing URL. Volume, difficulty, and rank are UNKNOWN.",noindex_target,The URL exists and stays noindex. Do not create a replacement page and do not force this URL into the index.
silk satin for occasionwear,fabric_type,Commercial,/fabrics/silk-satin/,secondary,"Mapped in fabstitch-keyword-map.csv onto an existing URL. Volume, difficulty, and rank are UNKNOWN.",noindex_target,The URL exists and stays noindex. Do not create a replacement page and do not force this URL into the index.
silk satin textile,fabric_type,Commercial,/fabrics/silk-satin/,secondary,"Mapped in fabstitch-keyword-map.csv onto an existing URL. Volume, difficulty, and rank are UNKNOWN.",noindex_target,The URL exists and stays noindex. Do not create a replacement page and do not force this URL into the index.
silk silk dupion,fabric_type,Commercial,/fabrics/silk-dupion/,secondary,"Mapped in fabstitch-keyword-map.csv onto an existing URL. Volume, difficulty, and rank are UNKNOWN.",noindex_target,The URL exists and stays noindex. Do not create a replacement page and do not force this URL into the index.
silk silk habotai,fabric_type,Commercial,/fabrics/silk-habotai/,secondary,"Mapped in fabstitch-keyword-map.csv onto an existing URL. Volume, difficulty, and rank are UNKNOWN.",noindex_target,The URL exists and stays noindex. Do not create a replacement page and do not force this URL into the index.
silk silk organza,fabric_type,Commercial,/fabrics/silk-organza/,secondary,"Mapped in fabstitch-keyword-map.csv onto an existing URL. Volume, difficulty, and rank are UNKNOWN.",noindex_target,The URL exists and stays noindex. Do not create a replacement page and do not force this URL into the index.
silk silk taffeta,fabric_type,Commercial,/fabrics/silk-taffeta/,secondary,"Mapped in fabstitch-keyword-map.csv onto an existing URL. Volume, difficulty, and rank are UNKNOWN.",noindex_target,The URL exists and stays noindex. Do not create a replacement page and do not force this URL into the index.
silk taffeta,fabric_type,Commercial,/fabrics/silk-taffeta/,secondary,"Mapped in fabstitch-keyword-map.csv onto an existing URL. Volume, difficulty, and rank are UNKNOWN.",noindex_target,The URL exists and stays noindex. Do not create a replacement page and do not force this URL into the index.
silk taffeta fabric online,fabric_type,Commercial,/fabrics/silk-taffeta/,secondary,"Mapped in fabstitch-keyword-map.csv onto an existing URL. Volume, difficulty, and rank are UNKNOWN.",noindex_target,The URL exists and stays noindex. Do not create a replacement page and do not force this URL into the index.
silk taffeta for full skirts,fabric_type,Commercial,/fabrics/silk-taffeta/,secondary,"Mapped in fabstitch-keyword-map.csv onto an existing URL. Volume, difficulty, and rank are UNKNOWN.",noindex_target,The URL exists and stays noindex. Do not create a replacement page and do not force this URL into the index.
silk taffeta for lightweight outerwear,fabric_type,Commercial,/fabrics/silk-taffeta/,secondary,"Mapped in fabstitch-keyword-map.csv onto an existing URL. Volume, difficulty, and rank are UNKNOWN.",noindex_target,The URL exists and stays noindex. Do not create a replacement page and do not force this URL into the index.
silk taffeta for occasionwear,fabric_type,Commercial,/fabrics/silk-taffeta/,secondary,"Mapped in fabstitch-keyword-map.csv onto an existing URL. Volume, difficulty, and rank are UNKNOWN.",noindex_target,The URL exists and stays noindex. Do not create a replacement page and do not force this URL into the index.
silk taffeta textile,fabric_type,Commercial,/fabrics/silk-taffeta/,secondary,"Mapped in fabstitch-keyword-map.csv onto an existing URL. Volume, difficulty, and rank are UNKNOWN.",noindex_target,The URL exists and stays noindex. Do not create a replacement page and do not force this URL into the index.
silk tussar,fabric_type,Commercial,/fabrics/silk-tussar/,secondary,"Mapped in fabstitch-keyword-map.csv onto an existing URL. Volume, difficulty, and rank are UNKNOWN.",noindex_target,The URL exists and stays noindex. Do not create a replacement page and do not force this URL into the index.
silk tussar fabric,fabric_type,Commercial,/fabrics/silk-tussar/,secondary,"Mapped in fabstitch-keyword-map.csv onto an existing URL. Volume, difficulty, and rank are UNKNOWN.",noindex_target,The URL exists and stays noindex. Do not create a replacement page and do not force this URL into the index.
silk tussar fabric online,fabric_type,Commercial,/fabrics/silk-tussar/,secondary,"Mapped in fabstitch-keyword-map.csv onto an existing URL. Volume, difficulty, and rank are UNKNOWN.",noindex_target,The URL exists and stays noindex. Do not create a replacement page and do not force this URL into the index.
silk tussar for full skirts,fabric_type,Commercial,/fabrics/silk-tussar/,secondary,"Mapped in fabstitch-keyword-map.csv onto an existing URL. Volume, difficulty, and rank are UNKNOWN.",noindex_target,The URL exists and stays noindex. Do not create a replacement page and do not force this URL into the index.
silk tussar for jackets,fabric_type,Commercial,/fabrics/silk-tussar/,secondary,"Mapped in fabstitch-keyword-map.csv onto an existing URL. Volume, difficulty, and rank are UNKNOWN.",noindex_target,The URL exists and stays noindex. Do not create a replacement page and do not force this URL into the index.
silk tussar for occasionwear,fabric_type,Commercial,/fabrics/silk-tussar/,secondary,"Mapped in fabstitch-keyword-map.csv onto an existing URL. Volume, difficulty, and rank are UNKNOWN.",noindex_target,The URL exists and stays noindex. Do not create a replacement page and do not force this URL into the index.
silk tussar textile,fabric_type,Commercial,/fabrics/silk-tussar/,secondary,"Mapped in fabstitch-keyword-map.csv onto an existing URL. Volume, difficulty, and rank are UNKNOWN.",noindex_target,The URL exists and stays noindex. Do not create a replacement page and do not force this URL into the index.
silk twill,fabric_type,Commercial,/fabrics/silk-twill/,secondary,"Mapped in fabstitch-keyword-map.csv onto an existing URL. Volume, difficulty, and rank are UNKNOWN.",noindex_target,The URL exists and stays noindex. Do not create a replacement page and do not force this URL into the index.
silk twill fabric,fabric_type,Commercial,/fabrics/silk-twill/,secondary,"Mapped in fabstitch-keyword-map.csv onto an existing URL. Volume, difficulty, and rank are UNKNOWN.",noindex_target,The URL exists and stays noindex. Do not create a replacement page and do not force this URL into the index.
silk twill fabric online,fabric_type,Commercial,/fabrics/silk-twill/,secondary,"Mapped in fabstitch-keyword-map.csv onto an existing URL. Volume, difficulty, and rank are UNKNOWN.",noindex_target,The URL exists and stays noindex. Do not create a replacement page and do not force this URL into the index.
silk twill for blouses,fabric_type,Commercial,/fabrics/silk-twill/,secondary,"Mapped in fabstitch-keyword-map.csv onto an existing URL. Volume, difficulty, and rank are UNKNOWN.",noindex_target,The URL exists and stays noindex. Do not create a replacement page and do not force this URL into the index.
silk twill for dresses,fabric_type,Commercial,/fabrics/silk-twill/,secondary,"Mapped in fabstitch-keyword-map.csv onto an existing URL. Volume, difficulty, and rank are UNKNOWN.",noindex_target,The URL exists and stays noindex. Do not create a replacement page and do not force this URL into the index.
silk twill for scarves,fabric_type,Commercial,/fabrics/silk-twill/,secondary,"Mapped in fabstitch-keyword-map.csv onto an existing URL. Volume, difficulty, and rank are UNKNOWN.",noindex_target,The URL exists and stays noindex. Do not create a replacement page and do not force this URL into the index.
silk twill textile,fabric_type,Commercial,/fabrics/silk-twill/,secondary,"Mapped in fabstitch-keyword-map.csv onto an existing URL. Volume, difficulty, and rank are UNKNOWN.",noindex_target,The URL exists and stays noindex. Do not create a replacement page and do not force this URL into the index.
silk-viscose velvet,fabric_type,Commercial,/fabrics/silk-viscose-velvet/,secondary,"Mapped in fabstitch-keyword-map.csv onto an existing URL. Volume, difficulty, and rank are UNKNOWN.",noindex_target,The URL exists and stays noindex. Do not create a replacement page and do not force this URL into the index.
silk-viscose velvet fabric,fabric_type,Commercial,/fabrics/silk-viscose-velvet/,secondary,"Mapped in fabstitch-keyword-map.csv onto an existing URL. Volume, difficulty, and rank are UNKNOWN.",noindex_target,The URL exists and stays noindex. Do not create a replacement page and do not force this URL into the index.
silk-viscose velvet fabric online,fabric_type,Commercial,/fabrics/silk-viscose-velvet/,secondary,"Mapped in fabstitch-keyword-map.csv onto an existing URL. Volume, difficulty, and rank are UNKNOWN.",noindex_target,The URL exists and stays noindex. Do not create a replacement page and do not force this URL into the index.
silk-viscose velvet for interiors,fabric_type,Commercial,/fabrics/silk-viscose-velvet/,secondary,"Mapped in fabstitch-keyword-map.csv onto an existing URL. Volume, difficulty, and rank are UNKNOWN.",noindex_target,The URL exists and stays noindex. Do not create a replacement page and do not force this URL into the index.
silk-viscose velvet for occasionwear,fabric_type,Commercial,/fabrics/silk-viscose-velvet/,secondary,"Mapped in fabstitch-keyword-map.csv onto an existing URL. Volume, difficulty, and rank are UNKNOWN.",noindex_target,The URL exists and stays noindex. Do not create a replacement page and do not force this URL into the index.
silk-viscose velvet textile,fabric_type,Commercial,/fabrics/silk-viscose-velvet/,secondary,"Mapped in fabstitch-keyword-map.csv onto an existing URL. Volume, difficulty, and rank are UNKNOWN.",noindex_target,The URL exists and stays noindex. Do not create a replacement page and do not force this URL into the index.
single jersey knit mercerized cotton jersey,fabric_type,Commercial,/fabrics/mercerized-cotton-jersey/,secondary,"Mapped in fabstitch-keyword-map.csv onto an existing URL. Volume, difficulty, and rank are UNKNOWN.",noindex_target,The URL exists and stays noindex. Do not create a replacement page and do not force this URL into the index.
single jersey knit pima cotton jersey,fabric_type,Commercial,/fabrics/pima-cotton-jersey/,secondary,"Mapped in fabstitch-keyword-map.csv onto an existing URL. Volume, difficulty, and rank are UNKNOWN.",noindex_target,The URL exists and stays noindex. Do not create a replacement page and do not force this URL into the index.
single jersey knit tencel jersey,fabric_type,Commercial,/fabrics/tencel-jersey/,secondary,"Mapped in fabstitch-keyword-map.csv onto an existing URL. Volume, difficulty, and rank are UNKNOWN.",noindex_target,The URL exists and stays noindex. Do not create a replacement page and do not force this URL into the index.
slub cotton,fabric_type,Commercial,/fabrics/slub-cotton/,secondary,"Mapped in fabstitch-keyword-map.csv onto an existing URL. Volume, difficulty, and rank are UNKNOWN.",noindex_target,The URL exists and stays noindex. Do not create a replacement page and do not force this URL into the index.
slub cotton fabric online,fabric_type,Commercial,/fabrics/slub-cotton/,secondary,"Mapped in fabstitch-keyword-map.csv onto an existing URL. Volume, difficulty, and rank are UNKNOWN.",noindex_target,The URL exists and stays noindex. Do not create a replacement page and do not force this URL into the index.
slub cotton lawn,fabric_type,Commercial,/fabrics/slub-cotton-lawn/,secondary,"Mapped in fabstitch-keyword-map.csv onto an existing URL. Volume, difficulty, and rank are UNKNOWN.",noindex_target,The URL exists and stays noindex. Do not create a replacement page and do not force this URL into the index.
slub cotton lawn fabric,fabric_type,Commercial,/fabrics/slub-cotton-lawn/,secondary,"Mapped in fabstitch-keyword-map.csv onto an existing URL. Volume, difficulty, and rank are UNKNOWN.",noindex_target,The URL exists and stays noindex. Do not create a replacement page and do not force this URL into the index.
slub cotton lawn fabric online,fabric_type,Commercial,/fabrics/slub-cotton-lawn/,secondary,"Mapped in fabstitch-keyword-map.csv onto an existing URL. Volume, difficulty, and rank are UNKNOWN.",noindex_target,The URL exists and stays noindex. Do not create a replacement page and do not force this URL into the index.
slub cotton lawn for blouses,fabric_type,Commercial,/fabrics/slub-cotton-lawn/,secondary,"Mapped in fabstitch-keyword-map.csv onto an existing URL. Volume, difficulty, and rank are UNKNOWN.",noindex_target,The URL exists and stays noindex. Do not create a replacement page and do not force this URL into the index.
slub cotton lawn for resortwear,fabric_type,Commercial,/fabrics/slub-cotton-lawn/,secondary,"Mapped in fabstitch-keyword-map.csv onto an existing URL. Volume, difficulty, and rank are UNKNOWN.",noindex_target,The URL exists and stays noindex. Do not create a replacement page and do not force this URL into the index.
slub cotton lawn for shirts,fabric_type,Commercial,/fabrics/slub-cotton-lawn/,secondary,"Mapped in fabstitch-keyword-map.csv onto an existing URL. Volume, difficulty, and rank are UNKNOWN.",noindex_target,The URL exists and stays noindex. Do not create a replacement page and do not force this URL into the index.
slub cotton lawn textile,fabric_type,Commercial,/fabrics/slub-cotton-lawn/,secondary,"Mapped in fabstitch-keyword-map.csv onto an existing URL. Volume, difficulty, and rank are UNKNOWN.",noindex_target,The URL exists and stays noindex. Do not create a replacement page and do not force this URL into the index.
slub cotton textile,fabric_type,Commercial,/fabrics/slub-cotton/,secondary,"Mapped in fabstitch-keyword-map.csv onto an existing URL. Volume, difficulty, and rank are UNKNOWN.",noindex_target,The URL exists and stays noindex. Do not create a replacement page and do not force this URL into the index.
slub french terry,fabric_type,Commercial,/fabrics/french-terry-slub/,secondary,"Mapped in fabstitch-keyword-map.csv onto an existing URL. Volume, difficulty, and rank are UNKNOWN.",noindex_target,The URL exists and stays noindex. Do not create a replacement page and do not force this URL into the index.
slub french terry fabric,fabric_type,Commercial,/fabrics/french-terry-slub/,secondary,"Mapped in fabstitch-keyword-map.csv onto an existing URL. Volume, difficulty, and rank are UNKNOWN.",noindex_target,The URL exists and stays noindex. Do not create a replacement page and do not force this URL into the index.
slub french terry fabric online,fabric_type,Commercial,/fabrics/french-terry-slub/,secondary,"Mapped in fabstitch-keyword-map.csv onto an existing URL. Volume, difficulty, and rank are UNKNOWN.",noindex_target,The URL exists and stays noindex. Do not create a replacement page and do not force this URL into the index.
slub french terry for knitwear,fabric_type,Commercial,/fabrics/french-terry-slub/,secondary,"Mapped in fabstitch-keyword-map.csv onto an existing URL. Volume, difficulty, and rank are UNKNOWN.",noindex_target,The URL exists and stays noindex. Do not create a replacement page and do not force this URL into the index.
slub french terry for layering pieces,fabric_type,Commercial,/fabrics/french-terry-slub/,secondary,"Mapped in fabstitch-keyword-map.csv onto an existing URL. Volume, difficulty, and rank are UNKNOWN.",noindex_target,The URL exists and stays noindex. Do not create a replacement page and do not force this URL into the index.
slub french terry for loungewear,fabric_type,Commercial,/fabrics/french-terry-slub/,secondary,"Mapped in fabstitch-keyword-map.csv onto an existing URL. Volume, difficulty, and rank are UNKNOWN.",noindex_target,The URL exists and stays noindex. Do not create a replacement page and do not force this URL into the index.
slub french terry knit slub french terry,fabric_type,Commercial,/fabrics/french-terry-slub/,secondary,"Mapped in fabstitch-keyword-map.csv onto an existing URL. Volume, difficulty, and rank are UNKNOWN.",noindex_target,The URL exists and stays noindex. Do not create a replacement page and do not force this URL into the index.
slub french terry textile,fabric_type,Commercial,/fabrics/french-terry-slub/,secondary,"Mapped in fabstitch-keyword-map.csv onto an existing URL. Volume, difficulty, and rank are UNKNOWN.",noindex_target,The URL exists and stays noindex. Do not create a replacement page and do not force this URL into the index.
soft oxford cotton,fabric_type,Commercial,/fabrics/soft-oxford-cotton/,secondary,"Mapped in fabstitch-keyword-map.csv onto an existing URL. Volume, difficulty, and rank are UNKNOWN.",noindex_target,The URL exists and stays noindex. Do not create a replacement page and do not force this URL into the index.
soft oxford cotton fabric,fabric_type,Commercial,/fabrics/soft-oxford-cotton/,secondary,"Mapped in fabstitch-keyword-map.csv onto an existing URL. Volume, difficulty, and rank are UNKNOWN.",noindex_target,The URL exists and stays noindex. Do not create a replacement page and do not force this URL into the index.
soft oxford cotton fabric online,fabric_type,Commercial,/fabrics/soft-oxford-cotton/,secondary,"Mapped in fabstitch-keyword-map.csv onto an existing URL. Volume, difficulty, and rank are UNKNOWN.",noindex_target,The URL exists and stays noindex. Do not create a replacement page and do not force this URL into the index.
soft oxford cotton for loungewear,fabric_type,Commercial,/fabrics/soft-oxford-cotton/,secondary,"Mapped in fabstitch-keyword-map.csv onto an existing URL. Volume, difficulty, and rank are UNKNOWN.",noindex_target,The URL exists and stays noindex. Do not create a replacement page and do not force this URL into the index.
soft oxford cotton for shirts,fabric_type,Commercial,/fabrics/soft-oxford-cotton/,secondary,"Mapped in fabstitch-keyword-map.csv onto an existing URL. Volume, difficulty, and rank are UNKNOWN.",noindex_target,The URL exists and stays noindex. Do not create a replacement page and do not force this URL into the index.
soft oxford cotton for workwear jackets,fabric_type,Commercial,/fabrics/soft-oxford-cotton/,secondary,"Mapped in fabstitch-keyword-map.csv onto an existing URL. Volume, difficulty, and rank are UNKNOWN.",noindex_target,The URL exists and stays noindex. Do not create a replacement page and do not force this URL into the index.
soft oxford cotton textile,fabric_type,Commercial,/fabrics/soft-oxford-cotton/,secondary,"Mapped in fabstitch-keyword-map.csv onto an existing URL. Volume, difficulty, and rank are UNKNOWN.",noindex_target,The URL exists and stays noindex. Do not create a replacement page and do not force this URL into the index.
stretch chiffon,performance,Commercial,/fabrics/stretch-chiffon/,secondary,"Mapped in fabstitch-keyword-map.csv onto an existing URL. Volume, difficulty, and rank are UNKNOWN.",noindex_target,The URL exists and stays noindex. Do not create a replacement page and do not force this URL into the index.
stretch chiffon fabric,performance,Commercial,/fabrics/stretch-chiffon/,secondary,"Mapped in fabstitch-keyword-map.csv onto an existing URL. Volume, difficulty, and rank are UNKNOWN.",noindex_target,The URL exists and stays noindex. Do not create a replacement page and do not force this URL into the index.
stretch chiffon fabric online,performance,Commercial,/fabrics/stretch-chiffon/,secondary,"Mapped in fabstitch-keyword-map.csv onto an existing URL. Volume, difficulty, and rank are UNKNOWN.",noindex_target,The URL exists and stays noindex. Do not create a replacement page and do not force this URL into the index.
stretch chiffon for blouses,performance,Commercial,/fabrics/stretch-chiffon/,secondary,"Mapped in fabstitch-keyword-map.csv onto an existing URL. Volume, difficulty, and rank are UNKNOWN.",noindex_target,The URL exists and stays noindex. Do not create a replacement page and do not force this URL into the index.
stretch chiffon for dresses,performance,Commercial,/fabrics/stretch-chiffon/,secondary,"Mapped in fabstitch-keyword-map.csv onto an existing URL. Volume, difficulty, and rank are UNKNOWN.",noindex_target,The URL exists and stays noindex. Do not create a replacement page and do not force this URL into the index.
stretch chiffon for overlays,performance,Commercial,/fabrics/stretch-chiffon/,secondary,"Mapped in fabstitch-keyword-map.csv onto an existing URL. Volume, difficulty, and rank are UNKNOWN.",noindex_target,The URL exists and stays noindex. Do not create a replacement page and do not force this URL into the index.
stretch chiffon textile,performance,Commercial,/fabrics/stretch-chiffon/,secondary,"Mapped in fabstitch-keyword-map.csv onto an existing URL. Volume, difficulty, and rank are UNKNOWN.",noindex_target,The URL exists and stays noindex. Do not create a replacement page and do not force this URL into the index.
stretch cotton piqué,performance,Commercial,/fabrics/stretch-cotton-pique/,secondary,"Mapped in fabstitch-keyword-map.csv onto an existing URL. Volume, difficulty, and rank are UNKNOWN.",noindex_target,The URL exists and stays noindex. Do not create a replacement page and do not force this URL into the index.
stretch cotton piqué fabric,performance,Commercial,/fabrics/stretch-cotton-pique/,secondary,"Mapped in fabstitch-keyword-map.csv onto an existing URL. Volume, difficulty, and rank are UNKNOWN.",noindex_target,The URL exists and stays noindex. Do not create a replacement page and do not force this URL into the index.
stretch cotton piqué fabric online,performance,Commercial,/fabrics/stretch-cotton-pique/,secondary,"Mapped in fabstitch-keyword-map.csv onto an existing URL. Volume, difficulty, and rank are UNKNOWN.",noindex_target,The URL exists and stays noindex. Do not create a replacement page and do not force this URL into the index.
stretch cotton piqué for activewear,performance,Commercial,/fabrics/stretch-cotton-pique/,secondary,"Mapped in fabstitch-keyword-map.csv onto an existing URL. Volume, difficulty, and rank are UNKNOWN.",noindex_target,The URL exists and stays noindex. Do not create a replacement page and do not force this URL into the index.
stretch cotton piqué for shirts,performance,Commercial,/fabrics/stretch-cotton-pique/,secondary,"Mapped in fabstitch-keyword-map.csv onto an existing URL. Volume, difficulty, and rank are UNKNOWN.",noindex_target,The URL exists and stays noindex. Do not create a replacement page and do not force this URL into the index.
stretch cotton piqué for workwear jackets,performance,Commercial,/fabrics/stretch-cotton-pique/,secondary,"Mapped in fabstitch-keyword-map.csv onto an existing URL. Volume, difficulty, and rank are UNKNOWN.",noindex_target,The URL exists and stays noindex. Do not create a replacement page and do not force this URL into the index.
stretch cotton piqué textile,performance,Commercial,/fabrics/stretch-cotton-pique/,secondary,"Mapped in fabstitch-keyword-map.csv onto an existing URL. Volume, difficulty, and rank are UNKNOWN.",noindex_target,The URL exists and stays noindex. Do not create a replacement page and do not force this URL into the index.
stretch french terry,performance,Commercial,/fabrics/french-terry-stretch/,secondary,"Mapped in fabstitch-keyword-map.csv onto an existing URL. Volume, difficulty, and rank are UNKNOWN.",noindex_target,The URL exists and stays noindex. Do not create a replacement page and do not force this URL into the index.
stretch french terry fabric,performance,Commercial,/fabrics/french-terry-stretch/,secondary,"Mapped in fabstitch-keyword-map.csv onto an existing URL. Volume, difficulty, and rank are UNKNOWN.",noindex_target,The URL exists and stays noindex. Do not create a replacement page and do not force this URL into the index.
stretch french terry fabric online,performance,Commercial,/fabrics/french-terry-stretch/,secondary,"Mapped in fabstitch-keyword-map.csv onto an existing URL. Volume, difficulty, and rank are UNKNOWN.",noindex_target,The URL exists and stays noindex. Do not create a replacement page and do not force this URL into the index.
stretch french terry for baselayers,performance,Commercial,/fabrics/french-terry-stretch/,secondary,"Mapped in fabstitch-keyword-map.csv onto an existing URL. Volume, difficulty, and rank are UNKNOWN.",noindex_target,The URL exists and stays noindex. Do not create a replacement page and do not force this URL into the index.
stretch french terry for knitwear,performance,Commercial,/fabrics/french-terry-stretch/,secondary,"Mapped in fabstitch-keyword-map.csv onto an existing URL. Volume, difficulty, and rank are UNKNOWN.",noindex_target,The URL exists and stays noindex. Do not create a replacement page and do not force this URL into the index.
stretch french terry for loungewear,performance,Commercial,/fabrics/french-terry-stretch/,secondary,"Mapped in fabstitch-keyword-map.csv onto an existing URL. Volume, difficulty, and rank are UNKNOWN.",noindex_target,The URL exists and stays noindex. Do not create a replacement page and do not force this URL into the index.
stretch french terry textile,performance,Commercial,/fabrics/french-terry-stretch/,secondary,"Mapped in fabstitch-keyword-map.csv onto an existing URL. Volume, difficulty, and rank are UNKNOWN.",noindex_target,The URL exists and stays noindex. Do not create a replacement page and do not force this URL into the index.
stretch oxford cotton,performance,Commercial,/fabrics/stretch-oxford-cotton/,secondary,"Mapped in fabstitch-keyword-map.csv onto an existing URL. Volume, difficulty, and rank are UNKNOWN.",noindex_target,The URL exists and stays noindex. Do not create a replacement page and do not force this URL into the index.
stretch oxford cotton fabric,performance,Commercial,/fabrics/stretch-oxford-cotton/,secondary,"Mapped in fabstitch-keyword-map.csv onto an existing URL. Volume, difficulty, and rank are UNKNOWN.",noindex_target,The URL exists and stays noindex. Do not create a replacement page and do not force this URL into the index.
stretch oxford cotton fabric online,performance,Commercial,/fabrics/stretch-oxford-cotton/,secondary,"Mapped in fabstitch-keyword-map.csv onto an existing URL. Volume, difficulty, and rank are UNKNOWN.",noindex_target,The URL exists and stays noindex. Do not create a replacement page and do not force this URL into the index.
stretch oxford cotton for shirts,performance,Commercial,/fabrics/stretch-oxford-cotton/,secondary,"Mapped in fabstitch-keyword-map.csv onto an existing URL. Volume, difficulty, and rank are UNKNOWN.",noindex_target,The URL exists and stays noindex. Do not create a replacement page and do not force this URL into the index.
stretch oxford cotton for workwear jackets,performance,Commercial,/fabrics/stretch-oxford-cotton/,secondary,"Mapped in fabstitch-keyword-map.csv onto an existing URL. Volume, difficulty, and rank are UNKNOWN.",noindex_target,The URL exists and stays noindex. Do not create a replacement page and do not force this URL into the index.
stretch oxford cotton textile,performance,Commercial,/fabrics/stretch-oxford-cotton/,secondary,"Mapped in fabstitch-keyword-map.csv onto an existing URL. Volume, difficulty, and rank are UNKNOWN.",noindex_target,The URL exists and stays noindex. Do not create a replacement page and do not force this URL into the index.
structured ponte,fabric_type,Commercial,/fabrics/ponte-structured/,secondary,"Mapped in fabstitch-keyword-map.csv onto an existing URL. Volume, difficulty, and rank are UNKNOWN.",noindex_target,The URL exists and stays noindex. Do not create a replacement page and do not force this URL into the index.
structured ponte fabric,fabric_type,Commercial,/fabrics/ponte-structured/,secondary,"Mapped in fabstitch-keyword-map.csv onto an existing URL. Volume, difficulty, and rank are UNKNOWN.",noindex_target,The URL exists and stays noindex. Do not create a replacement page and do not force this URL into the index.
structured ponte fabric online,fabric_type,Commercial,/fabrics/ponte-structured/,secondary,"Mapped in fabstitch-keyword-map.csv onto an existing URL. Volume, difficulty, and rank are UNKNOWN.",noindex_target,The URL exists and stays noindex. Do not create a replacement page and do not force this URL into the index.
structured ponte for jackets,fabric_type,Commercial,/fabrics/ponte-structured/,secondary,"Mapped in fabstitch-keyword-map.csv onto an existing URL. Volume, difficulty, and rank are UNKNOWN.",noindex_target,The URL exists and stays noindex. Do not create a replacement page and do not force this URL into the index.
structured ponte for trousers,fabric_type,Commercial,/fabrics/ponte-structured/,secondary,"Mapped in fabstitch-keyword-map.csv onto an existing URL. Volume, difficulty, and rank are UNKNOWN.",noindex_target,The URL exists and stays noindex. Do not create a replacement page and do not force this URL into the index.
structured ponte for workwear jackets,fabric_type,Commercial,/fabrics/ponte-structured/,secondary,"Mapped in fabstitch-keyword-map.csv onto an existing URL. Volume, difficulty, and rank are UNKNOWN.",noindex_target,The URL exists and stays noindex. Do not create a replacement page and do not force this URL into the index.
structured ponte textile,fabric_type,Commercial,/fabrics/ponte-structured/,secondary,"Mapped in fabstitch-keyword-map.csv onto an existing URL. Volume, difficulty, and rank are UNKNOWN.",noindex_target,The URL exists and stays noindex. Do not create a replacement page and do not force this URL into the index.
suede real suede,fabric_type,Commercial,/fabrics/real-suede/,secondary,"Mapped in fabstitch-keyword-map.csv onto an existing URL. Volume, difficulty, and rank are UNKNOWN.",noindex_target,The URL exists and stays noindex. Do not create a replacement page and do not force this URL into the index.
suede-effect woven,fabric_type,Commercial,/fabrics/suede-effect-woven/,secondary,"Mapped in fabstitch-keyword-map.csv onto an existing URL. Volume, difficulty, and rank are UNKNOWN.",noindex_target,The URL exists and stays noindex. Do not create a replacement page and do not force this URL into the index.
suede-effect woven fabric,fabric_type,Commercial,/fabrics/suede-effect-woven/,secondary,"Mapped in fabstitch-keyword-map.csv onto an existing URL. Volume, difficulty, and rank are UNKNOWN.",noindex_target,The URL exists and stays noindex. Do not create a replacement page and do not force this URL into the index.
suede-effect woven fabric online,fabric_type,Commercial,/fabrics/suede-effect-woven/,secondary,"Mapped in fabstitch-keyword-map.csv onto an existing URL. Volume, difficulty, and rank are UNKNOWN.",noindex_target,The URL exists and stays noindex. Do not create a replacement page and do not force this URL into the index.
suede-effect woven textile,fabric_type,Commercial,/fabrics/suede-effect-woven/,secondary,"Mapped in fabstitch-keyword-map.csv onto an existing URL. Volume, difficulty, and rank are UNKNOWN.",noindex_target,The URL exists and stays noindex. Do not create a replacement page and do not force this URL into the index.
super 110s-130s tropical wool,fabric_type,Commercial,/fabrics/tropical-wool-super-110s-130s/,secondary,"Mapped in fabstitch-keyword-map.csv onto an existing URL. Volume, difficulty, and rank are UNKNOWN.",noindex_target,The URL exists and stays noindex. Do not create a replacement page and do not force this URL into the index.
super 110s-130s tropical wool fabric,fabric_type,Commercial,/fabrics/tropical-wool-super-110s-130s/,secondary,"Mapped in fabstitch-keyword-map.csv onto an existing URL. Volume, difficulty, and rank are UNKNOWN.",noindex_target,The URL exists and stays noindex. Do not create a replacement page and do not force this URL into the index.
super 110s-130s tropical wool fabric online,fabric_type,Commercial,/fabrics/tropical-wool-super-110s-130s/,secondary,"Mapped in fabstitch-keyword-map.csv onto an existing URL. Volume, difficulty, and rank are UNKNOWN.",noindex_target,The URL exists and stays noindex. Do not create a replacement page and do not force this URL into the index.
super 110s-130s tropical wool for suiting,fabric_type,Commercial,/fabrics/tropical-wool-super-110s-130s/,secondary,"Mapped in fabstitch-keyword-map.csv onto an existing URL. Volume, difficulty, and rank are UNKNOWN.",noindex_target,The URL exists and stays noindex. Do not create a replacement page and do not force this URL into the index.
super 110s-130s tropical wool textile,fabric_type,Commercial,/fabrics/tropical-wool-super-110s-130s/,secondary,"Mapped in fabstitch-keyword-map.csv onto an existing URL. Volume, difficulty, and rank are UNKNOWN.",noindex_target,The URL exists and stays noindex. Do not create a replacement page and do not force this URL into the index.
tartan,fabric_type,Commercial,/fabrics/tartan/,secondary,"Mapped in fabstitch-keyword-map.csv onto an existing URL. Volume, difficulty, and rank are UNKNOWN.",noindex_target,The URL exists and stays noindex. Do not create a replacement page and do not force this URL into the index.
tartan fabric,fabric_type,Commercial,/fabrics/tartan/,secondary,"Mapped in fabstitch-keyword-map.csv onto an existing URL. Volume, difficulty, and rank are UNKNOWN.",noindex_target,The URL exists and stays noindex. Do not create a replacement page and do not force this URL into the index.
tartan fabric online,fabric_type,Commercial,/fabrics/tartan/,secondary,"Mapped in fabstitch-keyword-map.csv onto an existing URL. Volume, difficulty, and rank are UNKNOWN.",noindex_target,The URL exists and stays noindex. Do not create a replacement page and do not force this URL into the index.
tartan textile,fabric_type,Commercial,/fabrics/tartan/,secondary,"Mapped in fabstitch-keyword-map.csv onto an existing URL. Volume, difficulty, and rank are UNKNOWN.",noindex_target,The URL exists and stays noindex. Do not create a replacement page and do not force this URL into the index.
technical voile,fabric_type,Commercial,/fabrics/technical-voile/,secondary,"Mapped in fabstitch-keyword-map.csv onto an existing URL. Volume, difficulty, and rank are UNKNOWN.",noindex_target,The URL exists and stays noindex. Do not create a replacement page and do not force this URL into the index.
technical voile fabric,fabric_type,Commercial,/fabrics/technical-voile/,secondary,"Mapped in fabstitch-keyword-map.csv onto an existing URL. Volume, difficulty, and rank are UNKNOWN.",noindex_target,The URL exists and stays noindex. Do not create a replacement page and do not force this URL into the index.
technical voile fabric online,fabric_type,Commercial,/fabrics/technical-voile/,secondary,"Mapped in fabstitch-keyword-map.csv onto an existing URL. Volume, difficulty, and rank are UNKNOWN.",noindex_target,The URL exists and stays noindex. Do not create a replacement page and do not force this URL into the index.
technical voile for curtains,application,Commercial,/fabrics/technical-voile/,secondary,"Mapped in fabstitch-keyword-map.csv onto an existing URL. Volume, difficulty, and rank are UNKNOWN.",noindex_target,The URL exists and stays noindex. Do not create a replacement page and do not force this URL into the index.
technical voile for sheers,fabric_type,Commercial,/fabrics/technical-voile/,secondary,"Mapped in fabstitch-keyword-map.csv onto an existing URL. Volume, difficulty, and rank are UNKNOWN.",noindex_target,The URL exists and stays noindex. Do not create a replacement page and do not force this URL into the index.
technical voile textile,fabric_type,Commercial,/fabrics/technical-voile/,secondary,"Mapped in fabstitch-keyword-map.csv onto an existing URL. Volume, difficulty, and rank are UNKNOWN.",noindex_target,The URL exists and stays noindex. Do not create a replacement page and do not force this URL into the index.
technical wool membrane-backed covert,fabric_type,Commercial,/fabrics/membrane-backed-covert/,secondary,"Mapped in fabstitch-keyword-map.csv onto an existing URL. Volume, difficulty, and rank are UNKNOWN.",noindex_target,The URL exists and stays noindex. Do not create a replacement page and do not force this URL into the index.
technical wool membrane-backed gabardine,fabric_type,Commercial,/fabrics/membrane-backed-gabardine/,secondary,"Mapped in fabstitch-keyword-map.csv onto an existing URL. Volume, difficulty, and rank are UNKNOWN.",noindex_target,The URL exists and stays noindex. Do not create a replacement page and do not force this URL into the index.
tencel cotton poplin,fabric_type,Commercial,/fabrics/tencel-cotton-poplin/,secondary,"Mapped in fabstitch-keyword-map.csv onto an existing URL. Volume, difficulty, and rank are UNKNOWN.",noindex_target,The URL exists and stays noindex. Do not create a replacement page and do not force this URL into the index.
tencel cotton poplin fabric,fabric_type,Commercial,/fabrics/tencel-cotton-poplin/,secondary,"Mapped in fabstitch-keyword-map.csv onto an existing URL. Volume, difficulty, and rank are UNKNOWN.",noindex_target,The URL exists and stays noindex. Do not create a replacement page and do not force this URL into the index.
tencel cotton poplin fabric online,fabric_type,Commercial,/fabrics/tencel-cotton-poplin/,secondary,"Mapped in fabstitch-keyword-map.csv onto an existing URL. Volume, difficulty, and rank are UNKNOWN.",noindex_target,The URL exists and stays noindex. Do not create a replacement page and do not force this URL into the index.
tencel cotton poplin for blouses,fabric_type,Commercial,/fabrics/tencel-cotton-poplin/,secondary,"Mapped in fabstitch-keyword-map.csv onto an existing URL. Volume, difficulty, and rank are UNKNOWN.",noindex_target,The URL exists and stays noindex. Do not create a replacement page and do not force this URL into the index.
tencel cotton poplin for dresses,fabric_type,Commercial,/fabrics/tencel-cotton-poplin/,secondary,"Mapped in fabstitch-keyword-map.csv onto an existing URL. Volume, difficulty, and rank are UNKNOWN.",noindex_target,The URL exists and stays noindex. Do not create a replacement page and do not force this URL into the index.
tencel cotton poplin for shirts,fabric_type,Commercial,/fabrics/tencel-cotton-poplin/,secondary,"Mapped in fabstitch-keyword-map.csv onto an existing URL. Volume, difficulty, and rank are UNKNOWN.",noindex_target,The URL exists and stays noindex. Do not create a replacement page and do not force this URL into the index.
tencel cotton poplin textile,fabric_type,Commercial,/fabrics/tencel-cotton-poplin/,secondary,"Mapped in fabstitch-keyword-map.csv onto an existing URL. Volume, difficulty, and rank are UNKNOWN.",noindex_target,The URL exists and stays noindex. Do not create a replacement page and do not force this URL into the index.
tencel denim,fabric_type,Commercial,/fabrics/tencel-denim/,secondary,"Mapped in fabstitch-keyword-map.csv onto an existing URL. Volume, difficulty, and rank are UNKNOWN.",noindex_target,The URL exists and stays noindex. Do not create a replacement page and do not force this URL into the index.
tencel denim fabric,fabric_type,Commercial,/fabrics/tencel-denim/,secondary,"Mapped in fabstitch-keyword-map.csv onto an existing URL. Volume, difficulty, and rank are UNKNOWN.",noindex_target,The URL exists and stays noindex. Do not create a replacement page and do not force this URL into the index.
tencel denim fabric online,fabric_type,Commercial,/fabrics/tencel-denim/,secondary,"Mapped in fabstitch-keyword-map.csv onto an existing URL. Volume, difficulty, and rank are UNKNOWN.",noindex_target,The URL exists and stays noindex. Do not create a replacement page and do not force this URL into the index.
tencel denim for jackets,fabric_type,Commercial,/fabrics/tencel-denim/,secondary,"Mapped in fabstitch-keyword-map.csv onto an existing URL. Volume, difficulty, and rank are UNKNOWN.",noindex_target,The URL exists and stays noindex. Do not create a replacement page and do not force this URL into the index.
tencel denim for knitwear,fabric_type,Commercial,/fabrics/tencel-denim/,secondary,"Mapped in fabstitch-keyword-map.csv onto an existing URL. Volume, difficulty, and rank are UNKNOWN.",noindex_target,The URL exists and stays noindex. Do not create a replacement page and do not force this URL into the index.
tencel denim for trousers,fabric_type,Commercial,/fabrics/tencel-denim/,secondary,"Mapped in fabstitch-keyword-map.csv onto an existing URL. Volume, difficulty, and rank are UNKNOWN.",noindex_target,The URL exists and stays noindex. Do not create a replacement page and do not force this URL into the index.
tencel denim textile,fabric_type,Commercial,/fabrics/tencel-denim/,secondary,"Mapped in fabstitch-keyword-map.csv onto an existing URL. Volume, difficulty, and rank are UNKNOWN.",noindex_target,The URL exists and stays noindex. Do not create a replacement page and do not force this URL into the index.
tencel jersey,fabric_type,Commercial,/fabrics/tencel-jersey/,secondary,"Mapped in fabstitch-keyword-map.csv onto an existing URL. Volume, difficulty, and rank are UNKNOWN.",noindex_target,The URL exists and stays noindex. Do not create a replacement page and do not force this URL into the index.
tencel jersey fabric,fabric_type,Commercial,/fabrics/tencel-jersey/,secondary,"Mapped in fabstitch-keyword-map.csv onto an existing URL. Volume, difficulty, and rank are UNKNOWN.",noindex_target,The URL exists and stays noindex. Do not create a replacement page and do not force this URL into the index.
tencel jersey fabric online,fabric_type,Commercial,/fabrics/tencel-jersey/,secondary,"Mapped in fabstitch-keyword-map.csv onto an existing URL. Volume, difficulty, and rank are UNKNOWN.",noindex_target,The URL exists and stays noindex. Do not create a replacement page and do not force this URL into the index.
tencel jersey for baselayers,fabric_type,Commercial,/fabrics/tencel-jersey/,secondary,"Mapped in fabstitch-keyword-map.csv onto an existing URL. Volume, difficulty, and rank are UNKNOWN.",noindex_target,The URL exists and stays noindex. Do not create a replacement page and do not force this URL into the index.
tencel jersey for dresses,fabric_type,Commercial,/fabrics/tencel-jersey/,secondary,"Mapped in fabstitch-keyword-map.csv onto an existing URL. Volume, difficulty, and rank are UNKNOWN.",noindex_target,The URL exists and stays noindex. Do not create a replacement page and do not force this URL into the index.
tencel jersey for knitwear,fabric_type,Commercial,/fabrics/tencel-jersey/,secondary,"Mapped in fabstitch-keyword-map.csv onto an existing URL. Volume, difficulty, and rank are UNKNOWN.",noindex_target,The URL exists and stays noindex. Do not create a replacement page and do not force this URL into the index.
tencel jersey textile,fabric_type,Commercial,/fabrics/tencel-jersey/,secondary,"Mapped in fabstitch-keyword-map.csv onto an existing URL. Volume, difficulty, and rank are UNKNOWN.",noindex_target,The URL exists and stays noindex. Do not create a replacement page and do not force this URL into the index.
tencel linen blend,fabric_type,Commercial,/fabrics/tencel-linen-blend/,secondary,"Mapped in fabstitch-keyword-map.csv onto an existing URL. Volume, difficulty, and rank are UNKNOWN.",noindex_target,The URL exists and stays noindex. Do not create a replacement page and do not force this URL into the index.
tencel linen blend fabric,fabric_type,Commercial,/fabrics/tencel-linen-blend/,secondary,"Mapped in fabstitch-keyword-map.csv onto an existing URL. Volume, difficulty, and rank are UNKNOWN.",noindex_target,The URL exists and stays noindex. Do not create a replacement page and do not force this URL into the index.
tencel linen blend fabric online,fabric_type,Commercial,/fabrics/tencel-linen-blend/,secondary,"Mapped in fabstitch-keyword-map.csv onto an existing URL. Volume, difficulty, and rank are UNKNOWN.",noindex_target,The URL exists and stays noindex. Do not create a replacement page and do not force this URL into the index.
tencel linen blend for dresses,fabric_type,Commercial,/fabrics/tencel-linen-blend/,secondary,"Mapped in fabstitch-keyword-map.csv onto an existing URL. Volume, difficulty, and rank are UNKNOWN.",noindex_target,The URL exists and stays noindex. Do not create a replacement page and do not force this URL into the index.
tencel linen blend for resortwear,fabric_type,Commercial,/fabrics/tencel-linen-blend/,secondary,"Mapped in fabstitch-keyword-map.csv onto an existing URL. Volume, difficulty, and rank are UNKNOWN.",noindex_target,The URL exists and stays noindex. Do not create a replacement page and do not force this URL into the index.
tencel linen blend for shirts,fabric_type,Commercial,/fabrics/tencel-linen-blend/,secondary,"Mapped in fabstitch-keyword-map.csv onto an existing URL. Volume, difficulty, and rank are UNKNOWN.",noindex_target,The URL exists and stays noindex. Do not create a replacement page and do not force this URL into the index.
tencel linen blend textile,fabric_type,Commercial,/fabrics/tencel-linen-blend/,secondary,"Mapped in fabstitch-keyword-map.csv onto an existing URL. Volume, difficulty, and rank are UNKNOWN.",noindex_target,The URL exists and stays noindex. Do not create a replacement page and do not force this URL into the index.
tencel plain weave,fabric_type,Commercial,/fabrics/tencel-plain-weave/,secondary,"Mapped in fabstitch-keyword-map.csv onto an existing URL. Volume, difficulty, and rank are UNKNOWN.",noindex_target,The URL exists and stays noindex. Do not create a replacement page and do not force this URL into the index.
tencel plain weave fabric,fabric_type,Commercial,/fabrics/tencel-plain-weave/,secondary,"Mapped in fabstitch-keyword-map.csv onto an existing URL. Volume, difficulty, and rank are UNKNOWN.",noindex_target,The URL exists and stays noindex. Do not create a replacement page and do not force this URL into the index.
tencel plain weave fabric online,fabric_type,Commercial,/fabrics/tencel-plain-weave/,secondary,"Mapped in fabstitch-keyword-map.csv onto an existing URL. Volume, difficulty, and rank are UNKNOWN.",noindex_target,The URL exists and stays noindex. Do not create a replacement page and do not force this URL into the index.
tencel plain weave for blouses,fabric_type,Commercial,/fabrics/tencel-plain-weave/,secondary,"Mapped in fabstitch-keyword-map.csv onto an existing URL. Volume, difficulty, and rank are UNKNOWN.",noindex_target,The URL exists and stays noindex. Do not create a replacement page and do not force this URL into the index.
tencel plain weave for dresses,fabric_type,Commercial,/fabrics/tencel-plain-weave/,secondary,"Mapped in fabstitch-keyword-map.csv onto an existing URL. Volume, difficulty, and rank are UNKNOWN.",noindex_target,The URL exists and stays noindex. Do not create a replacement page and do not force this URL into the index.
tencel plain weave for shirts,fabric_type,Commercial,/fabrics/tencel-plain-weave/,secondary,"Mapped in fabstitch-keyword-map.csv onto an existing URL. Volume, difficulty, and rank are UNKNOWN.",noindex_target,The URL exists and stays noindex. Do not create a replacement page and do not force this URL into the index.
tencel plain weave textile,fabric_type,Commercial,/fabrics/tencel-plain-weave/,secondary,"Mapped in fabstitch-keyword-map.csv onto an existing URL. Volume, difficulty, and rank are UNKNOWN.",noindex_target,The URL exists and stays noindex. Do not create a replacement page and do not force this URL into the index.
tencel sateen,fabric_type,Commercial,/fabrics/tencel-sateen/,secondary,"Mapped in fabstitch-keyword-map.csv onto an existing URL. Volume, difficulty, and rank are UNKNOWN.",noindex_target,The URL exists and stays noindex. Do not create a replacement page and do not force this URL into the index.
tencel sateen fabric,fabric_type,Commercial,/fabrics/tencel-sateen/,secondary,"Mapped in fabstitch-keyword-map.csv onto an existing URL. Volume, difficulty, and rank are UNKNOWN.",noindex_target,The URL exists and stays noindex. Do not create a replacement page and do not force this URL into the index.
tencel sateen fabric online,fabric_type,Commercial,/fabrics/tencel-sateen/,secondary,"Mapped in fabstitch-keyword-map.csv onto an existing URL. Volume, difficulty, and rank are UNKNOWN.",noindex_target,The URL exists and stays noindex. Do not create a replacement page and do not force this URL into the index.
tencel sateen for blouses,fabric_type,Commercial,/fabrics/tencel-sateen/,secondary,"Mapped in fabstitch-keyword-map.csv onto an existing URL. Volume, difficulty, and rank are UNKNOWN.",noindex_target,The URL exists and stays noindex. Do not create a replacement page and do not force this URL into the index.
tencel sateen for dresses,fabric_type,Commercial,/fabrics/tencel-sateen/,secondary,"Mapped in fabstitch-keyword-map.csv onto an existing URL. Volume, difficulty, and rank are UNKNOWN.",noindex_target,The URL exists and stays noindex. Do not create a replacement page and do not force this URL into the index.
tencel sateen for linings,fabric_type,Commercial,/fabrics/tencel-sateen/,secondary,"Mapped in fabstitch-keyword-map.csv onto an existing URL. Volume, difficulty, and rank are UNKNOWN.",noindex_target,The URL exists and stays noindex. Do not create a replacement page and do not force this URL into the index.
tencel sateen textile,fabric_type,Commercial,/fabrics/tencel-sateen/,secondary,"Mapped in fabstitch-keyword-map.csv onto an existing URL. Volume, difficulty, and rank are UNKNOWN.",noindex_target,The URL exists and stays noindex. Do not create a replacement page and do not force this URL into the index.
tencel shirting,fabric_type,Commercial,/fabrics/tencel-shirting/,secondary,"Mapped in fabstitch-keyword-map.csv onto an existing URL. Volume, difficulty, and rank are UNKNOWN.",noindex_target,The URL exists and stays noindex. Do not create a replacement page and do not force this URL into the index.
tencel shirting fabric,fabric_type,Commercial,/fabrics/tencel-shirting/,secondary,"Mapped in fabstitch-keyword-map.csv onto an existing URL. Volume, difficulty, and rank are UNKNOWN.",noindex_target,The URL exists and stays noindex. Do not create a replacement page and do not force this URL into the index.
tencel shirting fabric online,fabric_type,Commercial,/fabrics/tencel-shirting/,secondary,"Mapped in fabstitch-keyword-map.csv onto an existing URL. Volume, difficulty, and rank are UNKNOWN.",noindex_target,The URL exists and stays noindex. Do not create a replacement page and do not force this URL into the index.
tencel shirting for blouses,fabric_type,Commercial,/fabrics/tencel-shirting/,secondary,"Mapped in fabstitch-keyword-map.csv onto an existing URL. Volume, difficulty, and rank are UNKNOWN.",noindex_target,The URL exists and stays noindex. Do not create a replacement page and do not force this URL into the index.
tencel shirting for dresses,fabric_type,Commercial,/fabrics/tencel-shirting/,secondary,"Mapped in fabstitch-keyword-map.csv onto an existing URL. Volume, difficulty, and rank are UNKNOWN.",noindex_target,The URL exists and stays noindex. Do not create a replacement page and do not force this URL into the index.
tencel shirting for shirts,fabric_type,Commercial,/fabrics/tencel-shirting/,secondary,"Mapped in fabstitch-keyword-map.csv onto an existing URL. Volume, difficulty, and rank are UNKNOWN.",noindex_target,The URL exists and stays noindex. Do not create a replacement page and do not force this URL into the index.
tencel shirting textile,fabric_type,Commercial,/fabrics/tencel-shirting/,secondary,"Mapped in fabstitch-keyword-map.csv onto an existing URL. Volume, difficulty, and rank are UNKNOWN.",noindex_target,The URL exists and stays noindex. Do not create a replacement page and do not force this URL into the index.
tencel twill,fabric_type,Commercial,/fabrics/tencel-twill/,secondary,"Mapped in fabstitch-keyword-map.csv onto an existing URL. Volume, difficulty, and rank are UNKNOWN.",noindex_target,The URL exists and stays noindex. Do not create a replacement page and do not force this URL into the index.
tencel twill fabric,fabric_type,Commercial,/fabrics/tencel-twill/,secondary,"Mapped in fabstitch-keyword-map.csv onto an existing URL. Volume, difficulty, and rank are UNKNOWN.",noindex_target,The URL exists and stays noindex. Do not create a replacement page and do not force this URL into the index.
tencel twill fabric online,fabric_type,Commercial,/fabrics/tencel-twill/,secondary,"Mapped in fabstitch-keyword-map.csv onto an existing URL. Volume, difficulty, and rank are UNKNOWN.",noindex_target,The URL exists and stays noindex. Do not create a replacement page and do not force this URL into the index.
tencel twill for dresses,fabric_type,Commercial,/fabrics/tencel-twill/,secondary,"Mapped in fabstitch-keyword-map.csv onto an existing URL. Volume, difficulty, and rank are UNKNOWN.",noindex_target,The URL exists and stays noindex. Do not create a replacement page and do not force this URL into the index.
tencel twill for shirts,fabric_type,Commercial,/fabrics/tencel-twill/,secondary,"Mapped in fabstitch-keyword-map.csv onto an existing URL. Volume, difficulty, and rank are UNKNOWN.",noindex_target,The URL exists and stays noindex. Do not create a replacement page and do not force this URL into the index.
tencel twill for trousers,fabric_type,Commercial,/fabrics/tencel-twill/,secondary,"Mapped in fabstitch-keyword-map.csv onto an existing URL. Volume, difficulty, and rank are UNKNOWN.",noindex_target,The URL exists and stays noindex. Do not create a replacement page and do not force this URL into the index.
tencel twill textile,fabric_type,Commercial,/fabrics/tencel-twill/,secondary,"Mapped in fabstitch-keyword-map.csv onto an existing URL. Volume, difficulty, and rank are UNKNOWN.",noindex_target,The URL exists and stays noindex. Do not create a replacement page and do not force this URL into the index.
three-part hybrid wool-technical hybrid,fabric_type,Commercial,/fabrics/wool-technical-hybrid/,secondary,"Mapped in fabstitch-keyword-map.csv onto an existing URL. Volume, difficulty, and rank are UNKNOWN.",noindex_target,The URL exists and stays noindex. Do not create a replacement page and do not force this URL into the index.
travel ponte,fabric_type,Commercial,/fabrics/ponte-travel/,secondary,"Mapped in fabstitch-keyword-map.csv onto an existing URL. Volume, difficulty, and rank are UNKNOWN.",noindex_target,The URL exists and stays noindex. Do not create a replacement page and do not force this URL into the index.
travel ponte fabric,fabric_type,Commercial,/fabrics/ponte-travel/,secondary,"Mapped in fabstitch-keyword-map.csv onto an existing URL. Volume, difficulty, and rank are UNKNOWN.",noindex_target,The URL exists and stays noindex. Do not create a replacement page and do not force this URL into the index.
travel ponte fabric online,fabric_type,Commercial,/fabrics/ponte-travel/,secondary,"Mapped in fabstitch-keyword-map.csv onto an existing URL. Volume, difficulty, and rank are UNKNOWN.",noindex_target,The URL exists and stays noindex. Do not create a replacement page and do not force this URL into the index.
travel ponte for citywear,fabric_type,Commercial,/fabrics/ponte-travel/,secondary,"Mapped in fabstitch-keyword-map.csv onto an existing URL. Volume, difficulty, and rank are UNKNOWN.",noindex_target,The URL exists and stays noindex. Do not create a replacement page and do not force this URL into the index.
travel ponte for dresses,fabric_type,Commercial,/fabrics/ponte-travel/,secondary,"Mapped in fabstitch-keyword-map.csv onto an existing URL. Volume, difficulty, and rank are UNKNOWN.",noindex_target,The URL exists and stays noindex. Do not create a replacement page and do not force this URL into the index.
travel ponte for trousers,fabric_type,Commercial,/fabrics/ponte-travel/,secondary,"Mapped in fabstitch-keyword-map.csv onto an existing URL. Volume, difficulty, and rank are UNKNOWN.",noindex_target,The URL exists and stays noindex. Do not create a replacement page and do not force this URL into the index.
travel ponte textile,fabric_type,Commercial,/fabrics/ponte-travel/,secondary,"Mapped in fabstitch-keyword-map.csv onto an existing URL. Volume, difficulty, and rank are UNKNOWN.",noindex_target,The URL exists and stays noindex. Do not create a replacement page and do not force this URL into the index.
tropical wool super 110s-130s tropical wool,fabric_type,Commercial,/fabrics/tropical-wool-super-110s-130s/,secondary,"Mapped in fabstitch-keyword-map.csv onto an existing URL. Volume, difficulty, and rank are UNKNOWN.",noindex_target,The URL exists and stays noindex. Do not create a replacement page and do not force this URL into the index.
twill weave silk twill,fabric_type,Commercial,/fabrics/silk-twill/,secondary,"Mapped in fabstitch-keyword-map.csv onto an existing URL. Volume, difficulty, and rank are UNKNOWN.",noindex_target,The URL exists and stays noindex. Do not create a replacement page and do not force this URL into the index.
twill weave wool viscose twill,fabric_type,Commercial,/fabrics/wool-viscose-twill/,secondary,"Mapped in fabstitch-keyword-map.csv onto an existing URL. Volume, difficulty, and rank are UNKNOWN.",noindex_target,The URL exists and stays noindex. Do not create a replacement page and do not force this URL into the index.
two faces bonded or woven double-face wool,fabric_type,Commercial,/fabrics/double-face-wool/,secondary,"Mapped in fabstitch-keyword-map.csv onto an existing URL. Volume, difficulty, and rank are UNKNOWN.",noindex_target,The URL exists and stays noindex. Do not create a replacement page and do not force this URL into the index.
two-layer plain weave double-layer chiffon,fabric_type,Commercial,/fabrics/double-layer-chiffon/,secondary,"Mapped in fabstitch-keyword-map.csv onto an existing URL. Volume, difficulty, and rank are UNKNOWN.",noindex_target,The URL exists and stays noindex. Do not create a replacement page and do not force this URL into the index.
ultra-light semi-sheer lounge knit,fabric_type,Commercial,/fabrics/ultra-light-semi-sheer-lounge-knit/,secondary,"Mapped in fabstitch-keyword-map.csv onto an existing URL. Volume, difficulty, and rank are UNKNOWN.",noindex_target,The URL exists and stays noindex. Do not create a replacement page and do not force this URL into the index.
ultra-light semi-sheer lounge knit fabric,fabric_type,Commercial,/fabrics/ultra-light-semi-sheer-lounge-knit/,secondary,"Mapped in fabstitch-keyword-map.csv onto an existing URL. Volume, difficulty, and rank are UNKNOWN.",noindex_target,The URL exists and stays noindex. Do not create a replacement page and do not force this URL into the index.
ultra-light semi-sheer lounge knit fabric online,fabric_type,Commercial,/fabrics/ultra-light-semi-sheer-lounge-knit/,secondary,"Mapped in fabstitch-keyword-map.csv onto an existing URL. Volume, difficulty, and rank are UNKNOWN.",noindex_target,The URL exists and stays noindex. Do not create a replacement page and do not force this URL into the index.
ultra-light semi-sheer lounge knit for loungewear,fabric_type,Commercial,/fabrics/ultra-light-semi-sheer-lounge-knit/,secondary,"Mapped in fabstitch-keyword-map.csv onto an existing URL. Volume, difficulty, and rank are UNKNOWN.",noindex_target,The URL exists and stays noindex. Do not create a replacement page and do not force this URL into the index.
ultra-light semi-sheer lounge knit textile,fabric_type,Commercial,/fabrics/ultra-light-semi-sheer-lounge-knit/,secondary,"Mapped in fabstitch-keyword-map.csv onto an existing URL. Volume, difficulty, and rank are UNKNOWN.",noindex_target,The URL exists and stays noindex. Do not create a replacement page and do not force this URL into the index.
undyed wool rug,fabric_type,Commercial,/fabrics/undyed-wool-rug/,secondary,"Mapped in fabstitch-keyword-map.csv onto an existing URL. Volume, difficulty, and rank are UNKNOWN.",noindex_target,The URL exists and stays noindex. Do not create a replacement page and do not force this URL into the index.
undyed wool rug fabric,fabric_type,Commercial,/fabrics/undyed-wool-rug/,secondary,"Mapped in fabstitch-keyword-map.csv onto an existing URL. Volume, difficulty, and rank are UNKNOWN.",noindex_target,The URL exists and stays noindex. Do not create a replacement page and do not force this URL into the index.
undyed wool rug fabric online,fabric_type,Commercial,/fabrics/undyed-wool-rug/,secondary,"Mapped in fabstitch-keyword-map.csv onto an existing URL. Volume, difficulty, and rank are UNKNOWN.",noindex_target,The URL exists and stays noindex. Do not create a replacement page and do not force this URL into the index.
undyed wool rug for rugs,fabric_type,Commercial,/fabrics/undyed-wool-rug/,secondary,"Mapped in fabstitch-keyword-map.csv onto an existing URL. Volume, difficulty, and rank are UNKNOWN.",noindex_target,The URL exists and stays noindex. Do not create a replacement page and do not force this URL into the index.
undyed wool rug textile,fabric_type,Commercial,/fabrics/undyed-wool-rug/,secondary,"Mapped in fabstitch-keyword-map.csv onto an existing URL. Volume, difficulty, and rank are UNKNOWN.",noindex_target,The URL exists and stays noindex. Do not create a replacement page and do not force this URL into the index.
upholstery bouclé,application,Commercial,/fabrics/upholstery-boucle/,secondary,"Mapped in fabstitch-keyword-map.csv onto an existing URL. Volume, difficulty, and rank are UNKNOWN.",noindex_target,The URL exists and stays noindex. Do not create a replacement page and do not force this URL into the index.
upholstery bouclé fabric,application,Commercial,/fabrics/upholstery-boucle/,secondary,"Mapped in fabstitch-keyword-map.csv onto an existing URL. Volume, difficulty, and rank are UNKNOWN.",noindex_target,The URL exists and stays noindex. Do not create a replacement page and do not force this URL into the index.
upholstery bouclé fabric online,application,Commercial,/fabrics/upholstery-boucle/,secondary,"Mapped in fabstitch-keyword-map.csv onto an existing URL. Volume, difficulty, and rank are UNKNOWN.",noindex_target,The URL exists and stays noindex. Do not create a replacement page and do not force this URL into the index.
upholstery bouclé for upholstery,application,Commercial,/fabrics/upholstery-boucle/,secondary,"Mapped in fabstitch-keyword-map.csv onto an existing URL. Volume, difficulty, and rank are UNKNOWN.",noindex_target,The URL exists and stays noindex. Do not create a replacement page and do not force this URL into the index.
upholstery bouclé textile,application,Commercial,/fabrics/upholstery-boucle/,secondary,"Mapped in fabstitch-keyword-map.csv onto an existing URL. Volume, difficulty, and rank are UNKNOWN.",noindex_target,The URL exists and stays noindex. Do not create a replacement page and do not force this URL into the index.
voile lawn,fabric_type,Commercial,/fabrics/voile-lawn/,secondary,"Mapped in fabstitch-keyword-map.csv onto an existing URL. Volume, difficulty, and rank are UNKNOWN.",noindex_target,The URL exists and stays noindex. Do not create a replacement page and do not force this URL into the index.
voile lawn fabric,fabric_type,Commercial,/fabrics/voile-lawn/,secondary,"Mapped in fabstitch-keyword-map.csv onto an existing URL. Volume, difficulty, and rank are UNKNOWN.",noindex_target,The URL exists and stays noindex. Do not create a replacement page and do not force this URL into the index.
voile lawn fabric online,fabric_type,Commercial,/fabrics/voile-lawn/,secondary,"Mapped in fabstitch-keyword-map.csv onto an existing URL. Volume, difficulty, and rank are UNKNOWN.",noindex_target,The URL exists and stays noindex. Do not create a replacement page and do not force this URL into the index.
voile lawn for blouses,fabric_type,Commercial,/fabrics/voile-lawn/,secondary,"Mapped in fabstitch-keyword-map.csv onto an existing URL. Volume, difficulty, and rank are UNKNOWN.",noindex_target,The URL exists and stays noindex. Do not create a replacement page and do not force this URL into the index.
voile lawn for dresses,fabric_type,Commercial,/fabrics/voile-lawn/,secondary,"Mapped in fabstitch-keyword-map.csv onto an existing URL. Volume, difficulty, and rank are UNKNOWN.",noindex_target,The URL exists and stays noindex. Do not create a replacement page and do not force this URL into the index.
voile lawn for overlays,fabric_type,Commercial,/fabrics/voile-lawn/,secondary,"Mapped in fabstitch-keyword-map.csv onto an existing URL. Volume, difficulty, and rank are UNKNOWN.",noindex_target,The URL exists and stays noindex. Do not create a replacement page and do not force this URL into the index.
voile lawn textile,fabric_type,Commercial,/fabrics/voile-lawn/,secondary,"Mapped in fabstitch-keyword-map.csv onto an existing URL. Volume, difficulty, and rank are UNKNOWN.",noindex_target,The URL exists and stays noindex. Do not create a replacement page and do not force this URL into the index.
voile technical voile,fabric_type,Commercial,/fabrics/technical-voile/,secondary,"Mapped in fabstitch-keyword-map.csv onto an existing URL. Volume, difficulty, and rank are UNKNOWN.",noindex_target,The URL exists and stays noindex. Do not create a replacement page and do not force this URL into the index.
wadding recycled polyester wadding,fabric_type,Commercial,/fabrics/recycled-polyester-wadding/,secondary,"Mapped in fabstitch-keyword-map.csv onto an existing URL. Volume, difficulty, and rank are UNKNOWN.",noindex_target,The URL exists and stays noindex. Do not create a replacement page and do not force this URL into the index.
washed linen bedding,application,Commercial,/fabrics/washed-linen-bedding/,secondary,"Mapped in fabstitch-keyword-map.csv onto an existing URL. Volume, difficulty, and rank are UNKNOWN.",noindex_target,The URL exists and stays noindex. Do not create a replacement page and do not force this URL into the index.
washed linen bedding fabric,application,Commercial,/fabrics/washed-linen-bedding/,secondary,"Mapped in fabstitch-keyword-map.csv onto an existing URL. Volume, difficulty, and rank are UNKNOWN.",noindex_target,The URL exists and stays noindex. Do not create a replacement page and do not force this URL into the index.
washed linen bedding fabric online,application,Commercial,/fabrics/washed-linen-bedding/,secondary,"Mapped in fabstitch-keyword-map.csv onto an existing URL. Volume, difficulty, and rank are UNKNOWN.",noindex_target,The URL exists and stays noindex. Do not create a replacement page and do not force this URL into the index.
washed linen bedding for bedding,application,Commercial,/fabrics/washed-linen-bedding/,secondary,"Mapped in fabstitch-keyword-map.csv onto an existing URL. Volume, difficulty, and rank are UNKNOWN.",noindex_target,The URL exists and stays noindex. Do not create a replacement page and do not force this URL into the index.
washed linen bedding textile,application,Commercial,/fabrics/washed-linen-bedding/,secondary,"Mapped in fabstitch-keyword-map.csv onto an existing URL. Volume, difficulty, and rank are UNKNOWN.",noindex_target,The URL exists and stays noindex. Do not create a replacement page and do not force this URL into the index.
what is 2.5l membrane laminate,informational,Informational,/fabrics/two-point-five-layer-membrane-laminate/,secondary,"Mapped in fabstitch-keyword-map.csv onto an existing URL. Volume, difficulty, and rank are UNKNOWN.",noindex_target,The URL exists and stays noindex. Do not create a replacement page and do not force this URL into the index.
what is 2l membrane laminate,informational,Informational,/fabrics/two-layer-membrane-laminate/,secondary,"Mapped in fabstitch-keyword-map.csv onto an existing URL. Volume, difficulty, and rank are UNKNOWN.",noindex_target,The URL exists and stays noindex. Do not create a replacement page and do not force this URL into the index.
what is 3l membrane laminate,informational,Informational,/fabrics/three-layer-membrane-laminate/,secondary,"Mapped in fabstitch-keyword-map.csv onto an existing URL. Volume, difficulty, and rank are UNKNOWN.",noindex_target,The URL exists and stays noindex. Do not create a replacement page and do not force this URL into the index.
what is acoustic-rated drape,informational,Informational,/fabrics/acoustic-rated-drape/,secondary,"Mapped in fabstitch-keyword-map.csv onto an existing URL. Volume, difficulty, and rank are UNKNOWN.",noindex_target,The URL exists and stays noindex. Do not create a replacement page and do not force this URL into the index.
what is alpaca blend,informational,Informational,/fabrics/alpaca-blend/,secondary,"Mapped in fabstitch-keyword-map.csv onto an existing URL. Volume, difficulty, and rank are UNKNOWN.",noindex_target,The URL exists and stays noindex. Do not create a replacement page and do not force this URL into the index.
what is batiste lawn,informational,Informational,/fabrics/batiste-lawn/,secondary,"Mapped in fabstitch-keyword-map.csv onto an existing URL. Volume, difficulty, and rank are UNKNOWN.",noindex_target,The URL exists and stays noindex. Do not create a replacement page and do not force this URL into the index.
what is birdseye cotton piqué,informational,Informational,/fabrics/birdseye-cotton-pique/,secondary,"Mapped in fabstitch-keyword-map.csv onto an existing URL. Volume, difficulty, and rank are UNKNOWN.",noindex_target,The URL exists and stays noindex. Do not create a replacement page and do not force this URL into the index.
what is bleach-cleanable vinyl alternative,informational,Informational,/fabrics/bleach-cleanable-vinyl-alternative/,secondary,"Mapped in fabstitch-keyword-map.csv onto an existing URL. Volume, difficulty, and rank are UNKNOWN.",noindex_target,The URL exists and stays noindex. Do not create a replacement page and do not force this URL into the index.
what is brushed flannel,informational,Informational,/fabrics/brushed-flannel/,secondary,"Mapped in fabstitch-keyword-map.csv onto an existing URL. Volume, difficulty, and rank are UNKNOWN.",noindex_target,The URL exists and stays noindex. Do not create a replacement page and do not force this URL into the index.
what is brushed ponte,informational,Informational,/fabrics/ponte-brushed/,secondary,"Mapped in fabstitch-keyword-map.csv onto an existing URL. Volume, difficulty, and rank are UNKNOWN.",noindex_target,The URL exists and stays noindex. Do not create a replacement page and do not force this URL into the index.
what is brushed tencel,informational,Informational,/fabrics/tencel-brushed/,secondary,"Mapped in fabstitch-keyword-map.csv onto an existing URL. Volume, difficulty, and rank are UNKNOWN.",noindex_target,The URL exists and stays noindex. Do not create a replacement page and do not force this URL into the index.
what is calf-hair finish,informational,Informational,/fabrics/calf-hair-finish/,secondary,"Mapped in fabstitch-keyword-map.csv onto an existing URL. Volume, difficulty, and rank are UNKNOWN.",noindex_target,The URL exists and stays noindex. Do not create a replacement page and do not force this URL into the index.
what is casentino wool,informational,Informational,/fabrics/casentino-wool/,secondary,"Mapped in fabstitch-keyword-map.csv onto an existing URL. Volume, difficulty, and rank are UNKNOWN.",noindex_target,The URL exists and stays noindex. Do not create a replacement page and do not force this URL into the index.
what is check,informational,Informational,/fabrics/check/,secondary,"Mapped in fabstitch-keyword-map.csv onto an existing URL. Volume, difficulty, and rank are UNKNOWN.",noindex_target,The URL exists and stays noindex. Do not create a replacement page and do not force this URL into the index.
what is classic cotton piqué,informational,Informational,/fabrics/classic-cotton-pique/,secondary,"Mapped in fabstitch-keyword-map.csv onto an existing URL. Volume, difficulty, and rank are UNKNOWN.",noindex_target,The URL exists and stays noindex. Do not create a replacement page and do not force this URL into the index.
what is classic double-knit ponte,informational,Informational,/fabrics/ponte-double-knit/,secondary,"Mapped in fabstitch-keyword-map.csv onto an existing URL. Volume, difficulty, and rank are UNKNOWN.",noindex_target,The URL exists and stays noindex. Do not create a replacement page and do not force this URL into the index.
what is classic french terry,informational,Informational,/fabrics/french-terry-classic/,secondary,"Mapped in fabstitch-keyword-map.csv onto an existing URL. Volume, difficulty, and rank are UNKNOWN.",noindex_target,The URL exists and stays noindex. Do not create a replacement page and do not force this URL into the index.
what is classic oxford cotton,informational,Informational,/fabrics/classic-oxford-cotton/,secondary,"Mapped in fabstitch-keyword-map.csv onto an existing URL. Volume, difficulty, and rank are UNKNOWN.",noindex_target,The URL exists and stays noindex. Do not create a replacement page and do not force this URL into the index.
what is compact ponte,informational,Informational,/fabrics/ponte-compact/,secondary,"Mapped in fabstitch-keyword-map.csv onto an existing URL. Volume, difficulty, and rank are UNKNOWN.",noindex_target,The URL exists and stays noindex. Do not create a replacement page and do not force this URL into the index.
what is cooling performance construction,informational,Informational,/fabrics/cooling-performance-construction/,secondary,"Mapped in fabstitch-keyword-map.csv onto an existing URL. Volume, difficulty, and rank are UNKNOWN.",noindex_target,The URL exists and stays noindex. Do not create a replacement page and do not force this URL into the index.
what is cotton bouclé knit,informational,Informational,/fabrics/cotton-boucle-knit/,secondary,"Mapped in fabstitch-keyword-map.csv onto an existing URL. Volume, difficulty, and rank are UNKNOWN.",noindex_target,The URL exists and stays noindex. Do not create a replacement page and do not force this URL into the index.
what is cotton bouclé yarn,informational,Informational,/fabrics/cotton-boucle-yarn/,secondary,"Mapped in fabstitch-keyword-map.csv onto an existing URL. Volume, difficulty, and rank are UNKNOWN.",noindex_target,The URL exists and stays noindex. Do not create a replacement page and do not force this URL into the index.
what is cotton lawn,informational,Informational,/fabrics/cotton-lawn/,secondary,"Mapped in fabstitch-keyword-map.csv onto an existing URL. Volume, difficulty, and rank are UNKNOWN.",noindex_target,The URL exists and stays noindex. Do not create a replacement page and do not force this URL into the index.
what is cotton modal french terry,informational,Informational,/fabrics/french-terry-modal/,secondary,"Mapped in fabstitch-keyword-map.csv onto an existing URL. Volume, difficulty, and rank are UNKNOWN.",noindex_target,The URL exists and stays noindex. Do not create a replacement page and do not force this URL into the index.
what is cotton moleskin,informational,Informational,/fabrics/cotton-moleskin/,secondary,"Mapped in fabstitch-keyword-map.csv onto an existing URL. Volume, difficulty, and rank are UNKNOWN.",noindex_target,The URL exists and stays noindex. Do not create a replacement page and do not force this URL into the index.
what is cotton organdy,informational,Informational,/fabrics/cotton-organdy/,secondary,"Mapped in fabstitch-keyword-map.csv onto an existing URL. Volume, difficulty, and rank are UNKNOWN.",noindex_target,The URL exists and stays noindex. Do not create a replacement page and do not force this URL into the index.
what is cotton rayon ponte,informational,Informational,/fabrics/ponte-cotton-rayon/,secondary,"Mapped in fabstitch-keyword-map.csv onto an existing URL. Volume, difficulty, and rank are UNKNOWN.",noindex_target,The URL exists and stays noindex. Do not create a replacement page and do not force this URL into the index.
what is cotton velveteen,informational,Informational,/fabrics/cotton-velveteen/,secondary,"Mapped in fabstitch-keyword-map.csv onto an existing URL. Volume, difficulty, and rank are UNKNOWN.",noindex_target,The URL exists and stays noindex. Do not create a replacement page and do not force this URL into the index.
what is cotton-rich piqué,informational,Informational,/fabrics/cotton-rich-pique/,secondary,"Mapped in fabstitch-keyword-map.csv onto an existing URL. Volume, difficulty, and rank are UNKNOWN.",noindex_target,The URL exists and stays noindex. Do not create a replacement page and do not force this URL into the index.
what is crepe de chine,informational,Informational,/fabrics/crepe-de-chine/,secondary,"Mapped in fabstitch-keyword-map.csv onto an existing URL. Volume, difficulty, and rank are UNKNOWN.",noindex_target,The URL exists and stays noindex. Do not create a replacement page and do not force this URL into the index.
what is crinkle chiffon,informational,Informational,/fabrics/crinkle-chiffon/,secondary,"Mapped in fabstitch-keyword-map.csv onto an existing URL. Volume, difficulty, and rank are UNKNOWN.",noindex_target,The URL exists and stays noindex. Do not create a replacement page and do not force this URL into the index.
what is crinkle cotton,informational,Informational,/fabrics/crinkle-cotton/,secondary,"Mapped in fabstitch-keyword-map.csv onto an existing URL. Volume, difficulty, and rank are UNKNOWN.",noindex_target,The URL exists and stays noindex. Do not create a replacement page and do not force this URL into the index.
what is crochet-effect knit,informational,Informational,/fabrics/crochet-effect-knit/,secondary,"Mapped in fabstitch-keyword-map.csv onto an existing URL. Volume, difficulty, and rank are UNKNOWN.",noindex_target,The URL exists and stays noindex. Do not create a replacement page and do not force this URL into the index.
what is crossover swimwear fabric,informational,Informational,/fabrics/crossover-swimwear-fabric/,secondary,"Mapped in fabstitch-keyword-map.csv onto an existing URL. Volume, difficulty, and rank are UNKNOWN.",noindex_target,The URL exists and stays noindex. Do not create a replacement page and do not force this URL into the index.
what is crushed velvet,informational,Informational,/fabrics/crushed-velvet/,secondary,"Mapped in fabstitch-keyword-map.csv onto an existing URL. Volume, difficulty, and rank are UNKNOWN.",noindex_target,The URL exists and stays noindex. Do not create a replacement page and do not force this URL into the index.
what is deconstructed damask,informational,Informational,/fabrics/deconstructed-damask/,secondary,"Mapped in fabstitch-keyword-map.csv onto an existing URL. Volume, difficulty, and rank are UNKNOWN.",noindex_target,The URL exists and stays noindex. Do not create a replacement page and do not force this URL into the index.
what is deconstructed jacquard,informational,Informational,/fabrics/deconstructed-jacquard/,secondary,"Mapped in fabstitch-keyword-map.csv onto an existing URL. Volume, difficulty, and rank are UNKNOWN.",noindex_target,The URL exists and stays noindex. Do not create a replacement page and do not force this URL into the index.
what is donegal tweed,informational,Informational,/fabrics/donegal-tweed/,secondary,"Mapped in fabstitch-keyword-map.csv onto an existing URL. Volume, difficulty, and rank are UNKNOWN.",noindex_target,The URL exists and stays noindex. Do not create a replacement page and do not force this URL into the index.
what is double cotton piqué,informational,Informational,/fabrics/double-cotton-pique/,secondary,"Mapped in fabstitch-keyword-map.csv onto an existing URL. Volume, difficulty, and rank are UNKNOWN.",noindex_target,The URL exists and stays noindex. Do not create a replacement page and do not force this URL into the index.
what is double-face wool,informational,Informational,/fabrics/double-face-wool/,secondary,"Mapped in fabstitch-keyword-map.csv onto an existing URL. Volume, difficulty, and rank are UNKNOWN.",noindex_target,The URL exists and stays noindex. Do not create a replacement page and do not force this URL into the index.
what is double-layer chiffon,informational,Informational,/fabrics/double-layer-chiffon/,secondary,"Mapped in fabstitch-keyword-map.csv onto an existing URL. Volume, difficulty, and rank are UNKNOWN.",noindex_target,The URL exists and stays noindex. Do not create a replacement page and do not force this URL into the index.
what is down-alternative fill,informational,Informational,/fabrics/down-alternative-fill/,secondary,"Mapped in fabstitch-keyword-map.csv onto an existing URL. Volume, difficulty, and rank are UNKNOWN.",noindex_target,The URL exists and stays noindex. Do not create a replacement page and do not force this URL into the index.
what is egyptian cotton broadcloth,informational,Informational,/fabrics/egyptian-cotton-broadcloth/,secondary,"Mapped in fabstitch-keyword-map.csv onto an existing URL. Volume, difficulty, and rank are UNKNOWN.",noindex_target,The URL exists and stays noindex. Do not create a replacement page and do not force this URL into the index.
what is egyptian cotton flannel,informational,Informational,/fabrics/egyptian-cotton-flannel/,secondary,"Mapped in fabstitch-keyword-map.csv onto an existing URL. Volume, difficulty, and rank are UNKNOWN.",noindex_target,The URL exists and stays noindex. Do not create a replacement page and do not force this URL into the index.
what is egyptian cotton percale,informational,Informational,/fabrics/egyptian-cotton-percale/,secondary,"Mapped in fabstitch-keyword-map.csv onto an existing URL. Volume, difficulty, and rank are UNKNOWN.",noindex_target,The URL exists and stays noindex. Do not create a replacement page and do not force this URL into the index.
what is egyptian cotton poplin,informational,Informational,/fabrics/egyptian-cotton-poplin/,secondary,"Mapped in fabstitch-keyword-map.csv onto an existing URL. Volume, difficulty, and rank are UNKNOWN.",noindex_target,The URL exists and stays noindex. Do not create a replacement page and do not force this URL into the index.
what is egyptian cotton sateen,informational,Informational,/fabrics/egyptian-cotton-sateen/,secondary,"Mapped in fabstitch-keyword-map.csv onto an existing URL. Volume, difficulty, and rank are UNKNOWN.",noindex_target,The URL exists and stays noindex. Do not create a replacement page and do not force this URL into the index.
what is egyptian cotton seersucker,informational,Informational,/fabrics/egyptian-cotton-seersucker/,secondary,"Mapped in fabstitch-keyword-map.csv onto an existing URL. Volume, difficulty, and rank are UNKNOWN.",noindex_target,The URL exists and stays noindex. Do not create a replacement page and do not force this URL into the index.
what is egyptian cotton twill,informational,Informational,/fabrics/egyptian-cotton-twill/,secondary,"Mapped in fabstitch-keyword-map.csv onto an existing URL. Volume, difficulty, and rank are UNKNOWN.",noindex_target,The URL exists and stays noindex. Do not create a replacement page and do not force this URL into the index.
what is egyptian cotton voile,informational,Informational,/fabrics/egyptian-cotton-voile/,secondary,"Mapped in fabstitch-keyword-map.csv onto an existing URL. Volume, difficulty, and rank are UNKNOWN.",noindex_target,The URL exists and stays noindex. Do not create a replacement page and do not force this URL into the index.
what is embroidered cotton lawn,informational,Informational,/fabrics/embroidered-cotton-lawn/,secondary,"Mapped in fabstitch-keyword-map.csv onto an existing URL. Volume, difficulty, and rank are UNKNOWN.",noindex_target,The URL exists and stays noindex. Do not create a replacement page and do not force this URL into the index.
what is fine cotton piqué,informational,Informational,/fabrics/fine-cotton-pique/,secondary,"Mapped in fabstitch-keyword-map.csv onto an existing URL. Volume, difficulty, and rank are UNKNOWN.",noindex_target,The URL exists and stays noindex. Do not create a replacement page and do not force this URL into the index.
what is fine loopback french terry,informational,Informational,/fabrics/french-terry-loopback/,secondary,"Mapped in fabstitch-keyword-map.csv onto an existing URL. Volume, difficulty, and rank are UNKNOWN.",noindex_target,The URL exists and stays noindex. Do not create a replacement page and do not force this URL into the index.
what is fine-gauge semi-sheer knit,informational,Informational,/fabrics/fine-gauge-semi-sheer-knit/,secondary,"Mapped in fabstitch-keyword-map.csv onto an existing URL. Volume, difficulty, and rank are UNKNOWN.",noindex_target,The URL exists and stays noindex. Do not create a replacement page and do not force this URL into the index.
what is fine-wale corduroy,informational,Informational,/fabrics/fine-wale-corduroy/,secondary,"Mapped in fabstitch-keyword-map.csv onto an existing URL. Volume, difficulty, and rank are UNKNOWN.",noindex_target,The URL exists and stays noindex. Do not create a replacement page and do not force this URL into the index.
what is heavy linen upholstery,informational,Informational,/fabrics/heavy-linen-upholstery/,secondary,"Mapped in fabstitch-keyword-map.csv onto an existing URL. Volume, difficulty, and rank are UNKNOWN.",noindex_target,The URL exists and stays noindex. Do not create a replacement page and do not force this URL into the index.
what is heavy oxford cotton,informational,Informational,/fabrics/heavy-oxford-cotton/,secondary,"Mapped in fabstitch-keyword-map.csv onto an existing URL. Volume, difficulty, and rank are UNKNOWN.",noindex_target,The URL exists and stays noindex. Do not create a replacement page and do not force this URL into the index.
what is heavy tencel twill,informational,Informational,/fabrics/tencel-heavy-twill/,secondary,"Mapped in fabstitch-keyword-map.csv onto an existing URL. Volume, difficulty, and rank are UNKNOWN.",noindex_target,The URL exists and stays noindex. Do not create a replacement page and do not force this URL into the index.
what is heavyweight french terry,informational,Informational,/fabrics/french-terry-heavyweight/,secondary,"Mapped in fabstitch-keyword-map.csv onto an existing URL. Volume, difficulty, and rank are UNKNOWN.",noindex_target,The URL exists and stays noindex. Do not create a replacement page and do not force this URL into the index.
what is hemp-cotton denim,informational,Informational,/fabrics/hemp-cotton-denim/,secondary,"Mapped in fabstitch-keyword-map.csv onto an existing URL. Volume, difficulty, and rank are UNKNOWN.",noindex_target,The URL exists and stays noindex. Do not create a replacement page and do not force this URL into the index.
what is herringbone tweed,informational,Informational,/fabrics/herringbone-tweed/,secondary,"Mapped in fabstitch-keyword-map.csv onto an existing URL. Volume, difficulty, and rank are UNKNOWN.",noindex_target,The URL exists and stays noindex. Do not create a replacement page and do not force this URL into the index.
what is honeycomb cotton piqué,informational,Informational,/fabrics/honeycomb-cotton-pique/,secondary,"Mapped in fabstitch-keyword-map.csv onto an existing URL. Volume, difficulty, and rank are UNKNOWN.",noindex_target,The URL exists and stays noindex. Do not create a replacement page and do not force this URL into the index.
what is inherently fr polyester,informational,Informational,/fabrics/inherently-fr-polyester/,secondary,"Mapped in fabstitch-keyword-map.csv onto an existing URL. Volume, difficulty, and rank are UNKNOWN.",noindex_target,The URL exists and stays noindex. Do not create a replacement page and do not force this URL into the index.
what is jumbo corduroy,informational,Informational,/fabrics/jumbo-corduroy/,secondary,"Mapped in fabstitch-keyword-map.csv onto an existing URL. Volume, difficulty, and rank are UNKNOWN.",noindex_target,The URL exists and stays noindex. Do not create a replacement page and do not force this URL into the index.
what is jute rug,informational,Informational,/fabrics/jute-rug/,secondary,"Mapped in fabstitch-keyword-map.csv onto an existing URL. Volume, difficulty, and rank are UNKNOWN.",noindex_target,The URL exists and stays noindex. Do not create a replacement page and do not force this URL into the index.
what is khadi-effect cotton,informational,Informational,/fabrics/khadi-effect-cotton/,secondary,"Mapped in fabstitch-keyword-map.csv onto an existing URL. Volume, difficulty, and rank are UNKNOWN.",noindex_target,The URL exists and stays noindex. Do not create a replacement page and do not force this URL into the index.
what is laser- and ozone-finished denim,informational,Informational,/fabrics/laser-and-ozone-finished-denim/,secondary,"Mapped in fabstitch-keyword-map.csv onto an existing URL. Volume, difficulty, and rank are UNKNOWN.",noindex_target,The URL exists and stays noindex. Do not create a replacement page and do not force this URL into the index.
what is lightweight french terry,informational,Informational,/fabrics/french-terry-lightweight/,secondary,"Mapped in fabstitch-keyword-map.csv onto an existing URL. Volume, difficulty, and rank are UNKNOWN.",noindex_target,The URL exists and stays noindex. Do not create a replacement page and do not force this URL into the index.
what is lightweight merino knit,informational,Informational,/fabrics/lightweight-merino-knit/,secondary,"Mapped in fabstitch-keyword-map.csv onto an existing URL. Volume, difficulty, and rank are UNKNOWN.",noindex_target,The URL exists and stays noindex. Do not create a replacement page and do not force this URL into the index.
what is lightweight ponte,informational,Informational,/fabrics/ponte-lightweight/,secondary,"Mapped in fabstitch-keyword-map.csv onto an existing URL. Volume, difficulty, and rank are UNKNOWN.",noindex_target,The URL exists and stays noindex. Do not create a replacement page and do not force this URL into the index.
what is linen bouclé knit,informational,Informational,/fabrics/linen-boucle-knit/,secondary,"Mapped in fabstitch-keyword-map.csv onto an existing URL. Volume, difficulty, and rank are UNKNOWN.",noindex_target,The URL exists and stays noindex. Do not create a replacement page and do not force this URL into the index.
what is linen-lyocell,informational,Informational,/fabrics/linen-lyocell/,secondary,"Mapped in fabstitch-keyword-map.csv onto an existing URL. Volume, difficulty, and rank are UNKNOWN.",noindex_target,The URL exists and stays noindex. Do not create a replacement page and do not force this URL into the index.
what is linen-silk,informational,Informational,/fabrics/linen-silk/,secondary,"Mapped in fabstitch-keyword-map.csv onto an existing URL. Volume, difficulty, and rank are UNKNOWN.",noindex_target,The URL exists and stays noindex. Do not create a replacement page and do not force this URL into the index.
what is linen-viscose,informational,Informational,/fabrics/linen-viscose/,secondary,"Mapped in fabstitch-keyword-map.csv onto an existing URL. Volume, difficulty, and rank are UNKNOWN.",noindex_target,The URL exists and stays noindex. Do not create a replacement page and do not force this URL into the index.
what is long-staple cotton percale,informational,Informational,/fabrics/long-staple-cotton-percale/,secondary,"Mapped in fabstitch-keyword-map.csv onto an existing URL. Volume, difficulty, and rank are UNKNOWN.",noindex_target,The URL exists and stays noindex. Do not create a replacement page and do not force this URL into the index.
what is long-staple cotton sateen,informational,Informational,/fabrics/long-staple-cotton-sateen/,secondary,"Mapped in fabstitch-keyword-map.csv onto an existing URL. Volume, difficulty, and rank are UNKNOWN.",noindex_target,The URL exists and stays noindex. Do not create a replacement page and do not force this URL into the index.
what is lyocell-blend bedding,informational,Informational,/fabrics/lyocell-blend-bedding/,secondary,"Mapped in fabstitch-keyword-map.csv onto an existing URL. Volume, difficulty, and rank are UNKNOWN.",noindex_target,The URL exists and stays noindex. Do not create a replacement page and do not force this URL into the index.
what is matte chiffon,informational,Informational,/fabrics/matte-chiffon/,secondary,"Mapped in fabstitch-keyword-map.csv onto an existing URL. Volume, difficulty, and rank are UNKNOWN.",noindex_target,The URL exists and stays noindex. Do not create a replacement page and do not force this URL into the index.
what is matte ponte,informational,Informational,/fabrics/ponte-matte/,secondary,"Mapped in fabstitch-keyword-map.csv onto an existing URL. Volume, difficulty, and rank are UNKNOWN.",noindex_target,The URL exists and stays noindex. Do not create a replacement page and do not force this URL into the index.
what is membrane-backed covert,informational,Informational,/fabrics/membrane-backed-covert/,secondary,"Mapped in fabstitch-keyword-map.csv onto an existing URL. Volume, difficulty, and rank are UNKNOWN.",noindex_target,The URL exists and stays noindex. Do not create a replacement page and do not force this URL into the index.
what is membrane-backed gabardine,informational,Informational,/fabrics/membrane-backed-gabardine/,secondary,"Mapped in fabstitch-keyword-map.csv onto an existing URL. Volume, difficulty, and rank are UNKNOWN.",noindex_target,The URL exists and stays noindex. Do not create a replacement page and do not force this URL into the index.
what is mercerised cotton lawn,informational,Informational,/fabrics/mercerised-cotton-lawn/,secondary,"Mapped in fabstitch-keyword-map.csv onto an existing URL. Volume, difficulty, and rank are UNKNOWN.",noindex_target,The URL exists and stays noindex. Do not create a replacement page and do not force this URL into the index.
what is mercerized cotton broadcloth,informational,Informational,/fabrics/mercerized-cotton-broadcloth/,secondary,"Mapped in fabstitch-keyword-map.csv onto an existing URL. Volume, difficulty, and rank are UNKNOWN.",noindex_target,The URL exists and stays noindex. Do not create a replacement page and do not force this URL into the index.
what is mercerized cotton jersey,informational,Informational,/fabrics/mercerized-cotton-jersey/,secondary,"Mapped in fabstitch-keyword-map.csv onto an existing URL. Volume, difficulty, and rank are UNKNOWN.",noindex_target,The URL exists and stays noindex. Do not create a replacement page and do not force this URL into the index.
what is mercerized cotton lawn,informational,Informational,/fabrics/mercerized-cotton-lawn/,secondary,"Mapped in fabstitch-keyword-map.csv onto an existing URL. Volume, difficulty, and rank are UNKNOWN.",noindex_target,The URL exists and stays noindex. Do not create a replacement page and do not force this URL into the index.
what is mercerized cotton piqué,informational,Informational,/fabrics/mercerized-cotton-pique/,secondary,"Mapped in fabstitch-keyword-map.csv onto an existing URL. Volume, difficulty, and rank are UNKNOWN.",noindex_target,The URL exists and stays noindex. Do not create a replacement page and do not force this URL into the index.
what is mercerized cotton poplin,informational,Informational,/fabrics/mercerized-cotton-poplin/,secondary,"Mapped in fabstitch-keyword-map.csv onto an existing URL. Volume, difficulty, and rank are UNKNOWN.",noindex_target,The URL exists and stays noindex. Do not create a replacement page and do not force this URL into the index.
what is mercerized cotton sateen,informational,Informational,/fabrics/mercerized-cotton-sateen/,secondary,"Mapped in fabstitch-keyword-map.csv onto an existing URL. Volume, difficulty, and rank are UNKNOWN.",noindex_target,The URL exists and stays noindex. Do not create a replacement page and do not force this URL into the index.
what is mercerized cotton twill,informational,Informational,/fabrics/mercerized-cotton-twill/,secondary,"Mapped in fabstitch-keyword-map.csv onto an existing URL. Volume, difficulty, and rank are UNKNOWN.",noindex_target,The URL exists and stays noindex. Do not create a replacement page and do not force this URL into the index.
what is mercerized cotton voile,informational,Informational,/fabrics/mercerized-cotton-voile/,secondary,"Mapped in fabstitch-keyword-map.csv onto an existing URL. Volume, difficulty, and rank are UNKNOWN.",noindex_target,The URL exists and stays noindex. Do not create a replacement page and do not force this URL into the index.
what is merino + roica stretch tailoring,performance,Informational,/fabrics/merino-roica-stretch-tailoring/,secondary,"Mapped in fabstitch-keyword-map.csv onto an existing URL. Volume, difficulty, and rank are UNKNOWN.",noindex_target,The URL exists and stays noindex. Do not create a replacement page and do not force this URL into the index.
what is mohair blend,informational,Informational,/fabrics/mohair-blend/,secondary,"Mapped in fabstitch-keyword-map.csv onto an existing URL. Volume, difficulty, and rank are UNKNOWN.",noindex_target,The URL exists and stays noindex. Do not create a replacement page and do not force this URL into the index.
what is open-stitch knit,informational,Informational,/fabrics/open-stitch-knit/,secondary,"Mapped in fabstitch-keyword-map.csv onto an existing URL. Volume, difficulty, and rank are UNKNOWN.",noindex_target,The URL exists and stays noindex. Do not create a replacement page and do not force this URL into the index.
what is open-weave linen curtain,informational,Informational,/fabrics/open-weave-linen-curtain/,secondary,"Mapped in fabstitch-keyword-map.csv onto an existing URL. Volume, difficulty, and rank are UNKNOWN.",noindex_target,The URL exists and stays noindex. Do not create a replacement page and do not force this URL into the index.
what is organic cotton french terry,informational,Informational,/fabrics/french-terry-organic/,secondary,"Mapped in fabstitch-keyword-map.csv onto an existing URL. Volume, difficulty, and rank are UNKNOWN.",noindex_target,The URL exists and stays noindex. Do not create a replacement page and do not force this URL into the index.
what is organic cotton lawn,informational,Informational,/fabrics/organic-cotton-lawn/,secondary,"Mapped in fabstitch-keyword-map.csv onto an existing URL. Volume, difficulty, and rank are UNKNOWN.",noindex_target,The URL exists and stays noindex. Do not create a replacement page and do not force this URL into the index.
what is organic cotton piqué,informational,Informational,/fabrics/organic-cotton-pique/,secondary,"Mapped in fabstitch-keyword-map.csv onto an existing URL. Volume, difficulty, and rank are UNKNOWN.",noindex_target,The URL exists and stays noindex. Do not create a replacement page and do not force this URL into the index.
what is organic oxford cotton,informational,Informational,/fabrics/organic-oxford-cotton/,secondary,"Mapped in fabstitch-keyword-map.csv onto an existing URL. Volume, difficulty, and rank are UNKNOWN.",noindex_target,The URL exists and stays noindex. Do not create a replacement page and do not force this URL into the index.
what is oxford chambray cotton,informational,Informational,/fabrics/oxford-chambray-cotton/,secondary,"Mapped in fabstitch-keyword-map.csv onto an existing URL. Volume, difficulty, and rank are UNKNOWN.",noindex_target,The URL exists and stays noindex. Do not create a replacement page and do not force this URL into the index.
what is panné velvet,informational,Informational,/fabrics/panne-velvet/,secondary,"Mapped in fabstitch-keyword-map.csv onto an existing URL. Volume, difficulty, and rank are UNKNOWN.",noindex_target,The URL exists and stays noindex. Do not create a replacement page and do not force this URL into the index.
what is peach-skin,informational,Informational,/fabrics/peach-skin/,secondary,"Mapped in fabstitch-keyword-map.csv onto an existing URL. Volume, difficulty, and rank are UNKNOWN.",noindex_target,The URL exists and stays noindex. Do not create a replacement page and do not force this URL into the index.
what is peached french terry,informational,Informational,/fabrics/french-terry-peached/,secondary,"Mapped in fabstitch-keyword-map.csv onto an existing URL. Volume, difficulty, and rank are UNKNOWN.",noindex_target,The URL exists and stays noindex. Do not create a replacement page and do not force this URL into the index.
what is performance upholstery weave,informational,Informational,/fabrics/performance-upholstery-weave/,secondary,"Mapped in fabstitch-keyword-map.csv onto an existing URL. Volume, difficulty, and rank are UNKNOWN.",noindex_target,The URL exists and stays noindex. Do not create a replacement page and do not force this URL into the index.
what is pima cotton broadcloth,informational,Informational,/fabrics/pima-cotton-broadcloth/,secondary,"Mapped in fabstitch-keyword-map.csv onto an existing URL. Volume, difficulty, and rank are UNKNOWN.",noindex_target,The URL exists and stays noindex. Do not create a replacement page and do not force this URL into the index.
what is pima cotton fleece,informational,Informational,/fabrics/pima-cotton-fleece/,secondary,"Mapped in fabstitch-keyword-map.csv onto an existing URL. Volume, difficulty, and rank are UNKNOWN.",noindex_target,The URL exists and stays noindex. Do not create a replacement page and do not force this URL into the index.
what is pima cotton interlock,informational,Informational,/fabrics/pima-cotton-interlock/,secondary,"Mapped in fabstitch-keyword-map.csv onto an existing URL. Volume, difficulty, and rank are UNKNOWN.",noindex_target,The URL exists and stays noindex. Do not create a replacement page and do not force this URL into the index.
what is pima cotton jersey,informational,Informational,/fabrics/pima-cotton-jersey/,secondary,"Mapped in fabstitch-keyword-map.csv onto an existing URL. Volume, difficulty, and rank are UNKNOWN.",noindex_target,The URL exists and stays noindex. Do not create a replacement page and do not force this URL into the index.
what is pima cotton poplin,informational,Informational,/fabrics/pima-cotton-poplin/,secondary,"Mapped in fabstitch-keyword-map.csv onto an existing URL. Volume, difficulty, and rank are UNKNOWN.",noindex_target,The URL exists and stays noindex. Do not create a replacement page and do not force this URL into the index.
what is pima cotton rib,informational,Informational,/fabrics/pima-cotton-rib/,secondary,"Mapped in fabstitch-keyword-map.csv onto an existing URL. Volume, difficulty, and rank are UNKNOWN.",noindex_target,The URL exists and stays noindex. Do not create a replacement page and do not force this URL into the index.
what is pima cotton sateen,informational,Informational,/fabrics/pima-cotton-sateen/,secondary,"Mapped in fabstitch-keyword-map.csv onto an existing URL. Volume, difficulty, and rank are UNKNOWN.",noindex_target,The URL exists and stays noindex. Do not create a replacement page and do not force this URL into the index.
what is pima cotton voile,informational,Informational,/fabrics/pima-cotton-voile/,secondary,"Mapped in fabstitch-keyword-map.csv onto an existing URL. Volume, difficulty, and rank are UNKNOWN.",noindex_target,The URL exists and stays noindex. Do not create a replacement page and do not force this URL into the index.
what is pinpoint oxford cotton,informational,Informational,/fabrics/pinpoint-oxford-cotton/,secondary,"Mapped in fabstitch-keyword-map.csv onto an existing URL. Volume, difficulty, and rank are UNKNOWN.",noindex_target,The URL exists and stays noindex. Do not create a replacement page and do not force this URL into the index.
what is polyester chiffon,informational,Informational,/fabrics/polyester-chiffon/,secondary,"Mapped in fabstitch-keyword-map.csv onto an existing URL. Volume, difficulty, and rank are UNKNOWN.",noindex_target,The URL exists and stays noindex. Do not create a replacement page and do not force this URL into the index.
what is premium-weight denim,informational,Informational,/fabrics/premium-weight-denim/,secondary,"Mapped in fabstitch-keyword-map.csv onto an existing URL. Volume, difficulty, and rank are UNKNOWN.",noindex_target,The URL exists and stays noindex. Do not create a replacement page and do not force this URL into the index.
what is printed chiffon,informational,Informational,/fabrics/printed-chiffon/,secondary,"Mapped in fabstitch-keyword-map.csv onto an existing URL. Volume, difficulty, and rank are UNKNOWN.",noindex_target,The URL exists and stays noindex. Do not create a replacement page and do not force this URL into the index.
what is printed cotton lawn,informational,Informational,/fabrics/printed-cotton-lawn/,secondary,"Mapped in fabstitch-keyword-map.csv onto an existing URL. Volume, difficulty, and rank are UNKNOWN.",noindex_target,The URL exists and stays noindex. Do not create a replacement page and do not force this URL into the index.
what is rayon nylon ponte,informational,Informational,/fabrics/ponte-rayon-nylon/,secondary,"Mapped in fabstitch-keyword-map.csv onto an existing URL. Volume, difficulty, and rank are UNKNOWN.",noindex_target,The URL exists and stays noindex. Do not create a replacement page and do not force this URL into the index.
what is real leather,informational,Informational,/fabrics/real-leather/,secondary,"Mapped in fabstitch-keyword-map.csv onto an existing URL. Volume, difficulty, and rank are UNKNOWN.",noindex_target,The URL exists and stays noindex. Do not create a replacement page and do not force this URL into the index.
what is real suede,informational,Informational,/fabrics/real-suede/,secondary,"Mapped in fabstitch-keyword-map.csv onto an existing URL. Volume, difficulty, and rank are UNKNOWN.",noindex_target,The URL exists and stays noindex. Do not create a replacement page and do not force this URL into the index.
what is recycled cotton french terry,informational,Informational,/fabrics/french-terry-recycled-cotton/,secondary,"Mapped in fabstitch-keyword-map.csv onto an existing URL. Volume, difficulty, and rank are UNKNOWN.",noindex_target,The URL exists and stays noindex. Do not create a replacement page and do not force this URL into the index.
what is recycled nylon ripstop,informational,Informational,/fabrics/recycled-nylon-ripstop/,secondary,"Mapped in fabstitch-keyword-map.csv onto an existing URL. Volume, difficulty, and rank are UNKNOWN.",noindex_target,The URL exists and stays noindex. Do not create a replacement page and do not force this URL into the index.
what is recycled pet acoustic felt,informational,Informational,/fabrics/recycled-pet-acoustic-felt/,secondary,"Mapped in fabstitch-keyword-map.csv onto an existing URL. Volume, difficulty, and rank are UNKNOWN.",noindex_target,The URL exists and stays noindex. Do not create a replacement page and do not force this URL into the index.
what is recycled pet pile rug,informational,Informational,/fabrics/recycled-pet-pile-rug/,secondary,"Mapped in fabstitch-keyword-map.csv onto an existing URL. Volume, difficulty, and rank are UNKNOWN.",noindex_target,The URL exists and stays noindex. Do not create a replacement page and do not force this URL into the index.
what is recycled polyester chiffon,informational,Informational,/fabrics/recycled-polyester-chiffon/,secondary,"Mapped in fabstitch-keyword-map.csv onto an existing URL. Volume, difficulty, and rank are UNKNOWN.",noindex_target,The URL exists and stays noindex. Do not create a replacement page and do not force this URL into the index.
what is recycled polyester wadding,informational,Informational,/fabrics/recycled-polyester-wadding/,secondary,"Mapped in fabstitch-keyword-map.csv onto an existing URL. Volume, difficulty, and rank are UNKNOWN.",noindex_target,The URL exists and stays noindex. Do not create a replacement page and do not force this URL into the index.
what is recycled-cotton denim,informational,Informational,/fabrics/recycled-cotton-denim/,secondary,"Mapped in fabstitch-keyword-map.csv onto an existing URL. Volume, difficulty, and rank are UNKNOWN.",noindex_target,The URL exists and stays noindex. Do not create a replacement page and do not force this URL into the index.
what is retro sportif knit,informational,Informational,/fabrics/retro-sportif-knit/,secondary,"Mapped in fabstitch-keyword-map.csv onto an existing URL. Volume, difficulty, and rank are UNKNOWN.",noindex_target,The URL exists and stays noindex. Do not create a replacement page and do not force this URL into the index.
what is ribbed ponte,informational,Informational,/fabrics/ponte-ribbed/,secondary,"Mapped in fabstitch-keyword-map.csv onto an existing URL. Volume, difficulty, and rank are UNKNOWN.",noindex_target,The URL exists and stays noindex. Do not create a replacement page and do not force this URL into the index.
what is royal oxford cotton,informational,Informational,/fabrics/royal-oxford-cotton/,secondary,"Mapped in fabstitch-keyword-map.csv onto an existing URL. Volume, difficulty, and rank are UNKNOWN.",noindex_target,The URL exists and stays noindex. Do not create a replacement page and do not force this URL into the index.
what is selvedge rigid denim,informational,Informational,/fabrics/selvedge-rigid-denim/,secondary,"Mapped in fabstitch-keyword-map.csv onto an existing URL. Volume, difficulty, and rank are UNKNOWN.",noindex_target,The URL exists and stays noindex. Do not create a replacement page and do not force this URL into the index.
what is silk bouclé,informational,Informational,/fabrics/silk-boucle/,secondary,"Mapped in fabstitch-keyword-map.csv onto an existing URL. Volume, difficulty, and rank are UNKNOWN.",noindex_target,The URL exists and stays noindex. Do not create a replacement page and do not force this URL into the index.
what is silk broadcloth,informational,Informational,/fabrics/silk-broadcloth/,secondary,"Mapped in fabstitch-keyword-map.csv onto an existing URL. Volume, difficulty, and rank are UNKNOWN.",noindex_target,The URL exists and stays noindex. Do not create a replacement page and do not force this URL into the index.
what is silk charmeuse,informational,Informational,/fabrics/silk-charmeuse/,secondary,"Mapped in fabstitch-keyword-map.csv onto an existing URL. Volume, difficulty, and rank are UNKNOWN.",noindex_target,The URL exists and stays noindex. Do not create a replacement page and do not force this URL into the index.
what is silk chiffon crepe,informational,Informational,/fabrics/silk-chiffon-crepe/,secondary,"Mapped in fabstitch-keyword-map.csv onto an existing URL. Volume, difficulty, and rank are UNKNOWN.",noindex_target,The URL exists and stays noindex. Do not create a replacement page and do not force this URL into the index.
what is silk crepe,informational,Informational,/fabrics/silk-crepe/,secondary,"Mapped in fabstitch-keyword-map.csv onto an existing URL. Volume, difficulty, and rank are UNKNOWN.",noindex_target,The URL exists and stays noindex. Do not create a replacement page and do not force this URL into the index.
what is silk dupion,informational,Informational,/fabrics/silk-dupion/,secondary,"Mapped in fabstitch-keyword-map.csv onto an existing URL. Volume, difficulty, and rank are UNKNOWN.",noindex_target,The URL exists and stays noindex. Do not create a replacement page and do not force this URL into the index.
what is silk faille,informational,Informational,/fabrics/silk-faille/,secondary,"Mapped in fabstitch-keyword-map.csv onto an existing URL. Volume, difficulty, and rank are UNKNOWN.",noindex_target,The URL exists and stays noindex. Do not create a replacement page and do not force this URL into the index.
what is silk habotai,informational,Informational,/fabrics/silk-habotai/,secondary,"Mapped in fabstitch-keyword-map.csv onto an existing URL. Volume, difficulty, and rank are UNKNOWN.",noindex_target,The URL exists and stays noindex. Do not create a replacement page and do not force this URL into the index.
what is silk noil,informational,Informational,/fabrics/silk-noil/,secondary,"Mapped in fabstitch-keyword-map.csv onto an existing URL. Volume, difficulty, and rank are UNKNOWN.",noindex_target,The URL exists and stays noindex. Do not create a replacement page and do not force this URL into the index.
what is silk organza,informational,Informational,/fabrics/silk-organza/,secondary,"Mapped in fabstitch-keyword-map.csv onto an existing URL. Volume, difficulty, and rank are UNKNOWN.",noindex_target,The URL exists and stays noindex. Do not create a replacement page and do not force this URL into the index.
what is silk satin,informational,Informational,/fabrics/silk-satin/,secondary,"Mapped in fabstitch-keyword-map.csv onto an existing URL. Volume, difficulty, and rank are UNKNOWN.",noindex_target,The URL exists and stays noindex. Do not create a replacement page and do not force this URL into the index.
what is silk taffeta,informational,Informational,/fabrics/silk-taffeta/,secondary,"Mapped in fabstitch-keyword-map.csv onto an existing URL. Volume, difficulty, and rank are UNKNOWN.",noindex_target,The URL exists and stays noindex. Do not create a replacement page and do not force this URL into the index.
what is silk tussar,informational,Informational,/fabrics/silk-tussar/,secondary,"Mapped in fabstitch-keyword-map.csv onto an existing URL. Volume, difficulty, and rank are UNKNOWN.",noindex_target,The URL exists and stays noindex. Do not create a replacement page and do not force this URL into the index.
what is silk twill,informational,Informational,/fabrics/silk-twill/,secondary,"Mapped in fabstitch-keyword-map.csv onto an existing URL. Volume, difficulty, and rank are UNKNOWN.",noindex_target,The URL exists and stays noindex. Do not create a replacement page and do not force this URL into the index.
what is silk-viscose velvet,informational,Informational,/fabrics/silk-viscose-velvet/,secondary,"Mapped in fabstitch-keyword-map.csv onto an existing URL. Volume, difficulty, and rank are UNKNOWN.",noindex_target,The URL exists and stays noindex. Do not create a replacement page and do not force this URL into the index.
what is slub cotton,informational,Informational,/fabrics/slub-cotton/,secondary,"Mapped in fabstitch-keyword-map.csv onto an existing URL. Volume, difficulty, and rank are UNKNOWN.",noindex_target,The URL exists and stays noindex. Do not create a replacement page and do not force this URL into the index.
what is slub cotton lawn,informational,Informational,/fabrics/slub-cotton-lawn/,secondary,"Mapped in fabstitch-keyword-map.csv onto an existing URL. Volume, difficulty, and rank are UNKNOWN.",noindex_target,The URL exists and stays noindex. Do not create a replacement page and do not force this URL into the index.
what is slub french terry,informational,Informational,/fabrics/french-terry-slub/,secondary,"Mapped in fabstitch-keyword-map.csv onto an existing URL. Volume, difficulty, and rank are UNKNOWN.",noindex_target,The URL exists and stays noindex. Do not create a replacement page and do not force this URL into the index.
what is soft oxford cotton,informational,Informational,/fabrics/soft-oxford-cotton/,secondary,"Mapped in fabstitch-keyword-map.csv onto an existing URL. Volume, difficulty, and rank are UNKNOWN.",noindex_target,The URL exists and stays noindex. Do not create a replacement page and do not force this URL into the index.
what is stretch chiffon,performance,Informational,/fabrics/stretch-chiffon/,secondary,"Mapped in fabstitch-keyword-map.csv onto an existing URL. Volume, difficulty, and rank are UNKNOWN.",noindex_target,The URL exists and stays noindex. Do not create a replacement page and do not force this URL into the index.
what is stretch cotton piqué,performance,Informational,/fabrics/stretch-cotton-pique/,secondary,"Mapped in fabstitch-keyword-map.csv onto an existing URL. Volume, difficulty, and rank are UNKNOWN.",noindex_target,The URL exists and stays noindex. Do not create a replacement page and do not force this URL into the index.
what is stretch french terry,performance,Informational,/fabrics/french-terry-stretch/,secondary,"Mapped in fabstitch-keyword-map.csv onto an existing URL. Volume, difficulty, and rank are UNKNOWN.",noindex_target,The URL exists and stays noindex. Do not create a replacement page and do not force this URL into the index.
what is stretch oxford cotton,performance,Informational,/fabrics/stretch-oxford-cotton/,secondary,"Mapped in fabstitch-keyword-map.csv onto an existing URL. Volume, difficulty, and rank are UNKNOWN.",noindex_target,The URL exists and stays noindex. Do not create a replacement page and do not force this URL into the index.
what is structured ponte,informational,Informational,/fabrics/ponte-structured/,secondary,"Mapped in fabstitch-keyword-map.csv onto an existing URL. Volume, difficulty, and rank are UNKNOWN.",noindex_target,The URL exists and stays noindex. Do not create a replacement page and do not force this URL into the index.
what is suede-effect woven,informational,Informational,/fabrics/suede-effect-woven/,secondary,"Mapped in fabstitch-keyword-map.csv onto an existing URL. Volume, difficulty, and rank are UNKNOWN.",noindex_target,The URL exists and stays noindex. Do not create a replacement page and do not force this URL into the index.
what is super 110s-130s tropical wool,informational,Informational,/fabrics/tropical-wool-super-110s-130s/,secondary,"Mapped in fabstitch-keyword-map.csv onto an existing URL. Volume, difficulty, and rank are UNKNOWN.",noindex_target,The URL exists and stays noindex. Do not create a replacement page and do not force this URL into the index.
what is tartan,informational,Informational,/fabrics/tartan/,secondary,"Mapped in fabstitch-keyword-map.csv onto an existing URL. Volume, difficulty, and rank are UNKNOWN.",noindex_target,The URL exists and stays noindex. Do not create a replacement page and do not force this URL into the index.
what is technical voile,informational,Informational,/fabrics/technical-voile/,secondary,"Mapped in fabstitch-keyword-map.csv onto an existing URL. Volume, difficulty, and rank are UNKNOWN.",noindex_target,The URL exists and stays noindex. Do not create a replacement page and do not force this URL into the index.
what is tencel cotton poplin,informational,Informational,/fabrics/tencel-cotton-poplin/,secondary,"Mapped in fabstitch-keyword-map.csv onto an existing URL. Volume, difficulty, and rank are UNKNOWN.",noindex_target,The URL exists and stays noindex. Do not create a replacement page and do not force this URL into the index.
what is tencel denim,informational,Informational,/fabrics/tencel-denim/,secondary,"Mapped in fabstitch-keyword-map.csv onto an existing URL. Volume, difficulty, and rank are UNKNOWN.",noindex_target,The URL exists and stays noindex. Do not create a replacement page and do not force this URL into the index.
what is tencel jersey,informational,Informational,/fabrics/tencel-jersey/,secondary,"Mapped in fabstitch-keyword-map.csv onto an existing URL. Volume, difficulty, and rank are UNKNOWN.",noindex_target,The URL exists and stays noindex. Do not create a replacement page and do not force this URL into the index.
what is tencel linen blend,informational,Informational,/fabrics/tencel-linen-blend/,secondary,"Mapped in fabstitch-keyword-map.csv onto an existing URL. Volume, difficulty, and rank are UNKNOWN.",noindex_target,The URL exists and stays noindex. Do not create a replacement page and do not force this URL into the index.
what is tencel plain weave,informational,Informational,/fabrics/tencel-plain-weave/,secondary,"Mapped in fabstitch-keyword-map.csv onto an existing URL. Volume, difficulty, and rank are UNKNOWN.",noindex_target,The URL exists and stays noindex. Do not create a replacement page and do not force this URL into the index.
what is tencel sateen,informational,Informational,/fabrics/tencel-sateen/,secondary,"Mapped in fabstitch-keyword-map.csv onto an existing URL. Volume, difficulty, and rank are UNKNOWN.",noindex_target,The URL exists and stays noindex. Do not create a replacement page and do not force this URL into the index.
what is tencel shirting,informational,Informational,/fabrics/tencel-shirting/,secondary,"Mapped in fabstitch-keyword-map.csv onto an existing URL. Volume, difficulty, and rank are UNKNOWN.",noindex_target,The URL exists and stays noindex. Do not create a replacement page and do not force this URL into the index.
what is tencel twill,informational,Informational,/fabrics/tencel-twill/,secondary,"Mapped in fabstitch-keyword-map.csv onto an existing URL. Volume, difficulty, and rank are UNKNOWN.",noindex_target,The URL exists and stays noindex. Do not create a replacement page and do not force this URL into the index.
what is travel ponte,informational,Informational,/fabrics/ponte-travel/,secondary,"Mapped in fabstitch-keyword-map.csv onto an existing URL. Volume, difficulty, and rank are UNKNOWN.",noindex_target,The URL exists and stays noindex. Do not create a replacement page and do not force this URL into the index.
what is ultra-light semi-sheer lounge knit,informational,Informational,/fabrics/ultra-light-semi-sheer-lounge-knit/,secondary,"Mapped in fabstitch-keyword-map.csv onto an existing URL. Volume, difficulty, and rank are UNKNOWN.",noindex_target,The URL exists and stays noindex. Do not create a replacement page and do not force this URL into the index.
what is undyed wool rug,informational,Informational,/fabrics/undyed-wool-rug/,secondary,"Mapped in fabstitch-keyword-map.csv onto an existing URL. Volume, difficulty, and rank are UNKNOWN.",noindex_target,The URL exists and stays noindex. Do not create a replacement page and do not force this URL into the index.
what is upholstery bouclé,informational,Informational,/fabrics/upholstery-boucle/,secondary,"Mapped in fabstitch-keyword-map.csv onto an existing URL. Volume, difficulty, and rank are UNKNOWN.",noindex_target,The URL exists and stays noindex. Do not create a replacement page and do not force this URL into the index.
what is voile lawn,informational,Informational,/fabrics/voile-lawn/,secondary,"Mapped in fabstitch-keyword-map.csv onto an existing URL. Volume, difficulty, and rank are UNKNOWN.",noindex_target,The URL exists and stays noindex. Do not create a replacement page and do not force this URL into the index.
what is washed linen bedding,informational,Informational,/fabrics/washed-linen-bedding/,secondary,"Mapped in fabstitch-keyword-map.csv onto an existing URL. Volume, difficulty, and rank are UNKNOWN.",noindex_target,The URL exists and stays noindex. Do not create a replacement page and do not force this URL into the index.
what is wool alpaca brushed blend,informational,Informational,/fabrics/wool-alpaca-brushed/,secondary,"Mapped in fabstitch-keyword-map.csv onto an existing URL. Volume, difficulty, and rank are UNKNOWN.",noindex_target,The URL exists and stays noindex. Do not create a replacement page and do not force this URL into the index.
what is wool cashmere melton blend,informational,Informational,/fabrics/wool-cashmere-melton/,secondary,"Mapped in fabstitch-keyword-map.csv onto an existing URL. Volume, difficulty, and rank are UNKNOWN.",noindex_target,The URL exists and stays noindex. Do not create a replacement page and do not force this URL into the index.
what is wool cotton twill,informational,Informational,/fabrics/wool-cotton-twill/,secondary,"Mapped in fabstitch-keyword-map.csv onto an existing URL. Volume, difficulty, and rank are UNKNOWN.",noindex_target,The URL exists and stays noindex. Do not create a replacement page and do not force this URL into the index.
what is wool felt upholstery,informational,Informational,/fabrics/wool-felt-upholstery/,secondary,"Mapped in fabstitch-keyword-map.csv onto an existing URL. Volume, difficulty, and rank are UNKNOWN.",noindex_target,The URL exists and stays noindex. Do not create a replacement page and do not force this URL into the index.
what is wool hemp canvas blend,informational,Informational,/fabrics/wool-hemp-canvas/,secondary,"Mapped in fabstitch-keyword-map.csv onto an existing URL. Volume, difficulty, and rank are UNKNOWN.",noindex_target,The URL exists and stays noindex. Do not create a replacement page and do not force this URL into the index.
what is wool linen open weave blend,informational,Informational,/fabrics/wool-linen-tailoring-open-weave/,secondary,"Mapped in fabstitch-keyword-map.csv onto an existing URL. Volume, difficulty, and rank are UNKNOWN.",noindex_target,The URL exists and stays noindex. Do not create a replacement page and do not force this URL into the index.
what is wool mohair fresco blend,informational,Informational,/fabrics/wool-mohair-fresco/,secondary,"Mapped in fabstitch-keyword-map.csv onto an existing URL. Volume, difficulty, and rank are UNKNOWN.",noindex_target,The URL exists and stays noindex. Do not create a replacement page and do not force this URL into the index.
what is wool polyamide crepe,informational,Informational,/fabrics/wool-polyamide-crepe/,secondary,"Mapped in fabstitch-keyword-map.csv onto an existing URL. Volume, difficulty, and rank are UNKNOWN.",noindex_target,The URL exists and stays noindex. Do not create a replacement page and do not force this URL into the index.
what is wool polyester suiting blend,informational,Informational,/fabrics/wool-polyester-suiting/,secondary,"Mapped in fabstitch-keyword-map.csv onto an existing URL. Volume, difficulty, and rank are UNKNOWN.",noindex_target,The URL exists and stays noindex. Do not create a replacement page and do not force this URL into the index.
what is wool silk suiting blend,informational,Informational,/fabrics/wool-silk-suiting/,secondary,"Mapped in fabstitch-keyword-map.csv onto an existing URL. Volume, difficulty, and rank are UNKNOWN.",noindex_target,The URL exists and stays noindex. Do not create a replacement page and do not force this URL into the index.
what is wool viscose twill,informational,Informational,/fabrics/wool-viscose-twill/,secondary,"Mapped in fabstitch-keyword-map.csv onto an existing URL. Volume, difficulty, and rank are UNKNOWN.",noindex_target,The URL exists and stays noindex. Do not create a replacement page and do not force this URL into the index.
what is wool-linen open weave,informational,Informational,/fabrics/wool-linen-open-weave/,secondary,"Mapped in fabstitch-keyword-map.csv onto an existing URL. Volume, difficulty, and rank are UNKNOWN.",noindex_target,The URL exists and stays noindex. Do not create a replacement page and do not force this URL into the index.
what is wool-mohair open weave,informational,Informational,/fabrics/wool-mohair-open-weave/,secondary,"Mapped in fabstitch-keyword-map.csv onto an existing URL. Volume, difficulty, and rank are UNKNOWN.",noindex_target,The URL exists and stays noindex. Do not create a replacement page and do not force this URL into the index.
what is wool-silk bi-stretch,performance,Informational,/fabrics/wool-silk-bi-stretch/,secondary,"Mapped in fabstitch-keyword-map.csv onto an existing URL. Volume, difficulty, and rank are UNKNOWN.",noindex_target,The URL exists and stays noindex. Do not create a replacement page and do not force this URL into the index.
what is wool-technical hybrid,informational,Informational,/fabrics/wool-technical-hybrid/,secondary,"Mapped in fabstitch-keyword-map.csv onto an existing URL. Volume, difficulty, and rank are UNKNOWN.",noindex_target,The URL exists and stays noindex. Do not create a replacement page and do not force this URL into the index.
wool alpaca brushed blend,fabric_type,Commercial,/fabrics/wool-alpaca-brushed/,secondary,"Mapped in fabstitch-keyword-map.csv onto an existing URL. Volume, difficulty, and rank are UNKNOWN.",noindex_target,The URL exists and stays noindex. Do not create a replacement page and do not force this URL into the index.
wool alpaca brushed blend fabric,fabric_type,Commercial,/fabrics/wool-alpaca-brushed/,secondary,"Mapped in fabstitch-keyword-map.csv onto an existing URL. Volume, difficulty, and rank are UNKNOWN.",noindex_target,The URL exists and stays noindex. Do not create a replacement page and do not force this URL into the index.
wool alpaca brushed blend fabric online,fabric_type,Commercial,/fabrics/wool-alpaca-brushed/,secondary,"Mapped in fabstitch-keyword-map.csv onto an existing URL. Volume, difficulty, and rank are UNKNOWN.",noindex_target,The URL exists and stays noindex. Do not create a replacement page and do not force this URL into the index.
wool alpaca brushed blend for coats,fabric_type,Commercial,/fabrics/wool-alpaca-brushed/,secondary,"Mapped in fabstitch-keyword-map.csv onto an existing URL. Volume, difficulty, and rank are UNKNOWN.",noindex_target,The URL exists and stays noindex. Do not create a replacement page and do not force this URL into the index.
wool alpaca brushed blend for jackets,fabric_type,Commercial,/fabrics/wool-alpaca-brushed/,secondary,"Mapped in fabstitch-keyword-map.csv onto an existing URL. Volume, difficulty, and rank are UNKNOWN.",noindex_target,The URL exists and stays noindex. Do not create a replacement page and do not force this URL into the index.
wool alpaca brushed blend for layering pieces,fabric_type,Commercial,/fabrics/wool-alpaca-brushed/,secondary,"Mapped in fabstitch-keyword-map.csv onto an existing URL. Volume, difficulty, and rank are UNKNOWN.",noindex_target,The URL exists and stays noindex. Do not create a replacement page and do not force this URL into the index.
wool alpaca brushed blend textile,fabric_type,Commercial,/fabrics/wool-alpaca-brushed/,secondary,"Mapped in fabstitch-keyword-map.csv onto an existing URL. Volume, difficulty, and rank are UNKNOWN.",noindex_target,The URL exists and stays noindex. Do not create a replacement page and do not force this URL into the index.
wool and linen wool-linen open weave,fabric_type,Commercial,/fabrics/wool-linen-open-weave/,secondary,"Mapped in fabstitch-keyword-map.csv onto an existing URL. Volume, difficulty, and rank are UNKNOWN.",noindex_target,The URL exists and stays noindex. Do not create a replacement page and do not force this URL into the index.
wool and mohair wool-mohair open weave,fabric_type,Commercial,/fabrics/wool-mohair-open-weave/,secondary,"Mapped in fabstitch-keyword-map.csv onto an existing URL. Volume, difficulty, and rank are UNKNOWN.",noindex_target,The URL exists and stays noindex. Do not create a replacement page and do not force this URL into the index.
wool and silk wool-silk bi-stretch,performance,Commercial,/fabrics/wool-silk-bi-stretch/,secondary,"Mapped in fabstitch-keyword-map.csv onto an existing URL. Volume, difficulty, and rank are UNKNOWN.",noindex_target,The URL exists and stays noindex. Do not create a replacement page and do not force this URL into the index.
wool brushed flannel,fabric_type,Commercial,/fabrics/brushed-flannel/,secondary,"Mapped in fabstitch-keyword-map.csv onto an existing URL. Volume, difficulty, and rank are UNKNOWN.",noindex_target,The URL exists and stays noindex. Do not create a replacement page and do not force this URL into the index.
wool casentino wool,fabric_type,Commercial,/fabrics/casentino-wool/,secondary,"Mapped in fabstitch-keyword-map.csv onto an existing URL. Volume, difficulty, and rank are UNKNOWN.",noindex_target,The URL exists and stays noindex. Do not create a replacement page and do not force this URL into the index.
wool cashmere melton blend,fabric_type,Commercial,/fabrics/wool-cashmere-melton/,secondary,"Mapped in fabstitch-keyword-map.csv onto an existing URL. Volume, difficulty, and rank are UNKNOWN.",noindex_target,The URL exists and stays noindex. Do not create a replacement page and do not force this URL into the index.
wool cashmere melton blend fabric,fabric_type,Commercial,/fabrics/wool-cashmere-melton/,secondary,"Mapped in fabstitch-keyword-map.csv onto an existing URL. Volume, difficulty, and rank are UNKNOWN.",noindex_target,The URL exists and stays noindex. Do not create a replacement page and do not force this URL into the index.
wool cashmere melton blend fabric online,fabric_type,Commercial,/fabrics/wool-cashmere-melton/,secondary,"Mapped in fabstitch-keyword-map.csv onto an existing URL. Volume, difficulty, and rank are UNKNOWN.",noindex_target,The URL exists and stays noindex. Do not create a replacement page and do not force this URL into the index.
wool cashmere melton blend for coats,fabric_type,Commercial,/fabrics/wool-cashmere-melton/,secondary,"Mapped in fabstitch-keyword-map.csv onto an existing URL. Volume, difficulty, and rank are UNKNOWN.",noindex_target,The URL exists and stays noindex. Do not create a replacement page and do not force this URL into the index.
wool cashmere melton blend for suiting,fabric_type,Commercial,/fabrics/wool-cashmere-melton/,secondary,"Mapped in fabstitch-keyword-map.csv onto an existing URL. Volume, difficulty, and rank are UNKNOWN.",noindex_target,The URL exists and stays noindex. Do not create a replacement page and do not force this URL into the index.
wool cashmere melton blend textile,fabric_type,Commercial,/fabrics/wool-cashmere-melton/,secondary,"Mapped in fabstitch-keyword-map.csv onto an existing URL. Volume, difficulty, and rank are UNKNOWN.",noindex_target,The URL exists and stays noindex. Do not create a replacement page and do not force this URL into the index.
wool cotton twill,fabric_type,Commercial,/fabrics/wool-cotton-twill/,secondary,"Mapped in fabstitch-keyword-map.csv onto an existing URL. Volume, difficulty, and rank are UNKNOWN.",noindex_target,The URL exists and stays noindex. Do not create a replacement page and do not force this URL into the index.
wool cotton twill fabric,fabric_type,Commercial,/fabrics/wool-cotton-twill/,secondary,"Mapped in fabstitch-keyword-map.csv onto an existing URL. Volume, difficulty, and rank are UNKNOWN.",noindex_target,The URL exists and stays noindex. Do not create a replacement page and do not force this URL into the index.
wool cotton twill fabric online,fabric_type,Commercial,/fabrics/wool-cotton-twill/,secondary,"Mapped in fabstitch-keyword-map.csv onto an existing URL. Volume, difficulty, and rank are UNKNOWN.",noindex_target,The URL exists and stays noindex. Do not create a replacement page and do not force this URL into the index.
wool cotton twill for jackets,fabric_type,Commercial,/fabrics/wool-cotton-twill/,secondary,"Mapped in fabstitch-keyword-map.csv onto an existing URL. Volume, difficulty, and rank are UNKNOWN.",noindex_target,The URL exists and stays noindex. Do not create a replacement page and do not force this URL into the index.
wool cotton twill for trousers,fabric_type,Commercial,/fabrics/wool-cotton-twill/,secondary,"Mapped in fabstitch-keyword-map.csv onto an existing URL. Volume, difficulty, and rank are UNKNOWN.",noindex_target,The URL exists and stays noindex. Do not create a replacement page and do not force this URL into the index.
wool cotton twill for workwear jackets,fabric_type,Commercial,/fabrics/wool-cotton-twill/,secondary,"Mapped in fabstitch-keyword-map.csv onto an existing URL. Volume, difficulty, and rank are UNKNOWN.",noindex_target,The URL exists and stays noindex. Do not create a replacement page and do not force this URL into the index.
wool cotton twill textile,fabric_type,Commercial,/fabrics/wool-cotton-twill/,secondary,"Mapped in fabstitch-keyword-map.csv onto an existing URL. Volume, difficulty, and rank are UNKNOWN.",noindex_target,The URL exists and stays noindex. Do not create a replacement page and do not force this URL into the index.
wool double-face wool,fabric_type,Commercial,/fabrics/double-face-wool/,secondary,"Mapped in fabstitch-keyword-map.csv onto an existing URL. Volume, difficulty, and rank are UNKNOWN.",noindex_target,The URL exists and stays noindex. Do not create a replacement page and do not force this URL into the index.
wool face / membrane middle / mesh back wool-technical hybrid,fabric_type,Commercial,/fabrics/wool-technical-hybrid/,secondary,"Mapped in fabstitch-keyword-map.csv onto an existing URL. Volume, difficulty, and rank are UNKNOWN.",noindex_target,The URL exists and stays noindex. Do not create a replacement page and do not force this URL into the index.
wool felt upholstery,application,Commercial,/fabrics/wool-felt-upholstery/,secondary,"Mapped in fabstitch-keyword-map.csv onto an existing URL. Volume, difficulty, and rank are UNKNOWN.",noindex_target,The URL exists and stays noindex. Do not create a replacement page and do not force this URL into the index.
wool felt upholstery fabric,application,Commercial,/fabrics/wool-felt-upholstery/,secondary,"Mapped in fabstitch-keyword-map.csv onto an existing URL. Volume, difficulty, and rank are UNKNOWN.",noindex_target,The URL exists and stays noindex. Do not create a replacement page and do not force this URL into the index.
wool felt upholstery fabric online,application,Commercial,/fabrics/wool-felt-upholstery/,secondary,"Mapped in fabstitch-keyword-map.csv onto an existing URL. Volume, difficulty, and rank are UNKNOWN.",noindex_target,The URL exists and stays noindex. Do not create a replacement page and do not force this URL into the index.
wool felt upholstery for upholstery,application,Commercial,/fabrics/wool-felt-upholstery/,secondary,"Mapped in fabstitch-keyword-map.csv onto an existing URL. Volume, difficulty, and rank are UNKNOWN.",noindex_target,The URL exists and stays noindex. Do not create a replacement page and do not force this URL into the index.
wool felt upholstery textile,application,Commercial,/fabrics/wool-felt-upholstery/,secondary,"Mapped in fabstitch-keyword-map.csv onto an existing URL. Volume, difficulty, and rank are UNKNOWN.",noindex_target,The URL exists and stays noindex. Do not create a replacement page and do not force this URL into the index.
wool hemp canvas blend,fabric_type,Commercial,/fabrics/wool-hemp-canvas/,secondary,"Mapped in fabstitch-keyword-map.csv onto an existing URL. Volume, difficulty, and rank are UNKNOWN.",noindex_target,The URL exists and stays noindex. Do not create a replacement page and do not force this URL into the index.
wool hemp canvas blend fabric,fabric_type,Commercial,/fabrics/wool-hemp-canvas/,secondary,"Mapped in fabstitch-keyword-map.csv onto an existing URL. Volume, difficulty, and rank are UNKNOWN.",noindex_target,The URL exists and stays noindex. Do not create a replacement page and do not force this URL into the index.
wool hemp canvas blend fabric online,fabric_type,Commercial,/fabrics/wool-hemp-canvas/,secondary,"Mapped in fabstitch-keyword-map.csv onto an existing URL. Volume, difficulty, and rank are UNKNOWN.",noindex_target,The URL exists and stays noindex. Do not create a replacement page and do not force this URL into the index.
wool hemp canvas blend for jackets,fabric_type,Commercial,/fabrics/wool-hemp-canvas/,secondary,"Mapped in fabstitch-keyword-map.csv onto an existing URL. Volume, difficulty, and rank are UNKNOWN.",noindex_target,The URL exists and stays noindex. Do not create a replacement page and do not force this URL into the index.
wool hemp canvas blend for trousers,fabric_type,Commercial,/fabrics/wool-hemp-canvas/,secondary,"Mapped in fabstitch-keyword-map.csv onto an existing URL. Volume, difficulty, and rank are UNKNOWN.",noindex_target,The URL exists and stays noindex. Do not create a replacement page and do not force this URL into the index.
wool hemp canvas blend for workwear jackets,fabric_type,Commercial,/fabrics/wool-hemp-canvas/,secondary,"Mapped in fabstitch-keyword-map.csv onto an existing URL. Volume, difficulty, and rank are UNKNOWN.",noindex_target,The URL exists and stays noindex. Do not create a replacement page and do not force this URL into the index.
wool hemp canvas blend textile,fabric_type,Commercial,/fabrics/wool-hemp-canvas/,secondary,"Mapped in fabstitch-keyword-map.csv onto an existing URL. Volume, difficulty, and rank are UNKNOWN.",noindex_target,The URL exists and stays noindex. Do not create a replacement page and do not force this URL into the index.
wool linen open weave blend,fabric_type,Commercial,/fabrics/wool-linen-tailoring-open-weave/,secondary,"Mapped in fabstitch-keyword-map.csv onto an existing URL. Volume, difficulty, and rank are UNKNOWN.",noindex_target,The URL exists and stays noindex. Do not create a replacement page and do not force this URL into the index.
wool linen open weave blend fabric,fabric_type,Commercial,/fabrics/wool-linen-tailoring-open-weave/,secondary,"Mapped in fabstitch-keyword-map.csv onto an existing URL. Volume, difficulty, and rank are UNKNOWN.",noindex_target,The URL exists and stays noindex. Do not create a replacement page and do not force this URL into the index.
wool linen open weave blend fabric online,fabric_type,Commercial,/fabrics/wool-linen-tailoring-open-weave/,secondary,"Mapped in fabstitch-keyword-map.csv onto an existing URL. Volume, difficulty, and rank are UNKNOWN.",noindex_target,The URL exists and stays noindex. Do not create a replacement page and do not force this URL into the index.
wool linen open weave blend for soft tailoring,fabric_type,Commercial,/fabrics/wool-linen-tailoring-open-weave/,secondary,"Mapped in fabstitch-keyword-map.csv onto an existing URL. Volume, difficulty, and rank are UNKNOWN.",noindex_target,The URL exists and stays noindex. Do not create a replacement page and do not force this URL into the index.
wool linen open weave blend for suiting,fabric_type,Commercial,/fabrics/wool-linen-tailoring-open-weave/,secondary,"Mapped in fabstitch-keyword-map.csv onto an existing URL. Volume, difficulty, and rank are UNKNOWN.",noindex_target,The URL exists and stays noindex. Do not create a replacement page and do not force this URL into the index.
wool linen open weave blend for unstructured jackets,fabric_type,Commercial,/fabrics/wool-linen-tailoring-open-weave/,secondary,"Mapped in fabstitch-keyword-map.csv onto an existing URL. Volume, difficulty, and rank are UNKNOWN.",noindex_target,The URL exists and stays noindex. Do not create a replacement page and do not force this URL into the index.
wool linen open weave blend textile,fabric_type,Commercial,/fabrics/wool-linen-tailoring-open-weave/,secondary,"Mapped in fabstitch-keyword-map.csv onto an existing URL. Volume, difficulty, and rank are UNKNOWN.",noindex_target,The URL exists and stays noindex. Do not create a replacement page and do not force this URL into the index.
wool mohair fresco blend,fabric_type,Commercial,/fabrics/wool-mohair-fresco/,secondary,"Mapped in fabstitch-keyword-map.csv onto an existing URL. Volume, difficulty, and rank are UNKNOWN.",noindex_target,The URL exists and stays noindex. Do not create a replacement page and do not force this URL into the index.
wool mohair fresco blend fabric,fabric_type,Commercial,/fabrics/wool-mohair-fresco/,secondary,"Mapped in fabstitch-keyword-map.csv onto an existing URL. Volume, difficulty, and rank are UNKNOWN.",noindex_target,The URL exists and stays noindex. Do not create a replacement page and do not force this URL into the index.
wool mohair fresco blend fabric online,fabric_type,Commercial,/fabrics/wool-mohair-fresco/,secondary,"Mapped in fabstitch-keyword-map.csv onto an existing URL. Volume, difficulty, and rank are UNKNOWN.",noindex_target,The URL exists and stays noindex. Do not create a replacement page and do not force this URL into the index.
wool mohair fresco blend for jackets,fabric_type,Commercial,/fabrics/wool-mohair-fresco/,secondary,"Mapped in fabstitch-keyword-map.csv onto an existing URL. Volume, difficulty, and rank are UNKNOWN.",noindex_target,The URL exists and stays noindex. Do not create a replacement page and do not force this URL into the index.
wool mohair fresco blend for suiting,fabric_type,Commercial,/fabrics/wool-mohair-fresco/,secondary,"Mapped in fabstitch-keyword-map.csv onto an existing URL. Volume, difficulty, and rank are UNKNOWN.",noindex_target,The URL exists and stays noindex. Do not create a replacement page and do not force this URL into the index.
wool mohair fresco blend for unstructured jackets,fabric_type,Commercial,/fabrics/wool-mohair-fresco/,secondary,"Mapped in fabstitch-keyword-map.csv onto an existing URL. Volume, difficulty, and rank are UNKNOWN.",noindex_target,The URL exists and stays noindex. Do not create a replacement page and do not force this URL into the index.
wool mohair fresco blend textile,fabric_type,Commercial,/fabrics/wool-mohair-fresco/,secondary,"Mapped in fabstitch-keyword-map.csv onto an existing URL. Volume, difficulty, and rank are UNKNOWN.",noindex_target,The URL exists and stays noindex. Do not create a replacement page and do not force this URL into the index.
wool polyamide crepe,fabric_type,Commercial,/fabrics/wool-polyamide-crepe/,secondary,"Mapped in fabstitch-keyword-map.csv onto an existing URL. Volume, difficulty, and rank are UNKNOWN.",noindex_target,The URL exists and stays noindex. Do not create a replacement page and do not force this URL into the index.
wool polyamide crepe fabric,fabric_type,Commercial,/fabrics/wool-polyamide-crepe/,secondary,"Mapped in fabstitch-keyword-map.csv onto an existing URL. Volume, difficulty, and rank are UNKNOWN.",noindex_target,The URL exists and stays noindex. Do not create a replacement page and do not force this URL into the index.
wool polyamide crepe fabric online,fabric_type,Commercial,/fabrics/wool-polyamide-crepe/,secondary,"Mapped in fabstitch-keyword-map.csv onto an existing URL. Volume, difficulty, and rank are UNKNOWN.",noindex_target,The URL exists and stays noindex. Do not create a replacement page and do not force this URL into the index.
wool polyamide crepe for dresses,fabric_type,Commercial,/fabrics/wool-polyamide-crepe/,secondary,"Mapped in fabstitch-keyword-map.csv onto an existing URL. Volume, difficulty, and rank are UNKNOWN.",noindex_target,The URL exists and stays noindex. Do not create a replacement page and do not force this URL into the index.
wool polyamide crepe for jackets,fabric_type,Commercial,/fabrics/wool-polyamide-crepe/,secondary,"Mapped in fabstitch-keyword-map.csv onto an existing URL. Volume, difficulty, and rank are UNKNOWN.",noindex_target,The URL exists and stays noindex. Do not create a replacement page and do not force this URL into the index.
wool polyamide crepe for trousers,fabric_type,Commercial,/fabrics/wool-polyamide-crepe/,secondary,"Mapped in fabstitch-keyword-map.csv onto an existing URL. Volume, difficulty, and rank are UNKNOWN.",noindex_target,The URL exists and stays noindex. Do not create a replacement page and do not force this URL into the index.
wool polyamide crepe textile,fabric_type,Commercial,/fabrics/wool-polyamide-crepe/,secondary,"Mapped in fabstitch-keyword-map.csv onto an existing URL. Volume, difficulty, and rank are UNKNOWN.",noindex_target,The URL exists and stays noindex. Do not create a replacement page and do not force this URL into the index.
wool polyester suiting blend,fabric_type,Commercial,/fabrics/wool-polyester-suiting/,secondary,"Mapped in fabstitch-keyword-map.csv onto an existing URL. Volume, difficulty, and rank are UNKNOWN.",noindex_target,The URL exists and stays noindex. Do not create a replacement page and do not force this URL into the index.
wool polyester suiting blend fabric,fabric_type,Commercial,/fabrics/wool-polyester-suiting/,secondary,"Mapped in fabstitch-keyword-map.csv onto an existing URL. Volume, difficulty, and rank are UNKNOWN.",noindex_target,The URL exists and stays noindex. Do not create a replacement page and do not force this URL into the index.
wool polyester suiting blend fabric online,fabric_type,Commercial,/fabrics/wool-polyester-suiting/,secondary,"Mapped in fabstitch-keyword-map.csv onto an existing URL. Volume, difficulty, and rank are UNKNOWN.",noindex_target,The URL exists and stays noindex. Do not create a replacement page and do not force this URL into the index.
wool polyester suiting blend for suiting,fabric_type,Commercial,/fabrics/wool-polyester-suiting/,secondary,"Mapped in fabstitch-keyword-map.csv onto an existing URL. Volume, difficulty, and rank are UNKNOWN.",noindex_target,The URL exists and stays noindex. Do not create a replacement page and do not force this URL into the index.
wool polyester suiting blend for trousers,fabric_type,Commercial,/fabrics/wool-polyester-suiting/,secondary,"Mapped in fabstitch-keyword-map.csv onto an existing URL. Volume, difficulty, and rank are UNKNOWN.",noindex_target,The URL exists and stays noindex. Do not create a replacement page and do not force this URL into the index.
wool polyester suiting blend for workwear jackets,fabric_type,Commercial,/fabrics/wool-polyester-suiting/,secondary,"Mapped in fabstitch-keyword-map.csv onto an existing URL. Volume, difficulty, and rank are UNKNOWN.",noindex_target,The URL exists and stays noindex. Do not create a replacement page and do not force this URL into the index.
wool polyester suiting blend textile,fabric_type,Commercial,/fabrics/wool-polyester-suiting/,secondary,"Mapped in fabstitch-keyword-map.csv onto an existing URL. Volume, difficulty, and rank are UNKNOWN.",noindex_target,The URL exists and stays noindex. Do not create a replacement page and do not force this URL into the index.
wool silk suiting blend,fabric_type,Commercial,/fabrics/wool-silk-suiting/,secondary,"Mapped in fabstitch-keyword-map.csv onto an existing URL. Volume, difficulty, and rank are UNKNOWN.",noindex_target,The URL exists and stays noindex. Do not create a replacement page and do not force this URL into the index.
wool silk suiting blend fabric,fabric_type,Commercial,/fabrics/wool-silk-suiting/,secondary,"Mapped in fabstitch-keyword-map.csv onto an existing URL. Volume, difficulty, and rank are UNKNOWN.",noindex_target,The URL exists and stays noindex. Do not create a replacement page and do not force this URL into the index.
wool silk suiting blend fabric online,fabric_type,Commercial,/fabrics/wool-silk-suiting/,secondary,"Mapped in fabstitch-keyword-map.csv onto an existing URL. Volume, difficulty, and rank are UNKNOWN.",noindex_target,The URL exists and stays noindex. Do not create a replacement page and do not force this URL into the index.
wool silk suiting blend for jackets,fabric_type,Commercial,/fabrics/wool-silk-suiting/,secondary,"Mapped in fabstitch-keyword-map.csv onto an existing URL. Volume, difficulty, and rank are UNKNOWN.",noindex_target,The URL exists and stays noindex. Do not create a replacement page and do not force this URL into the index.
wool silk suiting blend for occasionwear,fabric_type,Commercial,/fabrics/wool-silk-suiting/,secondary,"Mapped in fabstitch-keyword-map.csv onto an existing URL. Volume, difficulty, and rank are UNKNOWN.",noindex_target,The URL exists and stays noindex. Do not create a replacement page and do not force this URL into the index.
wool silk suiting blend for suiting,fabric_type,Commercial,/fabrics/wool-silk-suiting/,secondary,"Mapped in fabstitch-keyword-map.csv onto an existing URL. Volume, difficulty, and rank are UNKNOWN.",noindex_target,The URL exists and stays noindex. Do not create a replacement page and do not force this URL into the index.
wool silk suiting blend textile,fabric_type,Commercial,/fabrics/wool-silk-suiting/,secondary,"Mapped in fabstitch-keyword-map.csv onto an existing URL. Volume, difficulty, and rank are UNKNOWN.",noindex_target,The URL exists and stays noindex. Do not create a replacement page and do not force this URL into the index.
wool super 110s-130s tropical wool,fabric_type,Commercial,/fabrics/tropical-wool-super-110s-130s/,secondary,"Mapped in fabstitch-keyword-map.csv onto an existing URL. Volume, difficulty, and rank are UNKNOWN.",noindex_target,The URL exists and stays noindex. Do not create a replacement page and do not force this URL into the index.
wool undyed wool rug,fabric_type,Commercial,/fabrics/undyed-wool-rug/,secondary,"Mapped in fabstitch-keyword-map.csv onto an existing URL. Volume, difficulty, and rank are UNKNOWN.",noindex_target,The URL exists and stays noindex. Do not create a replacement page and do not force this URL into the index.
wool viscose twill,fabric_type,Commercial,/fabrics/wool-viscose-twill/,secondary,"Mapped in fabstitch-keyword-map.csv onto an existing URL. Volume, difficulty, and rank are UNKNOWN.",noindex_target,The URL exists and stays noindex. Do not create a replacement page and do not force this URL into the index.
wool viscose twill fabric,fabric_type,Commercial,/fabrics/wool-viscose-twill/,secondary,"Mapped in fabstitch-keyword-map.csv onto an existing URL. Volume, difficulty, and rank are UNKNOWN.",noindex_target,The URL exists and stays noindex. Do not create a replacement page and do not force this URL into the index.
wool viscose twill fabric online,fabric_type,Commercial,/fabrics/wool-viscose-twill/,secondary,"Mapped in fabstitch-keyword-map.csv onto an existing URL. Volume, difficulty, and rank are UNKNOWN.",noindex_target,The URL exists and stays noindex. Do not create a replacement page and do not force this URL into the index.
wool viscose twill for dresses,fabric_type,Commercial,/fabrics/wool-viscose-twill/,secondary,"Mapped in fabstitch-keyword-map.csv onto an existing URL. Volume, difficulty, and rank are UNKNOWN.",noindex_target,The URL exists and stays noindex. Do not create a replacement page and do not force this URL into the index.
wool viscose twill for suiting,fabric_type,Commercial,/fabrics/wool-viscose-twill/,secondary,"Mapped in fabstitch-keyword-map.csv onto an existing URL. Volume, difficulty, and rank are UNKNOWN.",noindex_target,The URL exists and stays noindex. Do not create a replacement page and do not force this URL into the index.
wool viscose twill for trousers,fabric_type,Commercial,/fabrics/wool-viscose-twill/,secondary,"Mapped in fabstitch-keyword-map.csv onto an existing URL. Volume, difficulty, and rank are UNKNOWN.",noindex_target,The URL exists and stays noindex. Do not create a replacement page and do not force this URL into the index.
wool viscose twill textile,fabric_type,Commercial,/fabrics/wool-viscose-twill/,secondary,"Mapped in fabstitch-keyword-map.csv onto an existing URL. Volume, difficulty, and rank are UNKNOWN.",noindex_target,The URL exists and stays noindex. Do not create a replacement page and do not force this URL into the index.
wool wool felt upholstery,application,Commercial,/fabrics/wool-felt-upholstery/,secondary,"Mapped in fabstitch-keyword-map.csv onto an existing URL. Volume, difficulty, and rank are UNKNOWN.",noindex_target,The URL exists and stays noindex. Do not create a replacement page and do not force this URL into the index.
wool-linen open weave,fabric_type,Commercial,/fabrics/wool-linen-open-weave/,secondary,"Mapped in fabstitch-keyword-map.csv onto an existing URL. Volume, difficulty, and rank are UNKNOWN.",noindex_target,The URL exists and stays noindex. Do not create a replacement page and do not force this URL into the index.
wool-linen open weave fabric,fabric_type,Commercial,/fabrics/wool-linen-open-weave/,secondary,"Mapped in fabstitch-keyword-map.csv onto an existing URL. Volume, difficulty, and rank are UNKNOWN.",noindex_target,The URL exists and stays noindex. Do not create a replacement page and do not force this URL into the index.
wool-linen open weave fabric online,fabric_type,Commercial,/fabrics/wool-linen-open-weave/,secondary,"Mapped in fabstitch-keyword-map.csv onto an existing URL. Volume, difficulty, and rank are UNKNOWN.",noindex_target,The URL exists and stays noindex. Do not create a replacement page and do not force this URL into the index.
wool-linen open weave for unstructured jackets,fabric_type,Commercial,/fabrics/wool-linen-open-weave/,secondary,"Mapped in fabstitch-keyword-map.csv onto an existing URL. Volume, difficulty, and rank are UNKNOWN.",noindex_target,The URL exists and stays noindex. Do not create a replacement page and do not force this URL into the index.
wool-linen open weave textile,fabric_type,Commercial,/fabrics/wool-linen-open-weave/,secondary,"Mapped in fabstitch-keyword-map.csv onto an existing URL. Volume, difficulty, and rank are UNKNOWN.",noindex_target,The URL exists and stays noindex. Do not create a replacement page and do not force this URL into the index.
wool-mohair open weave,fabric_type,Commercial,/fabrics/wool-mohair-open-weave/,secondary,"Mapped in fabstitch-keyword-map.csv onto an existing URL. Volume, difficulty, and rank are UNKNOWN.",noindex_target,The URL exists and stays noindex. Do not create a replacement page and do not force this URL into the index.
wool-mohair open weave fabric,fabric_type,Commercial,/fabrics/wool-mohair-open-weave/,secondary,"Mapped in fabstitch-keyword-map.csv onto an existing URL. Volume, difficulty, and rank are UNKNOWN.",noindex_target,The URL exists and stays noindex. Do not create a replacement page and do not force this URL into the index.
wool-mohair open weave fabric online,fabric_type,Commercial,/fabrics/wool-mohair-open-weave/,secondary,"Mapped in fabstitch-keyword-map.csv onto an existing URL. Volume, difficulty, and rank are UNKNOWN.",noindex_target,The URL exists and stays noindex. Do not create a replacement page and do not force this URL into the index.
wool-mohair open weave for unstructured jackets,fabric_type,Commercial,/fabrics/wool-mohair-open-weave/,secondary,"Mapped in fabstitch-keyword-map.csv onto an existing URL. Volume, difficulty, and rank are UNKNOWN.",noindex_target,The URL exists and stays noindex. Do not create a replacement page and do not force this URL into the index.
wool-mohair open weave textile,fabric_type,Commercial,/fabrics/wool-mohair-open-weave/,secondary,"Mapped in fabstitch-keyword-map.csv onto an existing URL. Volume, difficulty, and rank are UNKNOWN.",noindex_target,The URL exists and stays noindex. Do not create a replacement page and do not force this URL into the index.
wool-silk bi-stretch,performance,Commercial,/fabrics/wool-silk-bi-stretch/,secondary,"Mapped in fabstitch-keyword-map.csv onto an existing URL. Volume, difficulty, and rank are UNKNOWN.",noindex_target,The URL exists and stays noindex. Do not create a replacement page and do not force this URL into the index.
wool-silk bi-stretch fabric,performance,Commercial,/fabrics/wool-silk-bi-stretch/,secondary,"Mapped in fabstitch-keyword-map.csv onto an existing URL. Volume, difficulty, and rank are UNKNOWN.",noindex_target,The URL exists and stays noindex. Do not create a replacement page and do not force this URL into the index.
wool-silk bi-stretch fabric online,performance,Commercial,/fabrics/wool-silk-bi-stretch/,secondary,"Mapped in fabstitch-keyword-map.csv onto an existing URL. Volume, difficulty, and rank are UNKNOWN.",noindex_target,The URL exists and stays noindex. Do not create a replacement page and do not force this URL into the index.
wool-silk bi-stretch for suiting,performance,Commercial,/fabrics/wool-silk-bi-stretch/,secondary,"Mapped in fabstitch-keyword-map.csv onto an existing URL. Volume, difficulty, and rank are UNKNOWN.",noindex_target,The URL exists and stays noindex. Do not create a replacement page and do not force this URL into the index.
wool-silk bi-stretch textile,performance,Commercial,/fabrics/wool-silk-bi-stretch/,secondary,"Mapped in fabstitch-keyword-map.csv onto an existing URL. Volume, difficulty, and rank are UNKNOWN.",noindex_target,The URL exists and stays noindex. Do not create a replacement page and do not force this URL into the index.
wool-technical hybrid,fabric_type,Commercial,/fabrics/wool-technical-hybrid/,secondary,"Mapped in fabstitch-keyword-map.csv onto an existing URL. Volume, difficulty, and rank are UNKNOWN.",noindex_target,The URL exists and stays noindex. Do not create a replacement page and do not force this URL into the index.
wool-technical hybrid fabric,fabric_type,Commercial,/fabrics/wool-technical-hybrid/,secondary,"Mapped in fabstitch-keyword-map.csv onto an existing URL. Volume, difficulty, and rank are UNKNOWN.",noindex_target,The URL exists and stays noindex. Do not create a replacement page and do not force this URL into the index.
wool-technical hybrid fabric online,fabric_type,Commercial,/fabrics/wool-technical-hybrid/,secondary,"Mapped in fabstitch-keyword-map.csv onto an existing URL. Volume, difficulty, and rank are UNKNOWN.",noindex_target,The URL exists and stays noindex. Do not create a replacement page and do not force this URL into the index.
wool-technical hybrid for outerwear,fabric_type,Commercial,/fabrics/wool-technical-hybrid/,secondary,"Mapped in fabstitch-keyword-map.csv onto an existing URL. Volume, difficulty, and rank are UNKNOWN.",noindex_target,The URL exists and stays noindex. Do not create a replacement page and do not force this URL into the index.
wool-technical hybrid textile,fabric_type,Commercial,/fabrics/wool-technical-hybrid/,secondary,"Mapped in fabstitch-keyword-map.csv onto an existing URL. Volume, difficulty, and rank are UNKNOWN.",noindex_target,The URL exists and stays noindex. Do not create a replacement page and do not force this URL into the index.
woven suede-effect woven,fabric_type,Commercial,/fabrics/suede-effect-woven/,secondary,"Mapped in fabstitch-keyword-map.csv onto an existing URL. Volume, difficulty, and rank are UNKNOWN.",noindex_target,The URL exists and stays noindex. Do not create a replacement page and do not force this URL into the index.
