Keyword,Country,Volume,Difficulty,Current Rank,Intent,Cluster,Target URL,Content Type,Priority,Status
fabstitch,GLOBAL,TBD,TBD,TBD,Navigational,Brand,/,brand,P0,mapped
buy cotton fabric,GLOBAL,TBD,TBD,TBD,Commercial,Cotton Fabrics,/collections/cotton/,collection,P0,mapped
cotton cloth,GLOBAL,TBD,TBD,TBD,Commercial,Cotton Fabrics,/collections/cotton/,collection,P0,mapped
cotton fabric,GLOBAL,TBD,TBD,TBD,Commercial,Cotton Fabrics,/collections/cotton/,collection,P0,mapped
cotton fabric online,GLOBAL,TBD,TBD,TBD,Commercial,Cotton Fabrics,/collections/cotton/,collection,P0,mapped
cotton fabrics,GLOBAL,TBD,TBD,TBD,Commercial,Cotton Fabrics,/collections/cotton/,collection,P0,mapped
cotton textile,GLOBAL,TBD,TBD,TBD,Commercial,Cotton Fabrics,/collections/cotton/,collection,P0,mapped
denim fabric,GLOBAL,TBD,TBD,TBD,Commercial,Denim Fabrics,/collections/denim/,collection,P0,mapped
denim fabrics,GLOBAL,TBD,TBD,TBD,Commercial,Denim Fabrics,/collections/denim/,collection,P0,mapped
lightweight denim,GLOBAL,TBD,TBD,TBD,Commercial,Denim Fabrics,/collections/denim/,collection,P0,mapped
premium denim fabric,GLOBAL,TBD,TBD,TBD,Commercial,Denim Fabrics,/collections/denim/,collection,P0,mapped
recycled denim fabric,GLOBAL,TBD,TBD,TBD,Commercial,Denim Fabrics,/collections/denim/,collection,P0,mapped
selvedge denim,GLOBAL,TBD,TBD,TBD,Commercial,Denim Fabrics,/collections/denim/,collection,P0,mapped
aw textures fabric collection,GLOBAL,TBD,TBD,TBD,Commercial,Fabric Collections,/collections/aw-textures/,collection,P0,mapped
aw textures fabrics,GLOBAL,TBD,TBD,TBD,Commercial,Fabric Collections,/collections/aw-textures/,collection,P0,mapped
cotton fabric collection,GLOBAL,TBD,TBD,TBD,Commercial,Fabric Collections,/collections/cotton/,collection,P0,mapped
denim fabric collection,GLOBAL,TBD,TBD,TBD,Commercial,Fabric Collections,/collections/denim/,collection,P0,mapped
home & contract fabric collection,GLOBAL,TBD,TBD,TBD,Commercial,Fabric Collections,/collections/home-contract/,collection,P0,mapped
home & contract fabrics,GLOBAL,TBD,TBD,TBD,Commercial,Fabric Collections,/collections/home-contract/,collection,P0,mapped
knitwear fabric collection,GLOBAL,TBD,TBD,TBD,Commercial,Fabric Collections,/collections/knitwear/,collection,P0,mapped
linen & lightweight fabric collection,GLOBAL,TBD,TBD,TBD,Commercial,Fabric Collections,/collections/linen-lightweight/,collection,P0,mapped
linen & lightweight fabrics,GLOBAL,TBD,TBD,TBD,Commercial,Fabric Collections,/collections/linen-lightweight/,collection,P0,mapped
performance fabric collection,GLOBAL,TBD,TBD,TBD,Commercial,Fabric Collections,/collections/performance/,collection,P0,mapped
performance fabrics,GLOBAL,TBD,TBD,TBD,Commercial,Fabric Collections,/collections/performance/,collection,P0,mapped
silk & sheer fabric collection,GLOBAL,TBD,TBD,TBD,Commercial,Fabric Collections,/collections/silk-sheer/,collection,P0,mapped
silk & sheer fabrics,GLOBAL,TBD,TBD,TBD,Commercial,Fabric Collections,/collections/silk-sheer/,collection,P0,mapped
structured classics fabric collection,GLOBAL,TBD,TBD,TBD,Commercial,Fabric Collections,/collections/structured-classics/,collection,P0,mapped
structured classics fabrics,GLOBAL,TBD,TBD,TBD,Commercial,Fabric Collections,/collections/structured-classics/,collection,P0,mapped
tailoring fabric collection,GLOBAL,TBD,TBD,TBD,Commercial,Fabric Collections,/collections/tailoring/,collection,P0,mapped
technical outerwear fabric collection,GLOBAL,TBD,TBD,TBD,Commercial,Fabric Collections,/collections/technical-outerwear/,collection,P0,mapped
technical outerwear fabrics,GLOBAL,TBD,TBD,TBD,Commercial,Fabric Collections,/collections/technical-outerwear/,collection,P0,mapped
velvet & pile fabric collection,GLOBAL,TBD,TBD,TBD,Commercial,Fabric Collections,/collections/velvet-pile/,collection,P0,mapped
velvet & pile fabrics,GLOBAL,TBD,TBD,TBD,Commercial,Fabric Collections,/collections/velvet-pile/,collection,P0,mapped
best fabric for activewear,GLOBAL,TBD,TBD,TBD,Commercial,Fabric for Activewear,/fabrics/best-for/activewear/,best_for,P0,mapped
fabric for activewear,GLOBAL,TBD,TBD,TBD,Commercial,Fabric for Activewear,/fabrics/best-for/activewear/,best_for,P0,mapped
fabrics for activewear,GLOBAL,TBD,TBD,TBD,Commercial,Fabric for Activewear,/fabrics/best-for/activewear/,best_for,P0,mapped
best fabric for bedding,GLOBAL,TBD,TBD,TBD,Commercial,Fabric for Bedding,/fabrics/best-for/bedding/,best_for,P0,mapped
fabric for bedding,GLOBAL,TBD,TBD,TBD,Commercial,Fabric for Bedding,/fabrics/best-for/bedding/,best_for,P0,mapped
fabrics for bedding,GLOBAL,TBD,TBD,TBD,Commercial,Fabric for Bedding,/fabrics/best-for/bedding/,best_for,P0,mapped
best fabric for dresses,GLOBAL,TBD,TBD,TBD,Commercial,Fabric for Dresses,/fabrics/best-for/dresses/,best_for,P0,mapped
fabric for dresses,GLOBAL,TBD,TBD,TBD,Commercial,Fabric for Dresses,/fabrics/best-for/dresses/,best_for,P0,mapped
fabrics for dresses,GLOBAL,TBD,TBD,TBD,Commercial,Fabric for Dresses,/fabrics/best-for/dresses/,best_for,P0,mapped
best fabric for home textiles,GLOBAL,TBD,TBD,TBD,Commercial,Fabric for Home textiles,/fabrics/best-for/home-textiles/,best_for,P0,mapped
fabric for home textiles,GLOBAL,TBD,TBD,TBD,Commercial,Fabric for Home textiles,/fabrics/best-for/home-textiles/,best_for,P0,mapped
fabrics for home textiles,GLOBAL,TBD,TBD,TBD,Commercial,Fabric for Home textiles,/fabrics/best-for/home-textiles/,best_for,P0,mapped
best fabric for knitwear,GLOBAL,TBD,TBD,TBD,Commercial,Fabric for Knitwear,/fabrics/best-for/knitwear/,best_for,P0,mapped
fabric for knitwear,GLOBAL,TBD,TBD,TBD,Commercial,Fabric for Knitwear,/fabrics/best-for/knitwear/,best_for,P0,mapped
fabrics for knitwear,GLOBAL,TBD,TBD,TBD,Commercial,Fabric for Knitwear,/fabrics/best-for/knitwear/,best_for,P0,mapped
best fabric for occasionwear,GLOBAL,TBD,TBD,TBD,Commercial,Fabric for Occasionwear,/fabrics/best-for/occasionwear/,best_for,P0,mapped
fabric for occasionwear,GLOBAL,TBD,TBD,TBD,Commercial,Fabric for Occasionwear,/fabrics/best-for/occasionwear/,best_for,P0,mapped
fabrics for occasionwear,GLOBAL,TBD,TBD,TBD,Commercial,Fabric for Occasionwear,/fabrics/best-for/occasionwear/,best_for,P0,mapped
best fabric for outerwear,GLOBAL,TBD,TBD,TBD,Commercial,Fabric for Outerwear,/fabrics/best-for/outerwear/,best_for,P0,mapped
fabric for outerwear,GLOBAL,TBD,TBD,TBD,Commercial,Fabric for Outerwear,/fabrics/best-for/outerwear/,best_for,P0,mapped
fabrics for outerwear,GLOBAL,TBD,TBD,TBD,Commercial,Fabric for Outerwear,/fabrics/best-for/outerwear/,best_for,P0,mapped
best fabric for resortwear,GLOBAL,TBD,TBD,TBD,Commercial,Fabric for Resortwear,/fabrics/best-for/resortwear/,best_for,P0,mapped
fabric for resortwear,GLOBAL,TBD,TBD,TBD,Commercial,Fabric for Resortwear,/fabrics/best-for/resortwear/,best_for,P0,mapped
fabrics for resortwear,GLOBAL,TBD,TBD,TBD,Commercial,Fabric for Resortwear,/fabrics/best-for/resortwear/,best_for,P0,mapped
best fabric for shirts,GLOBAL,TBD,TBD,TBD,Commercial,Fabric for Shirts,/fabrics/best-for/shirts/,best_for,P0,mapped
fabric for shirts,GLOBAL,TBD,TBD,TBD,Commercial,Fabric for Shirts,/fabrics/best-for/shirts/,best_for,P0,mapped
fabrics for shirts,GLOBAL,TBD,TBD,TBD,Commercial,Fabric for Shirts,/fabrics/best-for/shirts/,best_for,P0,mapped
best fabric for tailoring,GLOBAL,TBD,TBD,TBD,Commercial,Fabric for Tailoring,/fabrics/best-for/tailoring/,best_for,P0,mapped
fabric for tailoring,GLOBAL,TBD,TBD,TBD,Commercial,Fabric for Tailoring,/fabrics/best-for/tailoring/,best_for,P0,mapped
fabrics for tailoring,GLOBAL,TBD,TBD,TBD,Commercial,Fabric for Tailoring,/fabrics/best-for/tailoring/,best_for,P0,mapped
best fabric for trousers,GLOBAL,TBD,TBD,TBD,Commercial,Fabric for Trousers,/fabrics/best-for/trousers/,best_for,P0,mapped
fabric for trousers,GLOBAL,TBD,TBD,TBD,Commercial,Fabric for Trousers,/fabrics/best-for/trousers/,best_for,P0,mapped
fabrics for trousers,GLOBAL,TBD,TBD,TBD,Commercial,Fabric for Trousers,/fabrics/best-for/trousers/,best_for,P0,mapped
best fabric for upholstery,GLOBAL,TBD,TBD,TBD,Commercial,Fabric for Upholstery,/fabrics/best-for/upholstery/,best_for,P0,mapped
fabric for upholstery,GLOBAL,TBD,TBD,TBD,Commercial,Fabric for Upholstery,/fabrics/best-for/upholstery/,best_for,P0,mapped
fabrics for upholstery,GLOBAL,TBD,TBD,TBD,Commercial,Fabric for Upholstery,/fabrics/best-for/upholstery/,best_for,P0,mapped
best fabric for women's clothing,GLOBAL,TBD,TBD,TBD,Commercial,Fabric for Women's clothing,/fabrics/best-for/womens-clothing/,best_for,P0,mapped
fabric for women's clothing,GLOBAL,TBD,TBD,TBD,Commercial,Fabric for Women's clothing,/fabrics/best-for/womens-clothing/,best_for,P0,mapped
fabrics for women's clothing,GLOBAL,TBD,TBD,TBD,Commercial,Fabric for Women's clothing,/fabrics/best-for/womens-clothing/,best_for,P0,mapped
buy fabric online,GLOBAL,TBD,TBD,TBD,Transactional,Fabric Marketplace,/marketplace/,money,P0,mapped
fabric,GLOBAL,TBD,TBD,TBD,Commercial,Fabric Marketplace,/marketplace/,money,P0,mapped
fabric marketplace,GLOBAL,TBD,TBD,TBD,Commercial,Fabric Marketplace,/marketplace/,money,P0,mapped
fabric online,GLOBAL,TBD,TBD,TBD,Commercial,Fabric Marketplace,/marketplace/,money,P0,mapped
fabric sourcing,GLOBAL,TBD,TBD,TBD,Commercial,Fabric Marketplace,/marketplace/,money,P0,mapped
fabric sourcing for fashion brands,GLOBAL,TBD,TBD,TBD,Commercial,Fabric Marketplace,/marketplace/,money,P0,mapped
fabric sourcing online,GLOBAL,TBD,TBD,TBD,Commercial,Fabric Marketplace,/marketplace/,money,P0,mapped
fabric sourcing platform,GLOBAL,TBD,TBD,TBD,Commercial,Fabric Marketplace,/marketplace/,money,P0,mapped
fabric store,GLOBAL,TBD,TBD,TBD,Commercial,Fabric Marketplace,/marketplace/,money,P0,mapped
fabric supplier,GLOBAL,TBD,TBD,TBD,Transactional,Fabric Marketplace,/marketplace/,money,P0,mapped
fabric supplier for clothing brands,GLOBAL,TBD,TBD,TBD,Transactional,Fabric Marketplace,/marketplace/,money,P0,mapped
fabric supplier online,GLOBAL,TBD,TBD,TBD,Transactional,Fabric Marketplace,/marketplace/,money,P0,mapped
fabric suppliers,GLOBAL,TBD,TBD,TBD,Transactional,Fabric Marketplace,/marketplace/,money,P0,mapped
fabric wholesale,GLOBAL,TBD,TBD,TBD,Transactional,Fabric Marketplace,/marketplace/,money,P0,mapped
fabrics,GLOBAL,TBD,TBD,TBD,Commercial,Fabric Marketplace,/marketplace/,money,P0,mapped
online fabric marketplace,GLOBAL,TBD,TBD,TBD,Commercial,Fabric Marketplace,/marketplace/,money,P0,mapped
online fabric sourcing,GLOBAL,TBD,TBD,TBD,Commercial,Fabric Marketplace,/marketplace/,money,P0,mapped
online fabric store,GLOBAL,TBD,TBD,TBD,Commercial,Fabric Marketplace,/marketplace/,money,P0,mapped
source fabric online,GLOBAL,TBD,TBD,TBD,Commercial,Fabric Marketplace,/marketplace/,money,P0,mapped
textile sourcing,GLOBAL,TBD,TBD,TBD,Commercial,Fabric Marketplace,/marketplace/,money,P0,mapped
textile supplier,GLOBAL,TBD,TBD,TBD,Transactional,Fabric Marketplace,/marketplace/,money,P0,mapped
wholesale fabric,GLOBAL,TBD,TBD,TBD,Transactional,Fabric Marketplace,/marketplace/,money,P0,mapped
wholesale fabrics,GLOBAL,TBD,TBD,TBD,Transactional,Fabric Marketplace,/marketplace/,money,P0,mapped
bedding fabric,GLOBAL,TBD,TBD,TBD,Commercial,Home & Contract Textiles,/collections/home-contract/,collection,P0,mapped
contract textile,GLOBAL,TBD,TBD,TBD,Commercial,Home & Contract Textiles,/collections/home-contract/,collection,P0,mapped
curtain fabric,GLOBAL,TBD,TBD,TBD,Commercial,Home & Contract Textiles,/collections/home-contract/,collection,P0,mapped
drape fabric,GLOBAL,TBD,TBD,TBD,Commercial,Home & Contract Textiles,/collections/home-contract/,collection,P0,mapped
home textile fabric,GLOBAL,TBD,TBD,TBD,Commercial,Home & Contract Textiles,/collections/home-contract/,collection,P0,mapped
upholstery fabric,GLOBAL,TBD,TBD,TBD,Commercial,Home & Contract Textiles,/collections/home-contract/,collection,P0,mapped
crochet knit fabric,GLOBAL,TBD,TBD,TBD,Commercial,Knit Fabrics,/collections/knitwear/,collection,P0,mapped
jersey fabric,GLOBAL,TBD,TBD,TBD,Commercial,Knit Fabrics,/collections/knitwear/,collection,P0,mapped
knit fabric,GLOBAL,TBD,TBD,TBD,Commercial,Knit Fabrics,/collections/knitwear/,collection,P0,mapped
knit fabrics,GLOBAL,TBD,TBD,TBD,Commercial,Knit Fabrics,/collections/knitwear/,collection,P0,mapped
open stitch knit,GLOBAL,TBD,TBD,TBD,Commercial,Knit Fabrics,/collections/knitwear/,collection,P0,mapped
pointelle knit,GLOBAL,TBD,TBD,TBD,Commercial,Knit Fabrics,/collections/knitwear/,collection,P0,mapped
buy linen fabric,GLOBAL,TBD,TBD,TBD,Commercial,Linen Fabrics,/collections/linen-lightweight/,collection,P0,mapped
european flax linen,GLOBAL,TBD,TBD,TBD,Commercial,Linen Fabrics,/collections/linen-lightweight/,collection,P0,mapped
flax linen,GLOBAL,TBD,TBD,TBD,Commercial,Linen Fabrics,/collections/linen-lightweight/,collection,P0,mapped
linen fabric,GLOBAL,TBD,TBD,TBD,Commercial,Linen Fabrics,/collections/linen-lightweight/,collection,P0,mapped
linen fabric online,GLOBAL,TBD,TBD,TBD,Commercial,Linen Fabrics,/collections/linen-lightweight/,collection,P0,mapped
linen fabrics,GLOBAL,TBD,TBD,TBD,Commercial,Linen Fabrics,/collections/linen-lightweight/,collection,P0,mapped
boiled wool,GLOBAL,TBD,TBD,TBD,Commercial,Named Fabrics,/fabrics/boiled-wool/,product,P0,mapped_indexable
cotton poplin,GLOBAL,TBD,TBD,TBD,Commercial,Named Fabrics,/fabrics/cotton-poplin/,product,P0,mapped_indexable
cotton seersucker,GLOBAL,TBD,TBD,TBD,Commercial,Named Fabrics,/fabrics/cotton-seersucker/,product,P0,mapped_indexable
cotton voile,GLOBAL,TBD,TBD,TBD,Commercial,Named Fabrics,/fabrics/cotton-voile/,product,P0,mapped_indexable
european flax linen fabric,GLOBAL,TBD,TBD,TBD,Commercial,Named Fabrics,/fabrics/european-flax-linen/,product,P0,mapped_indexable
lightweight denim fabric,GLOBAL,TBD,TBD,TBD,Commercial,Named Fabrics,/fabrics/lightweight-denim/,product,P0,mapped_indexable
linen-cotton,GLOBAL,TBD,TBD,TBD,Commercial,Named Fabrics,/fabrics/linen-cotton/,product,P0,mapped_indexable
linen-cotton fabric,GLOBAL,TBD,TBD,TBD,Commercial,Named Fabrics,/fabrics/linen-cotton/,product,P0,mapped_indexable
melton,GLOBAL,TBD,TBD,TBD,Commercial,Named Fabrics,/fabrics/melton/,product,P0,mapped_indexable
pointelle knit fabric,GLOBAL,TBD,TBD,TBD,Commercial,Named Fabrics,/fabrics/pointelle-knit/,product,P0,mapped_indexable
silk chiffon,GLOBAL,TBD,TBD,TBD,Commercial,Named Fabrics,/fabrics/silk-chiffon/,product,P0,mapped_indexable
silk georgette,GLOBAL,TBD,TBD,TBD,Commercial,Named Fabrics,/fabrics/silk-georgette/,product,P0,mapped_indexable
stretch-woven compression,GLOBAL,TBD,TBD,TBD,Commercial,Named Fabrics,/fabrics/stretch-woven-compression/,product,P0,mapped_indexable
stretch-woven compression fabric,GLOBAL,TBD,TBD,TBD,Commercial,Named Fabrics,/fabrics/stretch-woven-compression/,product,P0,mapped_indexable
activewear fabric,GLOBAL,TBD,TBD,TBD,Commercial,Performance Fabrics,/collections/performance/,collection,P0,mapped
compression fabric,GLOBAL,TBD,TBD,TBD,Commercial,Performance Fabrics,/collections/performance/,collection,P0,mapped
performance fabric,GLOBAL,TBD,TBD,TBD,Commercial,Performance Fabrics,/collections/performance/,collection,P0,mapped
stretch fabric,GLOBAL,TBD,TBD,TBD,Commercial,Performance Fabrics,/collections/performance/,collection,P0,mapped
swimwear fabric,GLOBAL,TBD,TBD,TBD,Commercial,Performance Fabrics,/collections/performance/,collection,P0,mapped
technical fabric,GLOBAL,TBD,TBD,TBD,Commercial,Performance Fabrics,/collections/performance/,collection,P0,mapped
sheer silk fabric,GLOBAL,TBD,TBD,TBD,Commercial,Silk Fabrics,/collections/silk-sheer/,collection,P0,mapped
silk chiffon fabric,GLOBAL,TBD,TBD,TBD,Commercial,Silk Fabrics,/collections/silk-sheer/,collection,P0,mapped
silk fabric,GLOBAL,TBD,TBD,TBD,Commercial,Silk Fabrics,/collections/silk-sheer/,collection,P0,mapped
silk fabrics,GLOBAL,TBD,TBD,TBD,Commercial,Silk Fabrics,/collections/silk-sheer/,collection,P0,mapped
silk georgette fabric,GLOBAL,TBD,TBD,TBD,Commercial,Silk Fabrics,/collections/silk-sheer/,collection,P0,mapped
silk organza fabric,GLOBAL,TBD,TBD,TBD,Commercial,Silk Fabrics,/collections/silk-sheer/,collection,P0,mapped
gabardine fabric,GLOBAL,TBD,TBD,TBD,Commercial,Technical Outerwear,/collections/technical-outerwear/,collection,P0,mapped
laminate fabric,GLOBAL,TBD,TBD,TBD,Commercial,Technical Outerwear,/collections/technical-outerwear/,collection,P0,mapped
membrane fabric,GLOBAL,TBD,TBD,TBD,Commercial,Technical Outerwear,/collections/technical-outerwear/,collection,P0,mapped
outerwear fabric,GLOBAL,TBD,TBD,TBD,Commercial,Technical Outerwear,/collections/technical-outerwear/,collection,P0,mapped
ripstop fabric,GLOBAL,TBD,TBD,TBD,Commercial,Technical Outerwear,/collections/technical-outerwear/,collection,P0,mapped
technical outerwear fabric,GLOBAL,TBD,TBD,TBD,Commercial,Technical Outerwear,/collections/technical-outerwear/,collection,P0,mapped
corduroy fabric,GLOBAL,TBD,TBD,TBD,Commercial,Velvet & Pile,/collections/velvet-pile/,collection,P0,mapped
crushed velvet fabric,GLOBAL,TBD,TBD,TBD,Commercial,Velvet & Pile,/collections/velvet-pile/,collection,P0,mapped
fine wale corduroy,GLOBAL,TBD,TBD,TBD,Commercial,Velvet & Pile,/collections/velvet-pile/,collection,P0,mapped
jumbo corduroy,GLOBAL,TBD,TBD,TBD,Commercial,Velvet & Pile,/collections/velvet-pile/,collection,P0,mapped
panne velvet,GLOBAL,TBD,TBD,TBD,Commercial,Velvet & Pile,/collections/velvet-pile/,collection,P0,mapped
velvet fabric,GLOBAL,TBD,TBD,TBD,Commercial,Velvet & Pile,/collections/velvet-pile/,collection,P0,mapped
tropical wool fabric,GLOBAL,TBD,TBD,TBD,Commercial,Wool Fabrics,/collections/tailoring/,collection,P0,mapped
wool fabric,GLOBAL,TBD,TBD,TBD,Commercial,Wool Fabrics,/collections/tailoring/,collection,P0,mapped
wool fabrics,GLOBAL,TBD,TBD,TBD,Commercial,Wool Fabrics,/collections/tailoring/,collection,P0,mapped
wool linen fabric,GLOBAL,TBD,TBD,TBD,Commercial,Wool Fabrics,/collections/tailoring/,collection,P0,mapped
wool mohair fabric,GLOBAL,TBD,TBD,TBD,Commercial,Wool Fabrics,/collections/tailoring/,collection,P0,mapped
wool silk fabric,GLOBAL,TBD,TBD,TBD,Commercial,Wool Fabrics,/collections/tailoring/,collection,P0,mapped
what is woven fabric,GLOBAL,TBD,TBD,TBD,Informational,Woven Fabrics,/guides/woven-vs-knit-fabrics/,article,P0,mapped
woven fabric,GLOBAL,TBD,TBD,TBD,Commercial,Woven Fabrics,/fabrics/,collection,P0,mapped
woven fabric for shirts,GLOBAL,TBD,TBD,TBD,Commercial,Woven Fabrics,/fabrics/,collection,P0,mapped
woven fabrics,GLOBAL,TBD,TBD,TBD,Commercial,Woven Fabrics,/fabrics/,collection,P0,mapped
woven textile,GLOBAL,TBD,TBD,TBD,Commercial,Woven Fabrics,/fabrics/,collection,P0,mapped
woven vs knit fabric,GLOBAL,TBD,TBD,TBD,Informational,Woven Fabrics,/guides/woven-vs-knit-fabrics/,article,P0,mapped
fabric for acoustic drapes,GLOBAL,TBD,TBD,TBD,Commercial,Best For Applications,/fabrics/best-for/home-textiles/,best_for,P1,mapped
fabric for baselayers,GLOBAL,TBD,TBD,TBD,Commercial,Best For Applications,/fabrics/best-for/activewear/,best_for,P1,mapped
fabric for blouses,GLOBAL,TBD,TBD,TBD,Commercial,Best For Applications,/fabrics/best-for/womens-clothing/,best_for,P1,mapped
fabric for bottoms,GLOBAL,TBD,TBD,TBD,Commercial,Best For Applications,/fabrics/best-for/trousers/,best_for,P1,mapped
fabric for city outerwear,GLOBAL,TBD,TBD,TBD,Commercial,Best For Applications,/fabrics/best-for/outerwear/,best_for,P1,mapped
fabric for citywear,GLOBAL,TBD,TBD,TBD,Commercial,Best For Applications,/fabrics/best-for/activewear/,best_for,P1,mapped
fabric for coats,GLOBAL,TBD,TBD,TBD,Commercial,Best For Applications,/fabrics/best-for/outerwear/,best_for,P1,mapped
fabric for contract textiles,GLOBAL,TBD,TBD,TBD,Commercial,Best For Applications,/fabrics/best-for/home-textiles/,best_for,P1,mapped
fabric for curtains,GLOBAL,TBD,TBD,TBD,Commercial,Best For Applications,/fabrics/best-for/home-textiles/,best_for,P1,mapped
fabric for full skirts,GLOBAL,TBD,TBD,TBD,Commercial,Best For Applications,/fabrics/best-for/womens-clothing/,best_for,P1,mapped
fabric for home textiles / interiors,GLOBAL,TBD,TBD,TBD,Commercial,Best For Applications,/fabrics/best-for/home-textiles/,best_for,P1,mapped
fabric for interiors,GLOBAL,TBD,TBD,TBD,Commercial,Best For Applications,/fabrics/best-for/home-textiles/,best_for,P1,mapped
fabric for layering pieces,GLOBAL,TBD,TBD,TBD,Commercial,Best For Applications,/fabrics/best-for/knitwear/,best_for,P1,mapped
fabric for lightweight outerwear,GLOBAL,TBD,TBD,TBD,Commercial,Best For Applications,/fabrics/best-for/outerwear/,best_for,P1,mapped
fabric for loungewear,GLOBAL,TBD,TBD,TBD,Commercial,Best For Applications,/fabrics/best-for/activewear/,best_for,P1,mapped
fabric for rugs,GLOBAL,TBD,TBD,TBD,Commercial,Best For Applications,/fabrics/best-for/home-textiles/,best_for,P1,mapped
fabric for sheers,GLOBAL,TBD,TBD,TBD,Commercial,Best For Applications,/fabrics/best-for/home-textiles/,best_for,P1,mapped
fabric for slip dresses,GLOBAL,TBD,TBD,TBD,Commercial,Best For Applications,/fabrics/best-for/womens-clothing/,best_for,P1,mapped
fabric for soft tailoring,GLOBAL,TBD,TBD,TBD,Commercial,Best For Applications,/fabrics/best-for/tailoring/,best_for,P1,mapped
fabric for statement knits,GLOBAL,TBD,TBD,TBD,Commercial,Best For Applications,/fabrics/best-for/knitwear/,best_for,P1,mapped
fabric for suiting,GLOBAL,TBD,TBD,TBD,Commercial,Best For Applications,/fabrics/best-for/tailoring/,best_for,P1,mapped
fabric for swimwear,GLOBAL,TBD,TBD,TBD,Commercial,Best For Applications,/fabrics/best-for/activewear/,best_for,P1,mapped
fabric for unlined coats,GLOBAL,TBD,TBD,TBD,Commercial,Best For Applications,/fabrics/best-for/outerwear/,best_for,P1,mapped
fabric for unstructured jackets,GLOBAL,TBD,TBD,TBD,Commercial,Best For Applications,/fabrics/best-for/tailoring/,best_for,P1,mapped
fabric for workwear trousers,GLOBAL,TBD,TBD,TBD,Commercial,Best For Applications,/fabrics/best-for/trousers/,best_for,P1,mapped
fab stitch,GLOBAL,TBD,TBD,TBD,Navigational,Brand,/,brand,P1,mapped
fabstitch fabric,GLOBAL,TBD,TBD,TBD,Navigational,Brand,/,brand,P1,mapped
fabstitch marketplace,GLOBAL,TBD,TBD,TBD,Navigational,Brand,/marketplace/,brand,P1,mapped
breathable cotton fabric,GLOBAL,TBD,TBD,TBD,Commercial,Cotton Fabrics,/collections/cotton/,collection,P1,mapped
cotton fabric for dresses,GLOBAL,TBD,TBD,TBD,Commercial,Cotton Fabrics,/collections/cotton/,collection,P1,mapped
cotton fabric for shirts,GLOBAL,TBD,TBD,TBD,Commercial,Cotton Fabrics,/collections/cotton/,collection,P1,mapped
cotton poplin fabric,GLOBAL,TBD,TBD,TBD,Commercial,Cotton Fabrics,/collections/cotton/,collection,P1,mapped
cotton voile fabric,GLOBAL,TBD,TBD,TBD,Commercial,Cotton Fabrics,/collections/cotton/,collection,P1,mapped
lightweight cotton fabric,GLOBAL,TBD,TBD,TBD,Commercial,Cotton Fabrics,/collections/cotton/,collection,P1,mapped
buy denim fabric,GLOBAL,TBD,TBD,TBD,Commercial,Denim Fabrics,/collections/denim/,collection,P1,mapped
denim fabric for jackets,GLOBAL,TBD,TBD,TBD,Commercial,Denim Fabrics,/collections/denim/,collection,P1,mapped
denim fabric for trousers,GLOBAL,TBD,TBD,TBD,Commercial,Denim Fabrics,/collections/denim/,collection,P1,mapped
denim fabric online,GLOBAL,TBD,TBD,TBD,Commercial,Denim Fabrics,/collections/denim/,collection,P1,mapped
denim fabric wholesale,GLOBAL,TBD,TBD,TBD,Commercial,Denim Fabrics,/collections/denim/,collection,P1,mapped
hemp cotton denim,GLOBAL,TBD,TBD,TBD,Commercial,Denim Fabrics,/collections/denim/,collection,P1,mapped
fabric sampling online,GLOBAL,TBD,TBD,TBD,Informational,Fabric Buying Guides,/guides/how-to-buy-fabric-online/,article,P1,mapped
aw textures textiles,GLOBAL,TBD,TBD,TBD,Commercial,Fabric Collections,/collections/aw-textures/,collection,P1,mapped
buy aw textures fabrics,GLOBAL,TBD,TBD,TBD,Commercial,Fabric Collections,/collections/aw-textures/,collection,P1,mapped
buy cotton fabrics,GLOBAL,TBD,TBD,TBD,Commercial,Fabric Collections,/collections/cotton/,collection,P1,mapped
buy denim fabrics,GLOBAL,TBD,TBD,TBD,Commercial,Fabric Collections,/collections/denim/,collection,P1,mapped
buy home & contract fabrics,GLOBAL,TBD,TBD,TBD,Commercial,Fabric Collections,/collections/home-contract/,collection,P1,mapped
buy knitwear fabrics,GLOBAL,TBD,TBD,TBD,Commercial,Fabric Collections,/collections/knitwear/,collection,P1,mapped
buy linen & lightweight fabrics,GLOBAL,TBD,TBD,TBD,Commercial,Fabric Collections,/collections/linen-lightweight/,collection,P1,mapped
buy performance fabrics,GLOBAL,TBD,TBD,TBD,Commercial,Fabric Collections,/collections/performance/,collection,P1,mapped
buy silk & sheer fabrics,GLOBAL,TBD,TBD,TBD,Commercial,Fabric Collections,/collections/silk-sheer/,collection,P1,mapped
buy structured classics fabrics,GLOBAL,TBD,TBD,TBD,Commercial,Fabric Collections,/collections/structured-classics/,collection,P1,mapped
buy tailoring fabrics,GLOBAL,TBD,TBD,TBD,Commercial,Fabric Collections,/collections/tailoring/,collection,P1,mapped
buy technical outerwear fabrics,GLOBAL,TBD,TBD,TBD,Commercial,Fabric Collections,/collections/technical-outerwear/,collection,P1,mapped
buy velvet & pile fabrics,GLOBAL,TBD,TBD,TBD,Commercial,Fabric Collections,/collections/velvet-pile/,collection,P1,mapped
cotton textiles,GLOBAL,TBD,TBD,TBD,Commercial,Fabric Collections,/collections/cotton/,collection,P1,mapped
denim textiles,GLOBAL,TBD,TBD,TBD,Commercial,Fabric Collections,/collections/denim/,collection,P1,mapped
explore aw textures fabrics,GLOBAL,TBD,TBD,TBD,Commercial,Fabric Collections,/collections/aw-textures/,collection,P1,mapped
explore cotton fabrics,GLOBAL,TBD,TBD,TBD,Commercial,Fabric Collections,/collections/cotton/,collection,P1,mapped
explore denim fabrics,GLOBAL,TBD,TBD,TBD,Commercial,Fabric Collections,/collections/denim/,collection,P1,mapped
explore home & contract fabrics,GLOBAL,TBD,TBD,TBD,Commercial,Fabric Collections,/collections/home-contract/,collection,P1,mapped
explore knitwear fabrics,GLOBAL,TBD,TBD,TBD,Commercial,Fabric Collections,/collections/knitwear/,collection,P1,mapped
explore linen & lightweight fabrics,GLOBAL,TBD,TBD,TBD,Commercial,Fabric Collections,/collections/linen-lightweight/,collection,P1,mapped
explore performance fabrics,GLOBAL,TBD,TBD,TBD,Commercial,Fabric Collections,/collections/performance/,collection,P1,mapped
explore silk & sheer fabrics,GLOBAL,TBD,TBD,TBD,Commercial,Fabric Collections,/collections/silk-sheer/,collection,P1,mapped
explore structured classics fabrics,GLOBAL,TBD,TBD,TBD,Commercial,Fabric Collections,/collections/structured-classics/,collection,P1,mapped
explore tailoring fabrics,GLOBAL,TBD,TBD,TBD,Commercial,Fabric Collections,/collections/tailoring/,collection,P1,mapped
explore technical outerwear fabrics,GLOBAL,TBD,TBD,TBD,Commercial,Fabric Collections,/collections/technical-outerwear/,collection,P1,mapped
explore velvet & pile fabrics,GLOBAL,TBD,TBD,TBD,Commercial,Fabric Collections,/collections/velvet-pile/,collection,P1,mapped
home & contract textiles,GLOBAL,TBD,TBD,TBD,Commercial,Fabric Collections,/collections/home-contract/,collection,P1,mapped
home contract fabrics,GLOBAL,TBD,TBD,TBD,Commercial,Fabric Collections,/collections/home-contract/,collection,P1,mapped
knitwear textiles,GLOBAL,TBD,TBD,TBD,Commercial,Fabric Collections,/collections/knitwear/,collection,P1,mapped
linen & lightweight textiles,GLOBAL,TBD,TBD,TBD,Commercial,Fabric Collections,/collections/linen-lightweight/,collection,P1,mapped
linen lightweight fabrics,GLOBAL,TBD,TBD,TBD,Commercial,Fabric Collections,/collections/linen-lightweight/,collection,P1,mapped
performance textiles,GLOBAL,TBD,TBD,TBD,Commercial,Fabric Collections,/collections/performance/,collection,P1,mapped
silk & sheer textiles,GLOBAL,TBD,TBD,TBD,Commercial,Fabric Collections,/collections/silk-sheer/,collection,P1,mapped
silk sheer fabrics,GLOBAL,TBD,TBD,TBD,Commercial,Fabric Collections,/collections/silk-sheer/,collection,P1,mapped
structured classics textiles,GLOBAL,TBD,TBD,TBD,Commercial,Fabric Collections,/collections/structured-classics/,collection,P1,mapped
tailoring textiles,GLOBAL,TBD,TBD,TBD,Commercial,Fabric Collections,/collections/tailoring/,collection,P1,mapped
technical outerwear textiles,GLOBAL,TBD,TBD,TBD,Commercial,Fabric Collections,/collections/technical-outerwear/,collection,P1,mapped
velvet & pile textiles,GLOBAL,TBD,TBD,TBD,Commercial,Fabric Collections,/collections/velvet-pile/,collection,P1,mapped
velvet pile fabrics,GLOBAL,TBD,TBD,TBD,Commercial,Fabric Collections,/collections/velvet-pile/,collection,P1,mapped
chiffon vs georgette,GLOBAL,TBD,TBD,TBD,Informational,Fabric Comparisons,/guides/chiffon-vs-georgette/,article,P1,mapped
cotton vs linen,GLOBAL,TBD,TBD,TBD,Informational,Fabric Comparisons,/guides/cotton-vs-linen/,article,P1,mapped
fabric quality comparison,GLOBAL,TBD,TBD,TBD,Informational,Fabric Comparisons,/guides/how-to-choose-the-right-fabric-weight/,article,P1,mapped
fabric weight comparison,GLOBAL,TBD,TBD,TBD,Informational,Fabric Comparisons,/guides/fabric-weight-and-gsm/,article,P1,mapped
georgette vs chiffon,GLOBAL,TBD,TBD,TBD,Informational,Fabric Comparisons,/guides/chiffon-vs-georgette/,article,P1,mapped
gsm fabric guide,GLOBAL,TBD,TBD,TBD,Informational,Fabric Comparisons,/guides/fabric-weight-and-gsm/,article,P1,mapped
how to compare fabric quality,GLOBAL,TBD,TBD,TBD,Informational,Fabric Comparisons,/guides/how-fabric-composition-affects-performance/,article,P1,mapped
linen vs cotton,GLOBAL,TBD,TBD,TBD,Informational,Fabric Comparisons,/guides/cotton-vs-linen/,article,P1,mapped
satin vs silk,GLOBAL,TBD,TBD,TBD,Informational,Fabric Comparisons,/guides/silk-vs-satin/,article,P1,mapped
silk vs satin,GLOBAL,TBD,TBD,TBD,Informational,Fabric Comparisons,/guides/silk-vs-satin/,article,P1,mapped
what is gsm in fabric,GLOBAL,TBD,TBD,TBD,Informational,Fabric Comparisons,/guides/fabric-weight-and-gsm/,article,P1,mapped
woven vs knit,GLOBAL,TBD,TBD,TBD,Informational,Fabric Comparisons,/guides/woven-vs-knit-fabrics/,article,P1,mapped
browse fabrics,GLOBAL,TBD,TBD,TBD,Commercial,Fabric Discovery,/fabrics/,hub,P1,mapped
explore fabrics,GLOBAL,TBD,TBD,TBD,Commercial,Fabric Discovery,/fabrics/,hub,P1,mapped
fabric catalog,GLOBAL,TBD,TBD,TBD,Commercial,Fabric Discovery,/fabrics/,hub,P1,mapped
fabric catalogue,GLOBAL,TBD,TBD,TBD,Commercial,Fabric Discovery,/fabrics/,hub,P1,mapped
fabric materials,GLOBAL,TBD,TBD,TBD,Commercial,Fabric Discovery,/fabrics/,hub,P1,mapped
fabric products,GLOBAL,TBD,TBD,TBD,Commercial,Fabric Discovery,/fabrics/,hub,P1,mapped
fabric types,GLOBAL,TBD,TBD,TBD,Commercial,Fabric Discovery,/fabrics/,hub,P1,mapped
named fabrics,GLOBAL,TBD,TBD,TBD,Commercial,Fabric Discovery,/fabrics/,hub,P1,mapped
textile materials,GLOBAL,TBD,TBD,TBD,Commercial,Fabric Discovery,/fabrics/,hub,P1,mapped
types of fabric,GLOBAL,TBD,TBD,TBD,Commercial,Fabric Discovery,/fabrics/,hub,P1,mapped
fabric composition guide,GLOBAL,TBD,TBD,TBD,Informational,Fabric Education,/guides/how-fabric-composition-affects-performance/,article,P1,mapped
fabric for boutiques guide,GLOBAL,TBD,TBD,TBD,Informational,Fabric Education,/guides/how-to-source-fabric-for-clothing-brands/,article,P1,mapped
fabric weight gsm,GLOBAL,TBD,TBD,TBD,Informational,Fabric Education,/guides/fabric-weight-and-gsm/,article,P1,mapped
how to buy fabric online,GLOBAL,TBD,TBD,TBD,Informational,Fabric Education,/guides/how-to-buy-fabric-online/,article,P1,mapped
how to choose fabric,GLOBAL,TBD,TBD,TBD,Informational,Fabric Education,/guides/how-to-choose-the-right-fabric-weight/,article,P1,mapped
how to source fabric for clothing brand,GLOBAL,TBD,TBD,TBD,Informational,Fabric Education,/guides/how-to-source-fabric-for-clothing-brands/,article,P1,mapped
how to source fabric online,GLOBAL,TBD,TBD,TBD,Informational,Fabric Education,/guides/how-to-source-fabric-for-clothing-brands/,article,P1,mapped
understanding fabric width,GLOBAL,TBD,TBD,TBD,Informational,Fabric Education,/guides/understanding-fabric-width/,article,P1,mapped
understanding stretch in fabric,GLOBAL,TBD,TBD,TBD,Informational,Fabric Education,/guides/understanding-stretch-in-fabric/,article,P1,mapped
what is a fabric weave,GLOBAL,TBD,TBD,TBD,Informational,Fabric Education,/guides/what-is-a-fabric-weave/,article,P1,mapped
activewear fabrics,GLOBAL,TBD,TBD,TBD,Informational,Fabric for Activewear,/fabrics/best-for/activewear/,best_for,P1,mapped
activewear textile,GLOBAL,TBD,TBD,TBD,Informational,Fabric for Activewear,/fabrics/best-for/activewear/,best_for,P1,mapped
best fabrics for activewear,GLOBAL,TBD,TBD,TBD,Commercial,Fabric for Activewear,/fabrics/best-for/activewear/,best_for,P1,mapped
buy fabric for activewear,GLOBAL,TBD,TBD,TBD,Informational,Fabric for Activewear,/fabrics/best-for/activewear/,best_for,P1,mapped
choose fabric for activewear,GLOBAL,TBD,TBD,TBD,Informational,Fabric for Activewear,/fabrics/best-for/activewear/,best_for,P1,mapped
fabric suitable for activewear,GLOBAL,TBD,TBD,TBD,Informational,Fabric for Activewear,/fabrics/best-for/activewear/,best_for,P1,mapped
bedding fabrics,GLOBAL,TBD,TBD,TBD,Informational,Fabric for Bedding,/fabrics/best-for/bedding/,best_for,P1,mapped
bedding textile,GLOBAL,TBD,TBD,TBD,Informational,Fabric for Bedding,/fabrics/best-for/bedding/,best_for,P1,mapped
best fabrics for bedding,GLOBAL,TBD,TBD,TBD,Commercial,Fabric for Bedding,/fabrics/best-for/bedding/,best_for,P1,mapped
buy fabric for bedding,GLOBAL,TBD,TBD,TBD,Informational,Fabric for Bedding,/fabrics/best-for/bedding/,best_for,P1,mapped
choose fabric for bedding,GLOBAL,TBD,TBD,TBD,Informational,Fabric for Bedding,/fabrics/best-for/bedding/,best_for,P1,mapped
fabric suitable for bedding,GLOBAL,TBD,TBD,TBD,Informational,Fabric for Bedding,/fabrics/best-for/bedding/,best_for,P1,mapped
best fabrics for dresses,GLOBAL,TBD,TBD,TBD,Commercial,Fabric for Dresses,/fabrics/best-for/dresses/,best_for,P1,mapped
buy fabric for dresses,GLOBAL,TBD,TBD,TBD,Informational,Fabric for Dresses,/fabrics/best-for/dresses/,best_for,P1,mapped
choose fabric for dresses,GLOBAL,TBD,TBD,TBD,Informational,Fabric for Dresses,/fabrics/best-for/dresses/,best_for,P1,mapped
dresses fabric,GLOBAL,TBD,TBD,TBD,Informational,Fabric for Dresses,/fabrics/best-for/dresses/,best_for,P1,mapped
dresses fabrics,GLOBAL,TBD,TBD,TBD,Informational,Fabric for Dresses,/fabrics/best-for/dresses/,best_for,P1,mapped
dresses textile,GLOBAL,TBD,TBD,TBD,Informational,Fabric for Dresses,/fabrics/best-for/dresses/,best_for,P1,mapped
fabric suitable for dresses,GLOBAL,TBD,TBD,TBD,Informational,Fabric for Dresses,/fabrics/best-for/dresses/,best_for,P1,mapped
best fabrics for home textiles,GLOBAL,TBD,TBD,TBD,Commercial,Fabric for Home textiles,/fabrics/best-for/home-textiles/,best_for,P1,mapped
buy fabric for home textiles,GLOBAL,TBD,TBD,TBD,Informational,Fabric for Home textiles,/fabrics/best-for/home-textiles/,best_for,P1,mapped
choose fabric for home textiles,GLOBAL,TBD,TBD,TBD,Informational,Fabric for Home textiles,/fabrics/best-for/home-textiles/,best_for,P1,mapped
fabric suitable for home textiles,GLOBAL,TBD,TBD,TBD,Informational,Fabric for Home textiles,/fabrics/best-for/home-textiles/,best_for,P1,mapped
home textiles fabric,GLOBAL,TBD,TBD,TBD,Informational,Fabric for Home textiles,/fabrics/best-for/home-textiles/,best_for,P1,mapped
home textiles fabrics,GLOBAL,TBD,TBD,TBD,Informational,Fabric for Home textiles,/fabrics/best-for/home-textiles/,best_for,P1,mapped
home textiles textile,GLOBAL,TBD,TBD,TBD,Informational,Fabric for Home textiles,/fabrics/best-for/home-textiles/,best_for,P1,mapped
best fabrics for knitwear,GLOBAL,TBD,TBD,TBD,Commercial,Fabric for Knitwear,/fabrics/best-for/knitwear/,best_for,P1,mapped
buy fabric for knitwear,GLOBAL,TBD,TBD,TBD,Informational,Fabric for Knitwear,/fabrics/best-for/knitwear/,best_for,P1,mapped
choose fabric for knitwear,GLOBAL,TBD,TBD,TBD,Informational,Fabric for Knitwear,/fabrics/best-for/knitwear/,best_for,P1,mapped
fabric suitable for knitwear,GLOBAL,TBD,TBD,TBD,Informational,Fabric for Knitwear,/fabrics/best-for/knitwear/,best_for,P1,mapped
knitwear fabric,GLOBAL,TBD,TBD,TBD,Informational,Fabric for Knitwear,/fabrics/best-for/knitwear/,best_for,P1,mapped
knitwear fabrics,GLOBAL,TBD,TBD,TBD,Informational,Fabric for Knitwear,/fabrics/best-for/knitwear/,best_for,P1,mapped
knitwear textile,GLOBAL,TBD,TBD,TBD,Informational,Fabric for Knitwear,/fabrics/best-for/knitwear/,best_for,P1,mapped
best fabrics for occasionwear,GLOBAL,TBD,TBD,TBD,Commercial,Fabric for Occasionwear,/fabrics/best-for/occasionwear/,best_for,P1,mapped
buy fabric for occasionwear,GLOBAL,TBD,TBD,TBD,Informational,Fabric for Occasionwear,/fabrics/best-for/occasionwear/,best_for,P1,mapped
choose fabric for occasionwear,GLOBAL,TBD,TBD,TBD,Informational,Fabric for Occasionwear,/fabrics/best-for/occasionwear/,best_for,P1,mapped
fabric suitable for occasionwear,GLOBAL,TBD,TBD,TBD,Informational,Fabric for Occasionwear,/fabrics/best-for/occasionwear/,best_for,P1,mapped
occasionwear fabric,GLOBAL,TBD,TBD,TBD,Informational,Fabric for Occasionwear,/fabrics/best-for/occasionwear/,best_for,P1,mapped
occasionwear fabrics,GLOBAL,TBD,TBD,TBD,Informational,Fabric for Occasionwear,/fabrics/best-for/occasionwear/,best_for,P1,mapped
occasionwear textile,GLOBAL,TBD,TBD,TBD,Informational,Fabric for Occasionwear,/fabrics/best-for/occasionwear/,best_for,P1,mapped
best fabrics for outerwear,GLOBAL,TBD,TBD,TBD,Commercial,Fabric for Outerwear,/fabrics/best-for/outerwear/,best_for,P1,mapped
buy fabric for outerwear,GLOBAL,TBD,TBD,TBD,Informational,Fabric for Outerwear,/fabrics/best-for/outerwear/,best_for,P1,mapped
choose fabric for outerwear,GLOBAL,TBD,TBD,TBD,Informational,Fabric for Outerwear,/fabrics/best-for/outerwear/,best_for,P1,mapped
fabric suitable for outerwear,GLOBAL,TBD,TBD,TBD,Informational,Fabric for Outerwear,/fabrics/best-for/outerwear/,best_for,P1,mapped
outerwear fabrics,GLOBAL,TBD,TBD,TBD,Informational,Fabric for Outerwear,/fabrics/best-for/outerwear/,best_for,P1,mapped
outerwear textile,GLOBAL,TBD,TBD,TBD,Informational,Fabric for Outerwear,/fabrics/best-for/outerwear/,best_for,P1,mapped
best fabrics for resortwear,GLOBAL,TBD,TBD,TBD,Commercial,Fabric for Resortwear,/fabrics/best-for/resortwear/,best_for,P1,mapped
buy fabric for resortwear,GLOBAL,TBD,TBD,TBD,Informational,Fabric for Resortwear,/fabrics/best-for/resortwear/,best_for,P1,mapped
choose fabric for resortwear,GLOBAL,TBD,TBD,TBD,Informational,Fabric for Resortwear,/fabrics/best-for/resortwear/,best_for,P1,mapped
fabric suitable for resortwear,GLOBAL,TBD,TBD,TBD,Informational,Fabric for Resortwear,/fabrics/best-for/resortwear/,best_for,P1,mapped
resortwear fabric,GLOBAL,TBD,TBD,TBD,Informational,Fabric for Resortwear,/fabrics/best-for/resortwear/,best_for,P1,mapped
resortwear fabrics,GLOBAL,TBD,TBD,TBD,Informational,Fabric for Resortwear,/fabrics/best-for/resortwear/,best_for,P1,mapped
resortwear textile,GLOBAL,TBD,TBD,TBD,Informational,Fabric for Resortwear,/fabrics/best-for/resortwear/,best_for,P1,mapped
best fabrics for shirts,GLOBAL,TBD,TBD,TBD,Commercial,Fabric for Shirts,/fabrics/best-for/shirts/,best_for,P1,mapped
buy fabric for shirts,GLOBAL,TBD,TBD,TBD,Informational,Fabric for Shirts,/fabrics/best-for/shirts/,best_for,P1,mapped
choose fabric for shirts,GLOBAL,TBD,TBD,TBD,Informational,Fabric for Shirts,/fabrics/best-for/shirts/,best_for,P1,mapped
fabric suitable for shirts,GLOBAL,TBD,TBD,TBD,Informational,Fabric for Shirts,/fabrics/best-for/shirts/,best_for,P1,mapped
shirts fabric,GLOBAL,TBD,TBD,TBD,Informational,Fabric for Shirts,/fabrics/best-for/shirts/,best_for,P1,mapped
shirts fabrics,GLOBAL,TBD,TBD,TBD,Informational,Fabric for Shirts,/fabrics/best-for/shirts/,best_for,P1,mapped
shirts textile,GLOBAL,TBD,TBD,TBD,Informational,Fabric for Shirts,/fabrics/best-for/shirts/,best_for,P1,mapped
best fabrics for tailoring,GLOBAL,TBD,TBD,TBD,Commercial,Fabric for Tailoring,/fabrics/best-for/tailoring/,best_for,P1,mapped
buy fabric for tailoring,GLOBAL,TBD,TBD,TBD,Informational,Fabric for Tailoring,/fabrics/best-for/tailoring/,best_for,P1,mapped
choose fabric for tailoring,GLOBAL,TBD,TBD,TBD,Informational,Fabric for Tailoring,/fabrics/best-for/tailoring/,best_for,P1,mapped
fabric suitable for tailoring,GLOBAL,TBD,TBD,TBD,Informational,Fabric for Tailoring,/fabrics/best-for/tailoring/,best_for,P1,mapped
tailoring fabric,GLOBAL,TBD,TBD,TBD,Informational,Fabric for Tailoring,/fabrics/best-for/tailoring/,best_for,P1,mapped
tailoring fabrics,GLOBAL,TBD,TBD,TBD,Informational,Fabric for Tailoring,/fabrics/best-for/tailoring/,best_for,P1,mapped
tailoring textile,GLOBAL,TBD,TBD,TBD,Informational,Fabric for Tailoring,/fabrics/best-for/tailoring/,best_for,P1,mapped
best fabrics for trousers,GLOBAL,TBD,TBD,TBD,Commercial,Fabric for Trousers,/fabrics/best-for/trousers/,best_for,P1,mapped
buy fabric for trousers,GLOBAL,TBD,TBD,TBD,Informational,Fabric for Trousers,/fabrics/best-for/trousers/,best_for,P1,mapped
choose fabric for trousers,GLOBAL,TBD,TBD,TBD,Informational,Fabric for Trousers,/fabrics/best-for/trousers/,best_for,P1,mapped
fabric suitable for trousers,GLOBAL,TBD,TBD,TBD,Informational,Fabric for Trousers,/fabrics/best-for/trousers/,best_for,P1,mapped
trousers fabric,GLOBAL,TBD,TBD,TBD,Informational,Fabric for Trousers,/fabrics/best-for/trousers/,best_for,P1,mapped
trousers fabrics,GLOBAL,TBD,TBD,TBD,Informational,Fabric for Trousers,/fabrics/best-for/trousers/,best_for,P1,mapped
trousers textile,GLOBAL,TBD,TBD,TBD,Informational,Fabric for Trousers,/fabrics/best-for/trousers/,best_for,P1,mapped
best fabrics for upholstery,GLOBAL,TBD,TBD,TBD,Commercial,Fabric for Upholstery,/fabrics/best-for/upholstery/,best_for,P1,mapped
buy fabric for upholstery,GLOBAL,TBD,TBD,TBD,Informational,Fabric for Upholstery,/fabrics/best-for/upholstery/,best_for,P1,mapped
choose fabric for upholstery,GLOBAL,TBD,TBD,TBD,Informational,Fabric for Upholstery,/fabrics/best-for/upholstery/,best_for,P1,mapped
fabric suitable for upholstery,GLOBAL,TBD,TBD,TBD,Informational,Fabric for Upholstery,/fabrics/best-for/upholstery/,best_for,P1,mapped
upholstery fabrics,GLOBAL,TBD,TBD,TBD,Informational,Fabric for Upholstery,/fabrics/best-for/upholstery/,best_for,P1,mapped
upholstery textile,GLOBAL,TBD,TBD,TBD,Informational,Fabric for Upholstery,/fabrics/best-for/upholstery/,best_for,P1,mapped
best fabrics for women's clothing,GLOBAL,TBD,TBD,TBD,Commercial,Fabric for Women's clothing,/fabrics/best-for/womens-clothing/,best_for,P1,mapped
buy fabric for women's clothing,GLOBAL,TBD,TBD,TBD,Informational,Fabric for Women's clothing,/fabrics/best-for/womens-clothing/,best_for,P1,mapped
choose fabric for women's clothing,GLOBAL,TBD,TBD,TBD,Informational,Fabric for Women's clothing,/fabrics/best-for/womens-clothing/,best_for,P1,mapped
fabric suitable for women's clothing,GLOBAL,TBD,TBD,TBD,Informational,Fabric for Women's clothing,/fabrics/best-for/womens-clothing/,best_for,P1,mapped
women's clothing fabric,GLOBAL,TBD,TBD,TBD,Informational,Fabric for Women's clothing,/fabrics/best-for/womens-clothing/,best_for,P1,mapped
women's clothing fabrics,GLOBAL,TBD,TBD,TBD,Informational,Fabric for Women's clothing,/fabrics/best-for/womens-clothing/,best_for,P1,mapped
women's clothing textile,GLOBAL,TBD,TBD,TBD,Informational,Fabric for Women's clothing,/fabrics/best-for/womens-clothing/,best_for,P1,mapped
autumn/winter 2027-28 fabrics,GLOBAL,TBD,TBD,TBD,Informational,Fabric Guides,/guides/autumn-winter-2027-28-fabrics/,article,P1,mapped
cotton vs linen: which fabric is right for your project?,GLOBAL,TBD,TBD,TBD,Informational,Fabric Guides,/guides/cotton-vs-linen/,article,P1,mapped
denim directions for 2027,GLOBAL,TBD,TBD,TBD,Informational,Fabric Guides,/guides/denim-2027/,article,P1,mapped
fabric weight and gsm explained,GLOBAL,TBD,TBD,TBD,Informational,Fabric Guides,/guides/fabric-weight-and-gsm/,article,P1,mapped
fabrics for 2027: the fabstitch material guide,GLOBAL,TBD,TBD,TBD,Informational,Fabric Guides,/guides/fabrics-2027/,article,P1,mapped
how fabric composition affects performance,GLOBAL,TBD,TBD,TBD,Informational,Fabric Guides,/guides/how-fabric-composition-affects-performance/,article,P1,mapped
how to choose the right fabric weight,GLOBAL,TBD,TBD,TBD,Informational,Fabric Guides,/guides/how-to-choose-the-right-fabric-weight/,article,P1,mapped
how to source fabric for clothing brands,GLOBAL,TBD,TBD,TBD,Informational,Fabric Guides,/guides/how-to-source-fabric-for-clothing-brands/,article,P1,mapped
linen fabrics for 2027,GLOBAL,TBD,TBD,TBD,Informational,Fabric Guides,/guides/linen-fabrics-2027/,article,P1,mapped
silk vs satin: what's the difference?,GLOBAL,TBD,TBD,TBD,Informational,Fabric Guides,/guides/silk-vs-satin/,article,P1,mapped
spring/summer 2027 fabrics,GLOBAL,TBD,TBD,TBD,Informational,Fabric Guides,/guides/spring-summer-2027-fabrics/,article,P1,mapped
what is a fabric weave?,GLOBAL,TBD,TBD,TBD,Informational,Fabric Guides,/guides/what-is-a-fabric-weave/,article,P1,mapped
what is cotton fabric?,GLOBAL,TBD,TBD,TBD,Informational,Fabric Guides,/guides/what-is-cotton-fabric/,article,P1,mapped
woven vs knit fabrics,GLOBAL,TBD,TBD,TBD,Informational,Fabric Guides,/guides/woven-vs-knit-fabrics/,article,P1,mapped
apparel fabric supplier,GLOBAL,TBD,TBD,TBD,Transactional,Fabric Marketplace,/marketplace/,money,P1,mapped
b2b fabric marketplace,GLOBAL,TBD,TBD,TBD,Commercial,Fabric Marketplace,/marketplace/,money,P1,mapped
b2b fabric sourcing,GLOBAL,TBD,TBD,TBD,Commercial,Fabric Marketplace,/marketplace/,money,P1,mapped
bulk fabric,GLOBAL,TBD,TBD,TBD,Transactional,Fabric Marketplace,/marketplace/,money,P1,mapped
bulk fabrics,GLOBAL,TBD,TBD,TBD,Transactional,Fabric Marketplace,/marketplace/,money,P1,mapped
compare fabrics online,GLOBAL,TBD,TBD,TBD,Commercial,Fabric Marketplace,/marketplace/,money,P1,mapped
fabric catalog online,GLOBAL,TBD,TBD,TBD,Commercial,Fabric Marketplace,/marketplace/,money,P1,mapped
fabric for apparel manufacturers,GLOBAL,TBD,TBD,TBD,Transactional,Fabric Marketplace,/marketplace/,money,P1,mapped
fabric for clothing production,GLOBAL,TBD,TBD,TBD,Commercial,Fabric Marketplace,/marketplace/,money,P1,mapped
fabric for fashion designers,GLOBAL,TBD,TBD,TBD,Commercial,Fabric Marketplace,/marketplace/,money,P1,mapped
fabric supplier for boutiques,GLOBAL,TBD,TBD,TBD,Transactional,Fabric Marketplace,/marketplace/,money,P1,mapped
fabric supplier for manufacturers,GLOBAL,TBD,TBD,TBD,Transactional,Fabric Marketplace,/marketplace/,money,P1,mapped
fabric wholesale supplier,GLOBAL,TBD,TBD,TBD,Transactional,Fabric Marketplace,/marketplace/,money,P1,mapped
fashion fabric supplier,GLOBAL,TBD,TBD,TBD,Transactional,Fabric Marketplace,/marketplace/,money,P1,mapped
find fabric online,GLOBAL,TBD,TBD,TBD,Commercial,Fabric Marketplace,/marketplace/,money,P1,mapped
order fabric online,GLOBAL,TBD,TBD,TBD,Transactional,Fabric Marketplace,/marketplace/,money,P1,mapped
textile marketplace,GLOBAL,TBD,TBD,TBD,Commercial,Fabric Marketplace,/marketplace/,money,P1,mapped
textile sourcing company,GLOBAL,TBD,TBD,TBD,Commercial,Fabric Marketplace,/marketplace/,money,P1,mapped
textile suppliers,GLOBAL,TBD,TBD,TBD,Transactional,Fabric Marketplace,/marketplace/,money,P1,mapped
wholesale textile supplier,GLOBAL,TBD,TBD,TBD,Transactional,Fabric Marketplace,/marketplace/,money,P1,mapped
fabric inquiry process,GLOBAL,TBD,TBD,TBD,Informational,Fabric Sourcing Guides,/guides/how-to-source-fabric-for-clothing-brands/,article,P1,mapped
moq fabric sourcing,GLOBAL,TBD,TBD,TBD,Informational,Fabric Sourcing Guides,/guides/how-to-source-fabric-for-clothing-brands/,article,P1,mapped
acoustic fabric,GLOBAL,TBD,TBD,TBD,Commercial,Home & Contract Textiles,/collections/home-contract/,collection,P1,mapped
buy upholstery fabric,GLOBAL,TBD,TBD,TBD,Commercial,Home & Contract Textiles,/collections/home-contract/,collection,P1,mapped
home decor fabric,GLOBAL,TBD,TBD,TBD,Commercial,Home & Contract Textiles,/collections/home-contract/,collection,P1,mapped
interior fabric,GLOBAL,TBD,TBD,TBD,Commercial,Home & Contract Textiles,/collections/home-contract/,collection,P1,mapped
performance upholstery fabric,GLOBAL,TBD,TBD,TBD,Commercial,Home & Contract Textiles,/collections/home-contract/,collection,P1,mapped
sheers fabric,GLOBAL,TBD,TBD,TBD,Commercial,Home & Contract Textiles,/collections/home-contract/,collection,P1,mapped
boucle knit fabric,GLOBAL,TBD,TBD,TBD,Commercial,Knit Fabrics,/collections/knitwear/,collection,P1,mapped
buy knit fabric,GLOBAL,TBD,TBD,TBD,Commercial,Knit Fabrics,/collections/knitwear/,collection,P1,mapped
knit fabric for sweaters,GLOBAL,TBD,TBD,TBD,Commercial,Knit Fabrics,/collections/knitwear/,collection,P1,mapped
knit fabric for t shirts,GLOBAL,TBD,TBD,TBD,Commercial,Knit Fabrics,/collections/knitwear/,collection,P1,mapped
knit fabric online,GLOBAL,TBD,TBD,TBD,Commercial,Knit Fabrics,/collections/knitwear/,collection,P1,mapped
merino knit fabric,GLOBAL,TBD,TBD,TBD,Commercial,Knit Fabrics,/collections/knitwear/,collection,P1,mapped
breathable linen fabric,GLOBAL,TBD,TBD,TBD,Commercial,Linen Fabrics,/collections/linen-lightweight/,collection,P1,mapped
lightweight linen fabric,GLOBAL,TBD,TBD,TBD,Commercial,Linen Fabrics,/collections/linen-lightweight/,collection,P1,mapped
linen blend fabric,GLOBAL,TBD,TBD,TBD,Commercial,Linen Fabrics,/collections/linen-lightweight/,collection,P1,mapped
linen cotton fabric,GLOBAL,TBD,TBD,TBD,Commercial,Linen Fabrics,/collections/linen-lightweight/,collection,P1,mapped
linen fabric for shirts,GLOBAL,TBD,TBD,TBD,Commercial,Linen Fabrics,/collections/linen-lightweight/,collection,P1,mapped
linen silk fabric,GLOBAL,TBD,TBD,TBD,Commercial,Linen Fabrics,/collections/linen-lightweight/,collection,P1,mapped
100% flax european flax linen,GLOBAL,TBD,TBD,TBD,Commercial,Named Fabrics,/fabrics/european-flax-linen/,product,P1,mapped_indexable
55% linen / 45% cotton linen-cotton,GLOBAL,TBD,TBD,TBD,Commercial,Named Fabrics,/fabrics/linen-cotton/,product,P1,mapped_indexable
boiled wool fabric online,GLOBAL,TBD,TBD,TBD,Commercial,Named Fabrics,/fabrics/boiled-wool/,product,P1,mapped_indexable
boiled wool for jackets,GLOBAL,TBD,TBD,TBD,Commercial,Named Fabrics,/fabrics/boiled-wool/,product,P1,mapped_indexable
boiled wool for soft tailoring,GLOBAL,TBD,TBD,TBD,Commercial,Named Fabrics,/fabrics/boiled-wool/,product,P1,mapped_indexable
boiled wool for unlined coats,GLOBAL,TBD,TBD,TBD,Commercial,Named Fabrics,/fabrics/boiled-wool/,product,P1,mapped_indexable
boiled wool textile,GLOBAL,TBD,TBD,TBD,Commercial,Named Fabrics,/fabrics/boiled-wool/,product,P1,mapped_indexable
buy boiled wool fabric,GLOBAL,TBD,TBD,TBD,Commercial,Named Fabrics,/fabrics/boiled-wool/,product,P1,mapped_indexable
buy cotton poplin fabric,GLOBAL,TBD,TBD,TBD,Commercial,Named Fabrics,/fabrics/cotton-poplin/,product,P1,mapped_indexable
buy cotton seersucker fabric,GLOBAL,TBD,TBD,TBD,Commercial,Named Fabrics,/fabrics/cotton-seersucker/,product,P1,mapped_indexable
buy cotton voile fabric,GLOBAL,TBD,TBD,TBD,Commercial,Named Fabrics,/fabrics/cotton-voile/,product,P1,mapped_indexable
buy european flax linen fabric,GLOBAL,TBD,TBD,TBD,Commercial,Named Fabrics,/fabrics/european-flax-linen/,product,P1,mapped_indexable
buy lightweight denim fabric,GLOBAL,TBD,TBD,TBD,Commercial,Named Fabrics,/fabrics/lightweight-denim/,product,P1,mapped_indexable
buy linen-cotton fabric,GLOBAL,TBD,TBD,TBD,Commercial,Named Fabrics,/fabrics/linen-cotton/,product,P1,mapped_indexable
buy melton fabric,GLOBAL,TBD,TBD,TBD,Commercial,Named Fabrics,/fabrics/melton/,product,P1,mapped_indexable
buy pointelle knit fabric,GLOBAL,TBD,TBD,TBD,Commercial,Named Fabrics,/fabrics/pointelle-knit/,product,P1,mapped_indexable
buy silk chiffon fabric,GLOBAL,TBD,TBD,TBD,Commercial,Named Fabrics,/fabrics/silk-chiffon/,product,P1,mapped_indexable
buy silk georgette fabric,GLOBAL,TBD,TBD,TBD,Commercial,Named Fabrics,/fabrics/silk-georgette/,product,P1,mapped_indexable
buy stretch-woven compression fabric,GLOBAL,TBD,TBD,TBD,Commercial,Named Fabrics,/fabrics/stretch-woven-compression/,product,P1,mapped_indexable
cotton cotton poplin,GLOBAL,TBD,TBD,TBD,Commercial,Named Fabrics,/fabrics/cotton-poplin/,product,P1,mapped_indexable
cotton cotton seersucker,GLOBAL,TBD,TBD,TBD,Commercial,Named Fabrics,/fabrics/cotton-seersucker/,product,P1,mapped_indexable
cotton cotton voile,GLOBAL,TBD,TBD,TBD,Commercial,Named Fabrics,/fabrics/cotton-voile/,product,P1,mapped_indexable
cotton poplin fabric online,GLOBAL,TBD,TBD,TBD,Commercial,Named Fabrics,/fabrics/cotton-poplin/,product,P1,mapped_indexable
cotton poplin for shirts,GLOBAL,TBD,TBD,TBD,Commercial,Named Fabrics,/fabrics/cotton-poplin/,product,P1,mapped_indexable
cotton poplin textile,GLOBAL,TBD,TBD,TBD,Commercial,Named Fabrics,/fabrics/cotton-poplin/,product,P1,mapped_indexable
cotton seersucker fabric online,GLOBAL,TBD,TBD,TBD,Commercial,Named Fabrics,/fabrics/cotton-seersucker/,product,P1,mapped_indexable
cotton seersucker textile,GLOBAL,TBD,TBD,TBD,Commercial,Named Fabrics,/fabrics/cotton-seersucker/,product,P1,mapped_indexable
cotton voile fabric online,GLOBAL,TBD,TBD,TBD,Commercial,Named Fabrics,/fabrics/cotton-voile/,product,P1,mapped_indexable
cotton voile for shirts,GLOBAL,TBD,TBD,TBD,Commercial,Named Fabrics,/fabrics/cotton-voile/,product,P1,mapped_indexable
cotton voile textile,GLOBAL,TBD,TBD,TBD,Commercial,Named Fabrics,/fabrics/cotton-voile/,product,P1,mapped_indexable
"cotton, linen or blends pointelle knit",GLOBAL,TBD,TBD,TBD,Commercial,Named Fabrics,/fabrics/pointelle-knit/,product,P1,mapped_indexable
european flax linen fabric online,GLOBAL,TBD,TBD,TBD,Commercial,Named Fabrics,/fabrics/european-flax-linen/,product,P1,mapped_indexable
european flax linen for dresses,GLOBAL,TBD,TBD,TBD,Commercial,Named Fabrics,/fabrics/european-flax-linen/,product,P1,mapped_indexable
european flax linen for shirts,GLOBAL,TBD,TBD,TBD,Commercial,Named Fabrics,/fabrics/european-flax-linen/,product,P1,mapped_indexable
european flax linen for trousers,GLOBAL,TBD,TBD,TBD,Commercial,Named Fabrics,/fabrics/european-flax-linen/,product,P1,mapped_indexable
european flax linen textile,GLOBAL,TBD,TBD,TBD,Commercial,Named Fabrics,/fabrics/european-flax-linen/,product,P1,mapped_indexable
fabric for baselayers stretch-woven,GLOBAL,TBD,TBD,TBD,Commercial,Named Fabrics,/fabrics/stretch-woven-compression/,product,P1,mapped_indexable
fabric for blouses silk,GLOBAL,TBD,TBD,TBD,Commercial,Named Fabrics,/fabrics/silk-chiffon/,product,P1,mapped_indexable
fabric for bottoms linen-cotton,GLOBAL,TBD,TBD,TBD,Commercial,Named Fabrics,/fabrics/linen-cotton/,product,P1,mapped_indexable
fabric for chore jackets linen-cotton,GLOBAL,TBD,TBD,TBD,Commercial,Named Fabrics,/fabrics/linen-cotton/,product,P1,mapped_indexable
fabric for coats melton,GLOBAL,TBD,TBD,TBD,Commercial,Named Fabrics,/fabrics/melton/,product,P1,mapped_indexable
fabric for dresses european,GLOBAL,TBD,TBD,TBD,Commercial,Named Fabrics,/fabrics/european-flax-linen/,product,P1,mapped_indexable
fabric for dresses silk,GLOBAL,TBD,TBD,TBD,Commercial,Named Fabrics,/fabrics/silk-chiffon/,product,P1,mapped_indexable
fabric for jackets boiled,GLOBAL,TBD,TBD,TBD,Commercial,Named Fabrics,/fabrics/boiled-wool/,product,P1,mapped_indexable
fabric for resortwear pointelle,GLOBAL,TBD,TBD,TBD,Commercial,Named Fabrics,/fabrics/pointelle-knit/,product,P1,mapped_indexable
fabric for scarves silk,GLOBAL,TBD,TBD,TBD,Commercial,Named Fabrics,/fabrics/silk-chiffon/,product,P1,mapped_indexable
fabric for shirts cotton,GLOBAL,TBD,TBD,TBD,Commercial,Named Fabrics,/fabrics/cotton-poplin/,product,P1,mapped_indexable
fabric for shirts european,GLOBAL,TBD,TBD,TBD,Commercial,Named Fabrics,/fabrics/european-flax-linen/,product,P1,mapped_indexable
fabric for shirts linen-cotton,GLOBAL,TBD,TBD,TBD,Commercial,Named Fabrics,/fabrics/linen-cotton/,product,P1,mapped_indexable
fabric for soft tailoring boiled,GLOBAL,TBD,TBD,TBD,Commercial,Named Fabrics,/fabrics/boiled-wool/,product,P1,mapped_indexable
fabric for trousers european,GLOBAL,TBD,TBD,TBD,Commercial,Named Fabrics,/fabrics/european-flax-linen/,product,P1,mapped_indexable
fabric for trousers silk,GLOBAL,TBD,TBD,TBD,Commercial,Named Fabrics,/fabrics/silk-georgette/,product,P1,mapped_indexable
fabric for unlined coats boiled,GLOBAL,TBD,TBD,TBD,Commercial,Named Fabrics,/fabrics/boiled-wool/,product,P1,mapped_indexable
"fine-count, high-twist cotton poplin",GLOBAL,TBD,TBD,TBD,Commercial,Named Fabrics,/fabrics/cotton-poplin/,product,P1,mapped_indexable
"fine-count, high-twist cotton voile",GLOBAL,TBD,TBD,TBD,Commercial,Named Fabrics,/fabrics/cotton-voile/,product,P1,mapped_indexable
heavily felted and cropped melton,GLOBAL,TBD,TBD,TBD,Commercial,Named Fabrics,/fabrics/melton/,product,P1,mapped_indexable
knitted then shrunk boiled wool,GLOBAL,TBD,TBD,TBD,Commercial,Named Fabrics,/fabrics/boiled-wool/,product,P1,mapped_indexable
lightweight denim fabric online,GLOBAL,TBD,TBD,TBD,Commercial,Named Fabrics,/fabrics/lightweight-denim/,product,P1,mapped_indexable
lightweight denim textile,GLOBAL,TBD,TBD,TBD,Commercial,Named Fabrics,/fabrics/lightweight-denim/,product,P1,mapped_indexable
linen-cotton fabric online,GLOBAL,TBD,TBD,TBD,Commercial,Named Fabrics,/fabrics/linen-cotton/,product,P1,mapped_indexable
linen-cotton for bottoms,GLOBAL,TBD,TBD,TBD,Commercial,Named Fabrics,/fabrics/linen-cotton/,product,P1,mapped_indexable
linen-cotton for chore jackets,GLOBAL,TBD,TBD,TBD,Commercial,Named Fabrics,/fabrics/linen-cotton/,product,P1,mapped_indexable
linen-cotton for shirts,GLOBAL,TBD,TBD,TBD,Commercial,Named Fabrics,/fabrics/linen-cotton/,product,P1,mapped_indexable
linen-cotton textile,GLOBAL,TBD,TBD,TBD,Commercial,Named Fabrics,/fabrics/linen-cotton/,product,P1,mapped_indexable
melton fabric online,GLOBAL,TBD,TBD,TBD,Commercial,Named Fabrics,/fabrics/melton/,product,P1,mapped_indexable
melton for coats,GLOBAL,TBD,TBD,TBD,Commercial,Named Fabrics,/fabrics/melton/,product,P1,mapped_indexable
melton textile,GLOBAL,TBD,TBD,TBD,Commercial,Named Fabrics,/fabrics/melton/,product,P1,mapped_indexable
plain weave silk chiffon,GLOBAL,TBD,TBD,TBD,Commercial,Named Fabrics,/fabrics/silk-chiffon/,product,P1,mapped_indexable
pointelle knit fabric online,GLOBAL,TBD,TBD,TBD,Commercial,Named Fabrics,/fabrics/pointelle-knit/,product,P1,mapped_indexable
pointelle knit for resortwear,GLOBAL,TBD,TBD,TBD,Commercial,Named Fabrics,/fabrics/pointelle-knit/,product,P1,mapped_indexable
pointelle knit textile,GLOBAL,TBD,TBD,TBD,Commercial,Named Fabrics,/fabrics/pointelle-knit/,product,P1,mapped_indexable
pointelle pointelle knit,GLOBAL,TBD,TBD,TBD,Commercial,Named Fabrics,/fabrics/pointelle-knit/,product,P1,mapped_indexable
silk chiffon fabric online,GLOBAL,TBD,TBD,TBD,Commercial,Named Fabrics,/fabrics/silk-chiffon/,product,P1,mapped_indexable
silk chiffon for blouses,GLOBAL,TBD,TBD,TBD,Commercial,Named Fabrics,/fabrics/silk-chiffon/,product,P1,mapped_indexable
silk chiffon for dresses,GLOBAL,TBD,TBD,TBD,Commercial,Named Fabrics,/fabrics/silk-chiffon/,product,P1,mapped_indexable
silk chiffon for scarves,GLOBAL,TBD,TBD,TBD,Commercial,Named Fabrics,/fabrics/silk-chiffon/,product,P1,mapped_indexable
silk chiffon textile,GLOBAL,TBD,TBD,TBD,Commercial,Named Fabrics,/fabrics/silk-chiffon/,product,P1,mapped_indexable
silk georgette fabric online,GLOBAL,TBD,TBD,TBD,Commercial,Named Fabrics,/fabrics/silk-georgette/,product,P1,mapped_indexable
silk georgette for dresses,GLOBAL,TBD,TBD,TBD,Commercial,Named Fabrics,/fabrics/silk-georgette/,product,P1,mapped_indexable
silk georgette for trousers,GLOBAL,TBD,TBD,TBD,Commercial,Named Fabrics,/fabrics/silk-georgette/,product,P1,mapped_indexable
silk georgette textile,GLOBAL,TBD,TBD,TBD,Commercial,Named Fabrics,/fabrics/silk-georgette/,product,P1,mapped_indexable
silk silk chiffon,GLOBAL,TBD,TBD,TBD,Commercial,Named Fabrics,/fabrics/silk-chiffon/,product,P1,mapped_indexable
silk silk georgette,GLOBAL,TBD,TBD,TBD,Commercial,Named Fabrics,/fabrics/silk-georgette/,product,P1,mapped_indexable
stretch woven stretch-woven compression,GLOBAL,TBD,TBD,TBD,Commercial,Named Fabrics,/fabrics/stretch-woven-compression/,product,P1,mapped_indexable
stretch-woven compression fabric online,GLOBAL,TBD,TBD,TBD,Commercial,Named Fabrics,/fabrics/stretch-woven-compression/,product,P1,mapped_indexable
stretch-woven compression for baselayers,GLOBAL,TBD,TBD,TBD,Commercial,Named Fabrics,/fabrics/stretch-woven-compression/,product,P1,mapped_indexable
stretch-woven compression textile,GLOBAL,TBD,TBD,TBD,Commercial,Named Fabrics,/fabrics/stretch-woven-compression/,product,P1,mapped_indexable
what is boiled wool,GLOBAL,TBD,TBD,TBD,Informational,Named Fabrics,/fabrics/boiled-wool/,product,P1,mapped_indexable
what is cotton poplin,GLOBAL,TBD,TBD,TBD,Informational,Named Fabrics,/fabrics/cotton-poplin/,product,P1,mapped_indexable
what is cotton seersucker,GLOBAL,TBD,TBD,TBD,Informational,Named Fabrics,/fabrics/cotton-seersucker/,product,P1,mapped_indexable
what is cotton voile,GLOBAL,TBD,TBD,TBD,Informational,Named Fabrics,/fabrics/cotton-voile/,product,P1,mapped_indexable
what is european flax linen,GLOBAL,TBD,TBD,TBD,Informational,Named Fabrics,/fabrics/european-flax-linen/,product,P1,mapped_indexable
what is lightweight denim,GLOBAL,TBD,TBD,TBD,Informational,Named Fabrics,/fabrics/lightweight-denim/,product,P1,mapped_indexable
what is linen-cotton,GLOBAL,TBD,TBD,TBD,Informational,Named Fabrics,/fabrics/linen-cotton/,product,P1,mapped_indexable
what is melton,GLOBAL,TBD,TBD,TBD,Informational,Named Fabrics,/fabrics/melton/,product,P1,mapped_indexable
what is pointelle knit,GLOBAL,TBD,TBD,TBD,Informational,Named Fabrics,/fabrics/pointelle-knit/,product,P1,mapped_indexable
what is silk chiffon,GLOBAL,TBD,TBD,TBD,Informational,Named Fabrics,/fabrics/silk-chiffon/,product,P1,mapped_indexable
what is silk georgette,GLOBAL,TBD,TBD,TBD,Informational,Named Fabrics,/fabrics/silk-georgette/,product,P1,mapped_indexable
what is stretch-woven compression,GLOBAL,TBD,TBD,TBD,Informational,Named Fabrics,/fabrics/stretch-woven-compression/,product,P1,mapped_indexable
wool boiled wool,GLOBAL,TBD,TBD,TBD,Commercial,Named Fabrics,/fabrics/boiled-wool/,product,P1,mapped_indexable
wool melton,GLOBAL,TBD,TBD,TBD,Commercial,Named Fabrics,/fabrics/melton/,product,P1,mapped_indexable
breathable performance fabric,GLOBAL,TBD,TBD,TBD,Commercial,Performance Fabrics,/collections/performance/,collection,P1,mapped
buy performance fabric,GLOBAL,TBD,TBD,TBD,Commercial,Performance Fabrics,/collections/performance/,collection,P1,mapped
cooling fabric,GLOBAL,TBD,TBD,TBD,Commercial,Performance Fabrics,/collections/performance/,collection,P1,mapped
performance fabric for apparel,GLOBAL,TBD,TBD,TBD,Commercial,Performance Fabrics,/collections/performance/,collection,P1,mapped
technical textile,GLOBAL,TBD,TBD,TBD,Commercial,Performance Fabrics,/collections/performance/,collection,P1,mapped
water resistant fabric,GLOBAL,TBD,TBD,TBD,Commercial,Performance Fabrics,/collections/performance/,collection,P1,mapped
buy silk fabric,GLOBAL,TBD,TBD,TBD,Commercial,Silk Fabrics,/collections/silk-sheer/,collection,P1,mapped
crepe de chine fabric,GLOBAL,TBD,TBD,TBD,Commercial,Silk Fabrics,/collections/silk-sheer/,collection,P1,mapped
silk dupion fabric,GLOBAL,TBD,TBD,TBD,Commercial,Silk Fabrics,/collections/silk-sheer/,collection,P1,mapped
silk fabric online,GLOBAL,TBD,TBD,TBD,Commercial,Silk Fabrics,/collections/silk-sheer/,collection,P1,mapped
silk habotai fabric,GLOBAL,TBD,TBD,TBD,Commercial,Silk Fabrics,/collections/silk-sheer/,collection,P1,mapped
silk taffeta fabric,GLOBAL,TBD,TBD,TBD,Commercial,Silk Fabrics,/collections/silk-sheer/,collection,P1,mapped
buy outerwear fabric,GLOBAL,TBD,TBD,TBD,Commercial,Technical Outerwear,/collections/technical-outerwear/,collection,P1,mapped
rain jacket fabric,GLOBAL,TBD,TBD,TBD,Commercial,Technical Outerwear,/collections/technical-outerwear/,collection,P1,mapped
technical shell fabric,GLOBAL,TBD,TBD,TBD,Commercial,Technical Outerwear,/collections/technical-outerwear/,collection,P1,mapped
waterproof fabric,GLOBAL,TBD,TBD,TBD,Commercial,Technical Outerwear,/collections/technical-outerwear/,collection,P1,mapped
choosing fabric for activewear,GLOBAL,TBD,TBD,TBD,Informational,Use-Based Keywords,/guides/choosing-fabric-for-activewear/,article,P1,mapped
fabric for childrens clothing,GLOBAL,TBD,TBD,TBD,Commercial,Use-Based Keywords,/fabrics/best-for/,best_for,P1,mapped
fabric for mens clothing,GLOBAL,TBD,TBD,TBD,Commercial,Use-Based Keywords,/fabrics/best-for/tailoring/,best_for,P1,mapped
fabric for suits,GLOBAL,TBD,TBD,TBD,Commercial,Use-Based Keywords,/fabrics/best-for/tailoring/,best_for,P1,mapped
how to choose fabric for dresses,GLOBAL,TBD,TBD,TBD,Informational,Use-Based Keywords,/guides/how-to-choose-fabric-for-dresses/,article,P1,mapped
how to choose fabric for shirts,GLOBAL,TBD,TBD,TBD,Informational,Use-Based Keywords,/guides/how-to-choose-fabric-for-shirts/,article,P1,mapped
buy velvet fabric,GLOBAL,TBD,TBD,TBD,Commercial,Velvet & Pile,/collections/velvet-pile/,collection,P1,mapped
corduroy fabric for trousers,GLOBAL,TBD,TBD,TBD,Commercial,Velvet & Pile,/collections/velvet-pile/,collection,P1,mapped
pile fabric,GLOBAL,TBD,TBD,TBD,Commercial,Velvet & Pile,/collections/velvet-pile/,collection,P1,mapped
velvet fabric for dresses,GLOBAL,TBD,TBD,TBD,Commercial,Velvet & Pile,/collections/velvet-pile/,collection,P1,mapped
velvet fabric for upholstery,GLOBAL,TBD,TBD,TBD,Commercial,Velvet & Pile,/collections/velvet-pile/,collection,P1,mapped
velveteen fabric,GLOBAL,TBD,TBD,TBD,Commercial,Velvet & Pile,/collections/velvet-pile/,collection,P1,mapped
boiled wool fabric,GLOBAL,TBD,TBD,TBD,Commercial,Wool Fabrics,/collections/tailoring/,collection,P1,mapped
melton fabric,GLOBAL,TBD,TBD,TBD,Commercial,Wool Fabrics,/collections/tailoring/,collection,P1,mapped
wool fabric for coats,GLOBAL,TBD,TBD,TBD,Commercial,Wool Fabrics,/collections/tailoring/,collection,P1,mapped
wool fabric for jackets,GLOBAL,TBD,TBD,TBD,Commercial,Wool Fabrics,/collections/tailoring/,collection,P1,mapped
wool fabric for suits,GLOBAL,TBD,TBD,TBD,Commercial,Wool Fabrics,/collections/tailoring/,collection,P1,mapped
wool flannel fabric,GLOBAL,TBD,TBD,TBD,Commercial,Wool Fabrics,/collections/tailoring/,collection,P1,mapped
buy woven fabric,GLOBAL,TBD,TBD,TBD,Commercial,Woven Fabrics,/fabrics/,collection,P1,mapped
lightweight woven fabric,GLOBAL,TBD,TBD,TBD,Commercial,Woven Fabrics,/fabrics/,collection,P1,mapped
stretch woven fabric,GLOBAL,TBD,TBD,TBD,Commercial,Woven Fabrics,/fabrics/,collection,P1,mapped
woven fabric construction,GLOBAL,TBD,TBD,TBD,Commercial,Woven Fabrics,/fabrics/,collection,P1,mapped
woven fabric for trousers,GLOBAL,TBD,TBD,TBD,Commercial,Woven Fabrics,/fabrics/,collection,P1,mapped
woven fabric online,GLOBAL,TBD,TBD,TBD,Commercial,Woven Fabrics,/fabrics/,collection,P1,mapped
acoustic drapes fabric,GLOBAL,TBD,TBD,TBD,Commercial,Best For Applications,/fabrics/best-for/home-textiles/,best_for,P2,mapped
baselayers fabric,GLOBAL,TBD,TBD,TBD,Commercial,Best For Applications,/fabrics/best-for/activewear/,best_for,P2,mapped
blouses fabric,GLOBAL,TBD,TBD,TBD,Commercial,Best For Applications,/fabrics/best-for/womens-clothing/,best_for,P2,mapped
bottoms fabric,GLOBAL,TBD,TBD,TBD,Commercial,Best For Applications,/fabrics/best-for/trousers/,best_for,P2,mapped
chore jackets fabric,GLOBAL,TBD,TBD,TBD,Commercial,Best For Applications,/fabrics/best-for/,best_for,P2,hub_fallback
city outerwear fabric,GLOBAL,TBD,TBD,TBD,Commercial,Best For Applications,/fabrics/best-for/outerwear/,best_for,P2,mapped
citywear fabric,GLOBAL,TBD,TBD,TBD,Commercial,Best For Applications,/fabrics/best-for/activewear/,best_for,P2,mapped
coats fabric,GLOBAL,TBD,TBD,TBD,Commercial,Best For Applications,/fabrics/best-for/outerwear/,best_for,P2,mapped
contract textiles fabric,GLOBAL,TBD,TBD,TBD,Commercial,Best For Applications,/fabrics/best-for/home-textiles/,best_for,P2,mapped
curtains fabric,GLOBAL,TBD,TBD,TBD,Commercial,Best For Applications,/fabrics/best-for/home-textiles/,best_for,P2,mapped
fabric for chore jackets,GLOBAL,TBD,TBD,TBD,Commercial,Best For Applications,/fabrics/best-for/,best_for,P2,hub_fallback
fabric for garment insulation,GLOBAL,TBD,TBD,TBD,Commercial,Best For Applications,/fabrics/best-for/,best_for,P2,hub_fallback
fabric for jackets,GLOBAL,TBD,TBD,TBD,Commercial,Best For Applications,/fabrics/best-for/,best_for,P2,hub_fallback
fabric for linings,GLOBAL,TBD,TBD,TBD,Commercial,Best For Applications,/fabrics/best-for/,best_for,P2,hub_fallback
fabric for overlays,GLOBAL,TBD,TBD,TBD,Commercial,Best For Applications,/fabrics/best-for/,best_for,P2,hub_fallback
fabric for ruffles,GLOBAL,TBD,TBD,TBD,Commercial,Best For Applications,/fabrics/best-for/,best_for,P2,hub_fallback
fabric for scarves,GLOBAL,TBD,TBD,TBD,Commercial,Best For Applications,/fabrics/best-for/,best_for,P2,hub_fallback
fabric for volume sleeves,GLOBAL,TBD,TBD,TBD,Commercial,Best For Applications,/fabrics/best-for/,best_for,P2,hub_fallback
fabric for workwear jackets,GLOBAL,TBD,TBD,TBD,Commercial,Best For Applications,/fabrics/best-for/,best_for,P2,hub_fallback
full skirts fabric,GLOBAL,TBD,TBD,TBD,Commercial,Best For Applications,/fabrics/best-for/womens-clothing/,best_for,P2,mapped
garment insulation fabric,GLOBAL,TBD,TBD,TBD,Commercial,Best For Applications,/fabrics/best-for/,best_for,P2,hub_fallback
home textiles / interiors fabric,GLOBAL,TBD,TBD,TBD,Commercial,Best For Applications,/fabrics/best-for/home-textiles/,best_for,P2,mapped
interiors fabric,GLOBAL,TBD,TBD,TBD,Commercial,Best For Applications,/fabrics/best-for/home-textiles/,best_for,P2,mapped
jackets fabric,GLOBAL,TBD,TBD,TBD,Commercial,Best For Applications,/fabrics/best-for/,best_for,P2,hub_fallback
layering pieces fabric,GLOBAL,TBD,TBD,TBD,Commercial,Best For Applications,/fabrics/best-for/knitwear/,best_for,P2,mapped
lightweight outerwear fabric,GLOBAL,TBD,TBD,TBD,Commercial,Best For Applications,/fabrics/best-for/outerwear/,best_for,P2,mapped
linings fabric,GLOBAL,TBD,TBD,TBD,Commercial,Best For Applications,/fabrics/best-for/,best_for,P2,hub_fallback
loungewear fabric,GLOBAL,TBD,TBD,TBD,Commercial,Best For Applications,/fabrics/best-for/activewear/,best_for,P2,mapped
overlays fabric,GLOBAL,TBD,TBD,TBD,Commercial,Best For Applications,/fabrics/best-for/,best_for,P2,hub_fallback
ruffles fabric,GLOBAL,TBD,TBD,TBD,Commercial,Best For Applications,/fabrics/best-for/,best_for,P2,hub_fallback
rugs fabric,GLOBAL,TBD,TBD,TBD,Commercial,Best For Applications,/fabrics/best-for/home-textiles/,best_for,P2,mapped
scarves fabric,GLOBAL,TBD,TBD,TBD,Commercial,Best For Applications,/fabrics/best-for/,best_for,P2,hub_fallback
slip dresses fabric,GLOBAL,TBD,TBD,TBD,Commercial,Best For Applications,/fabrics/best-for/womens-clothing/,best_for,P2,mapped
soft tailoring fabric,GLOBAL,TBD,TBD,TBD,Commercial,Best For Applications,/fabrics/best-for/tailoring/,best_for,P2,mapped
statement knits fabric,GLOBAL,TBD,TBD,TBD,Commercial,Best For Applications,/fabrics/best-for/knitwear/,best_for,P2,mapped
suiting fabric,GLOBAL,TBD,TBD,TBD,Commercial,Best For Applications,/fabrics/best-for/tailoring/,best_for,P2,mapped
unlined coats fabric,GLOBAL,TBD,TBD,TBD,Commercial,Best For Applications,/fabrics/best-for/outerwear/,best_for,P2,mapped
unstructured jackets fabric,GLOBAL,TBD,TBD,TBD,Commercial,Best For Applications,/fabrics/best-for/tailoring/,best_for,P2,mapped
volume sleeves fabric,GLOBAL,TBD,TBD,TBD,Commercial,Best For Applications,/fabrics/best-for/,best_for,P2,hub_fallback
workwear jackets fabric,GLOBAL,TBD,TBD,TBD,Commercial,Best For Applications,/fabrics/best-for/,best_for,P2,hub_fallback
workwear trousers fabric,GLOBAL,TBD,TBD,TBD,Commercial,Best For Applications,/fabrics/best-for/trousers/,best_for,P2,mapped
cotton fabric,US,TBD,TBD,TBD,Commercial,Cotton Fabrics,/collections/cotton/,collection,P2,research_segment_no_localized_page
cotton fabric,UK,TBD,TBD,TBD,Commercial,Cotton Fabrics,/collections/cotton/,collection,P2,research_segment_no_localized_page
cotton fabric,CA,TBD,TBD,TBD,Commercial,Cotton Fabrics,/collections/cotton/,collection,P2,research_segment_no_localized_page
cotton fabric,PK,TBD,TBD,TBD,Commercial,Cotton Fabrics,/collections/cotton/,collection,P2,research_segment_no_localized_page
cotton fabric,IN,TBD,TBD,TBD,Commercial,Cotton Fabrics,/collections/cotton/,collection,P2,research_segment_no_localized_page
cotton fabric,BD,TBD,TBD,TBD,Commercial,Cotton Fabrics,/collections/cotton/,collection,P2,research_segment_no_localized_page
cotton fabric,TR,TBD,TBD,TBD,Commercial,Cotton Fabrics,/collections/cotton/,collection,P2,research_segment_no_localized_page
cotton fabric,IT,TBD,TBD,TBD,Commercial,Cotton Fabrics,/collections/cotton/,collection,P2,research_segment_no_localized_page
cotton fabric,FR,TBD,TBD,TBD,Commercial,Cotton Fabrics,/collections/cotton/,collection,P2,research_segment_no_localized_page
cotton fabric,SG,TBD,TBD,TBD,Commercial,Cotton Fabrics,/collections/cotton/,collection,P2,research_segment_no_localized_page
cotton fabric properties,GLOBAL,TBD,TBD,TBD,Commercial,Cotton Fabrics,/collections/cotton/,collection,P2,mapped
cotton fabric wholesale,GLOBAL,TBD,TBD,TBD,Commercial,Cotton Fabrics,/collections/cotton/,collection,P2,mapped
cotton organdy fabric,GLOBAL,TBD,TBD,TBD,Commercial,Cotton Fabrics,/collections/cotton/,collection,P2,mapped
cotton seersucker fabric,GLOBAL,TBD,TBD,TBD,Commercial,Cotton Fabrics,/collections/cotton/,collection,P2,mapped
crinkle cotton fabric,GLOBAL,TBD,TBD,TBD,Commercial,Cotton Fabrics,/collections/cotton/,collection,P2,mapped
slub cotton fabric,GLOBAL,TBD,TBD,TBD,Commercial,Cotton Fabrics,/collections/cotton/,collection,P2,mapped
soft cotton fabric,GLOBAL,TBD,TBD,TBD,Commercial,Cotton Fabrics,/collections/cotton/,collection,P2,mapped
what is cotton fabric,GLOBAL,TBD,TBD,TBD,Informational,Cotton Fabrics,/guides/what-is-cotton-fabric/,article,P2,mapped
denim fabric,US,TBD,TBD,TBD,Commercial,Denim Fabrics,/collections/denim/,collection,P2,research_segment_no_localized_page
denim fabric,UK,TBD,TBD,TBD,Commercial,Denim Fabrics,/collections/denim/,collection,P2,research_segment_no_localized_page
denim fabric,CA,TBD,TBD,TBD,Commercial,Denim Fabrics,/collections/denim/,collection,P2,research_segment_no_localized_page
denim fabric,PK,TBD,TBD,TBD,Commercial,Denim Fabrics,/collections/denim/,collection,P2,research_segment_no_localized_page
denim fabric,IN,TBD,TBD,TBD,Commercial,Denim Fabrics,/collections/denim/,collection,P2,research_segment_no_localized_page
denim fabric,BD,TBD,TBD,TBD,Commercial,Denim Fabrics,/collections/denim/,collection,P2,research_segment_no_localized_page
denim fabric,TR,TBD,TBD,TBD,Commercial,Denim Fabrics,/collections/denim/,collection,P2,research_segment_no_localized_page
denim fabric,IT,TBD,TBD,TBD,Commercial,Denim Fabrics,/collections/denim/,collection,P2,research_segment_no_localized_page
denim fabric,FR,TBD,TBD,TBD,Commercial,Denim Fabrics,/collections/denim/,collection,P2,research_segment_no_localized_page
denim fabric,SG,TBD,TBD,TBD,Commercial,Denim Fabrics,/collections/denim/,collection,P2,research_segment_no_localized_page
denim fabric weight,GLOBAL,TBD,TBD,TBD,Commercial,Denim Fabrics,/collections/denim/,collection,P2,mapped
oz denim fabric,GLOBAL,TBD,TBD,TBD,Commercial,Denim Fabrics,/collections/denim/,collection,P2,mapped
rigid denim fabric,GLOBAL,TBD,TBD,TBD,Commercial,Denim Fabrics,/collections/denim/,collection,P2,mapped
stretch denim fabric,GLOBAL,TBD,TBD,TBD,Commercial,Denim Fabrics,/collections/denim/,collection,P2,mapped
sustainable denim fabric,GLOBAL,TBD,TBD,TBD,Commercial,Denim Fabrics,/collections/denim/,collection,P2,mapped
what is denim fabric,GLOBAL,TBD,TBD,TBD,Informational,Denim Fabrics,/guides/denim-2027/,article,P2,mapped
breathable fabric,GLOBAL,TBD,TBD,TBD,Commercial,Fabric Characteristics,/marketplace/,money,P2,mapped
brushed fabric,GLOBAL,TBD,TBD,TBD,Commercial,Fabric Characteristics,/marketplace/,money,P2,mapped
crisp fabric,GLOBAL,TBD,TBD,TBD,Commercial,Fabric Characteristics,/marketplace/,money,P2,mapped
drapey fabric,GLOBAL,TBD,TBD,TBD,Commercial,Fabric Characteristics,/marketplace/,money,P2,mapped
durable fabric,GLOBAL,TBD,TBD,TBD,Commercial,Fabric Characteristics,/marketplace/,money,P2,mapped
fabric drape,GLOBAL,TBD,TBD,TBD,Commercial,Fabric Characteristics,/marketplace/,money,P2,mapped
fabric hand feel,GLOBAL,TBD,TBD,TBD,Commercial,Fabric Characteristics,/marketplace/,money,P2,mapped
flowy fabric,GLOBAL,TBD,TBD,TBD,Commercial,Fabric Characteristics,/marketplace/,money,P2,mapped
heavyweight fabric,GLOBAL,TBD,TBD,TBD,Commercial,Fabric Characteristics,/marketplace/,money,P2,mapped
lightweight fabric,GLOBAL,TBD,TBD,TBD,Commercial,Fabric Characteristics,/marketplace/,money,P2,mapped
opaque fabric,GLOBAL,/discover/opaque-fabric/,What Is Opaque Fabric?,opaque fabric,Commercial,Fabric Characteristics,/discover/opaque-fabric/,informational,P1,mapped
open weave fabric,GLOBAL,TBD,TBD,TBD,Commercial,Fabric Characteristics,/marketplace/,money,P2,mapped
semi sheer fabric,GLOBAL,TBD,TBD,TBD,Commercial,Fabric Characteristics,/marketplace/,money,P2,mapped
sheer fabric,GLOBAL,TBD,TBD,TBD,Commercial,Fabric Characteristics,/marketplace/,money,P2,mapped
soft fabric,GLOBAL,TBD,TBD,TBD,Commercial,Fabric Characteristics,/marketplace/,money,P2,mapped
structured fabric,GLOBAL,TBD,TBD,TBD,Commercial,Fabric Characteristics,/marketplace/,money,P2,mapped
summer fabric,GLOBAL,TBD,TBD,TBD,Commercial,Fabric Characteristics,/marketplace/,money,P2,mapped
warm fabric,GLOBAL,TBD,TBD,TBD,Commercial,Fabric Characteristics,/marketplace/,money,P2,mapped
winter fabric,GLOBAL,TBD,TBD,TBD,Commercial,Fabric Characteristics,/marketplace/,money,P2,mapped
fabric for dresses,US,TBD,TBD,TBD,Commercial,Fabric for Dresses,/fabrics/best-for/dresses/,best_for,P2,research_segment_no_localized_page
fabric for dresses,UK,TBD,TBD,TBD,Commercial,Fabric for Dresses,/fabrics/best-for/dresses/,best_for,P2,research_segment_no_localized_page
fabric for dresses,CA,TBD,TBD,TBD,Commercial,Fabric for Dresses,/fabrics/best-for/dresses/,best_for,P2,research_segment_no_localized_page
fabric for dresses,PK,TBD,TBD,TBD,Commercial,Fabric for Dresses,/fabrics/best-for/dresses/,best_for,P2,research_segment_no_localized_page
fabric for dresses,IN,TBD,TBD,TBD,Commercial,Fabric for Dresses,/fabrics/best-for/dresses/,best_for,P2,research_segment_no_localized_page
fabric for dresses,BD,TBD,TBD,TBD,Commercial,Fabric for Dresses,/fabrics/best-for/dresses/,best_for,P2,research_segment_no_localized_page
fabric for dresses,TR,TBD,TBD,TBD,Commercial,Fabric for Dresses,/fabrics/best-for/dresses/,best_for,P2,research_segment_no_localized_page
fabric for dresses,IT,TBD,TBD,TBD,Commercial,Fabric for Dresses,/fabrics/best-for/dresses/,best_for,P2,research_segment_no_localized_page
fabric for dresses,FR,TBD,TBD,TBD,Commercial,Fabric for Dresses,/fabrics/best-for/dresses/,best_for,P2,research_segment_no_localized_page
fabric for dresses,SG,TBD,TBD,TBD,Commercial,Fabric for Dresses,/fabrics/best-for/dresses/,best_for,P2,research_segment_no_localized_page
fabric for shirts,US,TBD,TBD,TBD,Commercial,Fabric for Shirts,/fabrics/best-for/shirts/,best_for,P2,research_segment_no_localized_page
fabric for shirts,UK,TBD,TBD,TBD,Commercial,Fabric for Shirts,/fabrics/best-for/shirts/,best_for,P2,research_segment_no_localized_page
fabric for shirts,CA,TBD,TBD,TBD,Commercial,Fabric for Shirts,/fabrics/best-for/shirts/,best_for,P2,research_segment_no_localized_page
fabric for shirts,PK,TBD,TBD,TBD,Commercial,Fabric for Shirts,/fabrics/best-for/shirts/,best_for,P2,research_segment_no_localized_page
fabric for shirts,IN,TBD,TBD,TBD,Commercial,Fabric for Shirts,/fabrics/best-for/shirts/,best_for,P2,research_segment_no_localized_page
fabric for shirts,BD,TBD,TBD,TBD,Commercial,Fabric for Shirts,/fabrics/best-for/shirts/,best_for,P2,research_segment_no_localized_page
fabric for shirts,TR,TBD,TBD,TBD,Commercial,Fabric for Shirts,/fabrics/best-for/shirts/,best_for,P2,research_segment_no_localized_page
fabric for shirts,IT,TBD,TBD,TBD,Commercial,Fabric for Shirts,/fabrics/best-for/shirts/,best_for,P2,research_segment_no_localized_page
fabric for shirts,FR,TBD,TBD,TBD,Commercial,Fabric for Shirts,/fabrics/best-for/shirts/,best_for,P2,research_segment_no_localized_page
fabric for shirts,SG,TBD,TBD,TBD,Commercial,Fabric for Shirts,/fabrics/best-for/shirts/,best_for,P2,research_segment_no_localized_page
a practical guide to the fabstitch 2027 fabric collection,GLOBAL,TBD,TBD,TBD,Informational,Fabric Guides,/guides/fabrics-2027/,article,P2,mapped
"autumn/winter 2027-28: surface, weight and protection",GLOBAL,TBD,TBD,TBD,Informational,Fabric Guides,/guides/autumn-winter-2027-28-fabrics/,article,P2,mapped
chiffon or georgette: comparing two sheer dress fabrics,GLOBAL,TBD,TBD,TBD,Informational,Fabric Guides,/guides/chiffon-vs-georgette/,article,P2,mapped
"choosing shirt fabric by season, structure and hand",GLOBAL,TBD,TBD,TBD,Informational,Fabric Guides,/guides/how-to-choose-fabric-for-shirts/,article,P2,mapped
five linen and linen-blend directions for 2027,GLOBAL,TBD,TBD,TBD,Informational,Fabric Guides,/guides/linen-fabrics-2027/,article,P2,mapped
how to buy fabric online with confidence,GLOBAL,TBD,TBD,TBD,Informational,Fabric Guides,/guides/how-to-buy-fabric-online/,article,P2,mapped
how to read fabric weight and gsm,GLOBAL,TBD,TBD,TBD,Informational,Fabric Guides,/guides/fabric-weight-and-gsm/,article,P2,mapped
six denim sourcing directions in the fabstitch 2027 collection,GLOBAL,TBD,TBD,TBD,Informational,Fabric Guides,/guides/denim-2027/,article,P2,mapped
spring/summer 2027: lightness with structure,GLOBAL,TBD,TBD,TBD,Informational,Fabric Guides,/guides/spring-summer-2027-fabrics/,article,P2,mapped
woven and knit fabrics: how construction changes the choice,GLOBAL,TBD,TBD,TBD,Informational,Fabric Guides,/guides/woven-vs-knit-fabrics/,article,P2,mapped
buy fabric online,US,TBD,TBD,TBD,Transactional,Fabric Marketplace,/marketplace/,money,P2,research_segment_no_localized_page
buy fabric online,UK,TBD,TBD,TBD,Transactional,Fabric Marketplace,/marketplace/,money,P2,research_segment_no_localized_page
buy fabric online,CA,TBD,TBD,TBD,Transactional,Fabric Marketplace,/marketplace/,money,P2,research_segment_no_localized_page
buy fabric online,PK,TBD,TBD,TBD,Transactional,Fabric Marketplace,/marketplace/,money,P2,research_segment_no_localized_page
buy fabric online,IN,TBD,TBD,TBD,Transactional,Fabric Marketplace,/marketplace/,money,P2,research_segment_no_localized_page
buy fabric online,BD,TBD,TBD,TBD,Transactional,Fabric Marketplace,/marketplace/,money,P2,research_segment_no_localized_page
buy fabric online,TR,TBD,TBD,TBD,Transactional,Fabric Marketplace,/marketplace/,money,P2,research_segment_no_localized_page
buy fabric online,IT,TBD,TBD,TBD,Transactional,Fabric Marketplace,/marketplace/,money,P2,research_segment_no_localized_page
buy fabric online,FR,TBD,TBD,TBD,Transactional,Fabric Marketplace,/marketplace/,money,P2,research_segment_no_localized_page
buy fabric online,SG,TBD,TBD,TBD,Transactional,Fabric Marketplace,/marketplace/,money,P2,research_segment_no_localized_page
fabric inquiry platform,GLOBAL,TBD,TBD,TBD,Commercial,Fabric Marketplace,/marketplace/,money,P2,mapped
fabric marketplace,US,TBD,TBD,TBD,Commercial,Fabric Marketplace,/marketplace/,money,P2,research_segment_no_localized_page
fabric marketplace,UK,TBD,TBD,TBD,Commercial,Fabric Marketplace,/marketplace/,money,P2,research_segment_no_localized_page
fabric marketplace,CA,TBD,TBD,TBD,Commercial,Fabric Marketplace,/marketplace/,money,P2,research_segment_no_localized_page
fabric marketplace,PK,TBD,TBD,TBD,Commercial,Fabric Marketplace,/marketplace/,money,P2,research_segment_no_localized_page
fabric marketplace,IN,TBD,TBD,TBD,Commercial,Fabric Marketplace,/marketplace/,money,P2,research_segment_no_localized_page
fabric marketplace,BD,TBD,TBD,TBD,Commercial,Fabric Marketplace,/marketplace/,money,P2,research_segment_no_localized_page
fabric marketplace,TR,TBD,TBD,TBD,Commercial,Fabric Marketplace,/marketplace/,money,P2,research_segment_no_localized_page
fabric marketplace,IT,TBD,TBD,TBD,Commercial,Fabric Marketplace,/marketplace/,money,P2,research_segment_no_localized_page
fabric marketplace,FR,TBD,TBD,TBD,Commercial,Fabric Marketplace,/marketplace/,money,P2,research_segment_no_localized_page
fabric marketplace,SG,TBD,TBD,TBD,Commercial,Fabric Marketplace,/marketplace/,money,P2,research_segment_no_localized_page
fabric sourcing,US,TBD,TBD,TBD,Commercial,Fabric Marketplace,/marketplace/,money,P2,research_segment_no_localized_page
fabric sourcing,UK,TBD,TBD,TBD,Commercial,Fabric Marketplace,/marketplace/,money,P2,research_segment_no_localized_page
fabric sourcing,CA,TBD,TBD,TBD,Commercial,Fabric Marketplace,/marketplace/,money,P2,research_segment_no_localized_page
fabric sourcing,PK,TBD,TBD,TBD,Commercial,Fabric Marketplace,/marketplace/,money,P2,research_segment_no_localized_page
fabric sourcing,IN,TBD,TBD,TBD,Commercial,Fabric Marketplace,/marketplace/,money,P2,research_segment_no_localized_page
fabric sourcing,BD,TBD,TBD,TBD,Commercial,Fabric Marketplace,/marketplace/,money,P2,research_segment_no_localized_page
fabric sourcing,TR,TBD,TBD,TBD,Commercial,Fabric Marketplace,/marketplace/,money,P2,research_segment_no_localized_page
fabric sourcing,IT,TBD,TBD,TBD,Commercial,Fabric Marketplace,/marketplace/,money,P2,research_segment_no_localized_page
fabric sourcing,FR,TBD,TBD,TBD,Commercial,Fabric Marketplace,/marketplace/,money,P2,research_segment_no_localized_page
fabric sourcing,SG,TBD,TBD,TBD,Commercial,Fabric Marketplace,/marketplace/,money,P2,research_segment_no_localized_page
fabric supplier,US,TBD,TBD,TBD,Transactional,Fabric Marketplace,/marketplace/,money,P2,research_segment_no_localized_page
fabric supplier,UK,TBD,TBD,TBD,Transactional,Fabric Marketplace,/marketplace/,money,P2,research_segment_no_localized_page
fabric supplier,CA,TBD,TBD,TBD,Transactional,Fabric Marketplace,/marketplace/,money,P2,research_segment_no_localized_page
fabric supplier,PK,TBD,TBD,TBD,Transactional,Fabric Marketplace,/marketplace/,money,P2,research_segment_no_localized_page
fabric supplier,IN,TBD,TBD,TBD,Transactional,Fabric Marketplace,/marketplace/,money,P2,research_segment_no_localized_page
fabric supplier,BD,TBD,TBD,TBD,Transactional,Fabric Marketplace,/marketplace/,money,P2,research_segment_no_localized_page
fabric supplier,TR,TBD,TBD,TBD,Transactional,Fabric Marketplace,/marketplace/,money,P2,research_segment_no_localized_page
fabric supplier,IT,TBD,TBD,TBD,Transactional,Fabric Marketplace,/marketplace/,money,P2,research_segment_no_localized_page
fabric supplier,FR,TBD,TBD,TBD,Transactional,Fabric Marketplace,/marketplace/,money,P2,research_segment_no_localized_page
fabric supplier,SG,TBD,TBD,TBD,Transactional,Fabric Marketplace,/marketplace/,money,P2,research_segment_no_localized_page
inquire fabric online,GLOBAL,TBD,TBD,TBD,Transactional,Fabric Marketplace,/marketplace/,money,P2,mapped
wholesale fabric,US,TBD,TBD,TBD,Transactional,Fabric Marketplace,/marketplace/,money,P2,research_segment_no_localized_page
wholesale fabric,UK,TBD,TBD,TBD,Transactional,Fabric Marketplace,/marketplace/,money,P2,research_segment_no_localized_page
wholesale fabric,CA,TBD,TBD,TBD,Transactional,Fabric Marketplace,/marketplace/,money,P2,research_segment_no_localized_page
wholesale fabric,PK,TBD,TBD,TBD,Transactional,Fabric Marketplace,/marketplace/,money,P2,research_segment_no_localized_page
wholesale fabric,IN,TBD,TBD,TBD,Transactional,Fabric Marketplace,/marketplace/,money,P2,research_segment_no_localized_page
wholesale fabric,BD,TBD,TBD,TBD,Transactional,Fabric Marketplace,/marketplace/,money,P2,research_segment_no_localized_page
wholesale fabric,TR,TBD,TBD,TBD,Transactional,Fabric Marketplace,/marketplace/,money,P2,research_segment_no_localized_page
wholesale fabric,IT,TBD,TBD,TBD,Transactional,Fabric Marketplace,/marketplace/,money,P2,research_segment_no_localized_page
wholesale fabric,FR,TBD,TBD,TBD,Transactional,Fabric Marketplace,/marketplace/,money,P2,research_segment_no_localized_page
wholesale fabric,SG,TBD,TBD,TBD,Transactional,Fabric Marketplace,/marketplace/,money,P2,research_segment_no_localized_page
fine gauge knit,GLOBAL,TBD,TBD,TBD,Commercial,Knit Fabrics,/collections/knitwear/,collection,P2,mapped
knit vs woven,GLOBAL,TBD,TBD,TBD,Informational,Knit Fabrics,/guides/woven-vs-knit-fabrics/,article,P2,mapped
lightweight knit fabric,GLOBAL,TBD,TBD,TBD,Commercial,Knit Fabrics,/collections/knitwear/,collection,P2,mapped
semi sheer knit,GLOBAL,TBD,TBD,TBD,Commercial,Knit Fabrics,/collections/knitwear/,collection,P2,mapped
stretch knit fabric,GLOBAL,TBD,TBD,TBD,Commercial,Knit Fabrics,/collections/knitwear/,collection,P2,mapped
what is knit fabric,GLOBAL,TBD,TBD,TBD,Informational,Knit Fabrics,/guides/woven-vs-knit-fabrics/,article,P2,mapped
heavy linen fabric,GLOBAL,TBD,TBD,TBD,Commercial,Linen Fabrics,/collections/linen-lightweight/,collection,P2,mapped
linen fabric,US,TBD,TBD,TBD,Commercial,Linen Fabrics,/collections/linen-lightweight/,collection,P2,research_segment_no_localized_page
linen fabric,UK,TBD,TBD,TBD,Commercial,Linen Fabrics,/collections/linen-lightweight/,collection,P2,research_segment_no_localized_page
linen fabric,CA,TBD,TBD,TBD,Commercial,Linen Fabrics,/collections/linen-lightweight/,collection,P2,research_segment_no_localized_page
linen fabric,PK,TBD,TBD,TBD,Commercial,Linen Fabrics,/collections/linen-lightweight/,collection,P2,research_segment_no_localized_page
linen fabric,IN,TBD,TBD,TBD,Commercial,Linen Fabrics,/collections/linen-lightweight/,collection,P2,research_segment_no_localized_page
linen fabric,BD,TBD,TBD,TBD,Commercial,Linen Fabrics,/collections/linen-lightweight/,collection,P2,research_segment_no_localized_page
linen fabric,TR,TBD,TBD,TBD,Commercial,Linen Fabrics,/collections/linen-lightweight/,collection,P2,research_segment_no_localized_page
linen fabric,IT,TBD,TBD,TBD,Commercial,Linen Fabrics,/collections/linen-lightweight/,collection,P2,research_segment_no_localized_page
linen fabric,FR,TBD,TBD,TBD,Commercial,Linen Fabrics,/collections/linen-lightweight/,collection,P2,research_segment_no_localized_page
linen fabric,SG,TBD,TBD,TBD,Commercial,Linen Fabrics,/collections/linen-lightweight/,collection,P2,research_segment_no_localized_page
linen fabric for dresses,GLOBAL,TBD,TBD,TBD,Commercial,Linen Fabrics,/collections/linen-lightweight/,collection,P2,mapped
linen fabric for trousers,GLOBAL,TBD,TBD,TBD,Commercial,Linen Fabrics,/collections/linen-lightweight/,collection,P2,mapped
linen fabric properties,GLOBAL,TBD,TBD,TBD,Commercial,Linen Fabrics,/collections/linen-lightweight/,collection,P2,mapped
linen fabric wholesale,GLOBAL,TBD,TBD,TBD,Commercial,Linen Fabrics,/collections/linen-lightweight/,collection,P2,mapped
summer linen fabric,GLOBAL,TBD,TBD,TBD,Commercial,Linen Fabrics,/collections/linen-lightweight/,collection,P2,mapped
washed linen fabric,GLOBAL,TBD,TBD,TBD,Commercial,Linen Fabrics,/collections/linen-lightweight/,collection,P2,mapped
what is linen fabric,GLOBAL,TBD,TBD,TBD,Informational,Linen Fabrics,/guides/linen-fabrics-2027/,article,P2,mapped
loungewear knit fabric,GLOBAL,TBD,TBD,TBD,Commercial,Performance Fabrics,/collections/performance/,collection,P2,mapped
next to skin fabric,GLOBAL,TBD,TBD,TBD,Commercial,Performance Fabrics,/collections/performance/,collection,P2,mapped
fluid silk fabric,GLOBAL,TBD,TBD,TBD,Commercial,Silk Fabrics,/collections/silk-sheer/,collection,P2,mapped
lightweight silk fabric,GLOBAL,TBD,TBD,TBD,Commercial,Silk Fabrics,/collections/silk-sheer/,collection,P2,mapped
silk fabric,US,TBD,TBD,TBD,Commercial,Silk Fabrics,/collections/silk-sheer/,collection,P2,research_segment_no_localized_page
silk fabric,UK,TBD,TBD,TBD,Commercial,Silk Fabrics,/collections/silk-sheer/,collection,P2,research_segment_no_localized_page
silk fabric,CA,TBD,TBD,TBD,Commercial,Silk Fabrics,/collections/silk-sheer/,collection,P2,research_segment_no_localized_page
silk fabric,PK,TBD,TBD,TBD,Commercial,Silk Fabrics,/collections/silk-sheer/,collection,P2,research_segment_no_localized_page
silk fabric,IN,TBD,TBD,TBD,Commercial,Silk Fabrics,/collections/silk-sheer/,collection,P2,research_segment_no_localized_page
silk fabric,BD,TBD,TBD,TBD,Commercial,Silk Fabrics,/collections/silk-sheer/,collection,P2,research_segment_no_localized_page
silk fabric,TR,TBD,TBD,TBD,Commercial,Silk Fabrics,/collections/silk-sheer/,collection,P2,research_segment_no_localized_page
silk fabric,IT,TBD,TBD,TBD,Commercial,Silk Fabrics,/collections/silk-sheer/,collection,P2,research_segment_no_localized_page
silk fabric,FR,TBD,TBD,TBD,Commercial,Silk Fabrics,/collections/silk-sheer/,collection,P2,research_segment_no_localized_page
silk fabric,SG,TBD,TBD,TBD,Commercial,Silk Fabrics,/collections/silk-sheer/,collection,P2,research_segment_no_localized_page
silk fabric for blouses,GLOBAL,TBD,TBD,TBD,Commercial,Silk Fabrics,/collections/silk-sheer/,collection,P2,mapped
silk fabric for dresses,GLOBAL,TBD,TBD,TBD,Commercial,Silk Fabrics,/collections/silk-sheer/,collection,P2,mapped
silk fabric properties,GLOBAL,TBD,TBD,TBD,Commercial,Silk Fabrics,/collections/silk-sheer/,collection,P2,mapped
silk fabric wholesale,GLOBAL,TBD,TBD,TBD,Commercial,Silk Fabrics,/collections/silk-sheer/,collection,P2,mapped
silk lining fabric,GLOBAL,TBD,TBD,TBD,Commercial,Silk Fabrics,/collections/silk-sheer/,collection,P2,mapped
what is silk fabric,GLOBAL,TBD,TBD,TBD,Informational,Silk Fabrics,/guides/silk-vs-satin/,article,P2,mapped
buy wool fabric,GLOBAL,TBD,TBD,TBD,Commercial,Wool Fabrics,/collections/tailoring/,collection,P2,mapped
lightweight wool fabric,GLOBAL,TBD,TBD,TBD,Commercial,Wool Fabrics,/collections/tailoring/,collection,P2,mapped
stretch wool fabric,GLOBAL,TBD,TBD,TBD,Commercial,Wool Fabrics,/collections/tailoring/,collection,P2,mapped
tailoring wool fabric,GLOBAL,TBD,TBD,TBD,Commercial,Wool Fabrics,/collections/tailoring/,collection,P2,mapped
what is wool fabric,GLOBAL,TBD,TBD,TBD,Informational,Wool Fabrics,/collections/tailoring/,article,P2,mapped
winter wool fabric,GLOBAL,TBD,TBD,TBD,Commercial,Wool Fabrics,/collections/tailoring/,collection,P2,mapped
wool fabric online,GLOBAL,TBD,TBD,TBD,Commercial,Wool Fabrics,/collections/tailoring/,collection,P2,mapped
wool fabric wholesale,GLOBAL,TBD,TBD,TBD,Commercial,Wool Fabrics,/collections/tailoring/,collection,P2,mapped
plain weave fabric,GLOBAL,TBD,TBD,TBD,Commercial,Woven Fabrics,/fabrics/,collection,P2,mapped
twill weave fabric,GLOBAL,TBD,TBD,TBD,Commercial,Woven Fabrics,/fabrics/,collection,P2,mapped
1×1 rib knit pima cotton rib,GLOBAL,TBD,TBD,TBD,Commercial,Named Fabrics,/fabrics/pima-cotton-rib/,product,P3,mapped_noindex_holdback
100% cotton batiste lawn,GLOBAL,TBD,TBD,TBD,Commercial,Named Fabrics,/fabrics/batiste-lawn/,product,P3,mapped_noindex_holdback
100% cotton birdseye cotton piqué,GLOBAL,TBD,TBD,TBD,Commercial,Named Fabrics,/fabrics/birdseye-cotton-pique/,product,P3,mapped_noindex_holdback
100% cotton classic cotton piqué,GLOBAL,TBD,TBD,TBD,Commercial,Named Fabrics,/fabrics/classic-cotton-pique/,product,P3,mapped_noindex_holdback
100% cotton classic french terry,GLOBAL,TBD,TBD,TBD,Commercial,Named Fabrics,/fabrics/french-terry-classic/,product,P3,mapped_noindex_holdback
100% cotton classic oxford cotton,GLOBAL,TBD,TBD,TBD,Commercial,Named Fabrics,/fabrics/classic-oxford-cotton/,product,P3,mapped_noindex_holdback
100% cotton cotton bouclé yarn,GLOBAL,TBD,TBD,TBD,Commercial,Named Fabrics,/fabrics/cotton-boucle-yarn/,product,P3,mapped_noindex_holdback
100% cotton cotton lawn,GLOBAL,TBD,TBD,TBD,Commercial,Named Fabrics,/fabrics/cotton-lawn/,product,P3,mapped_noindex_holdback
100% cotton double cotton piqué,GLOBAL,TBD,TBD,TBD,Commercial,Named Fabrics,/fabrics/double-cotton-pique/,product,P3,mapped_noindex_holdback
100% cotton embroidered cotton lawn,GLOBAL,TBD,TBD,TBD,Commercial,Named Fabrics,/fabrics/embroidered-cotton-lawn/,product,P3,mapped_noindex_holdback
100% cotton fine cotton piqué,GLOBAL,TBD,TBD,TBD,Commercial,Named Fabrics,/fabrics/fine-cotton-pique/,product,P3,mapped_noindex_holdback
100% cotton fine loopback french terry,GLOBAL,TBD,TBD,TBD,Commercial,Named Fabrics,/fabrics/french-terry-loopback/,product,P3,mapped_noindex_holdback
100% cotton heavy oxford cotton,GLOBAL,TBD,TBD,TBD,Commercial,Named Fabrics,/fabrics/heavy-oxford-cotton/,product,P3,mapped_noindex_holdback
100% cotton heavyweight french terry,GLOBAL,TBD,TBD,TBD,Commercial,Named Fabrics,/fabrics/french-terry-heavyweight/,product,P3,mapped_noindex_holdback
100% cotton honeycomb cotton piqué,GLOBAL,TBD,TBD,TBD,Commercial,Named Fabrics,/fabrics/honeycomb-cotton-pique/,product,P3,mapped_noindex_holdback
100% cotton lightweight french terry,GLOBAL,TBD,TBD,TBD,Commercial,Named Fabrics,/fabrics/french-terry-lightweight/,product,P3,mapped_noindex_holdback
100% cotton oxford chambray cotton,GLOBAL,TBD,TBD,TBD,Commercial,Named Fabrics,/fabrics/oxford-chambray-cotton/,product,P3,mapped_noindex_holdback
100% cotton peached french terry,GLOBAL,TBD,TBD,TBD,Commercial,Named Fabrics,/fabrics/french-terry-peached/,product,P3,mapped_noindex_holdback
100% cotton pinpoint oxford cotton,GLOBAL,TBD,TBD,TBD,Commercial,Named Fabrics,/fabrics/pinpoint-oxford-cotton/,product,P3,mapped_noindex_holdback
100% cotton printed cotton lawn,GLOBAL,TBD,TBD,TBD,Commercial,Named Fabrics,/fabrics/printed-cotton-lawn/,product,P3,mapped_noindex_holdback
100% cotton royal oxford cotton,GLOBAL,TBD,TBD,TBD,Commercial,Named Fabrics,/fabrics/royal-oxford-cotton/,product,P3,mapped_noindex_holdback
100% cotton slub cotton lawn,GLOBAL,TBD,TBD,TBD,Commercial,Named Fabrics,/fabrics/slub-cotton-lawn/,product,P3,mapped_noindex_holdback
100% cotton slub french terry,GLOBAL,TBD,TBD,TBD,Commercial,Named Fabrics,/fabrics/french-terry-slub/,product,P3,mapped_noindex_holdback
100% cotton soft oxford cotton,GLOBAL,TBD,TBD,TBD,Commercial,Named Fabrics,/fabrics/soft-oxford-cotton/,product,P3,mapped_noindex_holdback
100% cotton voile lawn,GLOBAL,TBD,TBD,TBD,Commercial,Named Fabrics,/fabrics/voile-lawn/,product,P3,mapped_noindex_holdback
100% egyptian cotton egyptian cotton broadcloth,GLOBAL,TBD,TBD,TBD,Commercial,Named Fabrics,/fabrics/egyptian-cotton-broadcloth/,product,P3,mapped_noindex_holdback
100% egyptian cotton egyptian cotton flannel,GLOBAL,TBD,TBD,TBD,Commercial,Named Fabrics,/fabrics/egyptian-cotton-flannel/,product,P3,mapped_noindex_holdback
100% egyptian cotton egyptian cotton percale,GLOBAL,TBD,TBD,TBD,Commercial,Named Fabrics,/fabrics/egyptian-cotton-percale/,product,P3,mapped_noindex_holdback
100% egyptian cotton egyptian cotton poplin,GLOBAL,TBD,TBD,TBD,Commercial,Named Fabrics,/fabrics/egyptian-cotton-poplin/,product,P3,mapped_noindex_holdback
100% egyptian cotton egyptian cotton sateen,GLOBAL,TBD,TBD,TBD,Commercial,Named Fabrics,/fabrics/egyptian-cotton-sateen/,product,P3,mapped_noindex_holdback
100% egyptian cotton egyptian cotton seersucker,GLOBAL,TBD,TBD,TBD,Commercial,Named Fabrics,/fabrics/egyptian-cotton-seersucker/,product,P3,mapped_noindex_holdback
100% egyptian cotton egyptian cotton twill,GLOBAL,TBD,TBD,TBD,Commercial,Named Fabrics,/fabrics/egyptian-cotton-twill/,product,P3,mapped_noindex_holdback
100% egyptian cotton egyptian cotton voile,GLOBAL,TBD,TBD,TBD,Commercial,Named Fabrics,/fabrics/egyptian-cotton-voile/,product,P3,mapped_noindex_holdback
100% mercerised cotton mercerised cotton lawn,GLOBAL,TBD,TBD,TBD,Commercial,Named Fabrics,/fabrics/mercerised-cotton-lawn/,product,P3,mapped_noindex_holdback
100% mercerized cotton mercerized cotton broadcloth,GLOBAL,TBD,TBD,TBD,Commercial,Named Fabrics,/fabrics/mercerized-cotton-broadcloth/,product,P3,mapped_noindex_holdback
100% mercerized cotton mercerized cotton jersey,GLOBAL,TBD,TBD,TBD,Commercial,Named Fabrics,/fabrics/mercerized-cotton-jersey/,product,P3,mapped_noindex_holdback
100% mercerized cotton mercerized cotton lawn,GLOBAL,TBD,TBD,TBD,Commercial,Named Fabrics,/fabrics/mercerized-cotton-lawn/,product,P3,mapped_noindex_holdback
100% mercerized cotton mercerized cotton piqué,GLOBAL,TBD,TBD,TBD,Commercial,Named Fabrics,/fabrics/mercerized-cotton-pique/,product,P3,mapped_noindex_holdback
100% mercerized cotton mercerized cotton poplin,GLOBAL,TBD,TBD,TBD,Commercial,Named Fabrics,/fabrics/mercerized-cotton-poplin/,product,P3,mapped_noindex_holdback
100% mercerized cotton mercerized cotton sateen,GLOBAL,TBD,TBD,TBD,Commercial,Named Fabrics,/fabrics/mercerized-cotton-sateen/,product,P3,mapped_noindex_holdback
100% mercerized cotton mercerized cotton twill,GLOBAL,TBD,TBD,TBD,Commercial,Named Fabrics,/fabrics/mercerized-cotton-twill/,product,P3,mapped_noindex_holdback
100% mercerized cotton mercerized cotton voile,GLOBAL,TBD,TBD,TBD,Commercial,Named Fabrics,/fabrics/mercerized-cotton-voile/,product,P3,mapped_noindex_holdback
100% organic cotton organic cotton french terry,GLOBAL,TBD,TBD,TBD,Commercial,Named Fabrics,/fabrics/french-terry-organic/,product,P3,mapped_noindex_holdback
100% organic cotton organic cotton lawn,GLOBAL,TBD,TBD,TBD,Commercial,Named Fabrics,/fabrics/organic-cotton-lawn/,product,P3,mapped_noindex_holdback
100% organic cotton organic cotton piqué,GLOBAL,TBD,TBD,TBD,Commercial,Named Fabrics,/fabrics/organic-cotton-pique/,product,P3,mapped_noindex_holdback
100% organic cotton organic oxford cotton,GLOBAL,TBD,TBD,TBD,Commercial,Named Fabrics,/fabrics/organic-oxford-cotton/,product,P3,mapped_noindex_holdback
100% pima cotton pima cotton broadcloth,GLOBAL,TBD,TBD,TBD,Commercial,Named Fabrics,/fabrics/pima-cotton-broadcloth/,product,P3,mapped_noindex_holdback
100% pima cotton pima cotton fleece,GLOBAL,TBD,TBD,TBD,Commercial,Named Fabrics,/fabrics/pima-cotton-fleece/,product,P3,mapped_noindex_holdback
100% pima cotton pima cotton interlock,GLOBAL,TBD,TBD,TBD,Commercial,Named Fabrics,/fabrics/pima-cotton-interlock/,product,P3,mapped_noindex_holdback
100% pima cotton pima cotton jersey,GLOBAL,TBD,TBD,TBD,Commercial,Named Fabrics,/fabrics/pima-cotton-jersey/,product,P3,mapped_noindex_holdback
100% pima cotton pima cotton poplin,GLOBAL,TBD,TBD,TBD,Commercial,Named Fabrics,/fabrics/pima-cotton-poplin/,product,P3,mapped_noindex_holdback
100% pima cotton pima cotton rib,GLOBAL,TBD,TBD,TBD,Commercial,Named Fabrics,/fabrics/pima-cotton-rib/,product,P3,mapped_noindex_holdback
100% pima cotton pima cotton sateen,GLOBAL,TBD,TBD,TBD,Commercial,Named Fabrics,/fabrics/pima-cotton-sateen/,product,P3,mapped_noindex_holdback
100% pima cotton pima cotton voile,GLOBAL,TBD,TBD,TBD,Commercial,Named Fabrics,/fabrics/pima-cotton-voile/,product,P3,mapped_noindex_holdback
100% polyester polyester chiffon,GLOBAL,TBD,TBD,TBD,Commercial,Named Fabrics,/fabrics/polyester-chiffon/,product,P3,mapped_noindex_holdback
100% silk noil silk noil,GLOBAL,TBD,TBD,TBD,Commercial,Named Fabrics,/fabrics/silk-noil/,product,P3,mapped_noindex_holdback
100% silk silk broadcloth,GLOBAL,TBD,TBD,TBD,Commercial,Named Fabrics,/fabrics/silk-broadcloth/,product,P3,mapped_noindex_holdback
100% silk silk charmeuse,GLOBAL,TBD,TBD,TBD,Commercial,Named Fabrics,/fabrics/silk-charmeuse/,product,P3,mapped_noindex_holdback
100% silk silk chiffon crepe,GLOBAL,TBD,TBD,TBD,Commercial,Named Fabrics,/fabrics/silk-chiffon-crepe/,product,P3,mapped_noindex_holdback
100% silk silk crepe,GLOBAL,TBD,TBD,TBD,Commercial,Named Fabrics,/fabrics/silk-crepe/,product,P3,mapped_noindex_holdback
100% silk silk faille,GLOBAL,TBD,TBD,TBD,Commercial,Named Fabrics,/fabrics/silk-faille/,product,P3,mapped_noindex_holdback
100% silk silk satin,GLOBAL,TBD,TBD,TBD,Commercial,Named Fabrics,/fabrics/silk-satin/,product,P3,mapped_noindex_holdback
100% silk silk tussar,GLOBAL,TBD,TBD,TBD,Commercial,Named Fabrics,/fabrics/silk-tussar/,product,P3,mapped_noindex_holdback
100% silk silk twill,GLOBAL,TBD,TBD,TBD,Commercial,Named Fabrics,/fabrics/silk-twill/,product,P3,mapped_noindex_holdback
100% tencel lyocell brushed tencel,GLOBAL,TBD,TBD,TBD,Commercial,Named Fabrics,/fabrics/tencel-brushed/,product,P3,mapped_noindex_holdback
100% tencel lyocell heavy tencel twill,GLOBAL,TBD,TBD,TBD,Commercial,Named Fabrics,/fabrics/tencel-heavy-twill/,product,P3,mapped_noindex_holdback
100% tencel lyocell tencel plain weave,GLOBAL,TBD,TBD,TBD,Commercial,Named Fabrics,/fabrics/tencel-plain-weave/,product,P3,mapped_noindex_holdback
100% tencel lyocell tencel sateen,GLOBAL,TBD,TBD,TBD,Commercial,Named Fabrics,/fabrics/tencel-sateen/,product,P3,mapped_noindex_holdback
100% tencel lyocell tencel shirting,GLOBAL,TBD,TBD,TBD,Commercial,Named Fabrics,/fabrics/tencel-shirting/,product,P3,mapped_noindex_holdback
100% tencel lyocell tencel twill,GLOBAL,TBD,TBD,TBD,Commercial,Named Fabrics,/fabrics/tencel-twill/,product,P3,mapped_noindex_holdback
15-30% hemp with cotton hemp-cotton denim,GLOBAL,TBD,TBD,TBD,Commercial,Named Fabrics,/fabrics/hemp-cotton-denim/,product,P3,mapped_noindex_holdback
2-layer membrane laminate 2l membrane laminate,GLOBAL,TBD,TBD,TBD,Commercial,Named Fabrics,/fabrics/two-layer-membrane-laminate/,product,P3,mapped_noindex_holdback
2.5-layer membrane laminate 2.5l membrane laminate,GLOBAL,TBD,TBD,TBD,Commercial,Named Fabrics,/fabrics/two-point-five-layer-membrane-laminate/,product,P3,mapped_noindex_holdback
2.5l membrane laminate,GLOBAL,TBD,TBD,TBD,Commercial,Named Fabrics,/fabrics/two-point-five-layer-membrane-laminate/,product,P3,mapped_noindex_holdback
2.5l membrane laminate fabric,GLOBAL,TBD,TBD,TBD,Commercial,Named Fabrics,/fabrics/two-point-five-layer-membrane-laminate/,product,P3,mapped_noindex_holdback
2.5l membrane laminate fabric online,GLOBAL,TBD,TBD,TBD,Commercial,Named Fabrics,/fabrics/two-point-five-layer-membrane-laminate/,product,P3,mapped_noindex_holdback
2.5l membrane laminate for outerwear,GLOBAL,TBD,TBD,TBD,Commercial,Named Fabrics,/fabrics/two-point-five-layer-membrane-laminate/,product,P3,mapped_noindex_holdback
2.5l membrane laminate textile,GLOBAL,TBD,TBD,TBD,Commercial,Named Fabrics,/fabrics/two-point-five-layer-membrane-laminate/,product,P3,mapped_noindex_holdback
2/1 twill egyptian cotton twill,GLOBAL,TBD,TBD,TBD,Commercial,Named Fabrics,/fabrics/egyptian-cotton-twill/,product,P3,mapped_noindex_holdback
2/1 twill mercerized cotton twill,GLOBAL,TBD,TBD,TBD,Commercial,Named Fabrics,/fabrics/mercerized-cotton-twill/,product,P3,mapped_noindex_holdback
2/1 twill tencel twill,GLOBAL,TBD,TBD,TBD,Commercial,Named Fabrics,/fabrics/tencel-twill/,product,P3,mapped_noindex_holdback
2/1 twill wool cotton twill,GLOBAL,TBD,TBD,TBD,Commercial,Named Fabrics,/fabrics/wool-cotton-twill/,product,P3,mapped_noindex_holdback
20-40% recycled cotton blended with virgin cotton recycled-cotton denim,GLOBAL,TBD,TBD,TBD,Commercial,Named Fabrics,/fabrics/recycled-cotton-denim/,product,P3,mapped_noindex_holdback
2l membrane laminate,GLOBAL,TBD,TBD,TBD,Commercial,Named Fabrics,/fabrics/two-layer-membrane-laminate/,product,P3,mapped_noindex_holdback
2l membrane laminate fabric,GLOBAL,TBD,TBD,TBD,Commercial,Named Fabrics,/fabrics/two-layer-membrane-laminate/,product,P3,mapped_noindex_holdback
2l membrane laminate fabric online,GLOBAL,TBD,TBD,TBD,Commercial,Named Fabrics,/fabrics/two-layer-membrane-laminate/,product,P3,mapped_noindex_holdback
2l membrane laminate for outerwear,GLOBAL,TBD,TBD,TBD,Commercial,Named Fabrics,/fabrics/two-layer-membrane-laminate/,product,P3,mapped_noindex_holdback
2l membrane laminate textile,GLOBAL,TBD,TBD,TBD,Commercial,Named Fabrics,/fabrics/two-layer-membrane-laminate/,product,P3,mapped_noindex_holdback
3-layer membrane laminate 3l membrane laminate,GLOBAL,TBD,TBD,TBD,Commercial,Named Fabrics,/fabrics/three-layer-membrane-laminate/,product,P3,mapped_noindex_holdback
3/1 twill heavy tencel twill,GLOBAL,TBD,TBD,TBD,Commercial,Named Fabrics,/fabrics/tencel-heavy-twill/,product,P3,mapped_noindex_holdback
3l membrane laminate,GLOBAL,TBD,TBD,TBD,Commercial,Named Fabrics,/fabrics/three-layer-membrane-laminate/,product,P3,mapped_noindex_holdback
3l membrane laminate fabric,GLOBAL,TBD,TBD,TBD,Commercial,Named Fabrics,/fabrics/three-layer-membrane-laminate/,product,P3,mapped_noindex_holdback
3l membrane laminate fabric online,GLOBAL,TBD,TBD,TBD,Commercial,Named Fabrics,/fabrics/three-layer-membrane-laminate/,product,P3,mapped_noindex_holdback
3l membrane laminate for outerwear,GLOBAL,TBD,TBD,TBD,Commercial,Named Fabrics,/fabrics/three-layer-membrane-laminate/,product,P3,mapped_noindex_holdback
3l membrane laminate textile,GLOBAL,TBD,TBD,TBD,Commercial,Named Fabrics,/fabrics/three-layer-membrane-laminate/,product,P3,mapped_noindex_holdback
55% cotton / 45% tencel lyocell tencel denim,GLOBAL,TBD,TBD,TBD,Commercial,Named Fabrics,/fabrics/tencel-denim/,product,P3,mapped_noindex_holdback
55% linen / 45% lyocell linen-lyocell,GLOBAL,TBD,TBD,TBD,Commercial,Named Fabrics,/fabrics/linen-lyocell/,product,P3,mapped_noindex_holdback
55% linen / 45% viscose linen-viscose,GLOBAL,TBD,TBD,TBD,Commercial,Named Fabrics,/fabrics/linen-viscose/,product,P3,mapped_noindex_holdback
55% tencel lyocell / 45% cotton tencel cotton poplin,GLOBAL,TBD,TBD,TBD,Commercial,Named Fabrics,/fabrics/tencel-cotton-poplin/,product,P3,mapped_noindex_holdback
55% wool / 45% cotton wool cotton twill,GLOBAL,TBD,TBD,TBD,Commercial,Named Fabrics,/fabrics/wool-cotton-twill/,product,P3,mapped_noindex_holdback
55% wool / 45% polyester wool polyester suiting blend,GLOBAL,TBD,TBD,TBD,Commercial,Named Fabrics,/fabrics/wool-polyester-suiting/,product,P3,mapped_noindex_holdback
55% wool / 45% viscose wool viscose twill,GLOBAL,TBD,TBD,TBD,Commercial,Named Fabrics,/fabrics/wool-viscose-twill/,product,P3,mapped_noindex_holdback
60% cotton / 35% rayon / 5% elastane cotton rayon ponte,GLOBAL,TBD,TBD,TBD,Commercial,Named Fabrics,/fabrics/ponte-cotton-rayon/,product,P3,mapped_noindex_holdback
60% cotton / 40% modal cotton modal french terry,GLOBAL,TBD,TBD,TBD,Commercial,Named Fabrics,/fabrics/french-terry-modal/,product,P3,mapped_noindex_holdback
65% rayon / 30% nylon / 5% elastane ribbed ponte,GLOBAL,TBD,TBD,TBD,Commercial,Named Fabrics,/fabrics/ponte-ribbed/,product,P3,mapped_noindex_holdback
65% rayon / 30% nylon / 5% elastane structured ponte,GLOBAL,TBD,TBD,TBD,Commercial,Named Fabrics,/fabrics/ponte-structured/,product,P3,mapped_noindex_holdback
68% rayon / 27% nylon / 5% elastane brushed ponte,GLOBAL,TBD,TBD,TBD,Commercial,Named Fabrics,/fabrics/ponte-brushed/,product,P3,mapped_noindex_holdback
68% rayon / 27% nylon / 5% elastane classic double-knit ponte,GLOBAL,TBD,TBD,TBD,Commercial,Named Fabrics,/fabrics/ponte-double-knit/,product,P3,mapped_noindex_holdback
68% rayon / 27% nylon / 5% elastane lightweight ponte,GLOBAL,TBD,TBD,TBD,Commercial,Named Fabrics,/fabrics/ponte-lightweight/,product,P3,mapped_noindex_holdback
68% rayon / 27% nylon / 5% elastane rayon nylon ponte,GLOBAL,TBD,TBD,TBD,Commercial,Named Fabrics,/fabrics/ponte-rayon-nylon/,product,P3,mapped_noindex_holdback
68% rayon / 27% nylon / 5% elastane travel ponte,GLOBAL,TBD,TBD,TBD,Commercial,Named Fabrics,/fabrics/ponte-travel/,product,P3,mapped_noindex_holdback
70% linen / 30% mulberry silk linen-silk,GLOBAL,TBD,TBD,TBD,Commercial,Named Fabrics,/fabrics/linen-silk/,product,P3,mapped_noindex_holdback
70% rayon / 25% nylon / 5% elastane compact ponte,GLOBAL,TBD,TBD,TBD,Commercial,Named Fabrics,/fabrics/ponte-compact/,product,P3,mapped_noindex_holdback
70% rayon / 25% nylon / 5% elastane matte ponte,GLOBAL,TBD,TBD,TBD,Commercial,Named Fabrics,/fabrics/ponte-matte/,product,P3,mapped_noindex_holdback
70% recycled cotton / 30% cotton recycled cotton french terry,GLOBAL,TBD,TBD,TBD,Commercial,Named Fabrics,/fabrics/french-terry-recycled-cotton/,product,P3,mapped_noindex_holdback
70% tencel lyocell / 30% linen tencel linen blend,GLOBAL,TBD,TBD,TBD,Commercial,Named Fabrics,/fabrics/tencel-linen-blend/,product,P3,mapped_noindex_holdback
70% wool / 30% alpaca wool alpaca brushed blend,GLOBAL,TBD,TBD,TBD,Commercial,Named Fabrics,/fabrics/wool-alpaca-brushed/,product,P3,mapped_noindex_holdback
70% wool / 30% hemp wool hemp canvas blend,GLOBAL,TBD,TBD,TBD,Commercial,Named Fabrics,/fabrics/wool-hemp-canvas/,product,P3,mapped_noindex_holdback
70% wool / 30% linen wool linen open weave blend,GLOBAL,TBD,TBD,TBD,Commercial,Named Fabrics,/fabrics/wool-linen-tailoring-open-weave/,product,P3,mapped_noindex_holdback
70% wool / 30% polyamide wool polyamide crepe,GLOBAL,TBD,TBD,TBD,Commercial,Named Fabrics,/fabrics/wool-polyamide-crepe/,product,P3,mapped_noindex_holdback
80% cotton / 20% recycled polyester cotton-rich piqué,GLOBAL,TBD,TBD,TBD,Commercial,Named Fabrics,/fabrics/cotton-rich-pique/,product,P3,mapped_noindex_holdback
80% wool / 20% mohair wool mohair fresco blend,GLOBAL,TBD,TBD,TBD,Commercial,Named Fabrics,/fabrics/wool-mohair-fresco/,product,P3,mapped_noindex_holdback
85% wool / 15% silk wool silk suiting blend,GLOBAL,TBD,TBD,TBD,Commercial,Named Fabrics,/fabrics/wool-silk-suiting/,product,P3,mapped_noindex_holdback
90% wool / 10% cashmere wool cashmere melton blend,GLOBAL,TBD,TBD,TBD,Commercial,Named Fabrics,/fabrics/wool-cashmere-melton/,product,P3,mapped_noindex_holdback
95% cotton / 5% elastane stretch french terry,GLOBAL,TBD,TBD,TBD,Commercial,Named Fabrics,/fabrics/french-terry-stretch/,product,P3,mapped_noindex_holdback
95% tencel lyocell / 5% elastane tencel jersey,GLOBAL,TBD,TBD,TBD,Commercial,Named Fabrics,/fabrics/tencel-jersey/,product,P3,mapped_noindex_holdback
96% cotton / 4% elastane stretch cotton piqué,GLOBAL,TBD,TBD,TBD,Commercial,Named Fabrics,/fabrics/stretch-cotton-pique/,product,P3,mapped_noindex_holdback
98% cotton / 2% elastane stretch oxford cotton,GLOBAL,TBD,TBD,TBD,Commercial,Named Fabrics,/fabrics/stretch-oxford-cotton/,product,P3,mapped_noindex_holdback
99% silk / 1% bouclé yarn silk bouclé,GLOBAL,TBD,TBD,TBD,Commercial,Named Fabrics,/fabrics/silk-boucle/,product,P3,mapped_noindex_holdback
acoustic felt recycled pet acoustic felt,GLOBAL,TBD,TBD,TBD,Commercial,Named Fabrics,/fabrics/recycled-pet-acoustic-felt/,product,P3,mapped_noindex_holdback
acoustic-rated drape,GLOBAL,TBD,TBD,TBD,Commercial,Named Fabrics,/fabrics/acoustic-rated-drape/,product,P3,mapped_noindex_holdback
acoustic-rated drape fabric,GLOBAL,TBD,TBD,TBD,Commercial,Named Fabrics,/fabrics/acoustic-rated-drape/,product,P3,mapped_noindex_holdback
acoustic-rated drape fabric online,GLOBAL,TBD,TBD,TBD,Commercial,Named Fabrics,/fabrics/acoustic-rated-drape/,product,P3,mapped_noindex_holdback
acoustic-rated drape for acoustic drapes,GLOBAL,TBD,TBD,TBD,Commercial,Named Fabrics,/fabrics/acoustic-rated-drape/,product,P3,mapped_noindex_holdback
acoustic-rated drape textile,GLOBAL,TBD,TBD,TBD,Commercial,Named Fabrics,/fabrics/acoustic-rated-drape/,product,P3,mapped_noindex_holdback
alpaca blend,GLOBAL,TBD,TBD,TBD,Commercial,Named Fabrics,/fabrics/alpaca-blend/,product,P3,mapped_noindex_holdback
alpaca blend alpaca blend,GLOBAL,TBD,TBD,TBD,Commercial,Named Fabrics,/fabrics/alpaca-blend/,product,P3,mapped_noindex_holdback
alpaca blend fabric,GLOBAL,TBD,TBD,TBD,Commercial,Named Fabrics,/fabrics/alpaca-blend/,product,P3,mapped_noindex_holdback
alpaca blend fabric online,GLOBAL,TBD,TBD,TBD,Commercial,Named Fabrics,/fabrics/alpaca-blend/,product,P3,mapped_noindex_holdback
alpaca blend for coats,GLOBAL,TBD,TBD,TBD,Commercial,Named Fabrics,/fabrics/alpaca-blend/,product,P3,mapped_noindex_holdback
alpaca blend for statement knits,GLOBAL,TBD,TBD,TBD,Commercial,Named Fabrics,/fabrics/alpaca-blend/,product,P3,mapped_noindex_holdback
alpaca blend textile,GLOBAL,TBD,TBD,TBD,Commercial,Named Fabrics,/fabrics/alpaca-blend/,product,P3,mapped_noindex_holdback
batiste lawn,GLOBAL,TBD,TBD,TBD,Commercial,Named Fabrics,/fabrics/batiste-lawn/,product,P3,mapped_noindex_holdback
batiste lawn fabric,GLOBAL,TBD,TBD,TBD,Commercial,Named Fabrics,/fabrics/batiste-lawn/,product,P3,mapped_noindex_holdback
batiste lawn fabric online,GLOBAL,TBD,TBD,TBD,Commercial,Named Fabrics,/fabrics/batiste-lawn/,product,P3,mapped_noindex_holdback
batiste lawn for blouses,GLOBAL,TBD,TBD,TBD,Commercial,Named Fabrics,/fabrics/batiste-lawn/,product,P3,mapped_noindex_holdback
batiste lawn for dresses,GLOBAL,TBD,TBD,TBD,Commercial,Named Fabrics,/fabrics/batiste-lawn/,product,P3,mapped_noindex_holdback
batiste lawn for linings,GLOBAL,TBD,TBD,TBD,Commercial,Named Fabrics,/fabrics/batiste-lawn/,product,P3,mapped_noindex_holdback
batiste lawn textile,GLOBAL,TBD,TBD,TBD,Commercial,Named Fabrics,/fabrics/batiste-lawn/,product,P3,mapped_noindex_holdback
birdseye cotton piqué,GLOBAL,TBD,TBD,TBD,Commercial,Named Fabrics,/fabrics/birdseye-cotton-pique/,product,P3,mapped_noindex_holdback
birdseye cotton piqué fabric,GLOBAL,TBD,TBD,TBD,Commercial,Named Fabrics,/fabrics/birdseye-cotton-pique/,product,P3,mapped_noindex_holdback
birdseye cotton piqué fabric online,GLOBAL,TBD,TBD,TBD,Commercial,Named Fabrics,/fabrics/birdseye-cotton-pique/,product,P3,mapped_noindex_holdback
birdseye cotton piqué for knitwear,GLOBAL,TBD,TBD,TBD,Commercial,Named Fabrics,/fabrics/birdseye-cotton-pique/,product,P3,mapped_noindex_holdback
birdseye cotton piqué for shirts,GLOBAL,TBD,TBD,TBD,Commercial,Named Fabrics,/fabrics/birdseye-cotton-pique/,product,P3,mapped_noindex_holdback
birdseye cotton piqué for workwear jackets,GLOBAL,TBD,TBD,TBD,Commercial,Named Fabrics,/fabrics/birdseye-cotton-pique/,product,P3,mapped_noindex_holdback
birdseye cotton piqué textile,GLOBAL,TBD,TBD,TBD,Commercial,Named Fabrics,/fabrics/birdseye-cotton-pique/,product,P3,mapped_noindex_holdback
birdseye piqué knit birdseye cotton piqué,GLOBAL,TBD,TBD,TBD,Commercial,Named Fabrics,/fabrics/birdseye-cotton-pique/,product,P3,mapped_noindex_holdback
bleach-cleanable vinyl alternative,GLOBAL,TBD,TBD,TBD,Commercial,Named Fabrics,/fabrics/bleach-cleanable-vinyl-alternative/,product,P3,mapped_noindex_holdback
bleach-cleanable vinyl alternative fabric,GLOBAL,TBD,TBD,TBD,Commercial,Named Fabrics,/fabrics/bleach-cleanable-vinyl-alternative/,product,P3,mapped_noindex_holdback
bleach-cleanable vinyl alternative fabric online,GLOBAL,TBD,TBD,TBD,Commercial,Named Fabrics,/fabrics/bleach-cleanable-vinyl-alternative/,product,P3,mapped_noindex_holdback
bleach-cleanable vinyl alternative for contract textiles,GLOBAL,TBD,TBD,TBD,Commercial,Named Fabrics,/fabrics/bleach-cleanable-vinyl-alternative/,product,P3,mapped_noindex_holdback
bleach-cleanable vinyl alternative textile,GLOBAL,TBD,TBD,TBD,Commercial,Named Fabrics,/fabrics/bleach-cleanable-vinyl-alternative/,product,P3,mapped_noindex_holdback
bouclé knit cotton bouclé knit,GLOBAL,TBD,TBD,TBD,Commercial,Named Fabrics,/fabrics/cotton-boucle-knit/,product,P3,mapped_noindex_holdback
bouclé knit linen bouclé knit,GLOBAL,TBD,TBD,TBD,Commercial,Named Fabrics,/fabrics/linen-boucle-knit/,product,P3,mapped_noindex_holdback
bouclé upholstery bouclé,GLOBAL,TBD,TBD,TBD,Commercial,Named Fabrics,/fabrics/upholstery-boucle/,product,P3,mapped_noindex_holdback
bouclé yarn cotton bouclé yarn,GLOBAL,TBD,TBD,TBD,Commercial,Named Fabrics,/fabrics/cotton-boucle-yarn/,product,P3,mapped_noindex_holdback
brushed flannel,GLOBAL,TBD,TBD,TBD,Commercial,Named Fabrics,/fabrics/brushed-flannel/,product,P3,mapped_noindex_holdback
brushed flannel fabric,GLOBAL,TBD,TBD,TBD,Commercial,Named Fabrics,/fabrics/brushed-flannel/,product,P3,mapped_noindex_holdback
brushed flannel fabric online,GLOBAL,TBD,TBD,TBD,Commercial,Named Fabrics,/fabrics/brushed-flannel/,product,P3,mapped_noindex_holdback
brushed flannel for shirts,GLOBAL,TBD,TBD,TBD,Commercial,Named Fabrics,/fabrics/brushed-flannel/,product,P3,mapped_noindex_holdback
brushed flannel for suiting,GLOBAL,TBD,TBD,TBD,Commercial,Named Fabrics,/fabrics/brushed-flannel/,product,P3,mapped_noindex_holdback
brushed flannel for trousers,GLOBAL,TBD,TBD,TBD,Commercial,Named Fabrics,/fabrics/brushed-flannel/,product,P3,mapped_noindex_holdback
brushed flannel textile,GLOBAL,TBD,TBD,TBD,Commercial,Named Fabrics,/fabrics/brushed-flannel/,product,P3,mapped_noindex_holdback
brushed ponte,GLOBAL,TBD,TBD,TBD,Commercial,Named Fabrics,/fabrics/ponte-brushed/,product,P3,mapped_noindex_holdback
brushed ponte fabric,GLOBAL,TBD,TBD,TBD,Commercial,Named Fabrics,/fabrics/ponte-brushed/,product,P3,mapped_noindex_holdback
brushed ponte fabric online,GLOBAL,TBD,TBD,TBD,Commercial,Named Fabrics,/fabrics/ponte-brushed/,product,P3,mapped_noindex_holdback
brushed ponte for dresses,GLOBAL,TBD,TBD,TBD,Commercial,Named Fabrics,/fabrics/ponte-brushed/,product,P3,mapped_noindex_holdback
brushed ponte for layering pieces,GLOBAL,TBD,TBD,TBD,Commercial,Named Fabrics,/fabrics/ponte-brushed/,product,P3,mapped_noindex_holdback
brushed ponte for trousers,GLOBAL,TBD,TBD,TBD,Commercial,Named Fabrics,/fabrics/ponte-brushed/,product,P3,mapped_noindex_holdback
brushed ponte textile,GLOBAL,TBD,TBD,TBD,Commercial,Named Fabrics,/fabrics/ponte-brushed/,product,P3,mapped_noindex_holdback
brushed tencel,GLOBAL,TBD,TBD,TBD,Commercial,Named Fabrics,/fabrics/tencel-brushed/,product,P3,mapped_noindex_holdback
brushed tencel fabric,GLOBAL,TBD,TBD,TBD,Commercial,Named Fabrics,/fabrics/tencel-brushed/,product,P3,mapped_noindex_holdback
brushed tencel fabric online,GLOBAL,TBD,TBD,TBD,Commercial,Named Fabrics,/fabrics/tencel-brushed/,product,P3,mapped_noindex_holdback
brushed tencel for dresses,GLOBAL,TBD,TBD,TBD,Commercial,Named Fabrics,/fabrics/tencel-brushed/,product,P3,mapped_noindex_holdback
brushed tencel for loungewear,GLOBAL,TBD,TBD,TBD,Commercial,Named Fabrics,/fabrics/tencel-brushed/,product,P3,mapped_noindex_holdback
brushed tencel for shirts,GLOBAL,TBD,TBD,TBD,Commercial,Named Fabrics,/fabrics/tencel-brushed/,product,P3,mapped_noindex_holdback
brushed tencel textile,GLOBAL,TBD,TBD,TBD,Commercial,Named Fabrics,/fabrics/tencel-brushed/,product,P3,mapped_noindex_holdback
buy 2.5l membrane laminate fabric,GLOBAL,TBD,TBD,TBD,Commercial,Named Fabrics,/fabrics/two-point-five-layer-membrane-laminate/,product,P3,mapped_noindex_holdback
buy 2l membrane laminate fabric,GLOBAL,TBD,TBD,TBD,Commercial,Named Fabrics,/fabrics/two-layer-membrane-laminate/,product,P3,mapped_noindex_holdback
buy 3l membrane laminate fabric,GLOBAL,TBD,TBD,TBD,Commercial,Named Fabrics,/fabrics/three-layer-membrane-laminate/,product,P3,mapped_noindex_holdback
buy acoustic-rated drape fabric,GLOBAL,TBD,TBD,TBD,Commercial,Named Fabrics,/fabrics/acoustic-rated-drape/,product,P3,mapped_noindex_holdback
buy alpaca blend fabric,GLOBAL,TBD,TBD,TBD,Commercial,Named Fabrics,/fabrics/alpaca-blend/,product,P3,mapped_noindex_holdback
buy batiste lawn fabric,GLOBAL,TBD,TBD,TBD,Commercial,Named Fabrics,/fabrics/batiste-lawn/,product,P3,mapped_noindex_holdback
buy birdseye cotton piqué fabric,GLOBAL,TBD,TBD,TBD,Commercial,Named Fabrics,/fabrics/birdseye-cotton-pique/,product,P3,mapped_noindex_holdback
buy bleach-cleanable vinyl alternative fabric,GLOBAL,TBD,TBD,TBD,Commercial,Named Fabrics,/fabrics/bleach-cleanable-vinyl-alternative/,product,P3,mapped_noindex_holdback
buy brushed flannel fabric,GLOBAL,TBD,TBD,TBD,Commercial,Named Fabrics,/fabrics/brushed-flannel/,product,P3,mapped_noindex_holdback
buy brushed ponte fabric,GLOBAL,TBD,TBD,TBD,Commercial,Named Fabrics,/fabrics/ponte-brushed/,product,P3,mapped_noindex_holdback
buy brushed tencel fabric,GLOBAL,TBD,TBD,TBD,Commercial,Named Fabrics,/fabrics/tencel-brushed/,product,P3,mapped_noindex_holdback
buy calf-hair finish fabric,GLOBAL,TBD,TBD,TBD,Commercial,Named Fabrics,/fabrics/calf-hair-finish/,product,P3,mapped_noindex_holdback
buy casentino wool fabric,GLOBAL,TBD,TBD,TBD,Commercial,Named Fabrics,/fabrics/casentino-wool/,product,P3,mapped_noindex_holdback
buy check fabric,GLOBAL,TBD,TBD,TBD,Commercial,Named Fabrics,/fabrics/check/,product,P3,mapped_noindex_holdback
buy classic cotton piqué fabric,GLOBAL,TBD,TBD,TBD,Commercial,Named Fabrics,/fabrics/classic-cotton-pique/,product,P3,mapped_noindex_holdback
buy classic double-knit ponte fabric,GLOBAL,TBD,TBD,TBD,Commercial,Named Fabrics,/fabrics/ponte-double-knit/,product,P3,mapped_noindex_holdback
buy classic french terry fabric,GLOBAL,TBD,TBD,TBD,Commercial,Named Fabrics,/fabrics/french-terry-classic/,product,P3,mapped_noindex_holdback
buy classic oxford cotton fabric,GLOBAL,TBD,TBD,TBD,Commercial,Named Fabrics,/fabrics/classic-oxford-cotton/,product,P3,mapped_noindex_holdback
buy compact ponte fabric,GLOBAL,TBD,TBD,TBD,Commercial,Named Fabrics,/fabrics/ponte-compact/,product,P3,mapped_noindex_holdback
buy cooling performance construction fabric,GLOBAL,TBD,TBD,TBD,Commercial,Named Fabrics,/fabrics/cooling-performance-construction/,product,P3,mapped_noindex_holdback
buy cotton bouclé knit fabric,GLOBAL,TBD,TBD,TBD,Commercial,Named Fabrics,/fabrics/cotton-boucle-knit/,product,P3,mapped_noindex_holdback
buy cotton bouclé yarn fabric,GLOBAL,TBD,TBD,TBD,Commercial,Named Fabrics,/fabrics/cotton-boucle-yarn/,product,P3,mapped_noindex_holdback
buy cotton lawn fabric,GLOBAL,TBD,TBD,TBD,Commercial,Named Fabrics,/fabrics/cotton-lawn/,product,P3,mapped_noindex_holdback
buy cotton modal french terry fabric,GLOBAL,TBD,TBD,TBD,Commercial,Named Fabrics,/fabrics/french-terry-modal/,product,P3,mapped_noindex_holdback
buy cotton moleskin fabric,GLOBAL,TBD,TBD,TBD,Commercial,Named Fabrics,/fabrics/cotton-moleskin/,product,P3,mapped_noindex_holdback
buy cotton organdy fabric,GLOBAL,TBD,TBD,TBD,Commercial,Named Fabrics,/fabrics/cotton-organdy/,product,P3,mapped_noindex_holdback
buy cotton rayon ponte fabric,GLOBAL,TBD,TBD,TBD,Commercial,Named Fabrics,/fabrics/ponte-cotton-rayon/,product,P3,mapped_noindex_holdback
buy cotton velveteen fabric,GLOBAL,TBD,TBD,TBD,Commercial,Named Fabrics,/fabrics/cotton-velveteen/,product,P3,mapped_noindex_holdback
buy cotton-rich piqué fabric,GLOBAL,TBD,TBD,TBD,Commercial,Named Fabrics,/fabrics/cotton-rich-pique/,product,P3,mapped_noindex_holdback
buy crepe de chine fabric,GLOBAL,TBD,TBD,TBD,Commercial,Named Fabrics,/fabrics/crepe-de-chine/,product,P3,mapped_noindex_holdback
buy crinkle chiffon fabric,GLOBAL,TBD,TBD,TBD,Commercial,Named Fabrics,/fabrics/crinkle-chiffon/,product,P3,mapped_noindex_holdback
buy crinkle cotton fabric,GLOBAL,TBD,TBD,TBD,Commercial,Named Fabrics,/fabrics/crinkle-cotton/,product,P3,mapped_noindex_holdback
buy crochet-effect knit fabric,GLOBAL,TBD,TBD,TBD,Commercial,Named Fabrics,/fabrics/crochet-effect-knit/,product,P3,mapped_noindex_holdback
buy crossover swimwear fabric fabric,GLOBAL,TBD,TBD,TBD,Commercial,Named Fabrics,/fabrics/crossover-swimwear-fabric/,product,P3,mapped_noindex_holdback
buy crushed velvet fabric,GLOBAL,TBD,TBD,TBD,Commercial,Named Fabrics,/fabrics/crushed-velvet/,product,P3,mapped_noindex_holdback
buy deconstructed damask fabric,GLOBAL,TBD,TBD,TBD,Commercial,Named Fabrics,/fabrics/deconstructed-damask/,product,P3,mapped_noindex_holdback
buy deconstructed jacquard fabric,GLOBAL,TBD,TBD,TBD,Commercial,Named Fabrics,/fabrics/deconstructed-jacquard/,product,P3,mapped_noindex_holdback
buy donegal tweed fabric,GLOBAL,TBD,TBD,TBD,Commercial,Named Fabrics,/fabrics/donegal-tweed/,product,P3,mapped_noindex_holdback
buy double cotton piqué fabric,GLOBAL,TBD,TBD,TBD,Commercial,Named Fabrics,/fabrics/double-cotton-pique/,product,P3,mapped_noindex_holdback
buy double-face wool fabric,GLOBAL,TBD,TBD,TBD,Commercial,Named Fabrics,/fabrics/double-face-wool/,product,P3,mapped_noindex_holdback
buy double-layer chiffon fabric,GLOBAL,TBD,TBD,TBD,Commercial,Named Fabrics,/fabrics/double-layer-chiffon/,product,P3,mapped_noindex_holdback
buy down-alternative fill fabric,GLOBAL,TBD,TBD,TBD,Commercial,Named Fabrics,/fabrics/down-alternative-fill/,product,P3,mapped_noindex_holdback
buy egyptian cotton broadcloth fabric,GLOBAL,TBD,TBD,TBD,Commercial,Named Fabrics,/fabrics/egyptian-cotton-broadcloth/,product,P3,mapped_noindex_holdback
buy egyptian cotton flannel fabric,GLOBAL,TBD,TBD,TBD,Commercial,Named Fabrics,/fabrics/egyptian-cotton-flannel/,product,P3,mapped_noindex_holdback
buy egyptian cotton percale fabric,GLOBAL,TBD,TBD,TBD,Commercial,Named Fabrics,/fabrics/egyptian-cotton-percale/,product,P3,mapped_noindex_holdback
buy egyptian cotton poplin fabric,GLOBAL,TBD,TBD,TBD,Commercial,Named Fabrics,/fabrics/egyptian-cotton-poplin/,product,P3,mapped_noindex_holdback
buy egyptian cotton sateen fabric,GLOBAL,TBD,TBD,TBD,Commercial,Named Fabrics,/fabrics/egyptian-cotton-sateen/,product,P3,mapped_noindex_holdback
buy egyptian cotton seersucker fabric,GLOBAL,TBD,TBD,TBD,Commercial,Named Fabrics,/fabrics/egyptian-cotton-seersucker/,product,P3,mapped_noindex_holdback
buy egyptian cotton twill fabric,GLOBAL,TBD,TBD,TBD,Commercial,Named Fabrics,/fabrics/egyptian-cotton-twill/,product,P3,mapped_noindex_holdback
buy egyptian cotton voile fabric,GLOBAL,TBD,TBD,TBD,Commercial,Named Fabrics,/fabrics/egyptian-cotton-voile/,product,P3,mapped_noindex_holdback
buy embroidered cotton lawn fabric,GLOBAL,TBD,TBD,TBD,Commercial,Named Fabrics,/fabrics/embroidered-cotton-lawn/,product,P3,mapped_noindex_holdback
buy fine cotton piqué fabric,GLOBAL,TBD,TBD,TBD,Commercial,Named Fabrics,/fabrics/fine-cotton-pique/,product,P3,mapped_noindex_holdback
buy fine loopback french terry fabric,GLOBAL,TBD,TBD,TBD,Commercial,Named Fabrics,/fabrics/french-terry-loopback/,product,P3,mapped_noindex_holdback
buy fine-gauge semi-sheer knit fabric,GLOBAL,TBD,TBD,TBD,Commercial,Named Fabrics,/fabrics/fine-gauge-semi-sheer-knit/,product,P3,mapped_noindex_holdback
buy fine-wale corduroy fabric,GLOBAL,TBD,TBD,TBD,Commercial,Named Fabrics,/fabrics/fine-wale-corduroy/,product,P3,mapped_noindex_holdback
buy heavy linen upholstery fabric,GLOBAL,TBD,TBD,TBD,Commercial,Named Fabrics,/fabrics/heavy-linen-upholstery/,product,P3,mapped_noindex_holdback
buy heavy oxford cotton fabric,GLOBAL,TBD,TBD,TBD,Commercial,Named Fabrics,/fabrics/heavy-oxford-cotton/,product,P3,mapped_noindex_holdback
buy heavy tencel twill fabric,GLOBAL,TBD,TBD,TBD,Commercial,Named Fabrics,/fabrics/tencel-heavy-twill/,product,P3,mapped_noindex_holdback
buy heavyweight french terry fabric,GLOBAL,TBD,TBD,TBD,Commercial,Named Fabrics,/fabrics/french-terry-heavyweight/,product,P3,mapped_noindex_holdback
buy hemp-cotton denim fabric,GLOBAL,TBD,TBD,TBD,Commercial,Named Fabrics,/fabrics/hemp-cotton-denim/,product,P3,mapped_noindex_holdback
buy herringbone tweed fabric,GLOBAL,TBD,TBD,TBD,Commercial,Named Fabrics,/fabrics/herringbone-tweed/,product,P3,mapped_noindex_holdback
buy honeycomb cotton piqué fabric,GLOBAL,TBD,TBD,TBD,Commercial,Named Fabrics,/fabrics/honeycomb-cotton-pique/,product,P3,mapped_noindex_holdback
buy inherently fr polyester fabric,GLOBAL,TBD,TBD,TBD,Commercial,Named Fabrics,/fabrics/inherently-fr-polyester/,product,P3,mapped_noindex_holdback
buy jumbo corduroy fabric,GLOBAL,TBD,TBD,TBD,Commercial,Named Fabrics,/fabrics/jumbo-corduroy/,product,P3,mapped_noindex_holdback
buy jute rug fabric,GLOBAL,TBD,TBD,TBD,Commercial,Named Fabrics,/fabrics/jute-rug/,product,P3,mapped_noindex_holdback
buy khadi-effect cotton fabric,GLOBAL,TBD,TBD,TBD,Commercial,Named Fabrics,/fabrics/khadi-effect-cotton/,product,P3,mapped_noindex_holdback
buy laser- and ozone-finished denim fabric,GLOBAL,TBD,TBD,TBD,Commercial,Named Fabrics,/fabrics/laser-and-ozone-finished-denim/,product,P3,mapped_noindex_holdback
buy lightweight french terry fabric,GLOBAL,TBD,TBD,TBD,Commercial,Named Fabrics,/fabrics/french-terry-lightweight/,product,P3,mapped_noindex_holdback
buy lightweight merino knit fabric,GLOBAL,TBD,TBD,TBD,Commercial,Named Fabrics,/fabrics/lightweight-merino-knit/,product,P3,mapped_noindex_holdback
buy lightweight ponte fabric,GLOBAL,TBD,TBD,TBD,Commercial,Named Fabrics,/fabrics/ponte-lightweight/,product,P3,mapped_noindex_holdback
buy linen bouclé knit fabric,GLOBAL,TBD,TBD,TBD,Commercial,Named Fabrics,/fabrics/linen-boucle-knit/,product,P3,mapped_noindex_holdback
buy linen-lyocell fabric,GLOBAL,TBD,TBD,TBD,Commercial,Named Fabrics,/fabrics/linen-lyocell/,product,P3,mapped_noindex_holdback
buy linen-silk fabric,GLOBAL,TBD,TBD,TBD,Commercial,Named Fabrics,/fabrics/linen-silk/,product,P3,mapped_noindex_holdback
buy linen-viscose fabric,GLOBAL,TBD,TBD,TBD,Commercial,Named Fabrics,/fabrics/linen-viscose/,product,P3,mapped_noindex_holdback
buy long-staple cotton percale fabric,GLOBAL,TBD,TBD,TBD,Commercial,Named Fabrics,/fabrics/long-staple-cotton-percale/,product,P3,mapped_noindex_holdback
buy long-staple cotton sateen fabric,GLOBAL,TBD,TBD,TBD,Commercial,Named Fabrics,/fabrics/long-staple-cotton-sateen/,product,P3,mapped_noindex_holdback
buy lyocell-blend bedding fabric,GLOBAL,TBD,TBD,TBD,Commercial,Named Fabrics,/fabrics/lyocell-blend-bedding/,product,P3,mapped_noindex_holdback
buy matte chiffon fabric,GLOBAL,TBD,TBD,TBD,Commercial,Named Fabrics,/fabrics/matte-chiffon/,product,P3,mapped_noindex_holdback
buy matte ponte fabric,GLOBAL,TBD,TBD,TBD,Commercial,Named Fabrics,/fabrics/ponte-matte/,product,P3,mapped_noindex_holdback
buy membrane-backed covert fabric,GLOBAL,TBD,TBD,TBD,Commercial,Named Fabrics,/fabrics/membrane-backed-covert/,product,P3,mapped_noindex_holdback
buy membrane-backed gabardine fabric,GLOBAL,TBD,TBD,TBD,Commercial,Named Fabrics,/fabrics/membrane-backed-gabardine/,product,P3,mapped_noindex_holdback
buy mercerised cotton lawn fabric,GLOBAL,TBD,TBD,TBD,Commercial,Named Fabrics,/fabrics/mercerised-cotton-lawn/,product,P3,mapped_noindex_holdback
buy mercerized cotton broadcloth fabric,GLOBAL,TBD,TBD,TBD,Commercial,Named Fabrics,/fabrics/mercerized-cotton-broadcloth/,product,P3,mapped_noindex_holdback
buy mercerized cotton jersey fabric,GLOBAL,TBD,TBD,TBD,Commercial,Named Fabrics,/fabrics/mercerized-cotton-jersey/,product,P3,mapped_noindex_holdback
buy mercerized cotton lawn fabric,GLOBAL,TBD,TBD,TBD,Commercial,Named Fabrics,/fabrics/mercerized-cotton-lawn/,product,P3,mapped_noindex_holdback
buy mercerized cotton piqué fabric,GLOBAL,TBD,TBD,TBD,Commercial,Named Fabrics,/fabrics/mercerized-cotton-pique/,product,P3,mapped_noindex_holdback
buy mercerized cotton poplin fabric,GLOBAL,TBD,TBD,TBD,Commercial,Named Fabrics,/fabrics/mercerized-cotton-poplin/,product,P3,mapped_noindex_holdback
buy mercerized cotton sateen fabric,GLOBAL,TBD,TBD,TBD,Commercial,Named Fabrics,/fabrics/mercerized-cotton-sateen/,product,P3,mapped_noindex_holdback
buy mercerized cotton twill fabric,GLOBAL,TBD,TBD,TBD,Commercial,Named Fabrics,/fabrics/mercerized-cotton-twill/,product,P3,mapped_noindex_holdback
buy mercerized cotton voile fabric,GLOBAL,TBD,TBD,TBD,Commercial,Named Fabrics,/fabrics/mercerized-cotton-voile/,product,P3,mapped_noindex_holdback
buy merino + roica stretch tailoring fabric,GLOBAL,TBD,TBD,TBD,Commercial,Named Fabrics,/fabrics/merino-roica-stretch-tailoring/,product,P3,mapped_noindex_holdback
buy mohair blend fabric,GLOBAL,TBD,TBD,TBD,Commercial,Named Fabrics,/fabrics/mohair-blend/,product,P3,mapped_noindex_holdback
buy open-stitch knit fabric,GLOBAL,TBD,TBD,TBD,Commercial,Named Fabrics,/fabrics/open-stitch-knit/,product,P3,mapped_noindex_holdback
buy open-weave linen curtain fabric,GLOBAL,TBD,TBD,TBD,Commercial,Named Fabrics,/fabrics/open-weave-linen-curtain/,product,P3,mapped_noindex_holdback
buy organic cotton french terry fabric,GLOBAL,TBD,TBD,TBD,Commercial,Named Fabrics,/fabrics/french-terry-organic/,product,P3,mapped_noindex_holdback
buy organic cotton lawn fabric,GLOBAL,TBD,TBD,TBD,Commercial,Named Fabrics,/fabrics/organic-cotton-lawn/,product,P3,mapped_noindex_holdback
buy organic cotton piqué fabric,GLOBAL,TBD,TBD,TBD,Commercial,Named Fabrics,/fabrics/organic-cotton-pique/,product,P3,mapped_noindex_holdback
buy organic oxford cotton fabric,GLOBAL,TBD,TBD,TBD,Commercial,Named Fabrics,/fabrics/organic-oxford-cotton/,product,P3,mapped_noindex_holdback
buy oxford chambray cotton fabric,GLOBAL,TBD,TBD,TBD,Commercial,Named Fabrics,/fabrics/oxford-chambray-cotton/,product,P3,mapped_noindex_holdback
buy panné velvet fabric,GLOBAL,TBD,TBD,TBD,Commercial,Named Fabrics,/fabrics/panne-velvet/,product,P3,mapped_noindex_holdback
buy peach-skin fabric,GLOBAL,TBD,TBD,TBD,Commercial,Named Fabrics,/fabrics/peach-skin/,product,P3,mapped_noindex_holdback
buy peached french terry fabric,GLOBAL,TBD,TBD,TBD,Commercial,Named Fabrics,/fabrics/french-terry-peached/,product,P3,mapped_noindex_holdback
buy performance upholstery weave fabric,GLOBAL,TBD,TBD,TBD,Commercial,Named Fabrics,/fabrics/performance-upholstery-weave/,product,P3,mapped_noindex_holdback
buy pima cotton broadcloth fabric,GLOBAL,TBD,TBD,TBD,Commercial,Named Fabrics,/fabrics/pima-cotton-broadcloth/,product,P3,mapped_noindex_holdback
buy pima cotton fleece fabric,GLOBAL,TBD,TBD,TBD,Commercial,Named Fabrics,/fabrics/pima-cotton-fleece/,product,P3,mapped_noindex_holdback
buy pima cotton interlock fabric,GLOBAL,TBD,TBD,TBD,Commercial,Named Fabrics,/fabrics/pima-cotton-interlock/,product,P3,mapped_noindex_holdback
buy pima cotton jersey fabric,GLOBAL,TBD,TBD,TBD,Commercial,Named Fabrics,/fabrics/pima-cotton-jersey/,product,P3,mapped_noindex_holdback
buy pima cotton poplin fabric,GLOBAL,TBD,TBD,TBD,Commercial,Named Fabrics,/fabrics/pima-cotton-poplin/,product,P3,mapped_noindex_holdback
buy pima cotton rib fabric,GLOBAL,TBD,TBD,TBD,Commercial,Named Fabrics,/fabrics/pima-cotton-rib/,product,P3,mapped_noindex_holdback
buy pima cotton sateen fabric,GLOBAL,TBD,TBD,TBD,Commercial,Named Fabrics,/fabrics/pima-cotton-sateen/,product,P3,mapped_noindex_holdback
buy pima cotton voile fabric,GLOBAL,TBD,TBD,TBD,Commercial,Named Fabrics,/fabrics/pima-cotton-voile/,product,P3,mapped_noindex_holdback
buy pinpoint oxford cotton fabric,GLOBAL,TBD,TBD,TBD,Commercial,Named Fabrics,/fabrics/pinpoint-oxford-cotton/,product,P3,mapped_noindex_holdback
buy polyester chiffon fabric,GLOBAL,TBD,TBD,TBD,Commercial,Named Fabrics,/fabrics/polyester-chiffon/,product,P3,mapped_noindex_holdback
buy premium-weight denim fabric,GLOBAL,TBD,TBD,TBD,Commercial,Named Fabrics,/fabrics/premium-weight-denim/,product,P3,mapped_noindex_holdback
buy printed chiffon fabric,GLOBAL,TBD,TBD,TBD,Commercial,Named Fabrics,/fabrics/printed-chiffon/,product,P3,mapped_noindex_holdback
buy printed cotton lawn fabric,GLOBAL,TBD,TBD,TBD,Commercial,Named Fabrics,/fabrics/printed-cotton-lawn/,product,P3,mapped_noindex_holdback
buy rayon nylon ponte fabric,GLOBAL,TBD,TBD,TBD,Commercial,Named Fabrics,/fabrics/ponte-rayon-nylon/,product,P3,mapped_noindex_holdback
buy real leather fabric,GLOBAL,TBD,TBD,TBD,Commercial,Named Fabrics,/fabrics/real-leather/,product,P3,mapped_noindex_holdback
buy real suede fabric,GLOBAL,TBD,TBD,TBD,Commercial,Named Fabrics,/fabrics/real-suede/,product,P3,mapped_noindex_holdback
buy recycled cotton french terry fabric,GLOBAL,TBD,TBD,TBD,Commercial,Named Fabrics,/fabrics/french-terry-recycled-cotton/,product,P3,mapped_noindex_holdback
buy recycled nylon ripstop fabric,GLOBAL,TBD,TBD,TBD,Commercial,Named Fabrics,/fabrics/recycled-nylon-ripstop/,product,P3,mapped_noindex_holdback
buy recycled pet acoustic felt fabric,GLOBAL,TBD,TBD,TBD,Commercial,Named Fabrics,/fabrics/recycled-pet-acoustic-felt/,product,P3,mapped_noindex_holdback
buy recycled pet pile rug fabric,GLOBAL,TBD,TBD,TBD,Commercial,Named Fabrics,/fabrics/recycled-pet-pile-rug/,product,P3,mapped_noindex_holdback
buy recycled polyester chiffon fabric,GLOBAL,TBD,TBD,TBD,Commercial,Named Fabrics,/fabrics/recycled-polyester-chiffon/,product,P3,mapped_noindex_holdback
buy recycled polyester wadding fabric,GLOBAL,TBD,TBD,TBD,Commercial,Named Fabrics,/fabrics/recycled-polyester-wadding/,product,P3,mapped_noindex_holdback
buy recycled-cotton denim fabric,GLOBAL,TBD,TBD,TBD,Commercial,Named Fabrics,/fabrics/recycled-cotton-denim/,product,P3,mapped_noindex_holdback
buy retro sportif knit fabric,GLOBAL,TBD,TBD,TBD,Commercial,Named Fabrics,/fabrics/retro-sportif-knit/,product,P3,mapped_noindex_holdback
buy ribbed ponte fabric,GLOBAL,TBD,TBD,TBD,Commercial,Named Fabrics,/fabrics/ponte-ribbed/,product,P3,mapped_noindex_holdback
buy royal oxford cotton fabric,GLOBAL,TBD,TBD,TBD,Commercial,Named Fabrics,/fabrics/royal-oxford-cotton/,product,P3,mapped_noindex_holdback
buy selvedge rigid denim fabric,GLOBAL,TBD,TBD,TBD,Commercial,Named Fabrics,/fabrics/selvedge-rigid-denim/,product,P3,mapped_noindex_holdback
buy silk bouclé fabric,GLOBAL,TBD,TBD,TBD,Commercial,Named Fabrics,/fabrics/silk-boucle/,product,P3,mapped_noindex_holdback
buy silk broadcloth fabric,GLOBAL,TBD,TBD,TBD,Commercial,Named Fabrics,/fabrics/silk-broadcloth/,product,P3,mapped_noindex_holdback
buy silk charmeuse fabric,GLOBAL,TBD,TBD,TBD,Commercial,Named Fabrics,/fabrics/silk-charmeuse/,product,P3,mapped_noindex_holdback
buy silk chiffon crepe fabric,GLOBAL,TBD,TBD,TBD,Commercial,Named Fabrics,/fabrics/silk-chiffon-crepe/,product,P3,mapped_noindex_holdback
buy silk crepe fabric,GLOBAL,TBD,TBD,TBD,Commercial,Named Fabrics,/fabrics/silk-crepe/,product,P3,mapped_noindex_holdback
buy silk dupion fabric,GLOBAL,TBD,TBD,TBD,Commercial,Named Fabrics,/fabrics/silk-dupion/,product,P3,mapped_noindex_holdback
buy silk faille fabric,GLOBAL,TBD,TBD,TBD,Commercial,Named Fabrics,/fabrics/silk-faille/,product,P3,mapped_noindex_holdback
buy silk habotai fabric,GLOBAL,TBD,TBD,TBD,Commercial,Named Fabrics,/fabrics/silk-habotai/,product,P3,mapped_noindex_holdback
buy silk noil fabric,GLOBAL,TBD,TBD,TBD,Commercial,Named Fabrics,/fabrics/silk-noil/,product,P3,mapped_noindex_holdback
buy silk organza fabric,GLOBAL,TBD,TBD,TBD,Commercial,Named Fabrics,/fabrics/silk-organza/,product,P3,mapped_noindex_holdback
buy silk satin fabric,GLOBAL,TBD,TBD,TBD,Commercial,Named Fabrics,/fabrics/silk-satin/,product,P3,mapped_noindex_holdback
buy silk taffeta fabric,GLOBAL,TBD,TBD,TBD,Commercial,Named Fabrics,/fabrics/silk-taffeta/,product,P3,mapped_noindex_holdback
buy silk tussar fabric,GLOBAL,TBD,TBD,TBD,Commercial,Named Fabrics,/fabrics/silk-tussar/,product,P3,mapped_noindex_holdback
buy silk twill fabric,GLOBAL,TBD,TBD,TBD,Commercial,Named Fabrics,/fabrics/silk-twill/,product,P3,mapped_noindex_holdback
buy silk-viscose velvet fabric,GLOBAL,TBD,TBD,TBD,Commercial,Named Fabrics,/fabrics/silk-viscose-velvet/,product,P3,mapped_noindex_holdback
buy slub cotton fabric,GLOBAL,TBD,TBD,TBD,Commercial,Named Fabrics,/fabrics/slub-cotton/,product,P3,mapped_noindex_holdback
buy slub cotton lawn fabric,GLOBAL,TBD,TBD,TBD,Commercial,Named Fabrics,/fabrics/slub-cotton-lawn/,product,P3,mapped_noindex_holdback
buy slub french terry fabric,GLOBAL,TBD,TBD,TBD,Commercial,Named Fabrics,/fabrics/french-terry-slub/,product,P3,mapped_noindex_holdback
buy soft oxford cotton fabric,GLOBAL,TBD,TBD,TBD,Commercial,Named Fabrics,/fabrics/soft-oxford-cotton/,product,P3,mapped_noindex_holdback
buy stretch chiffon fabric,GLOBAL,TBD,TBD,TBD,Commercial,Named Fabrics,/fabrics/stretch-chiffon/,product,P3,mapped_noindex_holdback
buy stretch cotton piqué fabric,GLOBAL,TBD,TBD,TBD,Commercial,Named Fabrics,/fabrics/stretch-cotton-pique/,product,P3,mapped_noindex_holdback
buy stretch french terry fabric,GLOBAL,TBD,TBD,TBD,Commercial,Named Fabrics,/fabrics/french-terry-stretch/,product,P3,mapped_noindex_holdback
buy stretch oxford cotton fabric,GLOBAL,TBD,TBD,TBD,Commercial,Named Fabrics,/fabrics/stretch-oxford-cotton/,product,P3,mapped_noindex_holdback
buy structured ponte fabric,GLOBAL,TBD,TBD,TBD,Commercial,Named Fabrics,/fabrics/ponte-structured/,product,P3,mapped_noindex_holdback
buy suede-effect woven fabric,GLOBAL,TBD,TBD,TBD,Commercial,Named Fabrics,/fabrics/suede-effect-woven/,product,P3,mapped_noindex_holdback
buy super 110s-130s tropical wool fabric,GLOBAL,TBD,TBD,TBD,Commercial,Named Fabrics,/fabrics/tropical-wool-super-110s-130s/,product,P3,mapped_noindex_holdback
buy tartan fabric,GLOBAL,TBD,TBD,TBD,Commercial,Named Fabrics,/fabrics/tartan/,product,P3,mapped_noindex_holdback
buy technical voile fabric,GLOBAL,TBD,TBD,TBD,Commercial,Named Fabrics,/fabrics/technical-voile/,product,P3,mapped_noindex_holdback
buy tencel cotton poplin fabric,GLOBAL,TBD,TBD,TBD,Commercial,Named Fabrics,/fabrics/tencel-cotton-poplin/,product,P3,mapped_noindex_holdback
buy tencel denim fabric,GLOBAL,TBD,TBD,TBD,Commercial,Named Fabrics,/fabrics/tencel-denim/,product,P3,mapped_noindex_holdback
buy tencel jersey fabric,GLOBAL,TBD,TBD,TBD,Commercial,Named Fabrics,/fabrics/tencel-jersey/,product,P3,mapped_noindex_holdback
buy tencel linen blend fabric,GLOBAL,TBD,TBD,TBD,Commercial,Named Fabrics,/fabrics/tencel-linen-blend/,product,P3,mapped_noindex_holdback
buy tencel plain weave fabric,GLOBAL,TBD,TBD,TBD,Commercial,Named Fabrics,/fabrics/tencel-plain-weave/,product,P3,mapped_noindex_holdback
buy tencel sateen fabric,GLOBAL,TBD,TBD,TBD,Commercial,Named Fabrics,/fabrics/tencel-sateen/,product,P3,mapped_noindex_holdback
buy tencel shirting fabric,GLOBAL,TBD,TBD,TBD,Commercial,Named Fabrics,/fabrics/tencel-shirting/,product,P3,mapped_noindex_holdback
buy tencel twill fabric,GLOBAL,TBD,TBD,TBD,Commercial,Named Fabrics,/fabrics/tencel-twill/,product,P3,mapped_noindex_holdback
buy travel ponte fabric,GLOBAL,TBD,TBD,TBD,Commercial,Named Fabrics,/fabrics/ponte-travel/,product,P3,mapped_noindex_holdback
buy ultra-light semi-sheer lounge knit fabric,GLOBAL,TBD,TBD,TBD,Commercial,Named Fabrics,/fabrics/ultra-light-semi-sheer-lounge-knit/,product,P3,mapped_noindex_holdback
buy undyed wool rug fabric,GLOBAL,TBD,TBD,TBD,Commercial,Named Fabrics,/fabrics/undyed-wool-rug/,product,P3,mapped_noindex_holdback
buy upholstery bouclé fabric,GLOBAL,TBD,TBD,TBD,Commercial,Named Fabrics,/fabrics/upholstery-boucle/,product,P3,mapped_noindex_holdback
buy voile lawn fabric,GLOBAL,TBD,TBD,TBD,Commercial,Named Fabrics,/fabrics/voile-lawn/,product,P3,mapped_noindex_holdback
buy washed linen bedding fabric,GLOBAL,TBD,TBD,TBD,Commercial,Named Fabrics,/fabrics/washed-linen-bedding/,product,P3,mapped_noindex_holdback
buy wool alpaca brushed blend fabric,GLOBAL,TBD,TBD,TBD,Commercial,Named Fabrics,/fabrics/wool-alpaca-brushed/,product,P3,mapped_noindex_holdback
buy wool cashmere melton blend fabric,GLOBAL,TBD,TBD,TBD,Commercial,Named Fabrics,/fabrics/wool-cashmere-melton/,product,P3,mapped_noindex_holdback
buy wool cotton twill fabric,GLOBAL,TBD,TBD,TBD,Commercial,Named Fabrics,/fabrics/wool-cotton-twill/,product,P3,mapped_noindex_holdback
buy wool felt upholstery fabric,GLOBAL,TBD,TBD,TBD,Commercial,Named Fabrics,/fabrics/wool-felt-upholstery/,product,P3,mapped_noindex_holdback
buy wool hemp canvas blend fabric,GLOBAL,TBD,TBD,TBD,Commercial,Named Fabrics,/fabrics/wool-hemp-canvas/,product,P3,mapped_noindex_holdback
buy wool linen open weave blend fabric,GLOBAL,TBD,TBD,TBD,Commercial,Named Fabrics,/fabrics/wool-linen-tailoring-open-weave/,product,P3,mapped_noindex_holdback
buy wool mohair fresco blend fabric,GLOBAL,TBD,TBD,TBD,Commercial,Named Fabrics,/fabrics/wool-mohair-fresco/,product,P3,mapped_noindex_holdback
buy wool polyamide crepe fabric,GLOBAL,TBD,TBD,TBD,Commercial,Named Fabrics,/fabrics/wool-polyamide-crepe/,product,P3,mapped_noindex_holdback
buy wool polyester suiting blend fabric,GLOBAL,TBD,TBD,TBD,Commercial,Named Fabrics,/fabrics/wool-polyester-suiting/,product,P3,mapped_noindex_holdback
buy wool silk suiting blend fabric,GLOBAL,TBD,TBD,TBD,Commercial,Named Fabrics,/fabrics/wool-silk-suiting/,product,P3,mapped_noindex_holdback
buy wool viscose twill fabric,GLOBAL,TBD,TBD,TBD,Commercial,Named Fabrics,/fabrics/wool-viscose-twill/,product,P3,mapped_noindex_holdback
buy wool-linen open weave fabric,GLOBAL,TBD,TBD,TBD,Commercial,Named Fabrics,/fabrics/wool-linen-open-weave/,product,P3,mapped_noindex_holdback
buy wool-mohair open weave fabric,GLOBAL,TBD,TBD,TBD,Commercial,Named Fabrics,/fabrics/wool-mohair-open-weave/,product,P3,mapped_noindex_holdback
buy wool-silk bi-stretch fabric,GLOBAL,TBD,TBD,TBD,Commercial,Named Fabrics,/fabrics/wool-silk-bi-stretch/,product,P3,mapped_noindex_holdback
buy wool-technical hybrid fabric,GLOBAL,TBD,TBD,TBD,Commercial,Named Fabrics,/fabrics/wool-technical-hybrid/,product,P3,mapped_noindex_holdback
calf hair calf-hair finish,GLOBAL,TBD,TBD,TBD,Commercial,Named Fabrics,/fabrics/calf-hair-finish/,product,P3,mapped_noindex_holdback
calf-hair finish,GLOBAL,TBD,TBD,TBD,Commercial,Named Fabrics,/fabrics/calf-hair-finish/,product,P3,mapped_noindex_holdback
calf-hair finish fabric,GLOBAL,TBD,TBD,TBD,Commercial,Named Fabrics,/fabrics/calf-hair-finish/,product,P3,mapped_noindex_holdback
calf-hair finish fabric online,GLOBAL,TBD,TBD,TBD,Commercial,Named Fabrics,/fabrics/calf-hair-finish/,product,P3,mapped_noindex_holdback
calf-hair finish textile,GLOBAL,TBD,TBD,TBD,Commercial,Named Fabrics,/fabrics/calf-hair-finish/,product,P3,mapped_noindex_holdback
casentino wool,GLOBAL,TBD,TBD,TBD,Commercial,Named Fabrics,/fabrics/casentino-wool/,product,P3,mapped_noindex_holdback
casentino wool fabric,GLOBAL,TBD,TBD,TBD,Commercial,Named Fabrics,/fabrics/casentino-wool/,product,P3,mapped_noindex_holdback
casentino wool fabric online,GLOBAL,TBD,TBD,TBD,Commercial,Named Fabrics,/fabrics/casentino-wool/,product,P3,mapped_noindex_holdback
casentino wool for coats,GLOBAL,TBD,TBD,TBD,Commercial,Named Fabrics,/fabrics/casentino-wool/,product,P3,mapped_noindex_holdback
casentino wool textile,GLOBAL,TBD,TBD,TBD,Commercial,Named Fabrics,/fabrics/casentino-wool/,product,P3,mapped_noindex_holdback
check,GLOBAL,TBD,TBD,TBD,Commercial,Named Fabrics,/fabrics/check/,product,P3,mapped_noindex_holdback
check fabric,GLOBAL,TBD,TBD,TBD,Commercial,Named Fabrics,/fabrics/check/,product,P3,mapped_noindex_holdback
check fabric online,GLOBAL,TBD,TBD,TBD,Commercial,Named Fabrics,/fabrics/check/,product,P3,mapped_noindex_holdback
check textile,GLOBAL,TBD,TBD,TBD,Commercial,Named Fabrics,/fabrics/check/,product,P3,mapped_noindex_holdback
classic cotton piqué,GLOBAL,TBD,TBD,TBD,Commercial,Named Fabrics,/fabrics/classic-cotton-pique/,product,P3,mapped_noindex_holdback
classic cotton piqué fabric,GLOBAL,TBD,TBD,TBD,Commercial,Named Fabrics,/fabrics/classic-cotton-pique/,product,P3,mapped_noindex_holdback
classic cotton piqué fabric online,GLOBAL,TBD,TBD,TBD,Commercial,Named Fabrics,/fabrics/classic-cotton-pique/,product,P3,mapped_noindex_holdback
classic cotton piqué for knitwear,GLOBAL,TBD,TBD,TBD,Commercial,Named Fabrics,/fabrics/classic-cotton-pique/,product,P3,mapped_noindex_holdback
classic cotton piqué for shirts,GLOBAL,TBD,TBD,TBD,Commercial,Named Fabrics,/fabrics/classic-cotton-pique/,product,P3,mapped_noindex_holdback
classic cotton piqué for workwear jackets,GLOBAL,TBD,TBD,TBD,Commercial,Named Fabrics,/fabrics/classic-cotton-pique/,product,P3,mapped_noindex_holdback
classic cotton piqué textile,GLOBAL,TBD,TBD,TBD,Commercial,Named Fabrics,/fabrics/classic-cotton-pique/,product,P3,mapped_noindex_holdback
classic double-knit ponte,GLOBAL,TBD,TBD,TBD,Commercial,Named Fabrics,/fabrics/ponte-double-knit/,product,P3,mapped_noindex_holdback
classic double-knit ponte fabric,GLOBAL,TBD,TBD,TBD,Commercial,Named Fabrics,/fabrics/ponte-double-knit/,product,P3,mapped_noindex_holdback
classic double-knit ponte fabric online,GLOBAL,TBD,TBD,TBD,Commercial,Named Fabrics,/fabrics/ponte-double-knit/,product,P3,mapped_noindex_holdback
classic double-knit ponte for dresses,GLOBAL,TBD,TBD,TBD,Commercial,Named Fabrics,/fabrics/ponte-double-knit/,product,P3,mapped_noindex_holdback
classic double-knit ponte for jackets,GLOBAL,TBD,TBD,TBD,Commercial,Named Fabrics,/fabrics/ponte-double-knit/,product,P3,mapped_noindex_holdback
classic double-knit ponte for trousers,GLOBAL,TBD,TBD,TBD,Commercial,Named Fabrics,/fabrics/ponte-double-knit/,product,P3,mapped_noindex_holdback
classic double-knit ponte textile,GLOBAL,TBD,TBD,TBD,Commercial,Named Fabrics,/fabrics/ponte-double-knit/,product,P3,mapped_noindex_holdback
classic french terry,GLOBAL,TBD,TBD,TBD,Commercial,Named Fabrics,/fabrics/french-terry-classic/,product,P3,mapped_noindex_holdback
classic french terry fabric,GLOBAL,TBD,TBD,TBD,Commercial,Named Fabrics,/fabrics/french-terry-classic/,product,P3,mapped_noindex_holdback
classic french terry fabric online,GLOBAL,TBD,TBD,TBD,Commercial,Named Fabrics,/fabrics/french-terry-classic/,product,P3,mapped_noindex_holdback
classic french terry for knitwear,GLOBAL,TBD,TBD,TBD,Commercial,Named Fabrics,/fabrics/french-terry-classic/,product,P3,mapped_noindex_holdback
classic french terry for layering pieces,GLOBAL,TBD,TBD,TBD,Commercial,Named Fabrics,/fabrics/french-terry-classic/,product,P3,mapped_noindex_holdback
classic french terry for loungewear,GLOBAL,TBD,TBD,TBD,Commercial,Named Fabrics,/fabrics/french-terry-classic/,product,P3,mapped_noindex_holdback
classic french terry textile,GLOBAL,TBD,TBD,TBD,Commercial,Named Fabrics,/fabrics/french-terry-classic/,product,P3,mapped_noindex_holdback
classic oxford cotton,GLOBAL,TBD,TBD,TBD,Commercial,Named Fabrics,/fabrics/classic-oxford-cotton/,product,P3,mapped_noindex_holdback
classic oxford cotton fabric,GLOBAL,TBD,TBD,TBD,Commercial,Named Fabrics,/fabrics/classic-oxford-cotton/,product,P3,mapped_noindex_holdback
classic oxford cotton fabric online,GLOBAL,TBD,TBD,TBD,Commercial,Named Fabrics,/fabrics/classic-oxford-cotton/,product,P3,mapped_noindex_holdback
classic oxford cotton for shirts,GLOBAL,TBD,TBD,TBD,Commercial,Named Fabrics,/fabrics/classic-oxford-cotton/,product,P3,mapped_noindex_holdback
classic oxford cotton for workwear jackets,GLOBAL,TBD,TBD,TBD,Commercial,Named Fabrics,/fabrics/classic-oxford-cotton/,product,P3,mapped_noindex_holdback
classic oxford cotton textile,GLOBAL,TBD,TBD,TBD,Commercial,Named Fabrics,/fabrics/classic-oxford-cotton/,product,P3,mapped_noindex_holdback
close plain weave egyptian cotton percale,GLOBAL,TBD,TBD,TBD,Commercial,Named Fabrics,/fabrics/egyptian-cotton-percale/,product,P3,mapped_noindex_holdback
compact double knit compact ponte,GLOBAL,TBD,TBD,TBD,Commercial,Named Fabrics,/fabrics/ponte-compact/,product,P3,mapped_noindex_holdback
compact ponte,GLOBAL,TBD,TBD,TBD,Commercial,Named Fabrics,/fabrics/ponte-compact/,product,P3,mapped_noindex_holdback
compact ponte fabric,GLOBAL,TBD,TBD,TBD,Commercial,Named Fabrics,/fabrics/ponte-compact/,product,P3,mapped_noindex_holdback
compact ponte fabric online,GLOBAL,TBD,TBD,TBD,Commercial,Named Fabrics,/fabrics/ponte-compact/,product,P3,mapped_noindex_holdback
compact ponte for full skirts,GLOBAL,TBD,TBD,TBD,Commercial,Named Fabrics,/fabrics/ponte-compact/,product,P3,mapped_noindex_holdback
compact ponte for soft tailoring,GLOBAL,TBD,TBD,TBD,Commercial,Named Fabrics,/fabrics/ponte-compact/,product,P3,mapped_noindex_holdback
compact ponte for trousers,GLOBAL,TBD,TBD,TBD,Commercial,Named Fabrics,/fabrics/ponte-compact/,product,P3,mapped_noindex_holdback
compact ponte textile,GLOBAL,TBD,TBD,TBD,Commercial,Named Fabrics,/fabrics/ponte-compact/,product,P3,mapped_noindex_holdback
cooling performance construction,GLOBAL,TBD,TBD,TBD,Commercial,Named Fabrics,/fabrics/cooling-performance-construction/,product,P3,mapped_noindex_holdback
cooling performance construction fabric,GLOBAL,TBD,TBD,TBD,Commercial,Named Fabrics,/fabrics/cooling-performance-construction/,product,P3,mapped_noindex_holdback
cooling performance construction fabric online,GLOBAL,TBD,TBD,TBD,Commercial,Named Fabrics,/fabrics/cooling-performance-construction/,product,P3,mapped_noindex_holdback
cooling performance construction for activewear,GLOBAL,TBD,TBD,TBD,Commercial,Named Fabrics,/fabrics/cooling-performance-construction/,product,P3,mapped_noindex_holdback
cooling performance construction textile,GLOBAL,TBD,TBD,TBD,Commercial,Named Fabrics,/fabrics/cooling-performance-construction/,product,P3,mapped_noindex_holdback
cotton bouclé knit,GLOBAL,TBD,TBD,TBD,Commercial,Named Fabrics,/fabrics/cotton-boucle-knit/,product,P3,mapped_noindex_holdback
cotton bouclé knit fabric,GLOBAL,TBD,TBD,TBD,Commercial,Named Fabrics,/fabrics/cotton-boucle-knit/,product,P3,mapped_noindex_holdback
cotton bouclé knit fabric online,GLOBAL,TBD,TBD,TBD,Commercial,Named Fabrics,/fabrics/cotton-boucle-knit/,product,P3,mapped_noindex_holdback
cotton bouclé knit for knitwear,GLOBAL,TBD,TBD,TBD,Commercial,Named Fabrics,/fabrics/cotton-boucle-knit/,product,P3,mapped_noindex_holdback
cotton bouclé knit textile,GLOBAL,TBD,TBD,TBD,Commercial,Named Fabrics,/fabrics/cotton-boucle-knit/,product,P3,mapped_noindex_holdback
cotton bouclé yarn,GLOBAL,TBD,TBD,TBD,Commercial,Named Fabrics,/fabrics/cotton-boucle-yarn/,product,P3,mapped_noindex_holdback
cotton bouclé yarn fabric,GLOBAL,TBD,TBD,TBD,Commercial,Named Fabrics,/fabrics/cotton-boucle-yarn/,product,P3,mapped_noindex_holdback
cotton bouclé yarn fabric online,GLOBAL,TBD,TBD,TBD,Commercial,Named Fabrics,/fabrics/cotton-boucle-yarn/,product,P3,mapped_noindex_holdback
cotton bouclé yarn for knitwear,GLOBAL,TBD,TBD,TBD,Commercial,Named Fabrics,/fabrics/cotton-boucle-yarn/,product,P3,mapped_noindex_holdback
cotton bouclé yarn textile,GLOBAL,TBD,TBD,TBD,Commercial,Named Fabrics,/fabrics/cotton-boucle-yarn/,product,P3,mapped_noindex_holdback
cotton cotton bouclé knit,GLOBAL,TBD,TBD,TBD,Commercial,Named Fabrics,/fabrics/cotton-boucle-knit/,product,P3,mapped_noindex_holdback
cotton cotton moleskin,GLOBAL,TBD,TBD,TBD,Commercial,Named Fabrics,/fabrics/cotton-moleskin/,product,P3,mapped_noindex_holdback
cotton cotton organdy,GLOBAL,TBD,TBD,TBD,Commercial,Named Fabrics,/fabrics/cotton-organdy/,product,P3,mapped_noindex_holdback
cotton cotton velveteen,GLOBAL,TBD,TBD,TBD,Commercial,Named Fabrics,/fabrics/cotton-velveteen/,product,P3,mapped_noindex_holdback
cotton crinkle cotton,GLOBAL,TBD,TBD,TBD,Commercial,Named Fabrics,/fabrics/crinkle-cotton/,product,P3,mapped_noindex_holdback
cotton khadi-effect cotton,GLOBAL,TBD,TBD,TBD,Commercial,Named Fabrics,/fabrics/khadi-effect-cotton/,product,P3,mapped_noindex_holdback
cotton lawn,GLOBAL,TBD,TBD,TBD,Commercial,Named Fabrics,/fabrics/cotton-lawn/,product,P3,mapped_noindex_holdback
cotton lawn fabric,GLOBAL,TBD,TBD,TBD,Commercial,Named Fabrics,/fabrics/cotton-lawn/,product,P3,mapped_noindex_holdback
cotton lawn fabric online,GLOBAL,TBD,TBD,TBD,Commercial,Named Fabrics,/fabrics/cotton-lawn/,product,P3,mapped_noindex_holdback
cotton lawn for blouses,GLOBAL,TBD,TBD,TBD,Commercial,Named Fabrics,/fabrics/cotton-lawn/,product,P3,mapped_noindex_holdback
cotton lawn for dresses,GLOBAL,TBD,TBD,TBD,Commercial,Named Fabrics,/fabrics/cotton-lawn/,product,P3,mapped_noindex_holdback
cotton lawn for shirts,GLOBAL,TBD,TBD,TBD,Commercial,Named Fabrics,/fabrics/cotton-lawn/,product,P3,mapped_noindex_holdback
cotton lawn textile,GLOBAL,TBD,TBD,TBD,Commercial,Named Fabrics,/fabrics/cotton-lawn/,product,P3,mapped_noindex_holdback
cotton modal french terry,GLOBAL,TBD,TBD,TBD,Commercial,Named Fabrics,/fabrics/french-terry-modal/,product,P3,mapped_noindex_holdback
cotton modal french terry fabric,GLOBAL,TBD,TBD,TBD,Commercial,Named Fabrics,/fabrics/french-terry-modal/,product,P3,mapped_noindex_holdback
cotton modal french terry fabric online,GLOBAL,TBD,TBD,TBD,Commercial,Named Fabrics,/fabrics/french-terry-modal/,product,P3,mapped_noindex_holdback
cotton modal french terry for dresses,GLOBAL,TBD,TBD,TBD,Commercial,Named Fabrics,/fabrics/french-terry-modal/,product,P3,mapped_noindex_holdback
cotton modal french terry for knitwear,GLOBAL,TBD,TBD,TBD,Commercial,Named Fabrics,/fabrics/french-terry-modal/,product,P3,mapped_noindex_holdback
cotton modal french terry for loungewear,GLOBAL,TBD,TBD,TBD,Commercial,Named Fabrics,/fabrics/french-terry-modal/,product,P3,mapped_noindex_holdback
cotton modal french terry textile,GLOBAL,TBD,TBD,TBD,Commercial,Named Fabrics,/fabrics/french-terry-modal/,product,P3,mapped_noindex_holdback
cotton moleskin,GLOBAL,TBD,TBD,TBD,Commercial,Named Fabrics,/fabrics/cotton-moleskin/,product,P3,mapped_noindex_holdback
cotton moleskin fabric,GLOBAL,TBD,TBD,TBD,Commercial,Named Fabrics,/fabrics/cotton-moleskin/,product,P3,mapped_noindex_holdback
cotton moleskin fabric online,GLOBAL,TBD,TBD,TBD,Commercial,Named Fabrics,/fabrics/cotton-moleskin/,product,P3,mapped_noindex_holdback
cotton moleskin for workwear jackets,GLOBAL,TBD,TBD,TBD,Commercial,Named Fabrics,/fabrics/cotton-moleskin/,product,P3,mapped_noindex_holdback
cotton moleskin for workwear trousers,GLOBAL,TBD,TBD,TBD,Commercial,Named Fabrics,/fabrics/cotton-moleskin/,product,P3,mapped_noindex_holdback
cotton moleskin textile,GLOBAL,TBD,TBD,TBD,Commercial,Named Fabrics,/fabrics/cotton-moleskin/,product,P3,mapped_noindex_holdback
cotton organdy,GLOBAL,TBD,TBD,TBD,Commercial,Named Fabrics,/fabrics/cotton-organdy/,product,P3,mapped_noindex_holdback
cotton organdy fabric online,GLOBAL,TBD,TBD,TBD,Commercial,Named Fabrics,/fabrics/cotton-organdy/,product,P3,mapped_noindex_holdback
cotton organdy for layering pieces,GLOBAL,TBD,TBD,TBD,Commercial,Named Fabrics,/fabrics/cotton-organdy/,product,P3,mapped_noindex_holdback
cotton organdy textile,GLOBAL,TBD,TBD,TBD,Commercial,Named Fabrics,/fabrics/cotton-organdy/,product,P3,mapped_noindex_holdback
cotton rayon ponte,GLOBAL,TBD,TBD,TBD,Commercial,Named Fabrics,/fabrics/ponte-cotton-rayon/,product,P3,mapped_noindex_holdback
cotton rayon ponte fabric,GLOBAL,TBD,TBD,TBD,Commercial,Named Fabrics,/fabrics/ponte-cotton-rayon/,product,P3,mapped_noindex_holdback
cotton rayon ponte fabric online,GLOBAL,TBD,TBD,TBD,Commercial,Named Fabrics,/fabrics/ponte-cotton-rayon/,product,P3,mapped_noindex_holdback
cotton rayon ponte for dresses,GLOBAL,TBD,TBD,TBD,Commercial,Named Fabrics,/fabrics/ponte-cotton-rayon/,product,P3,mapped_noindex_holdback
cotton rayon ponte for trousers,GLOBAL,TBD,TBD,TBD,Commercial,Named Fabrics,/fabrics/ponte-cotton-rayon/,product,P3,mapped_noindex_holdback
cotton rayon ponte for workwear jackets,GLOBAL,TBD,TBD,TBD,Commercial,Named Fabrics,/fabrics/ponte-cotton-rayon/,product,P3,mapped_noindex_holdback
cotton rayon ponte textile,GLOBAL,TBD,TBD,TBD,Commercial,Named Fabrics,/fabrics/ponte-cotton-rayon/,product,P3,mapped_noindex_holdback
cotton slub cotton,GLOBAL,TBD,TBD,TBD,Commercial,Named Fabrics,/fabrics/slub-cotton/,product,P3,mapped_noindex_holdback
cotton velveteen,GLOBAL,TBD,TBD,TBD,Commercial,Named Fabrics,/fabrics/cotton-velveteen/,product,P3,mapped_noindex_holdback
cotton velveteen fabric,GLOBAL,TBD,TBD,TBD,Commercial,Named Fabrics,/fabrics/cotton-velveteen/,product,P3,mapped_noindex_holdback
cotton velveteen fabric online,GLOBAL,TBD,TBD,TBD,Commercial,Named Fabrics,/fabrics/cotton-velveteen/,product,P3,mapped_noindex_holdback
cotton velveteen textile,GLOBAL,TBD,TBD,TBD,Commercial,Named Fabrics,/fabrics/cotton-velveteen/,product,P3,mapped_noindex_holdback
cotton-rich piqué,GLOBAL,TBD,TBD,TBD,Commercial,Named Fabrics,/fabrics/cotton-rich-pique/,product,P3,mapped_noindex_holdback
cotton-rich piqué fabric,GLOBAL,TBD,TBD,TBD,Commercial,Named Fabrics,/fabrics/cotton-rich-pique/,product,P3,mapped_noindex_holdback
cotton-rich piqué fabric online,GLOBAL,TBD,TBD,TBD,Commercial,Named Fabrics,/fabrics/cotton-rich-pique/,product,P3,mapped_noindex_holdback
cotton-rich piqué for loungewear,GLOBAL,TBD,TBD,TBD,Commercial,Named Fabrics,/fabrics/cotton-rich-pique/,product,P3,mapped_noindex_holdback
cotton-rich piqué for shirts,GLOBAL,TBD,TBD,TBD,Commercial,Named Fabrics,/fabrics/cotton-rich-pique/,product,P3,mapped_noindex_holdback
cotton-rich piqué for workwear jackets,GLOBAL,TBD,TBD,TBD,Commercial,Named Fabrics,/fabrics/cotton-rich-pique/,product,P3,mapped_noindex_holdback
cotton-rich piqué textile,GLOBAL,TBD,TBD,TBD,Commercial,Named Fabrics,/fabrics/cotton-rich-pique/,product,P3,mapped_noindex_holdback
"cotton, linen or blends crochet-effect knit",GLOBAL,TBD,TBD,TBD,Commercial,Named Fabrics,/fabrics/crochet-effect-knit/,product,P3,mapped_noindex_holdback
"cotton, linen or blends open-stitch knit",GLOBAL,TBD,TBD,TBD,Commercial,Named Fabrics,/fabrics/open-stitch-knit/,product,P3,mapped_noindex_holdback
covert membrane-backed covert,GLOBAL,TBD,TBD,TBD,Commercial,Named Fabrics,/fabrics/membrane-backed-covert/,product,P3,mapped_noindex_holdback
crepe de chine,GLOBAL,TBD,TBD,TBD,Commercial,Named Fabrics,/fabrics/crepe-de-chine/,product,P3,mapped_noindex_holdback
crepe de chine fabric online,GLOBAL,TBD,TBD,TBD,Commercial,Named Fabrics,/fabrics/crepe-de-chine/,product,P3,mapped_noindex_holdback
crepe de chine for linings,GLOBAL,TBD,TBD,TBD,Commercial,Named Fabrics,/fabrics/crepe-de-chine/,product,P3,mapped_noindex_holdback
crepe de chine for shirts,GLOBAL,TBD,TBD,TBD,Commercial,Named Fabrics,/fabrics/crepe-de-chine/,product,P3,mapped_noindex_holdback
crepe de chine for slip dresses,GLOBAL,TBD,TBD,TBD,Commercial,Named Fabrics,/fabrics/crepe-de-chine/,product,P3,mapped_noindex_holdback
crepe de chine textile,GLOBAL,TBD,TBD,TBD,Commercial,Named Fabrics,/fabrics/crepe-de-chine/,product,P3,mapped_noindex_holdback
crepe weave silk chiffon crepe,GLOBAL,TBD,TBD,TBD,Commercial,Named Fabrics,/fabrics/silk-chiffon-crepe/,product,P3,mapped_noindex_holdback
crepe weave silk crepe,GLOBAL,TBD,TBD,TBD,Commercial,Named Fabrics,/fabrics/silk-crepe/,product,P3,mapped_noindex_holdback
crepe weave wool polyamide crepe,GLOBAL,TBD,TBD,TBD,Commercial,Named Fabrics,/fabrics/wool-polyamide-crepe/,product,P3,mapped_noindex_holdback
crinkle chiffon,GLOBAL,TBD,TBD,TBD,Commercial,Named Fabrics,/fabrics/crinkle-chiffon/,product,P3,mapped_noindex_holdback
crinkle chiffon fabric,GLOBAL,TBD,TBD,TBD,Commercial,Named Fabrics,/fabrics/crinkle-chiffon/,product,P3,mapped_noindex_holdback
crinkle chiffon fabric online,GLOBAL,TBD,TBD,TBD,Commercial,Named Fabrics,/fabrics/crinkle-chiffon/,product,P3,mapped_noindex_holdback
crinkle chiffon for dresses,GLOBAL,TBD,TBD,TBD,Commercial,Named Fabrics,/fabrics/crinkle-chiffon/,product,P3,mapped_noindex_holdback
crinkle chiffon for overlays,GLOBAL,TBD,TBD,TBD,Commercial,Named Fabrics,/fabrics/crinkle-chiffon/,product,P3,mapped_noindex_holdback
crinkle chiffon for scarves,GLOBAL,TBD,TBD,TBD,Commercial,Named Fabrics,/fabrics/crinkle-chiffon/,product,P3,mapped_noindex_holdback
crinkle chiffon textile,GLOBAL,TBD,TBD,TBD,Commercial,Named Fabrics,/fabrics/crinkle-chiffon/,product,P3,mapped_noindex_holdback
crinkle cotton,GLOBAL,TBD,TBD,TBD,Commercial,Named Fabrics,/fabrics/crinkle-cotton/,product,P3,mapped_noindex_holdback
crinkle cotton fabric online,GLOBAL,TBD,TBD,TBD,Commercial,Named Fabrics,/fabrics/crinkle-cotton/,product,P3,mapped_noindex_holdback
crinkle cotton textile,GLOBAL,TBD,TBD,TBD,Commercial,Named Fabrics,/fabrics/crinkle-cotton/,product,P3,mapped_noindex_holdback
crinkled plain weave crinkle chiffon,GLOBAL,TBD,TBD,TBD,Commercial,Named Fabrics,/fabrics/crinkle-chiffon/,product,P3,mapped_noindex_holdback
crochet effect crochet-effect knit,GLOBAL,TBD,TBD,TBD,Commercial,Named Fabrics,/fabrics/crochet-effect-knit/,product,P3,mapped_noindex_holdback
crochet-effect knit,GLOBAL,TBD,TBD,TBD,Commercial,Named Fabrics,/fabrics/crochet-effect-knit/,product,P3,mapped_noindex_holdback
crochet-effect knit fabric,GLOBAL,TBD,TBD,TBD,Commercial,Named Fabrics,/fabrics/crochet-effect-knit/,product,P3,mapped_noindex_holdback
crochet-effect knit fabric online,GLOBAL,TBD,TBD,TBD,Commercial,Named Fabrics,/fabrics/crochet-effect-knit/,product,P3,mapped_noindex_holdback
crochet-effect knit for resortwear,GLOBAL,TBD,TBD,TBD,Commercial,Named Fabrics,/fabrics/crochet-effect-knit/,product,P3,mapped_noindex_holdback
crochet-effect knit textile,GLOBAL,TBD,TBD,TBD,Commercial,Named Fabrics,/fabrics/crochet-effect-knit/,product,P3,mapped_noindex_holdback
crossover swimwear fabric,GLOBAL,TBD,TBD,TBD,Commercial,Named Fabrics,/fabrics/crossover-swimwear-fabric/,product,P3,mapped_noindex_holdback
crossover swimwear fabric fabric,GLOBAL,TBD,TBD,TBD,Commercial,Named Fabrics,/fabrics/crossover-swimwear-fabric/,product,P3,mapped_noindex_holdback
crossover swimwear fabric fabric online,GLOBAL,TBD,TBD,TBD,Commercial,Named Fabrics,/fabrics/crossover-swimwear-fabric/,product,P3,mapped_noindex_holdback
crossover swimwear fabric for citywear,GLOBAL,TBD,TBD,TBD,Commercial,Named Fabrics,/fabrics/crossover-swimwear-fabric/,product,P3,mapped_noindex_holdback
crossover swimwear fabric for loungewear,GLOBAL,TBD,TBD,TBD,Commercial,Named Fabrics,/fabrics/crossover-swimwear-fabric/,product,P3,mapped_noindex_holdback
crossover swimwear fabric for swimwear,GLOBAL,TBD,TBD,TBD,Commercial,Named Fabrics,/fabrics/crossover-swimwear-fabric/,product,P3,mapped_noindex_holdback
crossover swimwear fabric textile,GLOBAL,TBD,TBD,TBD,Commercial,Named Fabrics,/fabrics/crossover-swimwear-fabric/,product,P3,mapped_noindex_holdback
crushed velvet,GLOBAL,TBD,TBD,TBD,Commercial,Named Fabrics,/fabrics/crushed-velvet/,product,P3,mapped_noindex_holdback
crushed velvet fabric online,GLOBAL,TBD,TBD,TBD,Commercial,Named Fabrics,/fabrics/crushed-velvet/,product,P3,mapped_noindex_holdback
crushed velvet textile,GLOBAL,TBD,TBD,TBD,Commercial,Named Fabrics,/fabrics/crushed-velvet/,product,P3,mapped_noindex_holdback
curled ricciolo surface casentino wool,GLOBAL,TBD,TBD,TBD,Commercial,Named Fabrics,/fabrics/casentino-wool/,product,P3,mapped_noindex_holdback
damask deconstructed damask,GLOBAL,TBD,TBD,TBD,Commercial,Named Fabrics,/fabrics/deconstructed-damask/,product,P3,mapped_noindex_holdback
deconstructed damask,GLOBAL,TBD,TBD,TBD,Commercial,Named Fabrics,/fabrics/deconstructed-damask/,product,P3,mapped_noindex_holdback
deconstructed damask fabric,GLOBAL,TBD,TBD,TBD,Commercial,Named Fabrics,/fabrics/deconstructed-damask/,product,P3,mapped_noindex_holdback
deconstructed damask fabric online,GLOBAL,TBD,TBD,TBD,Commercial,Named Fabrics,/fabrics/deconstructed-damask/,product,P3,mapped_noindex_holdback
deconstructed damask textile,GLOBAL,TBD,TBD,TBD,Commercial,Named Fabrics,/fabrics/deconstructed-damask/,product,P3,mapped_noindex_holdback
deconstructed jacquard,GLOBAL,TBD,TBD,TBD,Commercial,Named Fabrics,/fabrics/deconstructed-jacquard/,product,P3,mapped_noindex_holdback
deconstructed jacquard fabric,GLOBAL,TBD,TBD,TBD,Commercial,Named Fabrics,/fabrics/deconstructed-jacquard/,product,P3,mapped_noindex_holdback
deconstructed jacquard fabric online,GLOBAL,TBD,TBD,TBD,Commercial,Named Fabrics,/fabrics/deconstructed-jacquard/,product,P3,mapped_noindex_holdback
deconstructed jacquard textile,GLOBAL,TBD,TBD,TBD,Commercial,Named Fabrics,/fabrics/deconstructed-jacquard/,product,P3,mapped_noindex_holdback
denim twill tencel denim,GLOBAL,TBD,TBD,TBD,Commercial,Named Fabrics,/fabrics/tencel-denim/,product,P3,mapped_noindex_holdback
dense ponte double knit classic double-knit ponte,GLOBAL,TBD,TBD,TBD,Commercial,Named Fabrics,/fabrics/ponte-double-knit/,product,P3,mapped_noindex_holdback
dense sueded twill cotton moleskin,GLOBAL,TBD,TBD,TBD,Commercial,Named Fabrics,/fabrics/cotton-moleskin/,product,P3,mapped_noindex_holdback
donegal tweed,GLOBAL,TBD,TBD,TBD,Commercial,Named Fabrics,/fabrics/donegal-tweed/,product,P3,mapped_noindex_holdback
donegal tweed donegal tweed,GLOBAL,TBD,TBD,TBD,Commercial,Named Fabrics,/fabrics/donegal-tweed/,product,P3,mapped_noindex_holdback
donegal tweed fabric,GLOBAL,TBD,TBD,TBD,Commercial,Named Fabrics,/fabrics/donegal-tweed/,product,P3,mapped_noindex_holdback
donegal tweed fabric online,GLOBAL,TBD,TBD,TBD,Commercial,Named Fabrics,/fabrics/donegal-tweed/,product,P3,mapped_noindex_holdback
donegal tweed textile,GLOBAL,TBD,TBD,TBD,Commercial,Named Fabrics,/fabrics/donegal-tweed/,product,P3,mapped_noindex_holdback
double cotton piqué,GLOBAL,TBD,TBD,TBD,Commercial,Named Fabrics,/fabrics/double-cotton-pique/,product,P3,mapped_noindex_holdback
double cotton piqué fabric,GLOBAL,TBD,TBD,TBD,Commercial,Named Fabrics,/fabrics/double-cotton-pique/,product,P3,mapped_noindex_holdback
double cotton piqué fabric online,GLOBAL,TBD,TBD,TBD,Commercial,Named Fabrics,/fabrics/double-cotton-pique/,product,P3,mapped_noindex_holdback
double cotton piqué for jackets,GLOBAL,TBD,TBD,TBD,Commercial,Named Fabrics,/fabrics/double-cotton-pique/,product,P3,mapped_noindex_holdback
double cotton piqué for layering pieces,GLOBAL,TBD,TBD,TBD,Commercial,Named Fabrics,/fabrics/double-cotton-pique/,product,P3,mapped_noindex_holdback
double cotton piqué for shirts,GLOBAL,TBD,TBD,TBD,Commercial,Named Fabrics,/fabrics/double-cotton-pique/,product,P3,mapped_noindex_holdback
double cotton piqué textile,GLOBAL,TBD,TBD,TBD,Commercial,Named Fabrics,/fabrics/double-cotton-pique/,product,P3,mapped_noindex_holdback
double piqué knit double cotton piqué,GLOBAL,TBD,TBD,TBD,Commercial,Named Fabrics,/fabrics/double-cotton-pique/,product,P3,mapped_noindex_holdback
double-face wool,GLOBAL,TBD,TBD,TBD,Commercial,Named Fabrics,/fabrics/double-face-wool/,product,P3,mapped_noindex_holdback
double-face wool fabric,GLOBAL,TBD,TBD,TBD,Commercial,Named Fabrics,/fabrics/double-face-wool/,product,P3,mapped_noindex_holdback
double-face wool fabric online,GLOBAL,TBD,TBD,TBD,Commercial,Named Fabrics,/fabrics/double-face-wool/,product,P3,mapped_noindex_holdback
double-face wool for unlined coats,GLOBAL,TBD,TBD,TBD,Commercial,Named Fabrics,/fabrics/double-face-wool/,product,P3,mapped_noindex_holdback
double-face wool textile,GLOBAL,TBD,TBD,TBD,Commercial,Named Fabrics,/fabrics/double-face-wool/,product,P3,mapped_noindex_holdback
double-layer chiffon,GLOBAL,TBD,TBD,TBD,Commercial,Named Fabrics,/fabrics/double-layer-chiffon/,product,P3,mapped_noindex_holdback
double-layer chiffon fabric,GLOBAL,TBD,TBD,TBD,Commercial,Named Fabrics,/fabrics/double-layer-chiffon/,product,P3,mapped_noindex_holdback
double-layer chiffon fabric online,GLOBAL,TBD,TBD,TBD,Commercial,Named Fabrics,/fabrics/double-layer-chiffon/,product,P3,mapped_noindex_holdback
double-layer chiffon for blouses,GLOBAL,TBD,TBD,TBD,Commercial,Named Fabrics,/fabrics/double-layer-chiffon/,product,P3,mapped_noindex_holdback
double-layer chiffon for dresses,GLOBAL,TBD,TBD,TBD,Commercial,Named Fabrics,/fabrics/double-layer-chiffon/,product,P3,mapped_noindex_holdback
double-layer chiffon for overlays,GLOBAL,TBD,TBD,TBD,Commercial,Named Fabrics,/fabrics/double-layer-chiffon/,product,P3,mapped_noindex_holdback
double-layer chiffon textile,GLOBAL,TBD,TBD,TBD,Commercial,Named Fabrics,/fabrics/double-layer-chiffon/,product,P3,mapped_noindex_holdback
down-alternative fill,GLOBAL,TBD,TBD,TBD,Commercial,Named Fabrics,/fabrics/down-alternative-fill/,product,P3,mapped_noindex_holdback
down-alternative fill fabric,GLOBAL,TBD,TBD,TBD,Commercial,Named Fabrics,/fabrics/down-alternative-fill/,product,P3,mapped_noindex_holdback
down-alternative fill fabric online,GLOBAL,TBD,TBD,TBD,Commercial,Named Fabrics,/fabrics/down-alternative-fill/,product,P3,mapped_noindex_holdback
down-alternative fill for garment insulation,GLOBAL,TBD,TBD,TBD,Commercial,Named Fabrics,/fabrics/down-alternative-fill/,product,P3,mapped_noindex_holdback
down-alternative fill textile,GLOBAL,TBD,TBD,TBD,Commercial,Named Fabrics,/fabrics/down-alternative-fill/,product,P3,mapped_noindex_holdback
egyptian cotton broadcloth,GLOBAL,TBD,TBD,TBD,Commercial,Named Fabrics,/fabrics/egyptian-cotton-broadcloth/,product,P3,mapped_noindex_holdback
egyptian cotton broadcloth fabric,GLOBAL,TBD,TBD,TBD,Commercial,Named Fabrics,/fabrics/egyptian-cotton-broadcloth/,product,P3,mapped_noindex_holdback
egyptian cotton broadcloth fabric online,GLOBAL,TBD,TBD,TBD,Commercial,Named Fabrics,/fabrics/egyptian-cotton-broadcloth/,product,P3,mapped_noindex_holdback
egyptian cotton broadcloth for blouses,GLOBAL,TBD,TBD,TBD,Commercial,Named Fabrics,/fabrics/egyptian-cotton-broadcloth/,product,P3,mapped_noindex_holdback
egyptian cotton broadcloth for shirts,GLOBAL,TBD,TBD,TBD,Commercial,Named Fabrics,/fabrics/egyptian-cotton-broadcloth/,product,P3,mapped_noindex_holdback
egyptian cotton broadcloth for workwear jackets,GLOBAL,TBD,TBD,TBD,Commercial,Named Fabrics,/fabrics/egyptian-cotton-broadcloth/,product,P3,mapped_noindex_holdback
egyptian cotton broadcloth textile,GLOBAL,TBD,TBD,TBD,Commercial,Named Fabrics,/fabrics/egyptian-cotton-broadcloth/,product,P3,mapped_noindex_holdback
egyptian cotton flannel,GLOBAL,TBD,TBD,TBD,Commercial,Named Fabrics,/fabrics/egyptian-cotton-flannel/,product,P3,mapped_noindex_holdback
egyptian cotton flannel fabric,GLOBAL,TBD,TBD,TBD,Commercial,Named Fabrics,/fabrics/egyptian-cotton-flannel/,product,P3,mapped_noindex_holdback
egyptian cotton flannel fabric online,GLOBAL,TBD,TBD,TBD,Commercial,Named Fabrics,/fabrics/egyptian-cotton-flannel/,product,P3,mapped_noindex_holdback
egyptian cotton flannel for bedding,GLOBAL,TBD,TBD,TBD,Commercial,Named Fabrics,/fabrics/egyptian-cotton-flannel/,product,P3,mapped_noindex_holdback
egyptian cotton flannel for loungewear,GLOBAL,TBD,TBD,TBD,Commercial,Named Fabrics,/fabrics/egyptian-cotton-flannel/,product,P3,mapped_noindex_holdback
egyptian cotton flannel for shirts,GLOBAL,TBD,TBD,TBD,Commercial,Named Fabrics,/fabrics/egyptian-cotton-flannel/,product,P3,mapped_noindex_holdback
egyptian cotton flannel textile,GLOBAL,TBD,TBD,TBD,Commercial,Named Fabrics,/fabrics/egyptian-cotton-flannel/,product,P3,mapped_noindex_holdback
egyptian cotton percale,GLOBAL,TBD,TBD,TBD,Commercial,Named Fabrics,/fabrics/egyptian-cotton-percale/,product,P3,mapped_noindex_holdback
egyptian cotton percale fabric,GLOBAL,TBD,TBD,TBD,Commercial,Named Fabrics,/fabrics/egyptian-cotton-percale/,product,P3,mapped_noindex_holdback
egyptian cotton percale fabric online,GLOBAL,TBD,TBD,TBD,Commercial,Named Fabrics,/fabrics/egyptian-cotton-percale/,product,P3,mapped_noindex_holdback
egyptian cotton percale for bedding,GLOBAL,TBD,TBD,TBD,Commercial,Named Fabrics,/fabrics/egyptian-cotton-percale/,product,P3,mapped_noindex_holdback
egyptian cotton percale for dresses,GLOBAL,TBD,TBD,TBD,Commercial,Named Fabrics,/fabrics/egyptian-cotton-percale/,product,P3,mapped_noindex_holdback
egyptian cotton percale for shirts,GLOBAL,TBD,TBD,TBD,Commercial,Named Fabrics,/fabrics/egyptian-cotton-percale/,product,P3,mapped_noindex_holdback
egyptian cotton percale textile,GLOBAL,TBD,TBD,TBD,Commercial,Named Fabrics,/fabrics/egyptian-cotton-percale/,product,P3,mapped_noindex_holdback
egyptian cotton poplin,GLOBAL,TBD,TBD,TBD,Commercial,Named Fabrics,/fabrics/egyptian-cotton-poplin/,product,P3,mapped_noindex_holdback
egyptian cotton poplin fabric,GLOBAL,TBD,TBD,TBD,Commercial,Named Fabrics,/fabrics/egyptian-cotton-poplin/,product,P3,mapped_noindex_holdback
egyptian cotton poplin fabric online,GLOBAL,TBD,TBD,TBD,Commercial,Named Fabrics,/fabrics/egyptian-cotton-poplin/,product,P3,mapped_noindex_holdback
egyptian cotton poplin for blouses,GLOBAL,TBD,TBD,TBD,Commercial,Named Fabrics,/fabrics/egyptian-cotton-poplin/,product,P3,mapped_noindex_holdback
egyptian cotton poplin for shirts,GLOBAL,TBD,TBD,TBD,Commercial,Named Fabrics,/fabrics/egyptian-cotton-poplin/,product,P3,mapped_noindex_holdback
egyptian cotton poplin for workwear jackets,GLOBAL,TBD,TBD,TBD,Commercial,Named Fabrics,/fabrics/egyptian-cotton-poplin/,product,P3,mapped_noindex_holdback
egyptian cotton poplin textile,GLOBAL,TBD,TBD,TBD,Commercial,Named Fabrics,/fabrics/egyptian-cotton-poplin/,product,P3,mapped_noindex_holdback
egyptian cotton sateen,GLOBAL,TBD,TBD,TBD,Commercial,Named Fabrics,/fabrics/egyptian-cotton-sateen/,product,P3,mapped_noindex_holdback
egyptian cotton sateen fabric,GLOBAL,TBD,TBD,TBD,Commercial,Named Fabrics,/fabrics/egyptian-cotton-sateen/,product,P3,mapped_noindex_holdback
egyptian cotton sateen fabric online,GLOBAL,TBD,TBD,TBD,Commercial,Named Fabrics,/fabrics/egyptian-cotton-sateen/,product,P3,mapped_noindex_holdback
egyptian cotton sateen for bedding,GLOBAL,TBD,TBD,TBD,Commercial,Named Fabrics,/fabrics/egyptian-cotton-sateen/,product,P3,mapped_noindex_holdback
egyptian cotton sateen for blouses,GLOBAL,TBD,TBD,TBD,Commercial,Named Fabrics,/fabrics/egyptian-cotton-sateen/,product,P3,mapped_noindex_holdback
egyptian cotton sateen for dresses,GLOBAL,TBD,TBD,TBD,Commercial,Named Fabrics,/fabrics/egyptian-cotton-sateen/,product,P3,mapped_noindex_holdback
egyptian cotton sateen textile,GLOBAL,TBD,TBD,TBD,Commercial,Named Fabrics,/fabrics/egyptian-cotton-sateen/,product,P3,mapped_noindex_holdback
egyptian cotton seersucker,GLOBAL,TBD,TBD,TBD,Commercial,Named Fabrics,/fabrics/egyptian-cotton-seersucker/,product,P3,mapped_noindex_holdback
egyptian cotton seersucker fabric,GLOBAL,TBD,TBD,TBD,Commercial,Named Fabrics,/fabrics/egyptian-cotton-seersucker/,product,P3,mapped_noindex_holdback
egyptian cotton seersucker fabric online,GLOBAL,TBD,TBD,TBD,Commercial,Named Fabrics,/fabrics/egyptian-cotton-seersucker/,product,P3,mapped_noindex_holdback
egyptian cotton seersucker for dresses,GLOBAL,TBD,TBD,TBD,Commercial,Named Fabrics,/fabrics/egyptian-cotton-seersucker/,product,P3,mapped_noindex_holdback
egyptian cotton seersucker for resortwear,GLOBAL,TBD,TBD,TBD,Commercial,Named Fabrics,/fabrics/egyptian-cotton-seersucker/,product,P3,mapped_noindex_holdback
egyptian cotton seersucker for shirts,GLOBAL,TBD,TBD,TBD,Commercial,Named Fabrics,/fabrics/egyptian-cotton-seersucker/,product,P3,mapped_noindex_holdback
egyptian cotton seersucker textile,GLOBAL,TBD,TBD,TBD,Commercial,Named Fabrics,/fabrics/egyptian-cotton-seersucker/,product,P3,mapped_noindex_holdback
egyptian cotton twill,GLOBAL,TBD,TBD,TBD,Commercial,Named Fabrics,/fabrics/egyptian-cotton-twill/,product,P3,mapped_noindex_holdback
egyptian cotton twill fabric,GLOBAL,TBD,TBD,TBD,Commercial,Named Fabrics,/fabrics/egyptian-cotton-twill/,product,P3,mapped_noindex_holdback
egyptian cotton twill fabric online,GLOBAL,TBD,TBD,TBD,Commercial,Named Fabrics,/fabrics/egyptian-cotton-twill/,product,P3,mapped_noindex_holdback
egyptian cotton twill for shirts,GLOBAL,TBD,TBD,TBD,Commercial,Named Fabrics,/fabrics/egyptian-cotton-twill/,product,P3,mapped_noindex_holdback
egyptian cotton twill for trousers,GLOBAL,TBD,TBD,TBD,Commercial,Named Fabrics,/fabrics/egyptian-cotton-twill/,product,P3,mapped_noindex_holdback
egyptian cotton twill for workwear jackets,GLOBAL,TBD,TBD,TBD,Commercial,Named Fabrics,/fabrics/egyptian-cotton-twill/,product,P3,mapped_noindex_holdback
egyptian cotton twill textile,GLOBAL,TBD,TBD,TBD,Commercial,Named Fabrics,/fabrics/egyptian-cotton-twill/,product,P3,mapped_noindex_holdback
egyptian cotton voile,GLOBAL,TBD,TBD,TBD,Commercial,Named Fabrics,/fabrics/egyptian-cotton-voile/,product,P3,mapped_noindex_holdback
egyptian cotton voile fabric,GLOBAL,TBD,TBD,TBD,Commercial,Named Fabrics,/fabrics/egyptian-cotton-voile/,product,P3,mapped_noindex_holdback
egyptian cotton voile fabric online,GLOBAL,TBD,TBD,TBD,Commercial,Named Fabrics,/fabrics/egyptian-cotton-voile/,product,P3,mapped_noindex_holdback
egyptian cotton voile for blouses,GLOBAL,TBD,TBD,TBD,Commercial,Named Fabrics,/fabrics/egyptian-cotton-voile/,product,P3,mapped_noindex_holdback
egyptian cotton voile for dresses,GLOBAL,TBD,TBD,TBD,Commercial,Named Fabrics,/fabrics/egyptian-cotton-voile/,product,P3,mapped_noindex_holdback
egyptian cotton voile for overlays,GLOBAL,TBD,TBD,TBD,Commercial,Named Fabrics,/fabrics/egyptian-cotton-voile/,product,P3,mapped_noindex_holdback
egyptian cotton voile textile,GLOBAL,TBD,TBD,TBD,Commercial,Named Fabrics,/fabrics/egyptian-cotton-voile/,product,P3,mapped_noindex_holdback
embroidered cotton lawn,GLOBAL,TBD,TBD,TBD,Commercial,Named Fabrics,/fabrics/embroidered-cotton-lawn/,product,P3,mapped_noindex_holdback
embroidered cotton lawn fabric,GLOBAL,TBD,TBD,TBD,Commercial,Named Fabrics,/fabrics/embroidered-cotton-lawn/,product,P3,mapped_noindex_holdback
embroidered cotton lawn fabric online,GLOBAL,TBD,TBD,TBD,Commercial,Named Fabrics,/fabrics/embroidered-cotton-lawn/,product,P3,mapped_noindex_holdback
embroidered cotton lawn for blouses,GLOBAL,TBD,TBD,TBD,Commercial,Named Fabrics,/fabrics/embroidered-cotton-lawn/,product,P3,mapped_noindex_holdback
embroidered cotton lawn for dresses,GLOBAL,TBD,TBD,TBD,Commercial,Named Fabrics,/fabrics/embroidered-cotton-lawn/,product,P3,mapped_noindex_holdback
embroidered cotton lawn for overlays,GLOBAL,TBD,TBD,TBD,Commercial,Named Fabrics,/fabrics/embroidered-cotton-lawn/,product,P3,mapped_noindex_holdback
embroidered cotton lawn textile,GLOBAL,TBD,TBD,TBD,Commercial,Named Fabrics,/fabrics/embroidered-cotton-lawn/,product,P3,mapped_noindex_holdback
fabric for acoustic drapes acoustic-rated,GLOBAL,TBD,TBD,TBD,Commercial,Named Fabrics,/fabrics/acoustic-rated-drape/,product,P3,mapped_noindex_holdback
fabric for activewear cooling,GLOBAL,TBD,TBD,TBD,Commercial,Named Fabrics,/fabrics/cooling-performance-construction/,product,P3,mapped_noindex_holdback
fabric for activewear honeycomb,GLOBAL,TBD,TBD,TBD,Commercial,Named Fabrics,/fabrics/honeycomb-cotton-pique/,product,P3,mapped_noindex_holdback
fabric for activewear retro,GLOBAL,TBD,TBD,TBD,Commercial,Named Fabrics,/fabrics/retro-sportif-knit/,product,P3,mapped_noindex_holdback
fabric for activewear stretch,GLOBAL,TBD,TBD,TBD,Commercial,Named Fabrics,/fabrics/stretch-cotton-pique/,product,P3,mapped_noindex_holdback
fabric for baselayers fine,GLOBAL,TBD,TBD,TBD,Commercial,Named Fabrics,/fabrics/fine-cotton-pique/,product,P3,mapped_noindex_holdback
fabric for baselayers lightweight,GLOBAL,TBD,TBD,TBD,Commercial,Named Fabrics,/fabrics/french-terry-lightweight/,product,P3,mapped_noindex_holdback
fabric for baselayers mercerized,GLOBAL,TBD,TBD,TBD,Commercial,Named Fabrics,/fabrics/mercerized-cotton-jersey/,product,P3,mapped_noindex_holdback
fabric for baselayers organic,GLOBAL,TBD,TBD,TBD,Commercial,Named Fabrics,/fabrics/french-terry-organic/,product,P3,mapped_noindex_holdback
fabric for baselayers pima,GLOBAL,TBD,TBD,TBD,Commercial,Named Fabrics,/fabrics/pima-cotton-jersey/,product,P3,mapped_noindex_holdback
fabric for baselayers stretch,GLOBAL,TBD,TBD,TBD,Commercial,Named Fabrics,/fabrics/french-terry-stretch/,product,P3,mapped_noindex_holdback
fabric for baselayers tencel,GLOBAL,TBD,TBD,TBD,Commercial,Named Fabrics,/fabrics/tencel-jersey/,product,P3,mapped_noindex_holdback
fabric for bedding egyptian,GLOBAL,TBD,TBD,TBD,Commercial,Named Fabrics,/fabrics/egyptian-cotton-percale/,product,P3,mapped_noindex_holdback
fabric for bedding long-staple,GLOBAL,TBD,TBD,TBD,Commercial,Named Fabrics,/fabrics/long-staple-cotton-percale/,product,P3,mapped_noindex_holdback
fabric for bedding lyocell-blend,GLOBAL,TBD,TBD,TBD,Commercial,Named Fabrics,/fabrics/lyocell-blend-bedding/,product,P3,mapped_noindex_holdback
fabric for bedding washed,GLOBAL,TBD,TBD,TBD,Commercial,Named Fabrics,/fabrics/washed-linen-bedding/,product,P3,mapped_noindex_holdback
fabric for blouses batiste,GLOBAL,TBD,TBD,TBD,Commercial,Named Fabrics,/fabrics/batiste-lawn/,product,P3,mapped_noindex_holdback
fabric for blouses cotton,GLOBAL,TBD,TBD,TBD,Commercial,Named Fabrics,/fabrics/cotton-lawn/,product,P3,mapped_noindex_holdback
fabric for blouses double-layer,GLOBAL,TBD,TBD,TBD,Commercial,Named Fabrics,/fabrics/double-layer-chiffon/,product,P3,mapped_noindex_holdback
fabric for blouses egyptian,GLOBAL,TBD,TBD,TBD,Commercial,Named Fabrics,/fabrics/egyptian-cotton-poplin/,product,P3,mapped_noindex_holdback
fabric for blouses embroidered,GLOBAL,TBD,TBD,TBD,Commercial,Named Fabrics,/fabrics/embroidered-cotton-lawn/,product,P3,mapped_noindex_holdback
fabric for blouses matte,GLOBAL,TBD,TBD,TBD,Commercial,Named Fabrics,/fabrics/matte-chiffon/,product,P3,mapped_noindex_holdback
fabric for blouses mercerised,GLOBAL,TBD,TBD,TBD,Commercial,Named Fabrics,/fabrics/mercerised-cotton-lawn/,product,P3,mapped_noindex_holdback
fabric for blouses mercerized,GLOBAL,TBD,TBD,TBD,Commercial,Named Fabrics,/fabrics/mercerized-cotton-poplin/,product,P3,mapped_noindex_holdback
fabric for blouses organic,GLOBAL,TBD,TBD,TBD,Commercial,Named Fabrics,/fabrics/organic-cotton-lawn/,product,P3,mapped_noindex_holdback
fabric for blouses pima,GLOBAL,TBD,TBD,TBD,Commercial,Named Fabrics,/fabrics/pima-cotton-poplin/,product,P3,mapped_noindex_holdback
fabric for blouses pinpoint,GLOBAL,TBD,TBD,TBD,Commercial,Named Fabrics,/fabrics/pinpoint-oxford-cotton/,product,P3,mapped_noindex_holdback
fabric for blouses polyester,GLOBAL,TBD,TBD,TBD,Commercial,Named Fabrics,/fabrics/polyester-chiffon/,product,P3,mapped_noindex_holdback
fabric for blouses printed,GLOBAL,TBD,TBD,TBD,Commercial,Named Fabrics,/fabrics/printed-chiffon/,product,P3,mapped_noindex_holdback
fabric for blouses recycled,GLOBAL,TBD,TBD,TBD,Commercial,Named Fabrics,/fabrics/recycled-polyester-chiffon/,product,P3,mapped_noindex_holdback
fabric for blouses royal,GLOBAL,TBD,TBD,TBD,Commercial,Named Fabrics,/fabrics/royal-oxford-cotton/,product,P3,mapped_noindex_holdback
fabric for blouses slub,GLOBAL,TBD,TBD,TBD,Commercial,Named Fabrics,/fabrics/slub-cotton-lawn/,product,P3,mapped_noindex_holdback
fabric for blouses stretch,GLOBAL,TBD,TBD,TBD,Commercial,Named Fabrics,/fabrics/stretch-chiffon/,product,P3,mapped_noindex_holdback
fabric for blouses tencel,GLOBAL,TBD,TBD,TBD,Commercial,Named Fabrics,/fabrics/tencel-plain-weave/,product,P3,mapped_noindex_holdback
fabric for blouses voile,GLOBAL,TBD,TBD,TBD,Commercial,Named Fabrics,/fabrics/voile-lawn/,product,P3,mapped_noindex_holdback
fabric for chore jackets heavy,GLOBAL,TBD,TBD,TBD,Commercial,Named Fabrics,/fabrics/heavy-oxford-cotton/,product,P3,mapped_noindex_holdback
fabric for city outerwear membrane-backed,GLOBAL,TBD,TBD,TBD,Commercial,Named Fabrics,/fabrics/membrane-backed-gabardine/,product,P3,mapped_noindex_holdback
fabric for citywear crossover,GLOBAL,TBD,TBD,TBD,Commercial,Named Fabrics,/fabrics/crossover-swimwear-fabric/,product,P3,mapped_noindex_holdback
fabric for citywear lightweight,GLOBAL,TBD,TBD,TBD,Commercial,Named Fabrics,/fabrics/ponte-lightweight/,product,P3,mapped_noindex_holdback
fabric for citywear travel,GLOBAL,TBD,TBD,TBD,Commercial,Named Fabrics,/fabrics/ponte-travel/,product,P3,mapped_noindex_holdback
fabric for coats alpaca,GLOBAL,TBD,TBD,TBD,Commercial,Named Fabrics,/fabrics/alpaca-blend/,product,P3,mapped_noindex_holdback
fabric for coats casentino,GLOBAL,TBD,TBD,TBD,Commercial,Named Fabrics,/fabrics/casentino-wool/,product,P3,mapped_noindex_holdback
fabric for coats mohair,GLOBAL,TBD,TBD,TBD,Commercial,Named Fabrics,/fabrics/mohair-blend/,product,P3,mapped_noindex_holdback
fabric for coats wool,GLOBAL,TBD,TBD,TBD,Commercial,Named Fabrics,/fabrics/wool-cashmere-melton/,product,P3,mapped_noindex_holdback
fabric for contract textiles bleach-cleanable,GLOBAL,TBD,TBD,TBD,Commercial,Named Fabrics,/fabrics/bleach-cleanable-vinyl-alternative/,product,P3,mapped_noindex_holdback
fabric for contract textiles inherently,GLOBAL,TBD,TBD,TBD,Commercial,Named Fabrics,/fabrics/inherently-fr-polyester/,product,P3,mapped_noindex_holdback
fabric for contract textiles recycled,GLOBAL,TBD,TBD,TBD,Commercial,Named Fabrics,/fabrics/recycled-pet-acoustic-felt/,product,P3,mapped_noindex_holdback
fabric for curtains open-weave,GLOBAL,TBD,TBD,TBD,Commercial,Named Fabrics,/fabrics/open-weave-linen-curtain/,product,P3,mapped_noindex_holdback
fabric for curtains technical,GLOBAL,TBD,TBD,TBD,Commercial,Named Fabrics,/fabrics/technical-voile/,product,P3,mapped_noindex_holdback
fabric for dresses batiste,GLOBAL,TBD,TBD,TBD,Commercial,Named Fabrics,/fabrics/batiste-lawn/,product,P3,mapped_noindex_holdback
fabric for dresses brushed,GLOBAL,TBD,TBD,TBD,Commercial,Named Fabrics,/fabrics/ponte-brushed/,product,P3,mapped_noindex_holdback
fabric for dresses classic,GLOBAL,TBD,TBD,TBD,Commercial,Named Fabrics,/fabrics/ponte-double-knit/,product,P3,mapped_noindex_holdback
fabric for dresses cotton,GLOBAL,TBD,TBD,TBD,Commercial,Named Fabrics,/fabrics/cotton-lawn/,product,P3,mapped_noindex_holdback
fabric for dresses crinkle,GLOBAL,TBD,TBD,TBD,Commercial,Named Fabrics,/fabrics/crinkle-chiffon/,product,P3,mapped_noindex_holdback
fabric for dresses double-layer,GLOBAL,TBD,TBD,TBD,Commercial,Named Fabrics,/fabrics/double-layer-chiffon/,product,P3,mapped_noindex_holdback
fabric for dresses egyptian,GLOBAL,TBD,TBD,TBD,Commercial,Named Fabrics,/fabrics/egyptian-cotton-percale/,product,P3,mapped_noindex_holdback
fabric for dresses embroidered,GLOBAL,TBD,TBD,TBD,Commercial,Named Fabrics,/fabrics/embroidered-cotton-lawn/,product,P3,mapped_noindex_holdback
fabric for dresses heavy,GLOBAL,TBD,TBD,TBD,Commercial,Named Fabrics,/fabrics/tencel-heavy-twill/,product,P3,mapped_noindex_holdback
fabric for dresses lightweight,GLOBAL,TBD,TBD,TBD,Commercial,Named Fabrics,/fabrics/ponte-lightweight/,product,P3,mapped_noindex_holdback
fabric for dresses linen-silk,GLOBAL,TBD,TBD,TBD,Commercial,Named Fabrics,/fabrics/linen-silk/,product,P3,mapped_noindex_holdback
fabric for dresses matte,GLOBAL,TBD,TBD,TBD,Commercial,Named Fabrics,/fabrics/matte-chiffon/,product,P3,mapped_noindex_holdback
fabric for dresses mercerised,GLOBAL,TBD,TBD,TBD,Commercial,Named Fabrics,/fabrics/mercerised-cotton-lawn/,product,P3,mapped_noindex_holdback
fabric for dresses mercerized,GLOBAL,TBD,TBD,TBD,Commercial,Named Fabrics,/fabrics/mercerized-cotton-sateen/,product,P3,mapped_noindex_holdback
fabric for dresses organic,GLOBAL,TBD,TBD,TBD,Commercial,Named Fabrics,/fabrics/organic-cotton-lawn/,product,P3,mapped_noindex_holdback
fabric for dresses pima,GLOBAL,TBD,TBD,TBD,Commercial,Named Fabrics,/fabrics/pima-cotton-poplin/,product,P3,mapped_noindex_holdback
fabric for dresses printed,GLOBAL,TBD,TBD,TBD,Commercial,Named Fabrics,/fabrics/printed-chiffon/,product,P3,mapped_noindex_holdback
fabric for dresses rayon,GLOBAL,TBD,TBD,TBD,Commercial,Named Fabrics,/fabrics/ponte-rayon-nylon/,product,P3,mapped_noindex_holdback
fabric for dresses ribbed,GLOBAL,TBD,TBD,TBD,Commercial,Named Fabrics,/fabrics/ponte-ribbed/,product,P3,mapped_noindex_holdback
fabric for dresses stretch,GLOBAL,TBD,TBD,TBD,Commercial,Named Fabrics,/fabrics/stretch-chiffon/,product,P3,mapped_noindex_holdback
fabric for dresses tencel,GLOBAL,TBD,TBD,TBD,Commercial,Named Fabrics,/fabrics/tencel-plain-weave/,product,P3,mapped_noindex_holdback
fabric for dresses travel,GLOBAL,TBD,TBD,TBD,Commercial,Named Fabrics,/fabrics/ponte-travel/,product,P3,mapped_noindex_holdback
fabric for dresses voile,GLOBAL,TBD,TBD,TBD,Commercial,Named Fabrics,/fabrics/voile-lawn/,product,P3,mapped_noindex_holdback
fabric for dresses wool,GLOBAL,TBD,TBD,TBD,Commercial,Named Fabrics,/fabrics/wool-viscose-twill/,product,P3,mapped_noindex_holdback
fabric for full skirts compact,GLOBAL,TBD,TBD,TBD,Commercial,Named Fabrics,/fabrics/ponte-compact/,product,P3,mapped_noindex_holdback
fabric for full skirts lightweight,GLOBAL,TBD,TBD,TBD,Commercial,Named Fabrics,/fabrics/ponte-lightweight/,product,P3,mapped_noindex_holdback
fabric for full skirts ribbed,GLOBAL,TBD,TBD,TBD,Commercial,Named Fabrics,/fabrics/ponte-ribbed/,product,P3,mapped_noindex_holdback
fabric for full skirts silk,GLOBAL,TBD,TBD,TBD,Commercial,Named Fabrics,/fabrics/silk-taffeta/,product,P3,mapped_noindex_holdback
fabric for garment insulation down-alternative,GLOBAL,TBD,TBD,TBD,Commercial,Named Fabrics,/fabrics/down-alternative-fill/,product,P3,mapped_noindex_holdback
fabric for garment insulation recycled,GLOBAL,TBD,TBD,TBD,Commercial,Named Fabrics,/fabrics/recycled-polyester-wadding/,product,P3,mapped_noindex_holdback
fabric for home textiles / interiors silk,GLOBAL,TBD,TBD,TBD,Commercial,Named Fabrics,/fabrics/silk-dupion/,product,P3,mapped_noindex_holdback
fabric for interiors silk-viscose,GLOBAL,TBD,TBD,TBD,Commercial,Named Fabrics,/fabrics/silk-viscose-velvet/,product,P3,mapped_noindex_holdback
fabric for jackets classic,GLOBAL,TBD,TBD,TBD,Commercial,Named Fabrics,/fabrics/ponte-double-knit/,product,P3,mapped_noindex_holdback
fabric for jackets double,GLOBAL,TBD,TBD,TBD,Commercial,Named Fabrics,/fabrics/double-cotton-pique/,product,P3,mapped_noindex_holdback
fabric for jackets heavy,GLOBAL,TBD,TBD,TBD,Commercial,Named Fabrics,/fabrics/tencel-heavy-twill/,product,P3,mapped_noindex_holdback
fabric for jackets silk,GLOBAL,TBD,TBD,TBD,Commercial,Named Fabrics,/fabrics/silk-dupion/,product,P3,mapped_noindex_holdback
fabric for jackets structured,GLOBAL,TBD,TBD,TBD,Commercial,Named Fabrics,/fabrics/ponte-structured/,product,P3,mapped_noindex_holdback
fabric for jackets tencel,GLOBAL,TBD,TBD,TBD,Commercial,Named Fabrics,/fabrics/tencel-denim/,product,P3,mapped_noindex_holdback
fabric for jackets wool,GLOBAL,TBD,TBD,TBD,Commercial,Named Fabrics,/fabrics/wool-cotton-twill/,product,P3,mapped_noindex_holdback
fabric for knitwear birdseye,GLOBAL,TBD,TBD,TBD,Commercial,Named Fabrics,/fabrics/birdseye-cotton-pique/,product,P3,mapped_noindex_holdback
fabric for knitwear classic,GLOBAL,TBD,TBD,TBD,Commercial,Named Fabrics,/fabrics/classic-cotton-pique/,product,P3,mapped_noindex_holdback
fabric for knitwear cotton,GLOBAL,TBD,TBD,TBD,Commercial,Named Fabrics,/fabrics/cotton-boucle-yarn/,product,P3,mapped_noindex_holdback
fabric for knitwear fine,GLOBAL,TBD,TBD,TBD,Commercial,Named Fabrics,/fabrics/fine-cotton-pique/,product,P3,mapped_noindex_holdback
fabric for knitwear heavyweight,GLOBAL,TBD,TBD,TBD,Commercial,Named Fabrics,/fabrics/french-terry-heavyweight/,product,P3,mapped_noindex_holdback
fabric for knitwear lightweight,GLOBAL,TBD,TBD,TBD,Commercial,Named Fabrics,/fabrics/french-terry-lightweight/,product,P3,mapped_noindex_holdback
fabric for knitwear linen,GLOBAL,TBD,TBD,TBD,Commercial,Named Fabrics,/fabrics/linen-boucle-knit/,product,P3,mapped_noindex_holdback
fabric for knitwear linen-silk,GLOBAL,TBD,TBD,TBD,Commercial,Named Fabrics,/fabrics/linen-silk/,product,P3,mapped_noindex_holdback
fabric for knitwear mercerized,GLOBAL,TBD,TBD,TBD,Commercial,Named Fabrics,/fabrics/mercerized-cotton-jersey/,product,P3,mapped_noindex_holdback
fabric for knitwear organic,GLOBAL,TBD,TBD,TBD,Commercial,Named Fabrics,/fabrics/organic-cotton-pique/,product,P3,mapped_noindex_holdback
fabric for knitwear peached,GLOBAL,TBD,TBD,TBD,Commercial,Named Fabrics,/fabrics/french-terry-peached/,product,P3,mapped_noindex_holdback
fabric for knitwear pima,GLOBAL,TBD,TBD,TBD,Commercial,Named Fabrics,/fabrics/pima-cotton-jersey/,product,P3,mapped_noindex_holdback
fabric for knitwear recycled,GLOBAL,TBD,TBD,TBD,Commercial,Named Fabrics,/fabrics/french-terry-recycled-cotton/,product,P3,mapped_noindex_holdback
fabric for knitwear ribbed,GLOBAL,TBD,TBD,TBD,Commercial,Named Fabrics,/fabrics/ponte-ribbed/,product,P3,mapped_noindex_holdback
fabric for knitwear silk,GLOBAL,TBD,TBD,TBD,Commercial,Named Fabrics,/fabrics/silk-boucle/,product,P3,mapped_noindex_holdback
fabric for knitwear slub,GLOBAL,TBD,TBD,TBD,Commercial,Named Fabrics,/fabrics/french-terry-slub/,product,P3,mapped_noindex_holdback
fabric for knitwear stretch,GLOBAL,TBD,TBD,TBD,Commercial,Named Fabrics,/fabrics/french-terry-stretch/,product,P3,mapped_noindex_holdback
fabric for knitwear tencel,GLOBAL,TBD,TBD,TBD,Commercial,Named Fabrics,/fabrics/tencel-denim/,product,P3,mapped_noindex_holdback
fabric for layering pieces brushed,GLOBAL,TBD,TBD,TBD,Commercial,Named Fabrics,/fabrics/ponte-brushed/,product,P3,mapped_noindex_holdback
fabric for layering pieces classic,GLOBAL,TBD,TBD,TBD,Commercial,Named Fabrics,/fabrics/french-terry-classic/,product,P3,mapped_noindex_holdback
fabric for layering pieces cotton,GLOBAL,TBD,TBD,TBD,Commercial,Named Fabrics,/fabrics/cotton-organdy/,product,P3,mapped_noindex_holdback
fabric for layering pieces double,GLOBAL,TBD,TBD,TBD,Commercial,Named Fabrics,/fabrics/double-cotton-pique/,product,P3,mapped_noindex_holdback
fabric for layering pieces fine-gauge,GLOBAL,TBD,TBD,TBD,Commercial,Named Fabrics,/fabrics/fine-gauge-semi-sheer-knit/,product,P3,mapped_noindex_holdback
fabric for layering pieces heavyweight,GLOBAL,TBD,TBD,TBD,Commercial,Named Fabrics,/fabrics/french-terry-heavyweight/,product,P3,mapped_noindex_holdback
fabric for layering pieces lightweight,GLOBAL,TBD,TBD,TBD,Commercial,Named Fabrics,/fabrics/lightweight-merino-knit/,product,P3,mapped_noindex_holdback
fabric for layering pieces peached,GLOBAL,TBD,TBD,TBD,Commercial,Named Fabrics,/fabrics/french-terry-peached/,product,P3,mapped_noindex_holdback
fabric for layering pieces pima,GLOBAL,TBD,TBD,TBD,Commercial,Named Fabrics,/fabrics/pima-cotton-fleece/,product,P3,mapped_noindex_holdback
fabric for layering pieces recycled,GLOBAL,TBD,TBD,TBD,Commercial,Named Fabrics,/fabrics/french-terry-recycled-cotton/,product,P3,mapped_noindex_holdback
fabric for layering pieces slub,GLOBAL,TBD,TBD,TBD,Commercial,Named Fabrics,/fabrics/french-terry-slub/,product,P3,mapped_noindex_holdback
fabric for layering pieces wool,GLOBAL,TBD,TBD,TBD,Commercial,Named Fabrics,/fabrics/wool-alpaca-brushed/,product,P3,mapped_noindex_holdback
fabric for lightweight outerwear silk,GLOBAL,TBD,TBD,TBD,Commercial,Named Fabrics,/fabrics/silk-taffeta/,product,P3,mapped_noindex_holdback
fabric for linings batiste,GLOBAL,TBD,TBD,TBD,Commercial,Named Fabrics,/fabrics/batiste-lawn/,product,P3,mapped_noindex_holdback
fabric for linings crepe,GLOBAL,TBD,TBD,TBD,Commercial,Named Fabrics,/fabrics/crepe-de-chine/,product,P3,mapped_noindex_holdback
fabric for linings mercerized,GLOBAL,TBD,TBD,TBD,Commercial,Named Fabrics,/fabrics/mercerized-cotton-sateen/,product,P3,mapped_noindex_holdback
fabric for linings pima,GLOBAL,TBD,TBD,TBD,Commercial,Named Fabrics,/fabrics/pima-cotton-sateen/,product,P3,mapped_noindex_holdback
fabric for linings silk,GLOBAL,TBD,TBD,TBD,Commercial,Named Fabrics,/fabrics/silk-habotai/,product,P3,mapped_noindex_holdback
fabric for linings tencel,GLOBAL,TBD,TBD,TBD,Commercial,Named Fabrics,/fabrics/tencel-sateen/,product,P3,mapped_noindex_holdback
fabric for loungewear brushed,GLOBAL,TBD,TBD,TBD,Commercial,Named Fabrics,/fabrics/tencel-brushed/,product,P3,mapped_noindex_holdback
fabric for loungewear classic,GLOBAL,TBD,TBD,TBD,Commercial,Named Fabrics,/fabrics/french-terry-classic/,product,P3,mapped_noindex_holdback
fabric for loungewear cotton,GLOBAL,TBD,TBD,TBD,Commercial,Named Fabrics,/fabrics/french-terry-modal/,product,P3,mapped_noindex_holdback
fabric for loungewear cotton-rich,GLOBAL,TBD,TBD,TBD,Commercial,Named Fabrics,/fabrics/cotton-rich-pique/,product,P3,mapped_noindex_holdback
fabric for loungewear crossover,GLOBAL,TBD,TBD,TBD,Commercial,Named Fabrics,/fabrics/crossover-swimwear-fabric/,product,P3,mapped_noindex_holdback
fabric for loungewear egyptian,GLOBAL,TBD,TBD,TBD,Commercial,Named Fabrics,/fabrics/egyptian-cotton-flannel/,product,P3,mapped_noindex_holdback
fabric for loungewear fine,GLOBAL,TBD,TBD,TBD,Commercial,Named Fabrics,/fabrics/french-terry-loopback/,product,P3,mapped_noindex_holdback
fabric for loungewear heavyweight,GLOBAL,TBD,TBD,TBD,Commercial,Named Fabrics,/fabrics/french-terry-heavyweight/,product,P3,mapped_noindex_holdback
fabric for loungewear lightweight,GLOBAL,TBD,TBD,TBD,Commercial,Named Fabrics,/fabrics/french-terry-lightweight/,product,P3,mapped_noindex_holdback
fabric for loungewear organic,GLOBAL,TBD,TBD,TBD,Commercial,Named Fabrics,/fabrics/organic-oxford-cotton/,product,P3,mapped_noindex_holdback
fabric for loungewear oxford,GLOBAL,TBD,TBD,TBD,Commercial,Named Fabrics,/fabrics/oxford-chambray-cotton/,product,P3,mapped_noindex_holdback
fabric for loungewear peached,GLOBAL,TBD,TBD,TBD,Commercial,Named Fabrics,/fabrics/french-terry-peached/,product,P3,mapped_noindex_holdback
fabric for loungewear pima,GLOBAL,TBD,TBD,TBD,Commercial,Named Fabrics,/fabrics/pima-cotton-interlock/,product,P3,mapped_noindex_holdback
fabric for loungewear recycled,GLOBAL,TBD,TBD,TBD,Commercial,Named Fabrics,/fabrics/french-terry-recycled-cotton/,product,P3,mapped_noindex_holdback
fabric for loungewear slub,GLOBAL,TBD,TBD,TBD,Commercial,Named Fabrics,/fabrics/french-terry-slub/,product,P3,mapped_noindex_holdback
fabric for loungewear soft,GLOBAL,TBD,TBD,TBD,Commercial,Named Fabrics,/fabrics/soft-oxford-cotton/,product,P3,mapped_noindex_holdback
fabric for loungewear stretch,GLOBAL,TBD,TBD,TBD,Commercial,Named Fabrics,/fabrics/french-terry-stretch/,product,P3,mapped_noindex_holdback
fabric for loungewear ultra-light,GLOBAL,TBD,TBD,TBD,Commercial,Named Fabrics,/fabrics/ultra-light-semi-sheer-lounge-knit/,product,P3,mapped_noindex_holdback
fabric for occasionwear silk,GLOBAL,TBD,TBD,TBD,Commercial,Named Fabrics,/fabrics/silk-taffeta/,product,P3,mapped_noindex_holdback
fabric for occasionwear silk-viscose,GLOBAL,TBD,TBD,TBD,Commercial,Named Fabrics,/fabrics/silk-viscose-velvet/,product,P3,mapped_noindex_holdback
fabric for occasionwear wool,GLOBAL,TBD,TBD,TBD,Commercial,Named Fabrics,/fabrics/wool-silk-suiting/,product,P3,mapped_noindex_holdback
fabric for outerwear 2.5l,GLOBAL,TBD,TBD,TBD,Commercial,Named Fabrics,/fabrics/two-point-five-layer-membrane-laminate/,product,P3,mapped_noindex_holdback
fabric for outerwear 2l,GLOBAL,TBD,TBD,TBD,Commercial,Named Fabrics,/fabrics/two-layer-membrane-laminate/,product,P3,mapped_noindex_holdback
fabric for outerwear 3l,GLOBAL,TBD,TBD,TBD,Commercial,Named Fabrics,/fabrics/three-layer-membrane-laminate/,product,P3,mapped_noindex_holdback
fabric for outerwear jumbo,GLOBAL,TBD,TBD,TBD,Commercial,Named Fabrics,/fabrics/jumbo-corduroy/,product,P3,mapped_noindex_holdback
fabric for outerwear recycled,GLOBAL,TBD,TBD,TBD,Commercial,Named Fabrics,/fabrics/recycled-nylon-ripstop/,product,P3,mapped_noindex_holdback
fabric for outerwear wool-technical,GLOBAL,TBD,TBD,TBD,Commercial,Named Fabrics,/fabrics/wool-technical-hybrid/,product,P3,mapped_noindex_holdback
fabric for overlays crinkle,GLOBAL,TBD,TBD,TBD,Commercial,Named Fabrics,/fabrics/crinkle-chiffon/,product,P3,mapped_noindex_holdback
fabric for overlays double-layer,GLOBAL,TBD,TBD,TBD,Commercial,Named Fabrics,/fabrics/double-layer-chiffon/,product,P3,mapped_noindex_holdback
fabric for overlays egyptian,GLOBAL,TBD,TBD,TBD,Commercial,Named Fabrics,/fabrics/egyptian-cotton-voile/,product,P3,mapped_noindex_holdback
fabric for overlays embroidered,GLOBAL,TBD,TBD,TBD,Commercial,Named Fabrics,/fabrics/embroidered-cotton-lawn/,product,P3,mapped_noindex_holdback
fabric for overlays matte,GLOBAL,TBD,TBD,TBD,Commercial,Named Fabrics,/fabrics/matte-chiffon/,product,P3,mapped_noindex_holdback
fabric for overlays mercerized,GLOBAL,TBD,TBD,TBD,Commercial,Named Fabrics,/fabrics/mercerized-cotton-voile/,product,P3,mapped_noindex_holdback
fabric for overlays pima,GLOBAL,TBD,TBD,TBD,Commercial,Named Fabrics,/fabrics/pima-cotton-voile/,product,P3,mapped_noindex_holdback
fabric for overlays polyester,GLOBAL,TBD,TBD,TBD,Commercial,Named Fabrics,/fabrics/polyester-chiffon/,product,P3,mapped_noindex_holdback
fabric for overlays recycled,GLOBAL,TBD,TBD,TBD,Commercial,Named Fabrics,/fabrics/recycled-polyester-chiffon/,product,P3,mapped_noindex_holdback
fabric for overlays silk,GLOBAL,TBD,TBD,TBD,Commercial,Named Fabrics,/fabrics/silk-organza/,product,P3,mapped_noindex_holdback
fabric for overlays stretch,GLOBAL,TBD,TBD,TBD,Commercial,Named Fabrics,/fabrics/stretch-chiffon/,product,P3,mapped_noindex_holdback
fabric for overlays voile,GLOBAL,TBD,TBD,TBD,Commercial,Named Fabrics,/fabrics/voile-lawn/,product,P3,mapped_noindex_holdback
fabric for resortwear crochet-effect,GLOBAL,TBD,TBD,TBD,Commercial,Named Fabrics,/fabrics/crochet-effect-knit/,product,P3,mapped_noindex_holdback
fabric for resortwear egyptian,GLOBAL,TBD,TBD,TBD,Commercial,Named Fabrics,/fabrics/egyptian-cotton-seersucker/,product,P3,mapped_noindex_holdback
fabric for resortwear linen-silk,GLOBAL,TBD,TBD,TBD,Commercial,Named Fabrics,/fabrics/linen-silk/,product,P3,mapped_noindex_holdback
fabric for resortwear open-stitch,GLOBAL,TBD,TBD,TBD,Commercial,Named Fabrics,/fabrics/open-stitch-knit/,product,P3,mapped_noindex_holdback
fabric for resortwear silk,GLOBAL,TBD,TBD,TBD,Commercial,Named Fabrics,/fabrics/silk-noil/,product,P3,mapped_noindex_holdback
fabric for resortwear slub,GLOBAL,TBD,TBD,TBD,Commercial,Named Fabrics,/fabrics/slub-cotton-lawn/,product,P3,mapped_noindex_holdback
fabric for resortwear tencel,GLOBAL,TBD,TBD,TBD,Commercial,Named Fabrics,/fabrics/tencel-linen-blend/,product,P3,mapped_noindex_holdback
fabric for ruffles silk,GLOBAL,TBD,TBD,TBD,Commercial,Named Fabrics,/fabrics/silk-organza/,product,P3,mapped_noindex_holdback
fabric for rugs jute,GLOBAL,TBD,TBD,TBD,Commercial,Named Fabrics,/fabrics/jute-rug/,product,P3,mapped_noindex_holdback
fabric for rugs recycled,GLOBAL,TBD,TBD,TBD,Commercial,Named Fabrics,/fabrics/recycled-pet-pile-rug/,product,P3,mapped_noindex_holdback
fabric for rugs undyed,GLOBAL,TBD,TBD,TBD,Commercial,Named Fabrics,/fabrics/undyed-wool-rug/,product,P3,mapped_noindex_holdback
fabric for scarves crinkle,GLOBAL,TBD,TBD,TBD,Commercial,Named Fabrics,/fabrics/crinkle-chiffon/,product,P3,mapped_noindex_holdback
fabric for scarves polyester,GLOBAL,TBD,TBD,TBD,Commercial,Named Fabrics,/fabrics/polyester-chiffon/,product,P3,mapped_noindex_holdback
fabric for scarves printed,GLOBAL,TBD,TBD,TBD,Commercial,Named Fabrics,/fabrics/printed-chiffon/,product,P3,mapped_noindex_holdback
fabric for scarves recycled,GLOBAL,TBD,TBD,TBD,Commercial,Named Fabrics,/fabrics/recycled-polyester-chiffon/,product,P3,mapped_noindex_holdback
fabric for sheers open-weave,GLOBAL,TBD,TBD,TBD,Commercial,Named Fabrics,/fabrics/open-weave-linen-curtain/,product,P3,mapped_noindex_holdback
fabric for sheers technical,GLOBAL,TBD,TBD,TBD,Commercial,Named Fabrics,/fabrics/technical-voile/,product,P3,mapped_noindex_holdback
fabric for shirts birdseye,GLOBAL,TBD,TBD,TBD,Commercial,Named Fabrics,/fabrics/birdseye-cotton-pique/,product,P3,mapped_noindex_holdback
fabric for shirts brushed,GLOBAL,TBD,TBD,TBD,Commercial,Named Fabrics,/fabrics/brushed-flannel/,product,P3,mapped_noindex_holdback
fabric for shirts classic,GLOBAL,TBD,TBD,TBD,Commercial,Named Fabrics,/fabrics/classic-oxford-cotton/,product,P3,mapped_noindex_holdback
fabric for shirts cotton-rich,GLOBAL,TBD,TBD,TBD,Commercial,Named Fabrics,/fabrics/cotton-rich-pique/,product,P3,mapped_noindex_holdback
fabric for shirts crepe,GLOBAL,TBD,TBD,TBD,Commercial,Named Fabrics,/fabrics/crepe-de-chine/,product,P3,mapped_noindex_holdback
fabric for shirts double,GLOBAL,TBD,TBD,TBD,Commercial,Named Fabrics,/fabrics/double-cotton-pique/,product,P3,mapped_noindex_holdback
fabric for shirts egyptian,GLOBAL,TBD,TBD,TBD,Commercial,Named Fabrics,/fabrics/egyptian-cotton-poplin/,product,P3,mapped_noindex_holdback
fabric for shirts fine,GLOBAL,TBD,TBD,TBD,Commercial,Named Fabrics,/fabrics/fine-cotton-pique/,product,P3,mapped_noindex_holdback
fabric for shirts fine-wale,GLOBAL,TBD,TBD,TBD,Commercial,Named Fabrics,/fabrics/fine-wale-corduroy/,product,P3,mapped_noindex_holdback
fabric for shirts heavy,GLOBAL,TBD,TBD,TBD,Commercial,Named Fabrics,/fabrics/heavy-oxford-cotton/,product,P3,mapped_noindex_holdback
fabric for shirts honeycomb,GLOBAL,TBD,TBD,TBD,Commercial,Named Fabrics,/fabrics/honeycomb-cotton-pique/,product,P3,mapped_noindex_holdback
fabric for shirts mercerised,GLOBAL,TBD,TBD,TBD,Commercial,Named Fabrics,/fabrics/mercerised-cotton-lawn/,product,P3,mapped_noindex_holdback
fabric for shirts mercerized,GLOBAL,TBD,TBD,TBD,Commercial,Named Fabrics,/fabrics/mercerized-cotton-poplin/,product,P3,mapped_noindex_holdback
fabric for shirts organic,GLOBAL,TBD,TBD,TBD,Commercial,Named Fabrics,/fabrics/organic-cotton-lawn/,product,P3,mapped_noindex_holdback
fabric for shirts oxford,GLOBAL,TBD,TBD,TBD,Commercial,Named Fabrics,/fabrics/oxford-chambray-cotton/,product,P3,mapped_noindex_holdback
fabric for shirts pima,GLOBAL,TBD,TBD,TBD,Commercial,Named Fabrics,/fabrics/pima-cotton-poplin/,product,P3,mapped_noindex_holdback
fabric for shirts pinpoint,GLOBAL,TBD,TBD,TBD,Commercial,Named Fabrics,/fabrics/pinpoint-oxford-cotton/,product,P3,mapped_noindex_holdback
fabric for shirts printed,GLOBAL,TBD,TBD,TBD,Commercial,Named Fabrics,/fabrics/printed-cotton-lawn/,product,P3,mapped_noindex_holdback
fabric for shirts royal,GLOBAL,TBD,TBD,TBD,Commercial,Named Fabrics,/fabrics/royal-oxford-cotton/,product,P3,mapped_noindex_holdback
fabric for shirts silk,GLOBAL,TBD,TBD,TBD,Commercial,Named Fabrics,/fabrics/silk-broadcloth/,product,P3,mapped_noindex_holdback
fabric for shirts slub,GLOBAL,TBD,TBD,TBD,Commercial,Named Fabrics,/fabrics/slub-cotton-lawn/,product,P3,mapped_noindex_holdback
fabric for shirts soft,GLOBAL,TBD,TBD,TBD,Commercial,Named Fabrics,/fabrics/soft-oxford-cotton/,product,P3,mapped_noindex_holdback
fabric for shirts stretch,GLOBAL,TBD,TBD,TBD,Commercial,Named Fabrics,/fabrics/stretch-oxford-cotton/,product,P3,mapped_noindex_holdback
fabric for shirts tencel,GLOBAL,TBD,TBD,TBD,Commercial,Named Fabrics,/fabrics/tencel-plain-weave/,product,P3,mapped_noindex_holdback
fabric for slip dresses crepe,GLOBAL,TBD,TBD,TBD,Commercial,Named Fabrics,/fabrics/crepe-de-chine/,product,P3,mapped_noindex_holdback
fabric for slip dresses silk,GLOBAL,TBD,TBD,TBD,Commercial,Named Fabrics,/fabrics/silk-charmeuse/,product,P3,mapped_noindex_holdback
fabric for soft tailoring compact,GLOBAL,TBD,TBD,TBD,Commercial,Named Fabrics,/fabrics/ponte-compact/,product,P3,mapped_noindex_holdback
fabric for soft tailoring linen-lyocell,GLOBAL,TBD,TBD,TBD,Commercial,Named Fabrics,/fabrics/linen-lyocell/,product,P3,mapped_noindex_holdback
fabric for soft tailoring linen-viscose,GLOBAL,TBD,TBD,TBD,Commercial,Named Fabrics,/fabrics/linen-viscose/,product,P3,mapped_noindex_holdback
fabric for soft tailoring rayon,GLOBAL,TBD,TBD,TBD,Commercial,Named Fabrics,/fabrics/ponte-rayon-nylon/,product,P3,mapped_noindex_holdback
fabric for soft tailoring wool,GLOBAL,TBD,TBD,TBD,Commercial,Named Fabrics,/fabrics/wool-linen-tailoring-open-weave/,product,P3,mapped_noindex_holdback
fabric for statement knits alpaca,GLOBAL,TBD,TBD,TBD,Commercial,Named Fabrics,/fabrics/alpaca-blend/,product,P3,mapped_noindex_holdback
fabric for statement knits mohair,GLOBAL,TBD,TBD,TBD,Commercial,Named Fabrics,/fabrics/mohair-blend/,product,P3,mapped_noindex_holdback
fabric for suiting brushed,GLOBAL,TBD,TBD,TBD,Commercial,Named Fabrics,/fabrics/brushed-flannel/,product,P3,mapped_noindex_holdback
fabric for suiting merino,GLOBAL,TBD,TBD,TBD,Commercial,Named Fabrics,/fabrics/merino-roica-stretch-tailoring/,product,P3,mapped_noindex_holdback
fabric for suiting super,GLOBAL,TBD,TBD,TBD,Commercial,Named Fabrics,/fabrics/tropical-wool-super-110s-130s/,product,P3,mapped_noindex_holdback
fabric for suiting wool,GLOBAL,TBD,TBD,TBD,Commercial,Named Fabrics,/fabrics/wool-linen-tailoring-open-weave/,product,P3,mapped_noindex_holdback
fabric for suiting wool-silk,GLOBAL,TBD,TBD,TBD,Commercial,Named Fabrics,/fabrics/wool-silk-bi-stretch/,product,P3,mapped_noindex_holdback
fabric for swimwear crossover,GLOBAL,TBD,TBD,TBD,Commercial,Named Fabrics,/fabrics/crossover-swimwear-fabric/,product,P3,mapped_noindex_holdback
fabric for trousers brushed,GLOBAL,TBD,TBD,TBD,Commercial,Named Fabrics,/fabrics/brushed-flannel/,product,P3,mapped_noindex_holdback
fabric for trousers classic,GLOBAL,TBD,TBD,TBD,Commercial,Named Fabrics,/fabrics/ponte-double-knit/,product,P3,mapped_noindex_holdback
fabric for trousers compact,GLOBAL,TBD,TBD,TBD,Commercial,Named Fabrics,/fabrics/ponte-compact/,product,P3,mapped_noindex_holdback
fabric for trousers cotton,GLOBAL,TBD,TBD,TBD,Commercial,Named Fabrics,/fabrics/ponte-cotton-rayon/,product,P3,mapped_noindex_holdback
fabric for trousers egyptian,GLOBAL,TBD,TBD,TBD,Commercial,Named Fabrics,/fabrics/egyptian-cotton-twill/,product,P3,mapped_noindex_holdback
fabric for trousers fine-wale,GLOBAL,TBD,TBD,TBD,Commercial,Named Fabrics,/fabrics/fine-wale-corduroy/,product,P3,mapped_noindex_holdback
fabric for trousers heavy,GLOBAL,TBD,TBD,TBD,Commercial,Named Fabrics,/fabrics/tencel-heavy-twill/,product,P3,mapped_noindex_holdback
fabric for trousers jumbo,GLOBAL,TBD,TBD,TBD,Commercial,Named Fabrics,/fabrics/jumbo-corduroy/,product,P3,mapped_noindex_holdback
fabric for trousers linen-lyocell,GLOBAL,TBD,TBD,TBD,Commercial,Named Fabrics,/fabrics/linen-lyocell/,product,P3,mapped_noindex_holdback
fabric for trousers linen-viscose,GLOBAL,TBD,TBD,TBD,Commercial,Named Fabrics,/fabrics/linen-viscose/,product,P3,mapped_noindex_holdback
fabric for trousers matte,GLOBAL,TBD,TBD,TBD,Commercial,Named Fabrics,/fabrics/ponte-matte/,product,P3,mapped_noindex_holdback
fabric for trousers mercerized,GLOBAL,TBD,TBD,TBD,Commercial,Named Fabrics,/fabrics/mercerized-cotton-twill/,product,P3,mapped_noindex_holdback
fabric for trousers rayon,GLOBAL,TBD,TBD,TBD,Commercial,Named Fabrics,/fabrics/ponte-rayon-nylon/,product,P3,mapped_noindex_holdback
fabric for trousers structured,GLOBAL,TBD,TBD,TBD,Commercial,Named Fabrics,/fabrics/ponte-structured/,product,P3,mapped_noindex_holdback
fabric for trousers tencel,GLOBAL,TBD,TBD,TBD,Commercial,Named Fabrics,/fabrics/tencel-twill/,product,P3,mapped_noindex_holdback
fabric for trousers travel,GLOBAL,TBD,TBD,TBD,Commercial,Named Fabrics,/fabrics/ponte-travel/,product,P3,mapped_noindex_holdback
fabric for trousers wool,GLOBAL,TBD,TBD,TBD,Commercial,Named Fabrics,/fabrics/wool-cotton-twill/,product,P3,mapped_noindex_holdback
fabric for unlined coats double-face,GLOBAL,TBD,TBD,TBD,Commercial,Named Fabrics,/fabrics/double-face-wool/,product,P3,mapped_noindex_holdback
fabric for unstructured jackets wool,GLOBAL,TBD,TBD,TBD,Commercial,Named Fabrics,/fabrics/wool-linen-tailoring-open-weave/,product,P3,mapped_noindex_holdback
fabric for unstructured jackets wool-linen,GLOBAL,TBD,TBD,TBD,Commercial,Named Fabrics,/fabrics/wool-linen-open-weave/,product,P3,mapped_noindex_holdback
fabric for unstructured jackets wool-mohair,GLOBAL,TBD,TBD,TBD,Commercial,Named Fabrics,/fabrics/wool-mohair-open-weave/,product,P3,mapped_noindex_holdback
fabric for upholstery heavy,GLOBAL,TBD,TBD,TBD,Commercial,Named Fabrics,/fabrics/heavy-linen-upholstery/,product,P3,mapped_noindex_holdback
fabric for upholstery performance,GLOBAL,TBD,TBD,TBD,Commercial,Named Fabrics,/fabrics/performance-upholstery-weave/,product,P3,mapped_noindex_holdback
fabric for upholstery upholstery,GLOBAL,TBD,TBD,TBD,Commercial,Named Fabrics,/fabrics/upholstery-boucle/,product,P3,mapped_noindex_holdback
fabric for upholstery wool,GLOBAL,TBD,TBD,TBD,Commercial,Named Fabrics,/fabrics/wool-felt-upholstery/,product,P3,mapped_noindex_holdback
fabric for volume sleeves silk,GLOBAL,TBD,TBD,TBD,Commercial,Named Fabrics,/fabrics/silk-organza/,product,P3,mapped_noindex_holdback
fabric for workwear jackets birdseye,GLOBAL,TBD,TBD,TBD,Commercial,Named Fabrics,/fabrics/birdseye-cotton-pique/,product,P3,mapped_noindex_holdback
fabric for workwear jackets classic,GLOBAL,TBD,TBD,TBD,Commercial,Named Fabrics,/fabrics/classic-oxford-cotton/,product,P3,mapped_noindex_holdback
fabric for workwear jackets cotton,GLOBAL,TBD,TBD,TBD,Commercial,Named Fabrics,/fabrics/cotton-moleskin/,product,P3,mapped_noindex_holdback
fabric for workwear jackets cotton-rich,GLOBAL,TBD,TBD,TBD,Commercial,Named Fabrics,/fabrics/cotton-rich-pique/,product,P3,mapped_noindex_holdback
fabric for workwear jackets egyptian,GLOBAL,TBD,TBD,TBD,Commercial,Named Fabrics,/fabrics/egyptian-cotton-poplin/,product,P3,mapped_noindex_holdback
fabric for workwear jackets heavy,GLOBAL,TBD,TBD,TBD,Commercial,Named Fabrics,/fabrics/heavy-oxford-cotton/,product,P3,mapped_noindex_holdback
fabric for workwear jackets honeycomb,GLOBAL,TBD,TBD,TBD,Commercial,Named Fabrics,/fabrics/honeycomb-cotton-pique/,product,P3,mapped_noindex_holdback
fabric for workwear jackets matte,GLOBAL,TBD,TBD,TBD,Commercial,Named Fabrics,/fabrics/ponte-matte/,product,P3,mapped_noindex_holdback
fabric for workwear jackets mercerized,GLOBAL,TBD,TBD,TBD,Commercial,Named Fabrics,/fabrics/mercerized-cotton-poplin/,product,P3,mapped_noindex_holdback
fabric for workwear jackets organic,GLOBAL,TBD,TBD,TBD,Commercial,Named Fabrics,/fabrics/organic-oxford-cotton/,product,P3,mapped_noindex_holdback
fabric for workwear jackets oxford,GLOBAL,TBD,TBD,TBD,Commercial,Named Fabrics,/fabrics/oxford-chambray-cotton/,product,P3,mapped_noindex_holdback
fabric for workwear jackets pima,GLOBAL,TBD,TBD,TBD,Commercial,Named Fabrics,/fabrics/pima-cotton-broadcloth/,product,P3,mapped_noindex_holdback
fabric for workwear jackets pinpoint,GLOBAL,TBD,TBD,TBD,Commercial,Named Fabrics,/fabrics/pinpoint-oxford-cotton/,product,P3,mapped_noindex_holdback
fabric for workwear jackets royal,GLOBAL,TBD,TBD,TBD,Commercial,Named Fabrics,/fabrics/royal-oxford-cotton/,product,P3,mapped_noindex_holdback
fabric for workwear jackets soft,GLOBAL,TBD,TBD,TBD,Commercial,Named Fabrics,/fabrics/soft-oxford-cotton/,product,P3,mapped_noindex_holdback
fabric for workwear jackets stretch,GLOBAL,TBD,TBD,TBD,Commercial,Named Fabrics,/fabrics/stretch-oxford-cotton/,product,P3,mapped_noindex_holdback
fabric for workwear jackets structured,GLOBAL,TBD,TBD,TBD,Commercial,Named Fabrics,/fabrics/ponte-structured/,product,P3,mapped_noindex_holdback
fabric for workwear jackets wool,GLOBAL,TBD,TBD,TBD,Commercial,Named Fabrics,/fabrics/wool-cotton-twill/,product,P3,mapped_noindex_holdback
fabric for workwear trousers cotton,GLOBAL,TBD,TBD,TBD,Commercial,Named Fabrics,/fabrics/cotton-moleskin/,product,P3,mapped_noindex_holdback
felt wool felt upholstery,GLOBAL,TBD,TBD,TBD,Commercial,Named Fabrics,/fabrics/wool-felt-upholstery/,product,P3,mapped_noindex_holdback
fine close plain weave egyptian cotton broadcloth,GLOBAL,TBD,TBD,TBD,Commercial,Named Fabrics,/fabrics/egyptian-cotton-broadcloth/,product,P3,mapped_noindex_holdback
fine close plain weave mercerized cotton broadcloth,GLOBAL,TBD,TBD,TBD,Commercial,Named Fabrics,/fabrics/mercerized-cotton-broadcloth/,product,P3,mapped_noindex_holdback
fine close plain weave pima cotton broadcloth,GLOBAL,TBD,TBD,TBD,Commercial,Named Fabrics,/fabrics/pima-cotton-broadcloth/,product,P3,mapped_noindex_holdback
fine cotton piqué,GLOBAL,TBD,TBD,TBD,Commercial,Named Fabrics,/fabrics/fine-cotton-pique/,product,P3,mapped_noindex_holdback
fine cotton piqué fabric,GLOBAL,TBD,TBD,TBD,Commercial,Named Fabrics,/fabrics/fine-cotton-pique/,product,P3,mapped_noindex_holdback
fine cotton piqué fabric online,GLOBAL,TBD,TBD,TBD,Commercial,Named Fabrics,/fabrics/fine-cotton-pique/,product,P3,mapped_noindex_holdback
fine cotton piqué for baselayers,GLOBAL,TBD,TBD,TBD,Commercial,Named Fabrics,/fabrics/fine-cotton-pique/,product,P3,mapped_noindex_holdback
fine cotton piqué for knitwear,GLOBAL,TBD,TBD,TBD,Commercial,Named Fabrics,/fabrics/fine-cotton-pique/,product,P3,mapped_noindex_holdback
fine cotton piqué for shirts,GLOBAL,TBD,TBD,TBD,Commercial,Named Fabrics,/fabrics/fine-cotton-pique/,product,P3,mapped_noindex_holdback
fine cotton piqué textile,GLOBAL,TBD,TBD,TBD,Commercial,Named Fabrics,/fabrics/fine-cotton-pique/,product,P3,mapped_noindex_holdback
fine high-count plain weave cotton lawn,GLOBAL,TBD,TBD,TBD,Commercial,Named Fabrics,/fabrics/cotton-lawn/,product,P3,mapped_noindex_holdback
fine high-count plain weave mercerized cotton lawn,GLOBAL,TBD,TBD,TBD,Commercial,Named Fabrics,/fabrics/mercerized-cotton-lawn/,product,P3,mapped_noindex_holdback
fine high-count plain weave organic cotton lawn,GLOBAL,TBD,TBD,TBD,Commercial,Named Fabrics,/fabrics/organic-cotton-lawn/,product,P3,mapped_noindex_holdback
fine high-count plain weave printed cotton lawn,GLOBAL,TBD,TBD,TBD,Commercial,Named Fabrics,/fabrics/printed-cotton-lawn/,product,P3,mapped_noindex_holdback
fine loopback french terry,GLOBAL,TBD,TBD,TBD,Commercial,Named Fabrics,/fabrics/french-terry-loopback/,product,P3,mapped_noindex_holdback
fine loopback french terry fabric,GLOBAL,TBD,TBD,TBD,Commercial,Named Fabrics,/fabrics/french-terry-loopback/,product,P3,mapped_noindex_holdback
fine loopback french terry fabric online,GLOBAL,TBD,TBD,TBD,Commercial,Named Fabrics,/fabrics/french-terry-loopback/,product,P3,mapped_noindex_holdback
fine loopback french terry for baselayers,GLOBAL,TBD,TBD,TBD,Commercial,Named Fabrics,/fabrics/french-terry-loopback/,product,P3,mapped_noindex_holdback
fine loopback french terry for knitwear,GLOBAL,TBD,TBD,TBD,Commercial,Named Fabrics,/fabrics/french-terry-loopback/,product,P3,mapped_noindex_holdback
fine loopback french terry for loungewear,GLOBAL,TBD,TBD,TBD,Commercial,Named Fabrics,/fabrics/french-terry-loopback/,product,P3,mapped_noindex_holdback
fine loopback french terry textile,GLOBAL,TBD,TBD,TBD,Commercial,Named Fabrics,/fabrics/french-terry-loopback/,product,P3,mapped_noindex_holdback
fine open plain weave egyptian cotton voile,GLOBAL,TBD,TBD,TBD,Commercial,Named Fabrics,/fabrics/egyptian-cotton-voile/,product,P3,mapped_noindex_holdback
fine open plain weave mercerized cotton voile,GLOBAL,TBD,TBD,TBD,Commercial,Named Fabrics,/fabrics/mercerized-cotton-voile/,product,P3,mapped_noindex_holdback
fine open plain weave pima cotton voile,GLOBAL,TBD,TBD,TBD,Commercial,Named Fabrics,/fabrics/pima-cotton-voile/,product,P3,mapped_noindex_holdback
fine open plain weave voile lawn,GLOBAL,TBD,TBD,TBD,Commercial,Named Fabrics,/fabrics/voile-lawn/,product,P3,mapped_noindex_holdback
fine oxford basketweave pinpoint oxford cotton,GLOBAL,TBD,TBD,TBD,Commercial,Named Fabrics,/fabrics/pinpoint-oxford-cotton/,product,P3,mapped_noindex_holdback
fine plain weave batiste lawn,GLOBAL,TBD,TBD,TBD,Commercial,Named Fabrics,/fabrics/batiste-lawn/,product,P3,mapped_noindex_holdback
fine plain weave egyptian cotton poplin,GLOBAL,TBD,TBD,TBD,Commercial,Named Fabrics,/fabrics/egyptian-cotton-poplin/,product,P3,mapped_noindex_holdback
fine plain weave embroidered cotton lawn,GLOBAL,TBD,TBD,TBD,Commercial,Named Fabrics,/fabrics/embroidered-cotton-lawn/,product,P3,mapped_noindex_holdback
fine plain weave mercerised cotton lawn,GLOBAL,TBD,TBD,TBD,Commercial,Named Fabrics,/fabrics/mercerised-cotton-lawn/,product,P3,mapped_noindex_holdback
fine plain weave mercerized cotton poplin,GLOBAL,TBD,TBD,TBD,Commercial,Named Fabrics,/fabrics/mercerized-cotton-poplin/,product,P3,mapped_noindex_holdback
fine plain weave pima cotton poplin,GLOBAL,TBD,TBD,TBD,Commercial,Named Fabrics,/fabrics/pima-cotton-poplin/,product,P3,mapped_noindex_holdback
fine plain weave slub cotton lawn,GLOBAL,TBD,TBD,TBD,Commercial,Named Fabrics,/fabrics/slub-cotton-lawn/,product,P3,mapped_noindex_holdback
fine plain weave tencel shirting,GLOBAL,TBD,TBD,TBD,Commercial,Named Fabrics,/fabrics/tencel-shirting/,product,P3,mapped_noindex_holdback
fine plain weave wool silk suiting blend,GLOBAL,TBD,TBD,TBD,Commercial,Named Fabrics,/fabrics/wool-silk-suiting/,product,P3,mapped_noindex_holdback
fine ribbed weave silk faille,GLOBAL,TBD,TBD,TBD,Commercial,Named Fabrics,/fabrics/silk-faille/,product,P3,mapped_noindex_holdback
fine-gauge french terry fine loopback french terry,GLOBAL,TBD,TBD,TBD,Commercial,Named Fabrics,/fabrics/french-terry-loopback/,product,P3,mapped_noindex_holdback
fine-gauge piqué knit fine cotton piqué,GLOBAL,TBD,TBD,TBD,Commercial,Named Fabrics,/fabrics/fine-cotton-pique/,product,P3,mapped_noindex_holdback
fine-gauge semi-sheer knit,GLOBAL,TBD,TBD,TBD,Commercial,Named Fabrics,/fabrics/fine-gauge-semi-sheer-knit/,product,P3,mapped_noindex_holdback
fine-gauge semi-sheer knit fabric,GLOBAL,TBD,TBD,TBD,Commercial,Named Fabrics,/fabrics/fine-gauge-semi-sheer-knit/,product,P3,mapped_noindex_holdback
fine-gauge semi-sheer knit fabric online,GLOBAL,TBD,TBD,TBD,Commercial,Named Fabrics,/fabrics/fine-gauge-semi-sheer-knit/,product,P3,mapped_noindex_holdback
fine-gauge semi-sheer knit for layering pieces,GLOBAL,TBD,TBD,TBD,Commercial,Named Fabrics,/fabrics/fine-gauge-semi-sheer-knit/,product,P3,mapped_noindex_holdback
fine-gauge semi-sheer knit textile,GLOBAL,TBD,TBD,TBD,Commercial,Named Fabrics,/fabrics/fine-gauge-semi-sheer-knit/,product,P3,mapped_noindex_holdback
fine-wale corduroy,GLOBAL,TBD,TBD,TBD,Commercial,Named Fabrics,/fabrics/fine-wale-corduroy/,product,P3,mapped_noindex_holdback
fine-wale corduroy fabric,GLOBAL,TBD,TBD,TBD,Commercial,Named Fabrics,/fabrics/fine-wale-corduroy/,product,P3,mapped_noindex_holdback
fine-wale corduroy fabric online,GLOBAL,TBD,TBD,TBD,Commercial,Named Fabrics,/fabrics/fine-wale-corduroy/,product,P3,mapped_noindex_holdback
fine-wale corduroy fine-wale corduroy,GLOBAL,TBD,TBD,TBD,Commercial,Named Fabrics,/fabrics/fine-wale-corduroy/,product,P3,mapped_noindex_holdback
fine-wale corduroy for shirts,GLOBAL,TBD,TBD,TBD,Commercial,Named Fabrics,/fabrics/fine-wale-corduroy/,product,P3,mapped_noindex_holdback
fine-wale corduroy for trousers,GLOBAL,TBD,TBD,TBD,Commercial,Named Fabrics,/fabrics/fine-wale-corduroy/,product,P3,mapped_noindex_holdback
fine-wale corduroy textile,GLOBAL,TBD,TBD,TBD,Commercial,Named Fabrics,/fabrics/fine-wale-corduroy/,product,P3,mapped_noindex_holdback
fleece knit pima cotton fleece,GLOBAL,TBD,TBD,TBD,Commercial,Named Fabrics,/fabrics/pima-cotton-fleece/,product,P3,mapped_noindex_holdback
french terry knit classic french terry,GLOBAL,TBD,TBD,TBD,Commercial,Named Fabrics,/fabrics/french-terry-classic/,product,P3,mapped_noindex_holdback
french terry knit cotton modal french terry,GLOBAL,TBD,TBD,TBD,Commercial,Named Fabrics,/fabrics/french-terry-modal/,product,P3,mapped_noindex_holdback
french terry knit lightweight french terry,GLOBAL,TBD,TBD,TBD,Commercial,Named Fabrics,/fabrics/french-terry-lightweight/,product,P3,mapped_noindex_holdback
french terry knit organic cotton french terry,GLOBAL,TBD,TBD,TBD,Commercial,Named Fabrics,/fabrics/french-terry-organic/,product,P3,mapped_noindex_holdback
french terry knit peached french terry,GLOBAL,TBD,TBD,TBD,Commercial,Named Fabrics,/fabrics/french-terry-peached/,product,P3,mapped_noindex_holdback
french terry knit recycled cotton french terry,GLOBAL,TBD,TBD,TBD,Commercial,Named Fabrics,/fabrics/french-terry-recycled-cotton/,product,P3,mapped_noindex_holdback
french terry knit stretch french terry,GLOBAL,TBD,TBD,TBD,Commercial,Named Fabrics,/fabrics/french-terry-stretch/,product,P3,mapped_noindex_holdback
fulled melton wool cashmere melton blend,GLOBAL,TBD,TBD,TBD,Commercial,Named Fabrics,/fabrics/wool-cashmere-melton/,product,P3,mapped_noindex_holdback
gabardine membrane-backed gabardine,GLOBAL,TBD,TBD,TBD,Commercial,Named Fabrics,/fabrics/membrane-backed-gabardine/,product,P3,mapped_noindex_holdback
heavy french terry knit heavyweight french terry,GLOBAL,TBD,TBD,TBD,Commercial,Named Fabrics,/fabrics/french-terry-heavyweight/,product,P3,mapped_noindex_holdback
heavy linen upholstery,GLOBAL,TBD,TBD,TBD,Commercial,Named Fabrics,/fabrics/heavy-linen-upholstery/,product,P3,mapped_noindex_holdback
heavy linen upholstery fabric,GLOBAL,TBD,TBD,TBD,Commercial,Named Fabrics,/fabrics/heavy-linen-upholstery/,product,P3,mapped_noindex_holdback
heavy linen upholstery fabric online,GLOBAL,TBD,TBD,TBD,Commercial,Named Fabrics,/fabrics/heavy-linen-upholstery/,product,P3,mapped_noindex_holdback
heavy linen upholstery for upholstery,GLOBAL,TBD,TBD,TBD,Commercial,Named Fabrics,/fabrics/heavy-linen-upholstery/,product,P3,mapped_noindex_holdback
heavy linen upholstery textile,GLOBAL,TBD,TBD,TBD,Commercial,Named Fabrics,/fabrics/heavy-linen-upholstery/,product,P3,mapped_noindex_holdback
heavy oxford basketweave heavy oxford cotton,GLOBAL,TBD,TBD,TBD,Commercial,Named Fabrics,/fabrics/heavy-oxford-cotton/,product,P3,mapped_noindex_holdback
heavy oxford cotton,GLOBAL,TBD,TBD,TBD,Commercial,Named Fabrics,/fabrics/heavy-oxford-cotton/,product,P3,mapped_noindex_holdback
heavy oxford cotton fabric,GLOBAL,TBD,TBD,TBD,Commercial,Named Fabrics,/fabrics/heavy-oxford-cotton/,product,P3,mapped_noindex_holdback
heavy oxford cotton fabric online,GLOBAL,TBD,TBD,TBD,Commercial,Named Fabrics,/fabrics/heavy-oxford-cotton/,product,P3,mapped_noindex_holdback
heavy oxford cotton for chore jackets,GLOBAL,TBD,TBD,TBD,Commercial,Named Fabrics,/fabrics/heavy-oxford-cotton/,product,P3,mapped_noindex_holdback
heavy oxford cotton for shirts,GLOBAL,TBD,TBD,TBD,Commercial,Named Fabrics,/fabrics/heavy-oxford-cotton/,product,P3,mapped_noindex_holdback
heavy oxford cotton for workwear jackets,GLOBAL,TBD,TBD,TBD,Commercial,Named Fabrics,/fabrics/heavy-oxford-cotton/,product,P3,mapped_noindex_holdback
heavy oxford cotton textile,GLOBAL,TBD,TBD,TBD,Commercial,Named Fabrics,/fabrics/heavy-oxford-cotton/,product,P3,mapped_noindex_holdback
heavy ponte double knit structured ponte,GLOBAL,TBD,TBD,TBD,Commercial,Named Fabrics,/fabrics/ponte-structured/,product,P3,mapped_noindex_holdback
heavy tencel twill,GLOBAL,TBD,TBD,TBD,Commercial,Named Fabrics,/fabrics/tencel-heavy-twill/,product,P3,mapped_noindex_holdback
heavy tencel twill fabric,GLOBAL,TBD,TBD,TBD,Commercial,Named Fabrics,/fabrics/tencel-heavy-twill/,product,P3,mapped_noindex_holdback
heavy tencel twill fabric online,GLOBAL,TBD,TBD,TBD,Commercial,Named Fabrics,/fabrics/tencel-heavy-twill/,product,P3,mapped_noindex_holdback
heavy tencel twill for dresses,GLOBAL,TBD,TBD,TBD,Commercial,Named Fabrics,/fabrics/tencel-heavy-twill/,product,P3,mapped_noindex_holdback
heavy tencel twill for jackets,GLOBAL,TBD,TBD,TBD,Commercial,Named Fabrics,/fabrics/tencel-heavy-twill/,product,P3,mapped_noindex_holdback
heavy tencel twill for trousers,GLOBAL,TBD,TBD,TBD,Commercial,Named Fabrics,/fabrics/tencel-heavy-twill/,product,P3,mapped_noindex_holdback
heavy tencel twill textile,GLOBAL,TBD,TBD,TBD,Commercial,Named Fabrics,/fabrics/tencel-heavy-twill/,product,P3,mapped_noindex_holdback
heavyweight french terry,GLOBAL,TBD,TBD,TBD,Commercial,Named Fabrics,/fabrics/french-terry-heavyweight/,product,P3,mapped_noindex_holdback
heavyweight french terry fabric,GLOBAL,TBD,TBD,TBD,Commercial,Named Fabrics,/fabrics/french-terry-heavyweight/,product,P3,mapped_noindex_holdback
heavyweight french terry fabric online,GLOBAL,TBD,TBD,TBD,Commercial,Named Fabrics,/fabrics/french-terry-heavyweight/,product,P3,mapped_noindex_holdback
heavyweight french terry for knitwear,GLOBAL,TBD,TBD,TBD,Commercial,Named Fabrics,/fabrics/french-terry-heavyweight/,product,P3,mapped_noindex_holdback
heavyweight french terry for layering pieces,GLOBAL,TBD,TBD,TBD,Commercial,Named Fabrics,/fabrics/french-terry-heavyweight/,product,P3,mapped_noindex_holdback
heavyweight french terry for loungewear,GLOBAL,TBD,TBD,TBD,Commercial,Named Fabrics,/fabrics/french-terry-heavyweight/,product,P3,mapped_noindex_holdback
heavyweight french terry textile,GLOBAL,TBD,TBD,TBD,Commercial,Named Fabrics,/fabrics/french-terry-heavyweight/,product,P3,mapped_noindex_holdback
hemp-cotton denim,GLOBAL,TBD,TBD,TBD,Commercial,Named Fabrics,/fabrics/hemp-cotton-denim/,product,P3,mapped_noindex_holdback
hemp-cotton denim fabric,GLOBAL,TBD,TBD,TBD,Commercial,Named Fabrics,/fabrics/hemp-cotton-denim/,product,P3,mapped_noindex_holdback
hemp-cotton denim fabric online,GLOBAL,TBD,TBD,TBD,Commercial,Named Fabrics,/fabrics/hemp-cotton-denim/,product,P3,mapped_noindex_holdback
hemp-cotton denim textile,GLOBAL,TBD,TBD,TBD,Commercial,Named Fabrics,/fabrics/hemp-cotton-denim/,product,P3,mapped_noindex_holdback
herringbone herringbone tweed,GLOBAL,TBD,TBD,TBD,Commercial,Named Fabrics,/fabrics/herringbone-tweed/,product,P3,mapped_noindex_holdback
herringbone tweed,GLOBAL,TBD,TBD,TBD,Commercial,Named Fabrics,/fabrics/herringbone-tweed/,product,P3,mapped_noindex_holdback
herringbone tweed fabric,GLOBAL,TBD,TBD,TBD,Commercial,Named Fabrics,/fabrics/herringbone-tweed/,product,P3,mapped_noindex_holdback
herringbone tweed fabric online,GLOBAL,TBD,TBD,TBD,Commercial,Named Fabrics,/fabrics/herringbone-tweed/,product,P3,mapped_noindex_holdback
herringbone tweed textile,GLOBAL,TBD,TBD,TBD,Commercial,Named Fabrics,/fabrics/herringbone-tweed/,product,P3,mapped_noindex_holdback
honeycomb cotton piqué,GLOBAL,TBD,TBD,TBD,Commercial,Named Fabrics,/fabrics/honeycomb-cotton-pique/,product,P3,mapped_noindex_holdback
honeycomb cotton piqué fabric,GLOBAL,TBD,TBD,TBD,Commercial,Named Fabrics,/fabrics/honeycomb-cotton-pique/,product,P3,mapped_noindex_holdback
honeycomb cotton piqué fabric online,GLOBAL,TBD,TBD,TBD,Commercial,Named Fabrics,/fabrics/honeycomb-cotton-pique/,product,P3,mapped_noindex_holdback
honeycomb cotton piqué for activewear,GLOBAL,TBD,TBD,TBD,Commercial,Named Fabrics,/fabrics/honeycomb-cotton-pique/,product,P3,mapped_noindex_holdback
honeycomb cotton piqué for shirts,GLOBAL,TBD,TBD,TBD,Commercial,Named Fabrics,/fabrics/honeycomb-cotton-pique/,product,P3,mapped_noindex_holdback
honeycomb cotton piqué for workwear jackets,GLOBAL,TBD,TBD,TBD,Commercial,Named Fabrics,/fabrics/honeycomb-cotton-pique/,product,P3,mapped_noindex_holdback
honeycomb cotton piqué textile,GLOBAL,TBD,TBD,TBD,Commercial,Named Fabrics,/fabrics/honeycomb-cotton-pique/,product,P3,mapped_noindex_holdback
honeycomb piqué knit honeycomb cotton piqué,GLOBAL,TBD,TBD,TBD,Commercial,Named Fabrics,/fabrics/honeycomb-cotton-pique/,product,P3,mapped_noindex_holdback
inherently fr polyester,GLOBAL,TBD,TBD,TBD,Commercial,Named Fabrics,/fabrics/inherently-fr-polyester/,product,P3,mapped_noindex_holdback
inherently fr polyester fabric,GLOBAL,TBD,TBD,TBD,Commercial,Named Fabrics,/fabrics/inherently-fr-polyester/,product,P3,mapped_noindex_holdback
inherently fr polyester fabric online,GLOBAL,TBD,TBD,TBD,Commercial,Named Fabrics,/fabrics/inherently-fr-polyester/,product,P3,mapped_noindex_holdback
inherently fr polyester for contract textiles,GLOBAL,TBD,TBD,TBD,Commercial,Named Fabrics,/fabrics/inherently-fr-polyester/,product,P3,mapped_noindex_holdback
inherently fr polyester textile,GLOBAL,TBD,TBD,TBD,Commercial,Named Fabrics,/fabrics/inherently-fr-polyester/,product,P3,mapped_noindex_holdback
insulating fill down-alternative fill,GLOBAL,TBD,TBD,TBD,Commercial,Named Fabrics,/fabrics/down-alternative-fill/,product,P3,mapped_noindex_holdback
interlock knit pima cotton interlock,GLOBAL,TBD,TBD,TBD,Commercial,Named Fabrics,/fabrics/pima-cotton-interlock/,product,P3,mapped_noindex_holdback
jacquard deconstructed jacquard,GLOBAL,TBD,TBD,TBD,Commercial,Named Fabrics,/fabrics/deconstructed-jacquard/,product,P3,mapped_noindex_holdback
jumbo cord jumbo corduroy,GLOBAL,TBD,TBD,TBD,Commercial,Named Fabrics,/fabrics/jumbo-corduroy/,product,P3,mapped_noindex_holdback
jumbo corduroy fabric,GLOBAL,TBD,TBD,TBD,Commercial,Named Fabrics,/fabrics/jumbo-corduroy/,product,P3,mapped_noindex_holdback
jumbo corduroy fabric online,GLOBAL,TBD,TBD,TBD,Commercial,Named Fabrics,/fabrics/jumbo-corduroy/,product,P3,mapped_noindex_holdback
jumbo corduroy for outerwear,GLOBAL,TBD,TBD,TBD,Commercial,Named Fabrics,/fabrics/jumbo-corduroy/,product,P3,mapped_noindex_holdback
jumbo corduroy for trousers,GLOBAL,TBD,TBD,TBD,Commercial,Named Fabrics,/fabrics/jumbo-corduroy/,product,P3,mapped_noindex_holdback
jumbo corduroy textile,GLOBAL,TBD,TBD,TBD,Commercial,Named Fabrics,/fabrics/jumbo-corduroy/,product,P3,mapped_noindex_holdback
jute jute rug,GLOBAL,TBD,TBD,TBD,Commercial,Named Fabrics,/fabrics/jute-rug/,product,P3,mapped_noindex_holdback
jute rug,GLOBAL,TBD,TBD,TBD,Commercial,Named Fabrics,/fabrics/jute-rug/,product,P3,mapped_noindex_holdback
jute rug fabric,GLOBAL,TBD,TBD,TBD,Commercial,Named Fabrics,/fabrics/jute-rug/,product,P3,mapped_noindex_holdback
jute rug fabric online,GLOBAL,TBD,TBD,TBD,Commercial,Named Fabrics,/fabrics/jute-rug/,product,P3,mapped_noindex_holdback
jute rug for rugs,GLOBAL,TBD,TBD,TBD,Commercial,Named Fabrics,/fabrics/jute-rug/,product,P3,mapped_noindex_holdback
jute rug textile,GLOBAL,TBD,TBD,TBD,Commercial,Named Fabrics,/fabrics/jute-rug/,product,P3,mapped_noindex_holdback
khadi-effect cotton,GLOBAL,TBD,TBD,TBD,Commercial,Named Fabrics,/fabrics/khadi-effect-cotton/,product,P3,mapped_noindex_holdback
khadi-effect cotton fabric,GLOBAL,TBD,TBD,TBD,Commercial,Named Fabrics,/fabrics/khadi-effect-cotton/,product,P3,mapped_noindex_holdback
khadi-effect cotton fabric online,GLOBAL,TBD,TBD,TBD,Commercial,Named Fabrics,/fabrics/khadi-effect-cotton/,product,P3,mapped_noindex_holdback
khadi-effect cotton textile,GLOBAL,TBD,TBD,TBD,Commercial,Named Fabrics,/fabrics/khadi-effect-cotton/,product,P3,mapped_noindex_holdback
knit ultra-light semi-sheer lounge knit,GLOBAL,TBD,TBD,TBD,Commercial,Named Fabrics,/fabrics/ultra-light-semi-sheer-lounge-knit/,product,P3,mapped_noindex_holdback
laser- and ozone-finished denim,GLOBAL,TBD,TBD,TBD,Commercial,Named Fabrics,/fabrics/laser-and-ozone-finished-denim/,product,P3,mapped_noindex_holdback
laser- and ozone-finished denim fabric,GLOBAL,TBD,TBD,TBD,Commercial,Named Fabrics,/fabrics/laser-and-ozone-finished-denim/,product,P3,mapped_noindex_holdback
laser- and ozone-finished denim fabric online,GLOBAL,TBD,TBD,TBD,Commercial,Named Fabrics,/fabrics/laser-and-ozone-finished-denim/,product,P3,mapped_noindex_holdback
laser- and ozone-finished denim textile,GLOBAL,TBD,TBD,TBD,Commercial,Named Fabrics,/fabrics/laser-and-ozone-finished-denim/,product,P3,mapped_noindex_holdback
leather real leather,GLOBAL,TBD,TBD,TBD,Commercial,Named Fabrics,/fabrics/real-leather/,product,P3,mapped_noindex_holdback
light ponte double knit lightweight ponte,GLOBAL,TBD,TBD,TBD,Commercial,Named Fabrics,/fabrics/ponte-lightweight/,product,P3,mapped_noindex_holdback
lightweight french terry,GLOBAL,TBD,TBD,TBD,Commercial,Named Fabrics,/fabrics/french-terry-lightweight/,product,P3,mapped_noindex_holdback
lightweight french terry fabric,GLOBAL,TBD,TBD,TBD,Commercial,Named Fabrics,/fabrics/french-terry-lightweight/,product,P3,mapped_noindex_holdback
lightweight french terry fabric online,GLOBAL,TBD,TBD,TBD,Commercial,Named Fabrics,/fabrics/french-terry-lightweight/,product,P3,mapped_noindex_holdback
lightweight french terry for baselayers,GLOBAL,TBD,TBD,TBD,Commercial,Named Fabrics,/fabrics/french-terry-lightweight/,product,P3,mapped_noindex_holdback
lightweight french terry for knitwear,GLOBAL,TBD,TBD,TBD,Commercial,Named Fabrics,/fabrics/french-terry-lightweight/,product,P3,mapped_noindex_holdback
lightweight french terry for loungewear,GLOBAL,TBD,TBD,TBD,Commercial,Named Fabrics,/fabrics/french-terry-lightweight/,product,P3,mapped_noindex_holdback
lightweight french terry textile,GLOBAL,TBD,TBD,TBD,Commercial,Named Fabrics,/fabrics/french-terry-lightweight/,product,P3,mapped_noindex_holdback
lightweight merino knit,GLOBAL,TBD,TBD,TBD,Commercial,Named Fabrics,/fabrics/lightweight-merino-knit/,product,P3,mapped_noindex_holdback
lightweight merino knit fabric,GLOBAL,TBD,TBD,TBD,Commercial,Named Fabrics,/fabrics/lightweight-merino-knit/,product,P3,mapped_noindex_holdback
lightweight merino knit fabric online,GLOBAL,TBD,TBD,TBD,Commercial,Named Fabrics,/fabrics/lightweight-merino-knit/,product,P3,mapped_noindex_holdback
lightweight merino knit for layering pieces,GLOBAL,TBD,TBD,TBD,Commercial,Named Fabrics,/fabrics/lightweight-merino-knit/,product,P3,mapped_noindex_holdback
lightweight merino knit textile,GLOBAL,TBD,TBD,TBD,Commercial,Named Fabrics,/fabrics/lightweight-merino-knit/,product,P3,mapped_noindex_holdback
lightweight ponte,GLOBAL,TBD,TBD,TBD,Commercial,Named Fabrics,/fabrics/ponte-lightweight/,product,P3,mapped_noindex_holdback
lightweight ponte fabric,GLOBAL,TBD,TBD,TBD,Commercial,Named Fabrics,/fabrics/ponte-lightweight/,product,P3,mapped_noindex_holdback
lightweight ponte fabric online,GLOBAL,TBD,TBD,TBD,Commercial,Named Fabrics,/fabrics/ponte-lightweight/,product,P3,mapped_noindex_holdback
lightweight ponte for citywear,GLOBAL,TBD,TBD,TBD,Commercial,Named Fabrics,/fabrics/ponte-lightweight/,product,P3,mapped_noindex_holdback
lightweight ponte for dresses,GLOBAL,TBD,TBD,TBD,Commercial,Named Fabrics,/fabrics/ponte-lightweight/,product,P3,mapped_noindex_holdback
lightweight ponte for full skirts,GLOBAL,TBD,TBD,TBD,Commercial,Named Fabrics,/fabrics/ponte-lightweight/,product,P3,mapped_noindex_holdback
lightweight ponte textile,GLOBAL,TBD,TBD,TBD,Commercial,Named Fabrics,/fabrics/ponte-lightweight/,product,P3,mapped_noindex_holdback
linen bouclé knit,GLOBAL,TBD,TBD,TBD,Commercial,Named Fabrics,/fabrics/linen-boucle-knit/,product,P3,mapped_noindex_holdback
linen bouclé knit fabric,GLOBAL,TBD,TBD,TBD,Commercial,Named Fabrics,/fabrics/linen-boucle-knit/,product,P3,mapped_noindex_holdback
linen bouclé knit fabric online,GLOBAL,TBD,TBD,TBD,Commercial,Named Fabrics,/fabrics/linen-boucle-knit/,product,P3,mapped_noindex_holdback
linen bouclé knit for knitwear,GLOBAL,TBD,TBD,TBD,Commercial,Named Fabrics,/fabrics/linen-boucle-knit/,product,P3,mapped_noindex_holdback
linen bouclé knit textile,GLOBAL,TBD,TBD,TBD,Commercial,Named Fabrics,/fabrics/linen-boucle-knit/,product,P3,mapped_noindex_holdback
linen heavy linen upholstery,GLOBAL,TBD,TBD,TBD,Commercial,Named Fabrics,/fabrics/heavy-linen-upholstery/,product,P3,mapped_noindex_holdback
linen linen bouclé knit,GLOBAL,TBD,TBD,TBD,Commercial,Named Fabrics,/fabrics/linen-boucle-knit/,product,P3,mapped_noindex_holdback
linen open-weave linen curtain,GLOBAL,TBD,TBD,TBD,Commercial,Named Fabrics,/fabrics/open-weave-linen-curtain/,product,P3,mapped_noindex_holdback
linen washed linen bedding,GLOBAL,TBD,TBD,TBD,Commercial,Named Fabrics,/fabrics/washed-linen-bedding/,product,P3,mapped_noindex_holdback
linen-lyocell,GLOBAL,TBD,TBD,TBD,Commercial,Named Fabrics,/fabrics/linen-lyocell/,product,P3,mapped_noindex_holdback
linen-lyocell fabric,GLOBAL,TBD,TBD,TBD,Commercial,Named Fabrics,/fabrics/linen-lyocell/,product,P3,mapped_noindex_holdback
linen-lyocell fabric online,GLOBAL,TBD,TBD,TBD,Commercial,Named Fabrics,/fabrics/linen-lyocell/,product,P3,mapped_noindex_holdback
linen-lyocell for soft tailoring,GLOBAL,TBD,TBD,TBD,Commercial,Named Fabrics,/fabrics/linen-lyocell/,product,P3,mapped_noindex_holdback
linen-lyocell for trousers,GLOBAL,TBD,TBD,TBD,Commercial,Named Fabrics,/fabrics/linen-lyocell/,product,P3,mapped_noindex_holdback
linen-lyocell textile,GLOBAL,TBD,TBD,TBD,Commercial,Named Fabrics,/fabrics/linen-lyocell/,product,P3,mapped_noindex_holdback
linen-silk,GLOBAL,TBD,TBD,TBD,Commercial,Named Fabrics,/fabrics/linen-silk/,product,P3,mapped_noindex_holdback
linen-silk fabric,GLOBAL,TBD,TBD,TBD,Commercial,Named Fabrics,/fabrics/linen-silk/,product,P3,mapped_noindex_holdback
linen-silk fabric online,GLOBAL,TBD,TBD,TBD,Commercial,Named Fabrics,/fabrics/linen-silk/,product,P3,mapped_noindex_holdback
linen-silk for dresses,GLOBAL,TBD,TBD,TBD,Commercial,Named Fabrics,/fabrics/linen-silk/,product,P3,mapped_noindex_holdback
linen-silk for knitwear,GLOBAL,TBD,TBD,TBD,Commercial,Named Fabrics,/fabrics/linen-silk/,product,P3,mapped_noindex_holdback
linen-silk for resortwear,GLOBAL,TBD,TBD,TBD,Commercial,Named Fabrics,/fabrics/linen-silk/,product,P3,mapped_noindex_holdback
linen-silk textile,GLOBAL,TBD,TBD,TBD,Commercial,Named Fabrics,/fabrics/linen-silk/,product,P3,mapped_noindex_holdback
linen-viscose,GLOBAL,TBD,TBD,TBD,Commercial,Named Fabrics,/fabrics/linen-viscose/,product,P3,mapped_noindex_holdback
linen-viscose fabric,GLOBAL,TBD,TBD,TBD,Commercial,Named Fabrics,/fabrics/linen-viscose/,product,P3,mapped_noindex_holdback
linen-viscose fabric online,GLOBAL,TBD,TBD,TBD,Commercial,Named Fabrics,/fabrics/linen-viscose/,product,P3,mapped_noindex_holdback
linen-viscose for soft tailoring,GLOBAL,TBD,TBD,TBD,Commercial,Named Fabrics,/fabrics/linen-viscose/,product,P3,mapped_noindex_holdback
linen-viscose for trousers,GLOBAL,TBD,TBD,TBD,Commercial,Named Fabrics,/fabrics/linen-viscose/,product,P3,mapped_noindex_holdback
linen-viscose textile,GLOBAL,TBD,TBD,TBD,Commercial,Named Fabrics,/fabrics/linen-viscose/,product,P3,mapped_noindex_holdback
long-staple cotton long-staple cotton percale,GLOBAL,TBD,TBD,TBD,Commercial,Named Fabrics,/fabrics/long-staple-cotton-percale/,product,P3,mapped_noindex_holdback
long-staple cotton long-staple cotton sateen,GLOBAL,TBD,TBD,TBD,Commercial,Named Fabrics,/fabrics/long-staple-cotton-sateen/,product,P3,mapped_noindex_holdback
long-staple cotton percale,GLOBAL,TBD,TBD,TBD,Commercial,Named Fabrics,/fabrics/long-staple-cotton-percale/,product,P3,mapped_noindex_holdback
long-staple cotton percale fabric,GLOBAL,TBD,TBD,TBD,Commercial,Named Fabrics,/fabrics/long-staple-cotton-percale/,product,P3,mapped_noindex_holdback
long-staple cotton percale fabric online,GLOBAL,TBD,TBD,TBD,Commercial,Named Fabrics,/fabrics/long-staple-cotton-percale/,product,P3,mapped_noindex_holdback
long-staple cotton percale for bedding,GLOBAL,TBD,TBD,TBD,Commercial,Named Fabrics,/fabrics/long-staple-cotton-percale/,product,P3,mapped_noindex_holdback
long-staple cotton percale textile,GLOBAL,TBD,TBD,TBD,Commercial,Named Fabrics,/fabrics/long-staple-cotton-percale/,product,P3,mapped_noindex_holdback
long-staple cotton sateen,GLOBAL,TBD,TBD,TBD,Commercial,Named Fabrics,/fabrics/long-staple-cotton-sateen/,product,P3,mapped_noindex_holdback
long-staple cotton sateen fabric,GLOBAL,TBD,TBD,TBD,Commercial,Named Fabrics,/fabrics/long-staple-cotton-sateen/,product,P3,mapped_noindex_holdback
long-staple cotton sateen fabric online,GLOBAL,TBD,TBD,TBD,Commercial,Named Fabrics,/fabrics/long-staple-cotton-sateen/,product,P3,mapped_noindex_holdback
long-staple cotton sateen for bedding,GLOBAL,TBD,TBD,TBD,Commercial,Named Fabrics,/fabrics/long-staple-cotton-sateen/,product,P3,mapped_noindex_holdback
long-staple cotton sateen textile,GLOBAL,TBD,TBD,TBD,Commercial,Named Fabrics,/fabrics/long-staple-cotton-sateen/,product,P3,mapped_noindex_holdback
lyocell blend lyocell-blend bedding,GLOBAL,TBD,TBD,TBD,Commercial,Named Fabrics,/fabrics/lyocell-blend-bedding/,product,P3,mapped_noindex_holdback
lyocell-blend bedding,GLOBAL,TBD,TBD,TBD,Commercial,Named Fabrics,/fabrics/lyocell-blend-bedding/,product,P3,mapped_noindex_holdback
lyocell-blend bedding fabric,GLOBAL,TBD,TBD,TBD,Commercial,Named Fabrics,/fabrics/lyocell-blend-bedding/,product,P3,mapped_noindex_holdback
lyocell-blend bedding fabric online,GLOBAL,TBD,TBD,TBD,Commercial,Named Fabrics,/fabrics/lyocell-blend-bedding/,product,P3,mapped_noindex_holdback
lyocell-blend bedding for bedding,GLOBAL,TBD,TBD,TBD,Commercial,Named Fabrics,/fabrics/lyocell-blend-bedding/,product,P3,mapped_noindex_holdback
lyocell-blend bedding textile,GLOBAL,TBD,TBD,TBD,Commercial,Named Fabrics,/fabrics/lyocell-blend-bedding/,product,P3,mapped_noindex_holdback
matte chiffon,GLOBAL,TBD,TBD,TBD,Commercial,Named Fabrics,/fabrics/matte-chiffon/,product,P3,mapped_noindex_holdback
matte chiffon fabric,GLOBAL,TBD,TBD,TBD,Commercial,Named Fabrics,/fabrics/matte-chiffon/,product,P3,mapped_noindex_holdback
matte chiffon fabric online,GLOBAL,TBD,TBD,TBD,Commercial,Named Fabrics,/fabrics/matte-chiffon/,product,P3,mapped_noindex_holdback
matte chiffon for blouses,GLOBAL,TBD,TBD,TBD,Commercial,Named Fabrics,/fabrics/matte-chiffon/,product,P3,mapped_noindex_holdback
matte chiffon for dresses,GLOBAL,TBD,TBD,TBD,Commercial,Named Fabrics,/fabrics/matte-chiffon/,product,P3,mapped_noindex_holdback
matte chiffon for overlays,GLOBAL,TBD,TBD,TBD,Commercial,Named Fabrics,/fabrics/matte-chiffon/,product,P3,mapped_noindex_holdback
matte chiffon textile,GLOBAL,TBD,TBD,TBD,Commercial,Named Fabrics,/fabrics/matte-chiffon/,product,P3,mapped_noindex_holdback
matte ponte,GLOBAL,TBD,TBD,TBD,Commercial,Named Fabrics,/fabrics/ponte-matte/,product,P3,mapped_noindex_holdback
matte ponte fabric,GLOBAL,TBD,TBD,TBD,Commercial,Named Fabrics,/fabrics/ponte-matte/,product,P3,mapped_noindex_holdback
matte ponte fabric online,GLOBAL,TBD,TBD,TBD,Commercial,Named Fabrics,/fabrics/ponte-matte/,product,P3,mapped_noindex_holdback
matte ponte for dresses,GLOBAL,TBD,TBD,TBD,Commercial,Named Fabrics,/fabrics/ponte-matte/,product,P3,mapped_noindex_holdback
matte ponte for trousers,GLOBAL,TBD,TBD,TBD,Commercial,Named Fabrics,/fabrics/ponte-matte/,product,P3,mapped_noindex_holdback
matte ponte for workwear jackets,GLOBAL,TBD,TBD,TBD,Commercial,Named Fabrics,/fabrics/ponte-matte/,product,P3,mapped_noindex_holdback
matte ponte textile,GLOBAL,TBD,TBD,TBD,Commercial,Named Fabrics,/fabrics/ponte-matte/,product,P3,mapped_noindex_holdback
membrane-backed covert,GLOBAL,TBD,TBD,TBD,Commercial,Named Fabrics,/fabrics/membrane-backed-covert/,product,P3,mapped_noindex_holdback
membrane-backed covert fabric,GLOBAL,TBD,TBD,TBD,Commercial,Named Fabrics,/fabrics/membrane-backed-covert/,product,P3,mapped_noindex_holdback
membrane-backed covert fabric online,GLOBAL,TBD,TBD,TBD,Commercial,Named Fabrics,/fabrics/membrane-backed-covert/,product,P3,mapped_noindex_holdback
membrane-backed covert for city outerwear,GLOBAL,TBD,TBD,TBD,Commercial,Named Fabrics,/fabrics/membrane-backed-covert/,product,P3,mapped_noindex_holdback
membrane-backed covert textile,GLOBAL,TBD,TBD,TBD,Commercial,Named Fabrics,/fabrics/membrane-backed-covert/,product,P3,mapped_noindex_holdback
membrane-backed gabardine,GLOBAL,TBD,TBD,TBD,Commercial,Named Fabrics,/fabrics/membrane-backed-gabardine/,product,P3,mapped_noindex_holdback
membrane-backed gabardine fabric,GLOBAL,TBD,TBD,TBD,Commercial,Named Fabrics,/fabrics/membrane-backed-gabardine/,product,P3,mapped_noindex_holdback
membrane-backed gabardine fabric online,GLOBAL,TBD,TBD,TBD,Commercial,Named Fabrics,/fabrics/membrane-backed-gabardine/,product,P3,mapped_noindex_holdback
membrane-backed gabardine for city outerwear,GLOBAL,TBD,TBD,TBD,Commercial,Named Fabrics,/fabrics/membrane-backed-gabardine/,product,P3,mapped_noindex_holdback
membrane-backed gabardine textile,GLOBAL,TBD,TBD,TBD,Commercial,Named Fabrics,/fabrics/membrane-backed-gabardine/,product,P3,mapped_noindex_holdback
mercerised cotton lawn,GLOBAL,TBD,TBD,TBD,Commercial,Named Fabrics,/fabrics/mercerised-cotton-lawn/,product,P3,mapped_noindex_holdback
mercerised cotton lawn fabric,GLOBAL,TBD,TBD,TBD,Commercial,Named Fabrics,/fabrics/mercerised-cotton-lawn/,product,P3,mapped_noindex_holdback
mercerised cotton lawn fabric online,GLOBAL,TBD,TBD,TBD,Commercial,Named Fabrics,/fabrics/mercerised-cotton-lawn/,product,P3,mapped_noindex_holdback
mercerised cotton lawn for blouses,GLOBAL,TBD,TBD,TBD,Commercial,Named Fabrics,/fabrics/mercerised-cotton-lawn/,product,P3,mapped_noindex_holdback
mercerised cotton lawn for dresses,GLOBAL,TBD,TBD,TBD,Commercial,Named Fabrics,/fabrics/mercerised-cotton-lawn/,product,P3,mapped_noindex_holdback
mercerised cotton lawn for shirts,GLOBAL,TBD,TBD,TBD,Commercial,Named Fabrics,/fabrics/mercerised-cotton-lawn/,product,P3,mapped_noindex_holdback
mercerised cotton lawn textile,GLOBAL,TBD,TBD,TBD,Commercial,Named Fabrics,/fabrics/mercerised-cotton-lawn/,product,P3,mapped_noindex_holdback
mercerized cotton broadcloth,GLOBAL,TBD,TBD,TBD,Commercial,Named Fabrics,/fabrics/mercerized-cotton-broadcloth/,product,P3,mapped_noindex_holdback
mercerized cotton broadcloth fabric,GLOBAL,TBD,TBD,TBD,Commercial,Named Fabrics,/fabrics/mercerized-cotton-broadcloth/,product,P3,mapped_noindex_holdback
mercerized cotton broadcloth fabric online,GLOBAL,TBD,TBD,TBD,Commercial,Named Fabrics,/fabrics/mercerized-cotton-broadcloth/,product,P3,mapped_noindex_holdback
mercerized cotton broadcloth for blouses,GLOBAL,TBD,TBD,TBD,Commercial,Named Fabrics,/fabrics/mercerized-cotton-broadcloth/,product,P3,mapped_noindex_holdback
mercerized cotton broadcloth for shirts,GLOBAL,TBD,TBD,TBD,Commercial,Named Fabrics,/fabrics/mercerized-cotton-broadcloth/,product,P3,mapped_noindex_holdback
mercerized cotton broadcloth for workwear jackets,GLOBAL,TBD,TBD,TBD,Commercial,Named Fabrics,/fabrics/mercerized-cotton-broadcloth/,product,P3,mapped_noindex_holdback
mercerized cotton broadcloth textile,GLOBAL,TBD,TBD,TBD,Commercial,Named Fabrics,/fabrics/mercerized-cotton-broadcloth/,product,P3,mapped_noindex_holdback
mercerized cotton jersey,GLOBAL,TBD,TBD,TBD,Commercial,Named Fabrics,/fabrics/mercerized-cotton-jersey/,product,P3,mapped_noindex_holdback
mercerized cotton jersey fabric,GLOBAL,TBD,TBD,TBD,Commercial,Named Fabrics,/fabrics/mercerized-cotton-jersey/,product,P3,mapped_noindex_holdback
mercerized cotton jersey fabric online,GLOBAL,TBD,TBD,TBD,Commercial,Named Fabrics,/fabrics/mercerized-cotton-jersey/,product,P3,mapped_noindex_holdback
mercerized cotton jersey for baselayers,GLOBAL,TBD,TBD,TBD,Commercial,Named Fabrics,/fabrics/mercerized-cotton-jersey/,product,P3,mapped_noindex_holdback
mercerized cotton jersey for knitwear,GLOBAL,TBD,TBD,TBD,Commercial,Named Fabrics,/fabrics/mercerized-cotton-jersey/,product,P3,mapped_noindex_holdback
mercerized cotton jersey textile,GLOBAL,TBD,TBD,TBD,Commercial,Named Fabrics,/fabrics/mercerized-cotton-jersey/,product,P3,mapped_noindex_holdback
mercerized cotton lawn,GLOBAL,TBD,TBD,TBD,Commercial,Named Fabrics,/fabrics/mercerized-cotton-lawn/,product,P3,mapped_noindex_holdback
mercerized cotton lawn fabric,GLOBAL,TBD,TBD,TBD,Commercial,Named Fabrics,/fabrics/mercerized-cotton-lawn/,product,P3,mapped_noindex_holdback
mercerized cotton lawn fabric online,GLOBAL,TBD,TBD,TBD,Commercial,Named Fabrics,/fabrics/mercerized-cotton-lawn/,product,P3,mapped_noindex_holdback
mercerized cotton lawn for blouses,GLOBAL,TBD,TBD,TBD,Commercial,Named Fabrics,/fabrics/mercerized-cotton-lawn/,product,P3,mapped_noindex_holdback
mercerized cotton lawn for dresses,GLOBAL,TBD,TBD,TBD,Commercial,Named Fabrics,/fabrics/mercerized-cotton-lawn/,product,P3,mapped_noindex_holdback
mercerized cotton lawn for shirts,GLOBAL,TBD,TBD,TBD,Commercial,Named Fabrics,/fabrics/mercerized-cotton-lawn/,product,P3,mapped_noindex_holdback
mercerized cotton lawn textile,GLOBAL,TBD,TBD,TBD,Commercial,Named Fabrics,/fabrics/mercerized-cotton-lawn/,product,P3,mapped_noindex_holdback
mercerized cotton piqué,GLOBAL,TBD,TBD,TBD,Commercial,Named Fabrics,/fabrics/mercerized-cotton-pique/,product,P3,mapped_noindex_holdback
mercerized cotton piqué fabric,GLOBAL,TBD,TBD,TBD,Commercial,Named Fabrics,/fabrics/mercerized-cotton-pique/,product,P3,mapped_noindex_holdback
mercerized cotton piqué fabric online,GLOBAL,TBD,TBD,TBD,Commercial,Named Fabrics,/fabrics/mercerized-cotton-pique/,product,P3,mapped_noindex_holdback
mercerized cotton piqué for knitwear,GLOBAL,TBD,TBD,TBD,Commercial,Named Fabrics,/fabrics/mercerized-cotton-pique/,product,P3,mapped_noindex_holdback
mercerized cotton piqué for shirts,GLOBAL,TBD,TBD,TBD,Commercial,Named Fabrics,/fabrics/mercerized-cotton-pique/,product,P3,mapped_noindex_holdback
mercerized cotton piqué for workwear jackets,GLOBAL,TBD,TBD,TBD,Commercial,Named Fabrics,/fabrics/mercerized-cotton-pique/,product,P3,mapped_noindex_holdback
mercerized cotton piqué textile,GLOBAL,TBD,TBD,TBD,Commercial,Named Fabrics,/fabrics/mercerized-cotton-pique/,product,P3,mapped_noindex_holdback
mercerized cotton poplin,GLOBAL,TBD,TBD,TBD,Commercial,Named Fabrics,/fabrics/mercerized-cotton-poplin/,product,P3,mapped_noindex_holdback
mercerized cotton poplin fabric,GLOBAL,TBD,TBD,TBD,Commercial,Named Fabrics,/fabrics/mercerized-cotton-poplin/,product,P3,mapped_noindex_holdback
mercerized cotton poplin fabric online,GLOBAL,TBD,TBD,TBD,Commercial,Named Fabrics,/fabrics/mercerized-cotton-poplin/,product,P3,mapped_noindex_holdback
mercerized cotton poplin for blouses,GLOBAL,TBD,TBD,TBD,Commercial,Named Fabrics,/fabrics/mercerized-cotton-poplin/,product,P3,mapped_noindex_holdback
mercerized cotton poplin for shirts,GLOBAL,TBD,TBD,TBD,Commercial,Named Fabrics,/fabrics/mercerized-cotton-poplin/,product,P3,mapped_noindex_holdback
mercerized cotton poplin for workwear jackets,GLOBAL,TBD,TBD,TBD,Commercial,Named Fabrics,/fabrics/mercerized-cotton-poplin/,product,P3,mapped_noindex_holdback
mercerized cotton poplin textile,GLOBAL,TBD,TBD,TBD,Commercial,Named Fabrics,/fabrics/mercerized-cotton-poplin/,product,P3,mapped_noindex_holdback
mercerized cotton sateen,GLOBAL,TBD,TBD,TBD,Commercial,Named Fabrics,/fabrics/mercerized-cotton-sateen/,product,P3,mapped_noindex_holdback
mercerized cotton sateen fabric,GLOBAL,TBD,TBD,TBD,Commercial,Named Fabrics,/fabrics/mercerized-cotton-sateen/,product,P3,mapped_noindex_holdback
mercerized cotton sateen fabric online,GLOBAL,TBD,TBD,TBD,Commercial,Named Fabrics,/fabrics/mercerized-cotton-sateen/,product,P3,mapped_noindex_holdback
mercerized cotton sateen for blouses,GLOBAL,TBD,TBD,TBD,Commercial,Named Fabrics,/fabrics/mercerized-cotton-sateen/,product,P3,mapped_noindex_holdback
mercerized cotton sateen for dresses,GLOBAL,TBD,TBD,TBD,Commercial,Named Fabrics,/fabrics/mercerized-cotton-sateen/,product,P3,mapped_noindex_holdback
mercerized cotton sateen for linings,GLOBAL,TBD,TBD,TBD,Commercial,Named Fabrics,/fabrics/mercerized-cotton-sateen/,product,P3,mapped_noindex_holdback
mercerized cotton sateen textile,GLOBAL,TBD,TBD,TBD,Commercial,Named Fabrics,/fabrics/mercerized-cotton-sateen/,product,P3,mapped_noindex_holdback
mercerized cotton twill,GLOBAL,TBD,TBD,TBD,Commercial,Named Fabrics,/fabrics/mercerized-cotton-twill/,product,P3,mapped_noindex_holdback
mercerized cotton twill fabric,GLOBAL,TBD,TBD,TBD,Commercial,Named Fabrics,/fabrics/mercerized-cotton-twill/,product,P3,mapped_noindex_holdback
mercerized cotton twill fabric online,GLOBAL,TBD,TBD,TBD,Commercial,Named Fabrics,/fabrics/mercerized-cotton-twill/,product,P3,mapped_noindex_holdback
mercerized cotton twill for trousers,GLOBAL,TBD,TBD,TBD,Commercial,Named Fabrics,/fabrics/mercerized-cotton-twill/,product,P3,mapped_noindex_holdback
mercerized cotton twill for workwear jackets,GLOBAL,TBD,TBD,TBD,Commercial,Named Fabrics,/fabrics/mercerized-cotton-twill/,product,P3,mapped_noindex_holdback
mercerized cotton twill textile,GLOBAL,TBD,TBD,TBD,Commercial,Named Fabrics,/fabrics/mercerized-cotton-twill/,product,P3,mapped_noindex_holdback
mercerized cotton voile,GLOBAL,TBD,TBD,TBD,Commercial,Named Fabrics,/fabrics/mercerized-cotton-voile/,product,P3,mapped_noindex_holdback
mercerized cotton voile fabric,GLOBAL,TBD,TBD,TBD,Commercial,Named Fabrics,/fabrics/mercerized-cotton-voile/,product,P3,mapped_noindex_holdback
mercerized cotton voile fabric online,GLOBAL,TBD,TBD,TBD,Commercial,Named Fabrics,/fabrics/mercerized-cotton-voile/,product,P3,mapped_noindex_holdback
mercerized cotton voile for blouses,GLOBAL,TBD,TBD,TBD,Commercial,Named Fabrics,/fabrics/mercerized-cotton-voile/,product,P3,mapped_noindex_holdback
mercerized cotton voile for dresses,GLOBAL,TBD,TBD,TBD,Commercial,Named Fabrics,/fabrics/mercerized-cotton-voile/,product,P3,mapped_noindex_holdback
mercerized cotton voile for overlays,GLOBAL,TBD,TBD,TBD,Commercial,Named Fabrics,/fabrics/mercerized-cotton-voile/,product,P3,mapped_noindex_holdback
mercerized cotton voile textile,GLOBAL,TBD,TBD,TBD,Commercial,Named Fabrics,/fabrics/mercerized-cotton-voile/,product,P3,mapped_noindex_holdback
merino + roica stretch tailoring,GLOBAL,TBD,TBD,TBD,Commercial,Named Fabrics,/fabrics/merino-roica-stretch-tailoring/,product,P3,mapped_noindex_holdback
merino + roica stretch tailoring fabric,GLOBAL,TBD,TBD,TBD,Commercial,Named Fabrics,/fabrics/merino-roica-stretch-tailoring/,product,P3,mapped_noindex_holdback
merino + roica stretch tailoring fabric online,GLOBAL,TBD,TBD,TBD,Commercial,Named Fabrics,/fabrics/merino-roica-stretch-tailoring/,product,P3,mapped_noindex_holdback
merino + roica stretch tailoring for suiting,GLOBAL,TBD,TBD,TBD,Commercial,Named Fabrics,/fabrics/merino-roica-stretch-tailoring/,product,P3,mapped_noindex_holdback
merino + roica stretch tailoring textile,GLOBAL,TBD,TBD,TBD,Commercial,Named Fabrics,/fabrics/merino-roica-stretch-tailoring/,product,P3,mapped_noindex_holdback
merino wool lightweight merino knit,GLOBAL,TBD,TBD,TBD,Commercial,Named Fabrics,/fabrics/lightweight-merino-knit/,product,P3,mapped_noindex_holdback
merino wool with roica elastomer merino + roica stretch tailoring,GLOBAL,TBD,TBD,TBD,Commercial,Named Fabrics,/fabrics/merino-roica-stretch-tailoring/,product,P3,mapped_noindex_holdback
microfibre polyester peach-skin,GLOBAL,TBD,TBD,TBD,Commercial,Named Fabrics,/fabrics/peach-skin/,product,P3,mapped_noindex_holdback
mohair blend,GLOBAL,TBD,TBD,TBD,Commercial,Named Fabrics,/fabrics/mohair-blend/,product,P3,mapped_noindex_holdback
mohair blend fabric,GLOBAL,TBD,TBD,TBD,Commercial,Named Fabrics,/fabrics/mohair-blend/,product,P3,mapped_noindex_holdback
mohair blend fabric online,GLOBAL,TBD,TBD,TBD,Commercial,Named Fabrics,/fabrics/mohair-blend/,product,P3,mapped_noindex_holdback
mohair blend for coats,GLOBAL,TBD,TBD,TBD,Commercial,Named Fabrics,/fabrics/mohair-blend/,product,P3,mapped_noindex_holdback
mohair blend for statement knits,GLOBAL,TBD,TBD,TBD,Commercial,Named Fabrics,/fabrics/mohair-blend/,product,P3,mapped_noindex_holdback
mohair blend mohair blend,GLOBAL,TBD,TBD,TBD,Commercial,Named Fabrics,/fabrics/mohair-blend/,product,P3,mapped_noindex_holdback
mohair blend textile,GLOBAL,TBD,TBD,TBD,Commercial,Named Fabrics,/fabrics/mohair-blend/,product,P3,mapped_noindex_holdback
open fresco weave wool mohair fresco blend,GLOBAL,TBD,TBD,TBD,Commercial,Named Fabrics,/fabrics/wool-mohair-fresco/,product,P3,mapped_noindex_holdback
open stitch open-stitch knit,GLOBAL,TBD,TBD,TBD,Commercial,Named Fabrics,/fabrics/open-stitch-knit/,product,P3,mapped_noindex_holdback
open weave open-weave linen curtain,GLOBAL,TBD,TBD,TBD,Commercial,Named Fabrics,/fabrics/open-weave-linen-curtain/,product,P3,mapped_noindex_holdback
open weave wool linen open weave blend,GLOBAL,TBD,TBD,TBD,Commercial,Named Fabrics,/fabrics/wool-linen-tailoring-open-weave/,product,P3,mapped_noindex_holdback
open weave wool-linen open weave,GLOBAL,TBD,TBD,TBD,Commercial,Named Fabrics,/fabrics/wool-linen-open-weave/,product,P3,mapped_noindex_holdback
open weave wool-mohair open weave,GLOBAL,TBD,TBD,TBD,Commercial,Named Fabrics,/fabrics/wool-mohair-open-weave/,product,P3,mapped_noindex_holdback
open-stitch knit,GLOBAL,TBD,TBD,TBD,Commercial,Named Fabrics,/fabrics/open-stitch-knit/,product,P3,mapped_noindex_holdback
open-stitch knit fabric,GLOBAL,TBD,TBD,TBD,Commercial,Named Fabrics,/fabrics/open-stitch-knit/,product,P3,mapped_noindex_holdback
open-stitch knit fabric online,GLOBAL,TBD,TBD,TBD,Commercial,Named Fabrics,/fabrics/open-stitch-knit/,product,P3,mapped_noindex_holdback
open-stitch knit for resortwear,GLOBAL,TBD,TBD,TBD,Commercial,Named Fabrics,/fabrics/open-stitch-knit/,product,P3,mapped_noindex_holdback
open-stitch knit textile,GLOBAL,TBD,TBD,TBD,Commercial,Named Fabrics,/fabrics/open-stitch-knit/,product,P3,mapped_noindex_holdback
open-weave linen curtain,GLOBAL,TBD,TBD,TBD,Commercial,Named Fabrics,/fabrics/open-weave-linen-curtain/,product,P3,mapped_noindex_holdback
open-weave linen curtain fabric,GLOBAL,TBD,TBD,TBD,Commercial,Named Fabrics,/fabrics/open-weave-linen-curtain/,product,P3,mapped_noindex_holdback
open-weave linen curtain fabric online,GLOBAL,TBD,TBD,TBD,Commercial,Named Fabrics,/fabrics/open-weave-linen-curtain/,product,P3,mapped_noindex_holdback
open-weave linen curtain for curtains,GLOBAL,TBD,TBD,TBD,Commercial,Named Fabrics,/fabrics/open-weave-linen-curtain/,product,P3,mapped_noindex_holdback
open-weave linen curtain for sheers,GLOBAL,TBD,TBD,TBD,Commercial,Named Fabrics,/fabrics/open-weave-linen-curtain/,product,P3,mapped_noindex_holdback
open-weave linen curtain textile,GLOBAL,TBD,TBD,TBD,Commercial,Named Fabrics,/fabrics/open-weave-linen-curtain/,product,P3,mapped_noindex_holdback
organic cotton french terry,GLOBAL,TBD,TBD,TBD,Commercial,Named Fabrics,/fabrics/french-terry-organic/,product,P3,mapped_noindex_holdback
organic cotton french terry fabric,GLOBAL,TBD,TBD,TBD,Commercial,Named Fabrics,/fabrics/french-terry-organic/,product,P3,mapped_noindex_holdback
organic cotton french terry fabric online,GLOBAL,TBD,TBD,TBD,Commercial,Named Fabrics,/fabrics/french-terry-organic/,product,P3,mapped_noindex_holdback
organic cotton french terry for baselayers,GLOBAL,TBD,TBD,TBD,Commercial,Named Fabrics,/fabrics/french-terry-organic/,product,P3,mapped_noindex_holdback
organic cotton french terry for knitwear,GLOBAL,TBD,TBD,TBD,Commercial,Named Fabrics,/fabrics/french-terry-organic/,product,P3,mapped_noindex_holdback
organic cotton french terry for loungewear,GLOBAL,TBD,TBD,TBD,Commercial,Named Fabrics,/fabrics/french-terry-organic/,product,P3,mapped_noindex_holdback
organic cotton french terry textile,GLOBAL,TBD,TBD,TBD,Commercial,Named Fabrics,/fabrics/french-terry-organic/,product,P3,mapped_noindex_holdback
organic cotton lawn,GLOBAL,TBD,TBD,TBD,Commercial,Named Fabrics,/fabrics/organic-cotton-lawn/,product,P3,mapped_noindex_holdback
organic cotton lawn fabric,GLOBAL,TBD,TBD,TBD,Commercial,Named Fabrics,/fabrics/organic-cotton-lawn/,product,P3,mapped_noindex_holdback
organic cotton lawn fabric online,GLOBAL,TBD,TBD,TBD,Commercial,Named Fabrics,/fabrics/organic-cotton-lawn/,product,P3,mapped_noindex_holdback
organic cotton lawn for blouses,GLOBAL,TBD,TBD,TBD,Commercial,Named Fabrics,/fabrics/organic-cotton-lawn/,product,P3,mapped_noindex_holdback
organic cotton lawn for dresses,GLOBAL,TBD,TBD,TBD,Commercial,Named Fabrics,/fabrics/organic-cotton-lawn/,product,P3,mapped_noindex_holdback
organic cotton lawn for shirts,GLOBAL,TBD,TBD,TBD,Commercial,Named Fabrics,/fabrics/organic-cotton-lawn/,product,P3,mapped_noindex_holdback
organic cotton lawn textile,GLOBAL,TBD,TBD,TBD,Commercial,Named Fabrics,/fabrics/organic-cotton-lawn/,product,P3,mapped_noindex_holdback
organic cotton piqué,GLOBAL,TBD,TBD,TBD,Commercial,Named Fabrics,/fabrics/organic-cotton-pique/,product,P3,mapped_noindex_holdback
organic cotton piqué fabric,GLOBAL,TBD,TBD,TBD,Commercial,Named Fabrics,/fabrics/organic-cotton-pique/,product,P3,mapped_noindex_holdback
organic cotton piqué fabric online,GLOBAL,TBD,TBD,TBD,Commercial,Named Fabrics,/fabrics/organic-cotton-pique/,product,P3,mapped_noindex_holdback
organic cotton piqué for knitwear,GLOBAL,TBD,TBD,TBD,Commercial,Named Fabrics,/fabrics/organic-cotton-pique/,product,P3,mapped_noindex_holdback
organic cotton piqué for shirts,GLOBAL,TBD,TBD,TBD,Commercial,Named Fabrics,/fabrics/organic-cotton-pique/,product,P3,mapped_noindex_holdback
organic cotton piqué for workwear jackets,GLOBAL,TBD,TBD,TBD,Commercial,Named Fabrics,/fabrics/organic-cotton-pique/,product,P3,mapped_noindex_holdback
organic cotton piqué textile,GLOBAL,TBD,TBD,TBD,Commercial,Named Fabrics,/fabrics/organic-cotton-pique/,product,P3,mapped_noindex_holdback
organic oxford cotton,GLOBAL,TBD,TBD,TBD,Commercial,Named Fabrics,/fabrics/organic-oxford-cotton/,product,P3,mapped_noindex_holdback
organic oxford cotton fabric,GLOBAL,TBD,TBD,TBD,Commercial,Named Fabrics,/fabrics/organic-oxford-cotton/,product,P3,mapped_noindex_holdback
organic oxford cotton fabric online,GLOBAL,TBD,TBD,TBD,Commercial,Named Fabrics,/fabrics/organic-oxford-cotton/,product,P3,mapped_noindex_holdback
organic oxford cotton for loungewear,GLOBAL,TBD,TBD,TBD,Commercial,Named Fabrics,/fabrics/organic-oxford-cotton/,product,P3,mapped_noindex_holdback
organic oxford cotton for shirts,GLOBAL,TBD,TBD,TBD,Commercial,Named Fabrics,/fabrics/organic-oxford-cotton/,product,P3,mapped_noindex_holdback
organic oxford cotton for workwear jackets,GLOBAL,TBD,TBD,TBD,Commercial,Named Fabrics,/fabrics/organic-oxford-cotton/,product,P3,mapped_noindex_holdback
organic oxford cotton textile,GLOBAL,TBD,TBD,TBD,Commercial,Named Fabrics,/fabrics/organic-oxford-cotton/,product,P3,mapped_noindex_holdback
oxford basketweave classic oxford cotton,GLOBAL,TBD,TBD,TBD,Commercial,Named Fabrics,/fabrics/classic-oxford-cotton/,product,P3,mapped_noindex_holdback
oxford basketweave organic oxford cotton,GLOBAL,TBD,TBD,TBD,Commercial,Named Fabrics,/fabrics/organic-oxford-cotton/,product,P3,mapped_noindex_holdback
oxford basketweave oxford chambray cotton,GLOBAL,TBD,TBD,TBD,Commercial,Named Fabrics,/fabrics/oxford-chambray-cotton/,product,P3,mapped_noindex_holdback
oxford basketweave soft oxford cotton,GLOBAL,TBD,TBD,TBD,Commercial,Named Fabrics,/fabrics/soft-oxford-cotton/,product,P3,mapped_noindex_holdback
oxford basketweave stretch oxford cotton,GLOBAL,TBD,TBD,TBD,Commercial,Named Fabrics,/fabrics/stretch-oxford-cotton/,product,P3,mapped_noindex_holdback
oxford chambray cotton,GLOBAL,TBD,TBD,TBD,Commercial,Named Fabrics,/fabrics/oxford-chambray-cotton/,product,P3,mapped_noindex_holdback
oxford chambray cotton fabric,GLOBAL,TBD,TBD,TBD,Commercial,Named Fabrics,/fabrics/oxford-chambray-cotton/,product,P3,mapped_noindex_holdback
oxford chambray cotton fabric online,GLOBAL,TBD,TBD,TBD,Commercial,Named Fabrics,/fabrics/oxford-chambray-cotton/,product,P3,mapped_noindex_holdback
oxford chambray cotton for loungewear,GLOBAL,TBD,TBD,TBD,Commercial,Named Fabrics,/fabrics/oxford-chambray-cotton/,product,P3,mapped_noindex_holdback
oxford chambray cotton for shirts,GLOBAL,TBD,TBD,TBD,Commercial,Named Fabrics,/fabrics/oxford-chambray-cotton/,product,P3,mapped_noindex_holdback
oxford chambray cotton for workwear jackets,GLOBAL,TBD,TBD,TBD,Commercial,Named Fabrics,/fabrics/oxford-chambray-cotton/,product,P3,mapped_noindex_holdback
oxford chambray cotton textile,GLOBAL,TBD,TBD,TBD,Commercial,Named Fabrics,/fabrics/oxford-chambray-cotton/,product,P3,mapped_noindex_holdback
panné velvet,GLOBAL,TBD,TBD,TBD,Commercial,Named Fabrics,/fabrics/panne-velvet/,product,P3,mapped_noindex_holdback
panné velvet fabric,GLOBAL,TBD,TBD,TBD,Commercial,Named Fabrics,/fabrics/panne-velvet/,product,P3,mapped_noindex_holdback
panné velvet fabric online,GLOBAL,TBD,TBD,TBD,Commercial,Named Fabrics,/fabrics/panne-velvet/,product,P3,mapped_noindex_holdback
panné velvet textile,GLOBAL,TBD,TBD,TBD,Commercial,Named Fabrics,/fabrics/panne-velvet/,product,P3,mapped_noindex_holdback
peach-skin,GLOBAL,TBD,TBD,TBD,Commercial,Named Fabrics,/fabrics/peach-skin/,product,P3,mapped_noindex_holdback
peach-skin fabric,GLOBAL,TBD,TBD,TBD,Commercial,Named Fabrics,/fabrics/peach-skin/,product,P3,mapped_noindex_holdback
peach-skin fabric online,GLOBAL,TBD,TBD,TBD,Commercial,Named Fabrics,/fabrics/peach-skin/,product,P3,mapped_noindex_holdback
peach-skin textile,GLOBAL,TBD,TBD,TBD,Commercial,Named Fabrics,/fabrics/peach-skin/,product,P3,mapped_noindex_holdback
peached french terry,GLOBAL,TBD,TBD,TBD,Commercial,Named Fabrics,/fabrics/french-terry-peached/,product,P3,mapped_noindex_holdback
peached french terry fabric,GLOBAL,TBD,TBD,TBD,Commercial,Named Fabrics,/fabrics/french-terry-peached/,product,P3,mapped_noindex_holdback
peached french terry fabric online,GLOBAL,TBD,TBD,TBD,Commercial,Named Fabrics,/fabrics/french-terry-peached/,product,P3,mapped_noindex_holdback
peached french terry for knitwear,GLOBAL,TBD,TBD,TBD,Commercial,Named Fabrics,/fabrics/french-terry-peached/,product,P3,mapped_noindex_holdback
peached french terry for layering pieces,GLOBAL,TBD,TBD,TBD,Commercial,Named Fabrics,/fabrics/french-terry-peached/,product,P3,mapped_noindex_holdback
peached french terry for loungewear,GLOBAL,TBD,TBD,TBD,Commercial,Named Fabrics,/fabrics/french-terry-peached/,product,P3,mapped_noindex_holdback
peached french terry textile,GLOBAL,TBD,TBD,TBD,Commercial,Named Fabrics,/fabrics/french-terry-peached/,product,P3,mapped_noindex_holdback
percale long-staple cotton percale,GLOBAL,TBD,TBD,TBD,Commercial,Named Fabrics,/fabrics/long-staple-cotton-percale/,product,P3,mapped_noindex_holdback
performance upholstery weave,GLOBAL,TBD,TBD,TBD,Commercial,Named Fabrics,/fabrics/performance-upholstery-weave/,product,P3,mapped_noindex_holdback
performance upholstery weave fabric,GLOBAL,TBD,TBD,TBD,Commercial,Named Fabrics,/fabrics/performance-upholstery-weave/,product,P3,mapped_noindex_holdback
performance upholstery weave fabric online,GLOBAL,TBD,TBD,TBD,Commercial,Named Fabrics,/fabrics/performance-upholstery-weave/,product,P3,mapped_noindex_holdback
performance upholstery weave for upholstery,GLOBAL,TBD,TBD,TBD,Commercial,Named Fabrics,/fabrics/performance-upholstery-weave/,product,P3,mapped_noindex_holdback
performance upholstery weave textile,GLOBAL,TBD,TBD,TBD,Commercial,Named Fabrics,/fabrics/performance-upholstery-weave/,product,P3,mapped_noindex_holdback
performance weave performance upholstery weave,GLOBAL,TBD,TBD,TBD,Commercial,Named Fabrics,/fabrics/performance-upholstery-weave/,product,P3,mapped_noindex_holdback
pile recycled pet pile rug,GLOBAL,TBD,TBD,TBD,Commercial,Named Fabrics,/fabrics/recycled-pet-pile-rug/,product,P3,mapped_noindex_holdback
pima cotton broadcloth,GLOBAL,TBD,TBD,TBD,Commercial,Named Fabrics,/fabrics/pima-cotton-broadcloth/,product,P3,mapped_noindex_holdback
pima cotton broadcloth fabric,GLOBAL,TBD,TBD,TBD,Commercial,Named Fabrics,/fabrics/pima-cotton-broadcloth/,product,P3,mapped_noindex_holdback
pima cotton broadcloth fabric online,GLOBAL,TBD,TBD,TBD,Commercial,Named Fabrics,/fabrics/pima-cotton-broadcloth/,product,P3,mapped_noindex_holdback
pima cotton broadcloth for blouses,GLOBAL,TBD,TBD,TBD,Commercial,Named Fabrics,/fabrics/pima-cotton-broadcloth/,product,P3,mapped_noindex_holdback
pima cotton broadcloth for shirts,GLOBAL,TBD,TBD,TBD,Commercial,Named Fabrics,/fabrics/pima-cotton-broadcloth/,product,P3,mapped_noindex_holdback
pima cotton broadcloth for workwear jackets,GLOBAL,TBD,TBD,TBD,Commercial,Named Fabrics,/fabrics/pima-cotton-broadcloth/,product,P3,mapped_noindex_holdback
pima cotton broadcloth textile,GLOBAL,TBD,TBD,TBD,Commercial,Named Fabrics,/fabrics/pima-cotton-broadcloth/,product,P3,mapped_noindex_holdback
pima cotton fleece,GLOBAL,TBD,TBD,TBD,Commercial,Named Fabrics,/fabrics/pima-cotton-fleece/,product,P3,mapped_noindex_holdback
pima cotton fleece fabric,GLOBAL,TBD,TBD,TBD,Commercial,Named Fabrics,/fabrics/pima-cotton-fleece/,product,P3,mapped_noindex_holdback
pima cotton fleece fabric online,GLOBAL,TBD,TBD,TBD,Commercial,Named Fabrics,/fabrics/pima-cotton-fleece/,product,P3,mapped_noindex_holdback
pima cotton fleece for knitwear,GLOBAL,TBD,TBD,TBD,Commercial,Named Fabrics,/fabrics/pima-cotton-fleece/,product,P3,mapped_noindex_holdback
pima cotton fleece for layering pieces,GLOBAL,TBD,TBD,TBD,Commercial,Named Fabrics,/fabrics/pima-cotton-fleece/,product,P3,mapped_noindex_holdback
pima cotton fleece for loungewear,GLOBAL,TBD,TBD,TBD,Commercial,Named Fabrics,/fabrics/pima-cotton-fleece/,product,P3,mapped_noindex_holdback
pima cotton fleece textile,GLOBAL,TBD,TBD,TBD,Commercial,Named Fabrics,/fabrics/pima-cotton-fleece/,product,P3,mapped_noindex_holdback
pima cotton interlock,GLOBAL,TBD,TBD,TBD,Commercial,Named Fabrics,/fabrics/pima-cotton-interlock/,product,P3,mapped_noindex_holdback
pima cotton interlock fabric,GLOBAL,TBD,TBD,TBD,Commercial,Named Fabrics,/fabrics/pima-cotton-interlock/,product,P3,mapped_noindex_holdback
pima cotton interlock fabric online,GLOBAL,TBD,TBD,TBD,Commercial,Named Fabrics,/fabrics/pima-cotton-interlock/,product,P3,mapped_noindex_holdback
pima cotton interlock for baselayers,GLOBAL,TBD,TBD,TBD,Commercial,Named Fabrics,/fabrics/pima-cotton-interlock/,product,P3,mapped_noindex_holdback
pima cotton interlock for knitwear,GLOBAL,TBD,TBD,TBD,Commercial,Named Fabrics,/fabrics/pima-cotton-interlock/,product,P3,mapped_noindex_holdback
pima cotton interlock for loungewear,GLOBAL,TBD,TBD,TBD,Commercial,Named Fabrics,/fabrics/pima-cotton-interlock/,product,P3,mapped_noindex_holdback
pima cotton interlock textile,GLOBAL,TBD,TBD,TBD,Commercial,Named Fabrics,/fabrics/pima-cotton-interlock/,product,P3,mapped_noindex_holdback
pima cotton jersey,GLOBAL,TBD,TBD,TBD,Commercial,Named Fabrics,/fabrics/pima-cotton-jersey/,product,P3,mapped_noindex_holdback
pima cotton jersey fabric,GLOBAL,TBD,TBD,TBD,Commercial,Named Fabrics,/fabrics/pima-cotton-jersey/,product,P3,mapped_noindex_holdback
pima cotton jersey fabric online,GLOBAL,TBD,TBD,TBD,Commercial,Named Fabrics,/fabrics/pima-cotton-jersey/,product,P3,mapped_noindex_holdback
pima cotton jersey for baselayers,GLOBAL,TBD,TBD,TBD,Commercial,Named Fabrics,/fabrics/pima-cotton-jersey/,product,P3,mapped_noindex_holdback
pima cotton jersey for knitwear,GLOBAL,TBD,TBD,TBD,Commercial,Named Fabrics,/fabrics/pima-cotton-jersey/,product,P3,mapped_noindex_holdback
pima cotton jersey textile,GLOBAL,TBD,TBD,TBD,Commercial,Named Fabrics,/fabrics/pima-cotton-jersey/,product,P3,mapped_noindex_holdback
pima cotton poplin,GLOBAL,TBD,TBD,TBD,Commercial,Named Fabrics,/fabrics/pima-cotton-poplin/,product,P3,mapped_noindex_holdback
pima cotton poplin fabric,GLOBAL,TBD,TBD,TBD,Commercial,Named Fabrics,/fabrics/pima-cotton-poplin/,product,P3,mapped_noindex_holdback
pima cotton poplin fabric online,GLOBAL,TBD,TBD,TBD,Commercial,Named Fabrics,/fabrics/pima-cotton-poplin/,product,P3,mapped_noindex_holdback
pima cotton poplin for blouses,GLOBAL,TBD,TBD,TBD,Commercial,Named Fabrics,/fabrics/pima-cotton-poplin/,product,P3,mapped_noindex_holdback
pima cotton poplin for dresses,GLOBAL,TBD,TBD,TBD,Commercial,Named Fabrics,/fabrics/pima-cotton-poplin/,product,P3,mapped_noindex_holdback
pima cotton poplin for shirts,GLOBAL,TBD,TBD,TBD,Commercial,Named Fabrics,/fabrics/pima-cotton-poplin/,product,P3,mapped_noindex_holdback
pima cotton poplin textile,GLOBAL,TBD,TBD,TBD,Commercial,Named Fabrics,/fabrics/pima-cotton-poplin/,product,P3,mapped_noindex_holdback
pima cotton rib,GLOBAL,TBD,TBD,TBD,Commercial,Named Fabrics,/fabrics/pima-cotton-rib/,product,P3,mapped_noindex_holdback
pima cotton rib fabric,GLOBAL,TBD,TBD,TBD,Commercial,Named Fabrics,/fabrics/pima-cotton-rib/,product,P3,mapped_noindex_holdback
pima cotton rib fabric online,GLOBAL,TBD,TBD,TBD,Commercial,Named Fabrics,/fabrics/pima-cotton-rib/,product,P3,mapped_noindex_holdback
pima cotton rib for baselayers,GLOBAL,TBD,TBD,TBD,Commercial,Named Fabrics,/fabrics/pima-cotton-rib/,product,P3,mapped_noindex_holdback
pima cotton rib for knitwear,GLOBAL,TBD,TBD,TBD,Commercial,Named Fabrics,/fabrics/pima-cotton-rib/,product,P3,mapped_noindex_holdback
pima cotton rib for loungewear,GLOBAL,TBD,TBD,TBD,Commercial,Named Fabrics,/fabrics/pima-cotton-rib/,product,P3,mapped_noindex_holdback
pima cotton rib textile,GLOBAL,TBD,TBD,TBD,Commercial,Named Fabrics,/fabrics/pima-cotton-rib/,product,P3,mapped_noindex_holdback
pima cotton sateen,GLOBAL,TBD,TBD,TBD,Commercial,Named Fabrics,/fabrics/pima-cotton-sateen/,product,P3,mapped_noindex_holdback
pima cotton sateen fabric,GLOBAL,TBD,TBD,TBD,Commercial,Named Fabrics,/fabrics/pima-cotton-sateen/,product,P3,mapped_noindex_holdback
pima cotton sateen fabric online,GLOBAL,TBD,TBD,TBD,Commercial,Named Fabrics,/fabrics/pima-cotton-sateen/,product,P3,mapped_noindex_holdback
pima cotton sateen for blouses,GLOBAL,TBD,TBD,TBD,Commercial,Named Fabrics,/fabrics/pima-cotton-sateen/,product,P3,mapped_noindex_holdback
pima cotton sateen for dresses,GLOBAL,TBD,TBD,TBD,Commercial,Named Fabrics,/fabrics/pima-cotton-sateen/,product,P3,mapped_noindex_holdback
pima cotton sateen for linings,GLOBAL,TBD,TBD,TBD,Commercial,Named Fabrics,/fabrics/pima-cotton-sateen/,product,P3,mapped_noindex_holdback
pima cotton sateen textile,GLOBAL,TBD,TBD,TBD,Commercial,Named Fabrics,/fabrics/pima-cotton-sateen/,product,P3,mapped_noindex_holdback
pima cotton voile,GLOBAL,TBD,TBD,TBD,Commercial,Named Fabrics,/fabrics/pima-cotton-voile/,product,P3,mapped_noindex_holdback
pima cotton voile fabric,GLOBAL,TBD,TBD,TBD,Commercial,Named Fabrics,/fabrics/pima-cotton-voile/,product,P3,mapped_noindex_holdback
pima cotton voile fabric online,GLOBAL,TBD,TBD,TBD,Commercial,Named Fabrics,/fabrics/pima-cotton-voile/,product,P3,mapped_noindex_holdback
pima cotton voile for blouses,GLOBAL,TBD,TBD,TBD,Commercial,Named Fabrics,/fabrics/pima-cotton-voile/,product,P3,mapped_noindex_holdback
pima cotton voile for dresses,GLOBAL,TBD,TBD,TBD,Commercial,Named Fabrics,/fabrics/pima-cotton-voile/,product,P3,mapped_noindex_holdback
pima cotton voile for overlays,GLOBAL,TBD,TBD,TBD,Commercial,Named Fabrics,/fabrics/pima-cotton-voile/,product,P3,mapped_noindex_holdback
pima cotton voile textile,GLOBAL,TBD,TBD,TBD,Commercial,Named Fabrics,/fabrics/pima-cotton-voile/,product,P3,mapped_noindex_holdback
pinpoint oxford cotton,GLOBAL,TBD,TBD,TBD,Commercial,Named Fabrics,/fabrics/pinpoint-oxford-cotton/,product,P3,mapped_noindex_holdback
pinpoint oxford cotton fabric,GLOBAL,TBD,TBD,TBD,Commercial,Named Fabrics,/fabrics/pinpoint-oxford-cotton/,product,P3,mapped_noindex_holdback
pinpoint oxford cotton fabric online,GLOBAL,TBD,TBD,TBD,Commercial,Named Fabrics,/fabrics/pinpoint-oxford-cotton/,product,P3,mapped_noindex_holdback
pinpoint oxford cotton for blouses,GLOBAL,TBD,TBD,TBD,Commercial,Named Fabrics,/fabrics/pinpoint-oxford-cotton/,product,P3,mapped_noindex_holdback
pinpoint oxford cotton for shirts,GLOBAL,TBD,TBD,TBD,Commercial,Named Fabrics,/fabrics/pinpoint-oxford-cotton/,product,P3,mapped_noindex_holdback
pinpoint oxford cotton for workwear jackets,GLOBAL,TBD,TBD,TBD,Commercial,Named Fabrics,/fabrics/pinpoint-oxford-cotton/,product,P3,mapped_noindex_holdback
pinpoint oxford cotton textile,GLOBAL,TBD,TBD,TBD,Commercial,Named Fabrics,/fabrics/pinpoint-oxford-cotton/,product,P3,mapped_noindex_holdback
piqué knit classic cotton piqué,GLOBAL,TBD,TBD,TBD,Commercial,Named Fabrics,/fabrics/classic-cotton-pique/,product,P3,mapped_noindex_holdback
piqué knit cotton-rich piqué,GLOBAL,TBD,TBD,TBD,Commercial,Named Fabrics,/fabrics/cotton-rich-pique/,product,P3,mapped_noindex_holdback
piqué knit mercerized cotton piqué,GLOBAL,TBD,TBD,TBD,Commercial,Named Fabrics,/fabrics/mercerized-cotton-pique/,product,P3,mapped_noindex_holdback
piqué knit organic cotton piqué,GLOBAL,TBD,TBD,TBD,Commercial,Named Fabrics,/fabrics/organic-cotton-pique/,product,P3,mapped_noindex_holdback
piqué knit stretch cotton piqué,GLOBAL,TBD,TBD,TBD,Commercial,Named Fabrics,/fabrics/stretch-cotton-pique/,product,P3,mapped_noindex_holdback
piqué retro sportif knit,GLOBAL,TBD,TBD,TBD,Commercial,Named Fabrics,/fabrics/retro-sportif-knit/,product,P3,mapped_noindex_holdback
plain canvas weave wool hemp canvas blend,GLOBAL,TBD,TBD,TBD,Commercial,Named Fabrics,/fabrics/wool-hemp-canvas/,product,P3,mapped_noindex_holdback
plain suiting weave wool polyester suiting blend,GLOBAL,TBD,TBD,TBD,Commercial,Named Fabrics,/fabrics/wool-polyester-suiting/,product,P3,mapped_noindex_holdback
plain weave brushed tencel,GLOBAL,TBD,TBD,TBD,Commercial,Named Fabrics,/fabrics/tencel-brushed/,product,P3,mapped_noindex_holdback
plain weave egyptian cotton flannel,GLOBAL,TBD,TBD,TBD,Commercial,Named Fabrics,/fabrics/egyptian-cotton-flannel/,product,P3,mapped_noindex_holdback
plain weave matte chiffon,GLOBAL,TBD,TBD,TBD,Commercial,Named Fabrics,/fabrics/matte-chiffon/,product,P3,mapped_noindex_holdback
plain weave polyester chiffon,GLOBAL,TBD,TBD,TBD,Commercial,Named Fabrics,/fabrics/polyester-chiffon/,product,P3,mapped_noindex_holdback
plain weave printed chiffon,GLOBAL,TBD,TBD,TBD,Commercial,Named Fabrics,/fabrics/printed-chiffon/,product,P3,mapped_noindex_holdback
plain weave recycled polyester chiffon,GLOBAL,TBD,TBD,TBD,Commercial,Named Fabrics,/fabrics/recycled-polyester-chiffon/,product,P3,mapped_noindex_holdback
plain weave silk broadcloth,GLOBAL,TBD,TBD,TBD,Commercial,Named Fabrics,/fabrics/silk-broadcloth/,product,P3,mapped_noindex_holdback
plain weave silk noil,GLOBAL,TBD,TBD,TBD,Commercial,Named Fabrics,/fabrics/silk-noil/,product,P3,mapped_noindex_holdback
plain weave silk taffeta,GLOBAL,TBD,TBD,TBD,Commercial,Named Fabrics,/fabrics/silk-taffeta/,product,P3,mapped_noindex_holdback
plain weave silk tussar,GLOBAL,TBD,TBD,TBD,Commercial,Named Fabrics,/fabrics/silk-tussar/,product,P3,mapped_noindex_holdback
plain weave stretch chiffon,GLOBAL,TBD,TBD,TBD,Commercial,Named Fabrics,/fabrics/stretch-chiffon/,product,P3,mapped_noindex_holdback
plain weave tencel linen blend,GLOBAL,TBD,TBD,TBD,Commercial,Named Fabrics,/fabrics/tencel-linen-blend/,product,P3,mapped_noindex_holdback
plain weave tencel plain weave,GLOBAL,TBD,TBD,TBD,Commercial,Named Fabrics,/fabrics/tencel-plain-weave/,product,P3,mapped_noindex_holdback
plain weave wool alpaca brushed blend,GLOBAL,TBD,TBD,TBD,Commercial,Named Fabrics,/fabrics/wool-alpaca-brushed/,product,P3,mapped_noindex_holdback
poly-nylon microfibre suede-effect woven,GLOBAL,TBD,TBD,TBD,Commercial,Named Fabrics,/fabrics/suede-effect-woven/,product,P3,mapped_noindex_holdback
polyester and elastane stretch chiffon,GLOBAL,TBD,TBD,TBD,Commercial,Named Fabrics,/fabrics/stretch-chiffon/,product,P3,mapped_noindex_holdback
polyester chiffon,GLOBAL,TBD,TBD,TBD,Commercial,Named Fabrics,/fabrics/polyester-chiffon/,product,P3,mapped_noindex_holdback
polyester chiffon fabric,GLOBAL,TBD,TBD,TBD,Commercial,Named Fabrics,/fabrics/polyester-chiffon/,product,P3,mapped_noindex_holdback
polyester chiffon fabric online,GLOBAL,TBD,TBD,TBD,Commercial,Named Fabrics,/fabrics/polyester-chiffon/,product,P3,mapped_noindex_holdback
polyester chiffon for blouses,GLOBAL,TBD,TBD,TBD,Commercial,Named Fabrics,/fabrics/polyester-chiffon/,product,P3,mapped_noindex_holdback
polyester chiffon for overlays,GLOBAL,TBD,TBD,TBD,Commercial,Named Fabrics,/fabrics/polyester-chiffon/,product,P3,mapped_noindex_holdback
polyester chiffon for scarves,GLOBAL,TBD,TBD,TBD,Commercial,Named Fabrics,/fabrics/polyester-chiffon/,product,P3,mapped_noindex_holdback
polyester chiffon textile,GLOBAL,TBD,TBD,TBD,Commercial,Named Fabrics,/fabrics/polyester-chiffon/,product,P3,mapped_noindex_holdback
polyester crinkle chiffon,GLOBAL,TBD,TBD,TBD,Commercial,Named Fabrics,/fabrics/crinkle-chiffon/,product,P3,mapped_noindex_holdback
polyester double-layer chiffon,GLOBAL,TBD,TBD,TBD,Commercial,Named Fabrics,/fabrics/double-layer-chiffon/,product,P3,mapped_noindex_holdback
polyester inherently fr polyester,GLOBAL,TBD,TBD,TBD,Commercial,Named Fabrics,/fabrics/inherently-fr-polyester/,product,P3,mapped_noindex_holdback
polyester matte chiffon,GLOBAL,TBD,TBD,TBD,Commercial,Named Fabrics,/fabrics/matte-chiffon/,product,P3,mapped_noindex_holdback
polyester printed chiffon,GLOBAL,TBD,TBD,TBD,Commercial,Named Fabrics,/fabrics/printed-chiffon/,product,P3,mapped_noindex_holdback
ponte double knit brushed ponte,GLOBAL,TBD,TBD,TBD,Commercial,Named Fabrics,/fabrics/ponte-brushed/,product,P3,mapped_noindex_holdback
ponte double knit cotton rayon ponte,GLOBAL,TBD,TBD,TBD,Commercial,Named Fabrics,/fabrics/ponte-cotton-rayon/,product,P3,mapped_noindex_holdback
ponte double knit matte ponte,GLOBAL,TBD,TBD,TBD,Commercial,Named Fabrics,/fabrics/ponte-matte/,product,P3,mapped_noindex_holdback
ponte double knit rayon nylon ponte,GLOBAL,TBD,TBD,TBD,Commercial,Named Fabrics,/fabrics/ponte-rayon-nylon/,product,P3,mapped_noindex_holdback
ponte double knit ribbed ponte,GLOBAL,TBD,TBD,TBD,Commercial,Named Fabrics,/fabrics/ponte-ribbed/,product,P3,mapped_noindex_holdback
ponte double knit travel ponte,GLOBAL,TBD,TBD,TBD,Commercial,Named Fabrics,/fabrics/ponte-travel/,product,P3,mapped_noindex_holdback
poplin plain weave tencel cotton poplin,GLOBAL,TBD,TBD,TBD,Commercial,Named Fabrics,/fabrics/tencel-cotton-poplin/,product,P3,mapped_noindex_holdback
premium-weight denim,GLOBAL,TBD,TBD,TBD,Commercial,Named Fabrics,/fabrics/premium-weight-denim/,product,P3,mapped_noindex_holdback
premium-weight denim fabric,GLOBAL,TBD,TBD,TBD,Commercial,Named Fabrics,/fabrics/premium-weight-denim/,product,P3,mapped_noindex_holdback
premium-weight denim fabric online,GLOBAL,TBD,TBD,TBD,Commercial,Named Fabrics,/fabrics/premium-weight-denim/,product,P3,mapped_noindex_holdback
premium-weight denim textile,GLOBAL,TBD,TBD,TBD,Commercial,Named Fabrics,/fabrics/premium-weight-denim/,product,P3,mapped_noindex_holdback
printed chiffon,GLOBAL,TBD,TBD,TBD,Commercial,Named Fabrics,/fabrics/printed-chiffon/,product,P3,mapped_noindex_holdback
printed chiffon fabric,GLOBAL,TBD,TBD,TBD,Commercial,Named Fabrics,/fabrics/printed-chiffon/,product,P3,mapped_noindex_holdback
printed chiffon fabric online,GLOBAL,TBD,TBD,TBD,Commercial,Named Fabrics,/fabrics/printed-chiffon/,product,P3,mapped_noindex_holdback
printed chiffon for blouses,GLOBAL,TBD,TBD,TBD,Commercial,Named Fabrics,/fabrics/printed-chiffon/,product,P3,mapped_noindex_holdback
printed chiffon for dresses,GLOBAL,TBD,TBD,TBD,Commercial,Named Fabrics,/fabrics/printed-chiffon/,product,P3,mapped_noindex_holdback
printed chiffon for scarves,GLOBAL,TBD,TBD,TBD,Commercial,Named Fabrics,/fabrics/printed-chiffon/,product,P3,mapped_noindex_holdback
printed chiffon textile,GLOBAL,TBD,TBD,TBD,Commercial,Named Fabrics,/fabrics/printed-chiffon/,product,P3,mapped_noindex_holdback
printed cotton lawn,GLOBAL,TBD,TBD,TBD,Commercial,Named Fabrics,/fabrics/printed-cotton-lawn/,product,P3,mapped_noindex_holdback
printed cotton lawn fabric,GLOBAL,TBD,TBD,TBD,Commercial,Named Fabrics,/fabrics/printed-cotton-lawn/,product,P3,mapped_noindex_holdback
printed cotton lawn fabric online,GLOBAL,TBD,TBD,TBD,Commercial,Named Fabrics,/fabrics/printed-cotton-lawn/,product,P3,mapped_noindex_holdback
printed cotton lawn for blouses,GLOBAL,TBD,TBD,TBD,Commercial,Named Fabrics,/fabrics/printed-cotton-lawn/,product,P3,mapped_noindex_holdback
printed cotton lawn for dresses,GLOBAL,TBD,TBD,TBD,Commercial,Named Fabrics,/fabrics/printed-cotton-lawn/,product,P3,mapped_noindex_holdback
printed cotton lawn for shirts,GLOBAL,TBD,TBD,TBD,Commercial,Named Fabrics,/fabrics/printed-cotton-lawn/,product,P3,mapped_noindex_holdback
printed cotton lawn textile,GLOBAL,TBD,TBD,TBD,Commercial,Named Fabrics,/fabrics/printed-cotton-lawn/,product,P3,mapped_noindex_holdback
puckered plain weave egyptian cotton seersucker,GLOBAL,TBD,TBD,TBD,Commercial,Named Fabrics,/fabrics/egyptian-cotton-seersucker/,product,P3,mapped_noindex_holdback
raised nap brushed flannel,GLOBAL,TBD,TBD,TBD,Commercial,Named Fabrics,/fabrics/brushed-flannel/,product,P3,mapped_noindex_holdback
rayon nylon ponte,GLOBAL,TBD,TBD,TBD,Commercial,Named Fabrics,/fabrics/ponte-rayon-nylon/,product,P3,mapped_noindex_holdback
rayon nylon ponte fabric,GLOBAL,TBD,TBD,TBD,Commercial,Named Fabrics,/fabrics/ponte-rayon-nylon/,product,P3,mapped_noindex_holdback
rayon nylon ponte fabric online,GLOBAL,TBD,TBD,TBD,Commercial,Named Fabrics,/fabrics/ponte-rayon-nylon/,product,P3,mapped_noindex_holdback
rayon nylon ponte for dresses,GLOBAL,TBD,TBD,TBD,Commercial,Named Fabrics,/fabrics/ponte-rayon-nylon/,product,P3,mapped_noindex_holdback
rayon nylon ponte for soft tailoring,GLOBAL,TBD,TBD,TBD,Commercial,Named Fabrics,/fabrics/ponte-rayon-nylon/,product,P3,mapped_noindex_holdback
rayon nylon ponte for trousers,GLOBAL,TBD,TBD,TBD,Commercial,Named Fabrics,/fabrics/ponte-rayon-nylon/,product,P3,mapped_noindex_holdback
rayon nylon ponte textile,GLOBAL,TBD,TBD,TBD,Commercial,Named Fabrics,/fabrics/ponte-rayon-nylon/,product,P3,mapped_noindex_holdback
real leather,GLOBAL,TBD,TBD,TBD,Commercial,Named Fabrics,/fabrics/real-leather/,product,P3,mapped_noindex_holdback
real leather fabric,GLOBAL,TBD,TBD,TBD,Commercial,Named Fabrics,/fabrics/real-leather/,product,P3,mapped_noindex_holdback
real leather fabric online,GLOBAL,TBD,TBD,TBD,Commercial,Named Fabrics,/fabrics/real-leather/,product,P3,mapped_noindex_holdback
real leather textile,GLOBAL,TBD,TBD,TBD,Commercial,Named Fabrics,/fabrics/real-leather/,product,P3,mapped_noindex_holdback
real suede,GLOBAL,TBD,TBD,TBD,Commercial,Named Fabrics,/fabrics/real-suede/,product,P3,mapped_noindex_holdback
real suede fabric,GLOBAL,TBD,TBD,TBD,Commercial,Named Fabrics,/fabrics/real-suede/,product,P3,mapped_noindex_holdback
real suede fabric online,GLOBAL,TBD,TBD,TBD,Commercial,Named Fabrics,/fabrics/real-suede/,product,P3,mapped_noindex_holdback
real suede textile,GLOBAL,TBD,TBD,TBD,Commercial,Named Fabrics,/fabrics/real-suede/,product,P3,mapped_noindex_holdback
recycled cotton french terry,GLOBAL,TBD,TBD,TBD,Commercial,Named Fabrics,/fabrics/french-terry-recycled-cotton/,product,P3,mapped_noindex_holdback
recycled cotton french terry fabric,GLOBAL,TBD,TBD,TBD,Commercial,Named Fabrics,/fabrics/french-terry-recycled-cotton/,product,P3,mapped_noindex_holdback
recycled cotton french terry fabric online,GLOBAL,TBD,TBD,TBD,Commercial,Named Fabrics,/fabrics/french-terry-recycled-cotton/,product,P3,mapped_noindex_holdback
recycled cotton french terry for knitwear,GLOBAL,TBD,TBD,TBD,Commercial,Named Fabrics,/fabrics/french-terry-recycled-cotton/,product,P3,mapped_noindex_holdback
recycled cotton french terry for layering pieces,GLOBAL,TBD,TBD,TBD,Commercial,Named Fabrics,/fabrics/french-terry-recycled-cotton/,product,P3,mapped_noindex_holdback
recycled cotton french terry for loungewear,GLOBAL,TBD,TBD,TBD,Commercial,Named Fabrics,/fabrics/french-terry-recycled-cotton/,product,P3,mapped_noindex_holdback
recycled cotton french terry textile,GLOBAL,TBD,TBD,TBD,Commercial,Named Fabrics,/fabrics/french-terry-recycled-cotton/,product,P3,mapped_noindex_holdback
recycled nylon recycled nylon ripstop,GLOBAL,TBD,TBD,TBD,Commercial,Named Fabrics,/fabrics/recycled-nylon-ripstop/,product,P3,mapped_noindex_holdback
recycled nylon ripstop,GLOBAL,TBD,TBD,TBD,Commercial,Named Fabrics,/fabrics/recycled-nylon-ripstop/,product,P3,mapped_noindex_holdback
recycled nylon ripstop fabric,GLOBAL,TBD,TBD,TBD,Commercial,Named Fabrics,/fabrics/recycled-nylon-ripstop/,product,P3,mapped_noindex_holdback
recycled nylon ripstop fabric online,GLOBAL,TBD,TBD,TBD,Commercial,Named Fabrics,/fabrics/recycled-nylon-ripstop/,product,P3,mapped_noindex_holdback
recycled nylon ripstop for outerwear,GLOBAL,TBD,TBD,TBD,Commercial,Named Fabrics,/fabrics/recycled-nylon-ripstop/,product,P3,mapped_noindex_holdback
recycled nylon ripstop textile,GLOBAL,TBD,TBD,TBD,Commercial,Named Fabrics,/fabrics/recycled-nylon-ripstop/,product,P3,mapped_noindex_holdback
recycled pet acoustic felt,GLOBAL,TBD,TBD,TBD,Commercial,Named Fabrics,/fabrics/recycled-pet-acoustic-felt/,product,P3,mapped_noindex_holdback
recycled pet acoustic felt fabric,GLOBAL,TBD,TBD,TBD,Commercial,Named Fabrics,/fabrics/recycled-pet-acoustic-felt/,product,P3,mapped_noindex_holdback
recycled pet acoustic felt fabric online,GLOBAL,TBD,TBD,TBD,Commercial,Named Fabrics,/fabrics/recycled-pet-acoustic-felt/,product,P3,mapped_noindex_holdback
recycled pet acoustic felt for contract textiles,GLOBAL,TBD,TBD,TBD,Commercial,Named Fabrics,/fabrics/recycled-pet-acoustic-felt/,product,P3,mapped_noindex_holdback
recycled pet acoustic felt textile,GLOBAL,TBD,TBD,TBD,Commercial,Named Fabrics,/fabrics/recycled-pet-acoustic-felt/,product,P3,mapped_noindex_holdback
recycled pet pile rug,GLOBAL,TBD,TBD,TBD,Commercial,Named Fabrics,/fabrics/recycled-pet-pile-rug/,product,P3,mapped_noindex_holdback
recycled pet pile rug fabric,GLOBAL,TBD,TBD,TBD,Commercial,Named Fabrics,/fabrics/recycled-pet-pile-rug/,product,P3,mapped_noindex_holdback
recycled pet pile rug fabric online,GLOBAL,TBD,TBD,TBD,Commercial,Named Fabrics,/fabrics/recycled-pet-pile-rug/,product,P3,mapped_noindex_holdback
recycled pet pile rug for rugs,GLOBAL,TBD,TBD,TBD,Commercial,Named Fabrics,/fabrics/recycled-pet-pile-rug/,product,P3,mapped_noindex_holdback
recycled pet pile rug textile,GLOBAL,TBD,TBD,TBD,Commercial,Named Fabrics,/fabrics/recycled-pet-pile-rug/,product,P3,mapped_noindex_holdback
recycled pet recycled pet acoustic felt,GLOBAL,TBD,TBD,TBD,Commercial,Named Fabrics,/fabrics/recycled-pet-acoustic-felt/,product,P3,mapped_noindex_holdback
recycled pet recycled pet pile rug,GLOBAL,TBD,TBD,TBD,Commercial,Named Fabrics,/fabrics/recycled-pet-pile-rug/,product,P3,mapped_noindex_holdback
recycled polyester chiffon,GLOBAL,TBD,TBD,TBD,Commercial,Named Fabrics,/fabrics/recycled-polyester-chiffon/,product,P3,mapped_noindex_holdback
recycled polyester chiffon fabric,GLOBAL,TBD,TBD,TBD,Commercial,Named Fabrics,/fabrics/recycled-polyester-chiffon/,product,P3,mapped_noindex_holdback
recycled polyester chiffon fabric online,GLOBAL,TBD,TBD,TBD,Commercial,Named Fabrics,/fabrics/recycled-polyester-chiffon/,product,P3,mapped_noindex_holdback
recycled polyester chiffon for blouses,GLOBAL,TBD,TBD,TBD,Commercial,Named Fabrics,/fabrics/recycled-polyester-chiffon/,product,P3,mapped_noindex_holdback
recycled polyester chiffon for overlays,GLOBAL,TBD,TBD,TBD,Commercial,Named Fabrics,/fabrics/recycled-polyester-chiffon/,product,P3,mapped_noindex_holdback
recycled polyester chiffon for scarves,GLOBAL,TBD,TBD,TBD,Commercial,Named Fabrics,/fabrics/recycled-polyester-chiffon/,product,P3,mapped_noindex_holdback
recycled polyester chiffon textile,GLOBAL,TBD,TBD,TBD,Commercial,Named Fabrics,/fabrics/recycled-polyester-chiffon/,product,P3,mapped_noindex_holdback
recycled polyester recycled polyester chiffon,GLOBAL,TBD,TBD,TBD,Commercial,Named Fabrics,/fabrics/recycled-polyester-chiffon/,product,P3,mapped_noindex_holdback
recycled polyester recycled polyester wadding,GLOBAL,TBD,TBD,TBD,Commercial,Named Fabrics,/fabrics/recycled-polyester-wadding/,product,P3,mapped_noindex_holdback
recycled polyester wadding,GLOBAL,TBD,TBD,TBD,Commercial,Named Fabrics,/fabrics/recycled-polyester-wadding/,product,P3,mapped_noindex_holdback
recycled polyester wadding fabric,GLOBAL,TBD,TBD,TBD,Commercial,Named Fabrics,/fabrics/recycled-polyester-wadding/,product,P3,mapped_noindex_holdback
recycled polyester wadding fabric online,GLOBAL,TBD,TBD,TBD,Commercial,Named Fabrics,/fabrics/recycled-polyester-wadding/,product,P3,mapped_noindex_holdback
recycled polyester wadding for garment insulation,GLOBAL,TBD,TBD,TBD,Commercial,Named Fabrics,/fabrics/recycled-polyester-wadding/,product,P3,mapped_noindex_holdback
recycled polyester wadding textile,GLOBAL,TBD,TBD,TBD,Commercial,Named Fabrics,/fabrics/recycled-polyester-wadding/,product,P3,mapped_noindex_holdback
recycled-cotton denim,GLOBAL,TBD,TBD,TBD,Commercial,Named Fabrics,/fabrics/recycled-cotton-denim/,product,P3,mapped_noindex_holdback
recycled-cotton denim fabric,GLOBAL,TBD,TBD,TBD,Commercial,Named Fabrics,/fabrics/recycled-cotton-denim/,product,P3,mapped_noindex_holdback
recycled-cotton denim fabric online,GLOBAL,TBD,TBD,TBD,Commercial,Named Fabrics,/fabrics/recycled-cotton-denim/,product,P3,mapped_noindex_holdback
recycled-cotton denim textile,GLOBAL,TBD,TBD,TBD,Commercial,Named Fabrics,/fabrics/recycled-cotton-denim/,product,P3,mapped_noindex_holdback
retro sportif knit,GLOBAL,TBD,TBD,TBD,Commercial,Named Fabrics,/fabrics/retro-sportif-knit/,product,P3,mapped_noindex_holdback
retro sportif knit fabric,GLOBAL,TBD,TBD,TBD,Commercial,Named Fabrics,/fabrics/retro-sportif-knit/,product,P3,mapped_noindex_holdback
retro sportif knit fabric online,GLOBAL,TBD,TBD,TBD,Commercial,Named Fabrics,/fabrics/retro-sportif-knit/,product,P3,mapped_noindex_holdback
retro sportif knit for activewear,GLOBAL,TBD,TBD,TBD,Commercial,Named Fabrics,/fabrics/retro-sportif-knit/,product,P3,mapped_noindex_holdback
retro sportif knit textile,GLOBAL,TBD,TBD,TBD,Commercial,Named Fabrics,/fabrics/retro-sportif-knit/,product,P3,mapped_noindex_holdback
ribbed ponte,GLOBAL,TBD,TBD,TBD,Commercial,Named Fabrics,/fabrics/ponte-ribbed/,product,P3,mapped_noindex_holdback
ribbed ponte fabric,GLOBAL,TBD,TBD,TBD,Commercial,Named Fabrics,/fabrics/ponte-ribbed/,product,P3,mapped_noindex_holdback
ribbed ponte fabric online,GLOBAL,TBD,TBD,TBD,Commercial,Named Fabrics,/fabrics/ponte-ribbed/,product,P3,mapped_noindex_holdback
ribbed ponte for dresses,GLOBAL,TBD,TBD,TBD,Commercial,Named Fabrics,/fabrics/ponte-ribbed/,product,P3,mapped_noindex_holdback
ribbed ponte for full skirts,GLOBAL,TBD,TBD,TBD,Commercial,Named Fabrics,/fabrics/ponte-ribbed/,product,P3,mapped_noindex_holdback
ribbed ponte for knitwear,GLOBAL,TBD,TBD,TBD,Commercial,Named Fabrics,/fabrics/ponte-ribbed/,product,P3,mapped_noindex_holdback
ribbed ponte textile,GLOBAL,TBD,TBD,TBD,Commercial,Named Fabrics,/fabrics/ponte-ribbed/,product,P3,mapped_noindex_holdback
ripstop recycled nylon ripstop,GLOBAL,TBD,TBD,TBD,Commercial,Named Fabrics,/fabrics/recycled-nylon-ripstop/,product,P3,mapped_noindex_holdback
royal oxford basketweave royal oxford cotton,GLOBAL,TBD,TBD,TBD,Commercial,Named Fabrics,/fabrics/royal-oxford-cotton/,product,P3,mapped_noindex_holdback
royal oxford cotton,GLOBAL,TBD,TBD,TBD,Commercial,Named Fabrics,/fabrics/royal-oxford-cotton/,product,P3,mapped_noindex_holdback
royal oxford cotton fabric,GLOBAL,TBD,TBD,TBD,Commercial,Named Fabrics,/fabrics/royal-oxford-cotton/,product,P3,mapped_noindex_holdback
royal oxford cotton fabric online,GLOBAL,TBD,TBD,TBD,Commercial,Named Fabrics,/fabrics/royal-oxford-cotton/,product,P3,mapped_noindex_holdback
royal oxford cotton for blouses,GLOBAL,TBD,TBD,TBD,Commercial,Named Fabrics,/fabrics/royal-oxford-cotton/,product,P3,mapped_noindex_holdback
royal oxford cotton for shirts,GLOBAL,TBD,TBD,TBD,Commercial,Named Fabrics,/fabrics/royal-oxford-cotton/,product,P3,mapped_noindex_holdback
royal oxford cotton for workwear jackets,GLOBAL,TBD,TBD,TBD,Commercial,Named Fabrics,/fabrics/royal-oxford-cotton/,product,P3,mapped_noindex_holdback
royal oxford cotton textile,GLOBAL,TBD,TBD,TBD,Commercial,Named Fabrics,/fabrics/royal-oxford-cotton/,product,P3,mapped_noindex_holdback
sanded peach-skin,GLOBAL,TBD,TBD,TBD,Commercial,Named Fabrics,/fabrics/peach-skin/,product,P3,mapped_noindex_holdback
sateen long-staple cotton sateen,GLOBAL,TBD,TBD,TBD,Commercial,Named Fabrics,/fabrics/long-staple-cotton-sateen/,product,P3,mapped_noindex_holdback
sateen weave egyptian cotton sateen,GLOBAL,TBD,TBD,TBD,Commercial,Named Fabrics,/fabrics/egyptian-cotton-sateen/,product,P3,mapped_noindex_holdback
sateen weave mercerized cotton sateen,GLOBAL,TBD,TBD,TBD,Commercial,Named Fabrics,/fabrics/mercerized-cotton-sateen/,product,P3,mapped_noindex_holdback
sateen weave pima cotton sateen,GLOBAL,TBD,TBD,TBD,Commercial,Named Fabrics,/fabrics/pima-cotton-sateen/,product,P3,mapped_noindex_holdback
sateen weave tencel sateen,GLOBAL,TBD,TBD,TBD,Commercial,Named Fabrics,/fabrics/tencel-sateen/,product,P3,mapped_noindex_holdback
satin weave silk charmeuse,GLOBAL,TBD,TBD,TBD,Commercial,Named Fabrics,/fabrics/silk-charmeuse/,product,P3,mapped_noindex_holdback
satin weave silk satin,GLOBAL,TBD,TBD,TBD,Commercial,Named Fabrics,/fabrics/silk-satin/,product,P3,mapped_noindex_holdback
selvedge rigid denim,GLOBAL,TBD,TBD,TBD,Commercial,Named Fabrics,/fabrics/selvedge-rigid-denim/,product,P3,mapped_noindex_holdback
selvedge rigid denim fabric,GLOBAL,TBD,TBD,TBD,Commercial,Named Fabrics,/fabrics/selvedge-rigid-denim/,product,P3,mapped_noindex_holdback
selvedge rigid denim fabric online,GLOBAL,TBD,TBD,TBD,Commercial,Named Fabrics,/fabrics/selvedge-rigid-denim/,product,P3,mapped_noindex_holdback
selvedge rigid denim textile,GLOBAL,TBD,TBD,TBD,Commercial,Named Fabrics,/fabrics/selvedge-rigid-denim/,product,P3,mapped_noindex_holdback
selvedge selvedge rigid denim,GLOBAL,TBD,TBD,TBD,Commercial,Named Fabrics,/fabrics/selvedge-rigid-denim/,product,P3,mapped_noindex_holdback
"short, dense pile cotton velveteen",GLOBAL,TBD,TBD,TBD,Commercial,Named Fabrics,/fabrics/cotton-velveteen/,product,P3,mapped_noindex_holdback
silk and viscose silk-viscose velvet,GLOBAL,TBD,TBD,TBD,Commercial,Named Fabrics,/fabrics/silk-viscose-velvet/,product,P3,mapped_noindex_holdback
silk bouclé,GLOBAL,TBD,TBD,TBD,Commercial,Named Fabrics,/fabrics/silk-boucle/,product,P3,mapped_noindex_holdback
silk bouclé fabric,GLOBAL,TBD,TBD,TBD,Commercial,Named Fabrics,/fabrics/silk-boucle/,product,P3,mapped_noindex_holdback
silk bouclé fabric online,GLOBAL,TBD,TBD,TBD,Commercial,Named Fabrics,/fabrics/silk-boucle/,product,P3,mapped_noindex_holdback
silk bouclé for jackets,GLOBAL,TBD,TBD,TBD,Commercial,Named Fabrics,/fabrics/silk-boucle/,product,P3,mapped_noindex_holdback
silk bouclé for knitwear,GLOBAL,TBD,TBD,TBD,Commercial,Named Fabrics,/fabrics/silk-boucle/,product,P3,mapped_noindex_holdback
silk bouclé textile,GLOBAL,TBD,TBD,TBD,Commercial,Named Fabrics,/fabrics/silk-boucle/,product,P3,mapped_noindex_holdback
silk broadcloth,GLOBAL,TBD,TBD,TBD,Commercial,Named Fabrics,/fabrics/silk-broadcloth/,product,P3,mapped_noindex_holdback
silk broadcloth fabric,GLOBAL,TBD,TBD,TBD,Commercial,Named Fabrics,/fabrics/silk-broadcloth/,product,P3,mapped_noindex_holdback
silk broadcloth fabric online,GLOBAL,TBD,TBD,TBD,Commercial,Named Fabrics,/fabrics/silk-broadcloth/,product,P3,mapped_noindex_holdback
silk broadcloth for blouses,GLOBAL,TBD,TBD,TBD,Commercial,Named Fabrics,/fabrics/silk-broadcloth/,product,P3,mapped_noindex_holdback
silk broadcloth for linings,GLOBAL,TBD,TBD,TBD,Commercial,Named Fabrics,/fabrics/silk-broadcloth/,product,P3,mapped_noindex_holdback
silk broadcloth for shirts,GLOBAL,TBD,TBD,TBD,Commercial,Named Fabrics,/fabrics/silk-broadcloth/,product,P3,mapped_noindex_holdback
silk broadcloth textile,GLOBAL,TBD,TBD,TBD,Commercial,Named Fabrics,/fabrics/silk-broadcloth/,product,P3,mapped_noindex_holdback
silk charmeuse,GLOBAL,TBD,TBD,TBD,Commercial,Named Fabrics,/fabrics/silk-charmeuse/,product,P3,mapped_noindex_holdback
silk charmeuse fabric,GLOBAL,TBD,TBD,TBD,Commercial,Named Fabrics,/fabrics/silk-charmeuse/,product,P3,mapped_noindex_holdback
silk charmeuse fabric online,GLOBAL,TBD,TBD,TBD,Commercial,Named Fabrics,/fabrics/silk-charmeuse/,product,P3,mapped_noindex_holdback
silk charmeuse for blouses,GLOBAL,TBD,TBD,TBD,Commercial,Named Fabrics,/fabrics/silk-charmeuse/,product,P3,mapped_noindex_holdback
silk charmeuse for linings,GLOBAL,TBD,TBD,TBD,Commercial,Named Fabrics,/fabrics/silk-charmeuse/,product,P3,mapped_noindex_holdback
silk charmeuse for slip dresses,GLOBAL,TBD,TBD,TBD,Commercial,Named Fabrics,/fabrics/silk-charmeuse/,product,P3,mapped_noindex_holdback
silk charmeuse textile,GLOBAL,TBD,TBD,TBD,Commercial,Named Fabrics,/fabrics/silk-charmeuse/,product,P3,mapped_noindex_holdback
silk chiffon crepe,GLOBAL,TBD,TBD,TBD,Commercial,Named Fabrics,/fabrics/silk-chiffon-crepe/,product,P3,mapped_noindex_holdback
silk chiffon crepe fabric,GLOBAL,TBD,TBD,TBD,Commercial,Named Fabrics,/fabrics/silk-chiffon-crepe/,product,P3,mapped_noindex_holdback
silk chiffon crepe fabric online,GLOBAL,TBD,TBD,TBD,Commercial,Named Fabrics,/fabrics/silk-chiffon-crepe/,product,P3,mapped_noindex_holdback
silk chiffon crepe for dresses,GLOBAL,TBD,TBD,TBD,Commercial,Named Fabrics,/fabrics/silk-chiffon-crepe/,product,P3,mapped_noindex_holdback
silk chiffon crepe for overlays,GLOBAL,TBD,TBD,TBD,Commercial,Named Fabrics,/fabrics/silk-chiffon-crepe/,product,P3,mapped_noindex_holdback
silk chiffon crepe for scarves,GLOBAL,TBD,TBD,TBD,Commercial,Named Fabrics,/fabrics/silk-chiffon-crepe/,product,P3,mapped_noindex_holdback
silk chiffon crepe textile,GLOBAL,TBD,TBD,TBD,Commercial,Named Fabrics,/fabrics/silk-chiffon-crepe/,product,P3,mapped_noindex_holdback
silk crepe,GLOBAL,TBD,TBD,TBD,Commercial,Named Fabrics,/fabrics/silk-crepe/,product,P3,mapped_noindex_holdback
silk crepe de chine,GLOBAL,TBD,TBD,TBD,Commercial,Named Fabrics,/fabrics/crepe-de-chine/,product,P3,mapped_noindex_holdback
silk crepe fabric,GLOBAL,TBD,TBD,TBD,Commercial,Named Fabrics,/fabrics/silk-crepe/,product,P3,mapped_noindex_holdback
silk crepe fabric online,GLOBAL,TBD,TBD,TBD,Commercial,Named Fabrics,/fabrics/silk-crepe/,product,P3,mapped_noindex_holdback
silk crepe for blouses,GLOBAL,TBD,TBD,TBD,Commercial,Named Fabrics,/fabrics/silk-crepe/,product,P3,mapped_noindex_holdback
silk crepe for dresses,GLOBAL,TBD,TBD,TBD,Commercial,Named Fabrics,/fabrics/silk-crepe/,product,P3,mapped_noindex_holdback
silk crepe for slip dresses,GLOBAL,TBD,TBD,TBD,Commercial,Named Fabrics,/fabrics/silk-crepe/,product,P3,mapped_noindex_holdback
silk crepe textile,GLOBAL,TBD,TBD,TBD,Commercial,Named Fabrics,/fabrics/silk-crepe/,product,P3,mapped_noindex_holdback
silk dupion,GLOBAL,TBD,TBD,TBD,Commercial,Named Fabrics,/fabrics/silk-dupion/,product,P3,mapped_noindex_holdback
silk dupion fabric online,GLOBAL,TBD,TBD,TBD,Commercial,Named Fabrics,/fabrics/silk-dupion/,product,P3,mapped_noindex_holdback
silk dupion for home textiles / interiors,GLOBAL,TBD,TBD,TBD,Commercial,Named Fabrics,/fabrics/silk-dupion/,product,P3,mapped_noindex_holdback
silk dupion for jackets,GLOBAL,TBD,TBD,TBD,Commercial,Named Fabrics,/fabrics/silk-dupion/,product,P3,mapped_noindex_holdback
silk dupion for occasionwear,GLOBAL,TBD,TBD,TBD,Commercial,Named Fabrics,/fabrics/silk-dupion/,product,P3,mapped_noindex_holdback
silk dupion textile,GLOBAL,TBD,TBD,TBD,Commercial,Named Fabrics,/fabrics/silk-dupion/,product,P3,mapped_noindex_holdback
silk faille,GLOBAL,TBD,TBD,TBD,Commercial,Named Fabrics,/fabrics/silk-faille/,product,P3,mapped_noindex_holdback
silk faille fabric,GLOBAL,TBD,TBD,TBD,Commercial,Named Fabrics,/fabrics/silk-faille/,product,P3,mapped_noindex_holdback
silk faille fabric online,GLOBAL,TBD,TBD,TBD,Commercial,Named Fabrics,/fabrics/silk-faille/,product,P3,mapped_noindex_holdback
silk faille for full skirts,GLOBAL,TBD,TBD,TBD,Commercial,Named Fabrics,/fabrics/silk-faille/,product,P3,mapped_noindex_holdback
silk faille for jackets,GLOBAL,TBD,TBD,TBD,Commercial,Named Fabrics,/fabrics/silk-faille/,product,P3,mapped_noindex_holdback
silk faille for occasionwear,GLOBAL,TBD,TBD,TBD,Commercial,Named Fabrics,/fabrics/silk-faille/,product,P3,mapped_noindex_holdback
silk faille textile,GLOBAL,TBD,TBD,TBD,Commercial,Named Fabrics,/fabrics/silk-faille/,product,P3,mapped_noindex_holdback
silk fine-gauge semi-sheer knit,GLOBAL,TBD,TBD,TBD,Commercial,Named Fabrics,/fabrics/fine-gauge-semi-sheer-knit/,product,P3,mapped_noindex_holdback
silk habotai,GLOBAL,TBD,TBD,TBD,Commercial,Named Fabrics,/fabrics/silk-habotai/,product,P3,mapped_noindex_holdback
silk habotai fabric online,GLOBAL,TBD,TBD,TBD,Commercial,Named Fabrics,/fabrics/silk-habotai/,product,P3,mapped_noindex_holdback
silk habotai for linings,GLOBAL,TBD,TBD,TBD,Commercial,Named Fabrics,/fabrics/silk-habotai/,product,P3,mapped_noindex_holdback
silk habotai for scarves,GLOBAL,TBD,TBD,TBD,Commercial,Named Fabrics,/fabrics/silk-habotai/,product,P3,mapped_noindex_holdback
silk habotai textile,GLOBAL,TBD,TBD,TBD,Commercial,Named Fabrics,/fabrics/silk-habotai/,product,P3,mapped_noindex_holdback
silk noil,GLOBAL,TBD,TBD,TBD,Commercial,Named Fabrics,/fabrics/silk-noil/,product,P3,mapped_noindex_holdback
silk noil fabric,GLOBAL,TBD,TBD,TBD,Commercial,Named Fabrics,/fabrics/silk-noil/,product,P3,mapped_noindex_holdback
silk noil fabric online,GLOBAL,TBD,TBD,TBD,Commercial,Named Fabrics,/fabrics/silk-noil/,product,P3,mapped_noindex_holdback
silk noil for blouses,GLOBAL,TBD,TBD,TBD,Commercial,Named Fabrics,/fabrics/silk-noil/,product,P3,mapped_noindex_holdback
silk noil for dresses,GLOBAL,TBD,TBD,TBD,Commercial,Named Fabrics,/fabrics/silk-noil/,product,P3,mapped_noindex_holdback
silk noil for resortwear,GLOBAL,TBD,TBD,TBD,Commercial,Named Fabrics,/fabrics/silk-noil/,product,P3,mapped_noindex_holdback
silk noil textile,GLOBAL,TBD,TBD,TBD,Commercial,Named Fabrics,/fabrics/silk-noil/,product,P3,mapped_noindex_holdback
silk organza,GLOBAL,TBD,TBD,TBD,Commercial,Named Fabrics,/fabrics/silk-organza/,product,P3,mapped_noindex_holdback
silk organza fabric online,GLOBAL,TBD,TBD,TBD,Commercial,Named Fabrics,/fabrics/silk-organza/,product,P3,mapped_noindex_holdback
silk organza for overlays,GLOBAL,TBD,TBD,TBD,Commercial,Named Fabrics,/fabrics/silk-organza/,product,P3,mapped_noindex_holdback
silk organza for ruffles,GLOBAL,TBD,TBD,TBD,Commercial,Named Fabrics,/fabrics/silk-organza/,product,P3,mapped_noindex_holdback
silk organza for volume sleeves,GLOBAL,TBD,TBD,TBD,Commercial,Named Fabrics,/fabrics/silk-organza/,product,P3,mapped_noindex_holdback
silk organza textile,GLOBAL,TBD,TBD,TBD,Commercial,Named Fabrics,/fabrics/silk-organza/,product,P3,mapped_noindex_holdback
silk satin,GLOBAL,TBD,TBD,TBD,Commercial,Named Fabrics,/fabrics/silk-satin/,product,P3,mapped_noindex_holdback
silk satin fabric,GLOBAL,TBD,TBD,TBD,Commercial,Named Fabrics,/fabrics/silk-satin/,product,P3,mapped_noindex_holdback
silk satin fabric online,GLOBAL,TBD,TBD,TBD,Commercial,Named Fabrics,/fabrics/silk-satin/,product,P3,mapped_noindex_holdback
silk satin for dresses,GLOBAL,TBD,TBD,TBD,Commercial,Named Fabrics,/fabrics/silk-satin/,product,P3,mapped_noindex_holdback
silk satin for linings,GLOBAL,TBD,TBD,TBD,Commercial,Named Fabrics,/fabrics/silk-satin/,product,P3,mapped_noindex_holdback
silk satin for occasionwear,GLOBAL,TBD,TBD,TBD,Commercial,Named Fabrics,/fabrics/silk-satin/,product,P3,mapped_noindex_holdback
silk satin textile,GLOBAL,TBD,TBD,TBD,Commercial,Named Fabrics,/fabrics/silk-satin/,product,P3,mapped_noindex_holdback
silk silk dupion,GLOBAL,TBD,TBD,TBD,Commercial,Named Fabrics,/fabrics/silk-dupion/,product,P3,mapped_noindex_holdback
silk silk habotai,GLOBAL,TBD,TBD,TBD,Commercial,Named Fabrics,/fabrics/silk-habotai/,product,P3,mapped_noindex_holdback
silk silk organza,GLOBAL,TBD,TBD,TBD,Commercial,Named Fabrics,/fabrics/silk-organza/,product,P3,mapped_noindex_holdback
silk silk taffeta,GLOBAL,TBD,TBD,TBD,Commercial,Named Fabrics,/fabrics/silk-taffeta/,product,P3,mapped_noindex_holdback
silk taffeta,GLOBAL,TBD,TBD,TBD,Commercial,Named Fabrics,/fabrics/silk-taffeta/,product,P3,mapped_noindex_holdback
silk taffeta fabric online,GLOBAL,TBD,TBD,TBD,Commercial,Named Fabrics,/fabrics/silk-taffeta/,product,P3,mapped_noindex_holdback
silk taffeta for full skirts,GLOBAL,TBD,TBD,TBD,Commercial,Named Fabrics,/fabrics/silk-taffeta/,product,P3,mapped_noindex_holdback
silk taffeta for lightweight outerwear,GLOBAL,TBD,TBD,TBD,Commercial,Named Fabrics,/fabrics/silk-taffeta/,product,P3,mapped_noindex_holdback
silk taffeta for occasionwear,GLOBAL,TBD,TBD,TBD,Commercial,Named Fabrics,/fabrics/silk-taffeta/,product,P3,mapped_noindex_holdback
silk taffeta textile,GLOBAL,TBD,TBD,TBD,Commercial,Named Fabrics,/fabrics/silk-taffeta/,product,P3,mapped_noindex_holdback
silk tussar,GLOBAL,TBD,TBD,TBD,Commercial,Named Fabrics,/fabrics/silk-tussar/,product,P3,mapped_noindex_holdback
silk tussar fabric,GLOBAL,TBD,TBD,TBD,Commercial,Named Fabrics,/fabrics/silk-tussar/,product,P3,mapped_noindex_holdback
silk tussar fabric online,GLOBAL,TBD,TBD,TBD,Commercial,Named Fabrics,/fabrics/silk-tussar/,product,P3,mapped_noindex_holdback
silk tussar for full skirts,GLOBAL,TBD,TBD,TBD,Commercial,Named Fabrics,/fabrics/silk-tussar/,product,P3,mapped_noindex_holdback
silk tussar for jackets,GLOBAL,TBD,TBD,TBD,Commercial,Named Fabrics,/fabrics/silk-tussar/,product,P3,mapped_noindex_holdback
silk tussar for occasionwear,GLOBAL,TBD,TBD,TBD,Commercial,Named Fabrics,/fabrics/silk-tussar/,product,P3,mapped_noindex_holdback
silk tussar textile,GLOBAL,TBD,TBD,TBD,Commercial,Named Fabrics,/fabrics/silk-tussar/,product,P3,mapped_noindex_holdback
silk twill,GLOBAL,TBD,TBD,TBD,Commercial,Named Fabrics,/fabrics/silk-twill/,product,P3,mapped_noindex_holdback
silk twill fabric,GLOBAL,TBD,TBD,TBD,Commercial,Named Fabrics,/fabrics/silk-twill/,product,P3,mapped_noindex_holdback
silk twill fabric online,GLOBAL,TBD,TBD,TBD,Commercial,Named Fabrics,/fabrics/silk-twill/,product,P3,mapped_noindex_holdback
silk twill for blouses,GLOBAL,TBD,TBD,TBD,Commercial,Named Fabrics,/fabrics/silk-twill/,product,P3,mapped_noindex_holdback
silk twill for dresses,GLOBAL,TBD,TBD,TBD,Commercial,Named Fabrics,/fabrics/silk-twill/,product,P3,mapped_noindex_holdback
silk twill for scarves,GLOBAL,TBD,TBD,TBD,Commercial,Named Fabrics,/fabrics/silk-twill/,product,P3,mapped_noindex_holdback
silk twill textile,GLOBAL,TBD,TBD,TBD,Commercial,Named Fabrics,/fabrics/silk-twill/,product,P3,mapped_noindex_holdback
silk-viscose velvet,GLOBAL,TBD,TBD,TBD,Commercial,Named Fabrics,/fabrics/silk-viscose-velvet/,product,P3,mapped_noindex_holdback
silk-viscose velvet fabric,GLOBAL,TBD,TBD,TBD,Commercial,Named Fabrics,/fabrics/silk-viscose-velvet/,product,P3,mapped_noindex_holdback
silk-viscose velvet fabric online,GLOBAL,TBD,TBD,TBD,Commercial,Named Fabrics,/fabrics/silk-viscose-velvet/,product,P3,mapped_noindex_holdback
silk-viscose velvet for interiors,GLOBAL,TBD,TBD,TBD,Commercial,Named Fabrics,/fabrics/silk-viscose-velvet/,product,P3,mapped_noindex_holdback
silk-viscose velvet for occasionwear,GLOBAL,TBD,TBD,TBD,Commercial,Named Fabrics,/fabrics/silk-viscose-velvet/,product,P3,mapped_noindex_holdback
silk-viscose velvet textile,GLOBAL,TBD,TBD,TBD,Commercial,Named Fabrics,/fabrics/silk-viscose-velvet/,product,P3,mapped_noindex_holdback
single jersey knit mercerized cotton jersey,GLOBAL,TBD,TBD,TBD,Commercial,Named Fabrics,/fabrics/mercerized-cotton-jersey/,product,P3,mapped_noindex_holdback
single jersey knit pima cotton jersey,GLOBAL,TBD,TBD,TBD,Commercial,Named Fabrics,/fabrics/pima-cotton-jersey/,product,P3,mapped_noindex_holdback
single jersey knit tencel jersey,GLOBAL,TBD,TBD,TBD,Commercial,Named Fabrics,/fabrics/tencel-jersey/,product,P3,mapped_noindex_holdback
slub cotton,GLOBAL,TBD,TBD,TBD,Commercial,Named Fabrics,/fabrics/slub-cotton/,product,P3,mapped_noindex_holdback
slub cotton fabric online,GLOBAL,TBD,TBD,TBD,Commercial,Named Fabrics,/fabrics/slub-cotton/,product,P3,mapped_noindex_holdback
slub cotton lawn,GLOBAL,TBD,TBD,TBD,Commercial,Named Fabrics,/fabrics/slub-cotton-lawn/,product,P3,mapped_noindex_holdback
slub cotton lawn fabric,GLOBAL,TBD,TBD,TBD,Commercial,Named Fabrics,/fabrics/slub-cotton-lawn/,product,P3,mapped_noindex_holdback
slub cotton lawn fabric online,GLOBAL,TBD,TBD,TBD,Commercial,Named Fabrics,/fabrics/slub-cotton-lawn/,product,P3,mapped_noindex_holdback
slub cotton lawn for blouses,GLOBAL,TBD,TBD,TBD,Commercial,Named Fabrics,/fabrics/slub-cotton-lawn/,product,P3,mapped_noindex_holdback
slub cotton lawn for resortwear,GLOBAL,TBD,TBD,TBD,Commercial,Named Fabrics,/fabrics/slub-cotton-lawn/,product,P3,mapped_noindex_holdback
slub cotton lawn for shirts,GLOBAL,TBD,TBD,TBD,Commercial,Named Fabrics,/fabrics/slub-cotton-lawn/,product,P3,mapped_noindex_holdback
slub cotton lawn textile,GLOBAL,TBD,TBD,TBD,Commercial,Named Fabrics,/fabrics/slub-cotton-lawn/,product,P3,mapped_noindex_holdback
slub cotton textile,GLOBAL,TBD,TBD,TBD,Commercial,Named Fabrics,/fabrics/slub-cotton/,product,P3,mapped_noindex_holdback
slub french terry,GLOBAL,TBD,TBD,TBD,Commercial,Named Fabrics,/fabrics/french-terry-slub/,product,P3,mapped_noindex_holdback
slub french terry fabric,GLOBAL,TBD,TBD,TBD,Commercial,Named Fabrics,/fabrics/french-terry-slub/,product,P3,mapped_noindex_holdback
slub french terry fabric online,GLOBAL,TBD,TBD,TBD,Commercial,Named Fabrics,/fabrics/french-terry-slub/,product,P3,mapped_noindex_holdback
slub french terry for knitwear,GLOBAL,TBD,TBD,TBD,Commercial,Named Fabrics,/fabrics/french-terry-slub/,product,P3,mapped_noindex_holdback
slub french terry for layering pieces,GLOBAL,TBD,TBD,TBD,Commercial,Named Fabrics,/fabrics/french-terry-slub/,product,P3,mapped_noindex_holdback
slub french terry for loungewear,GLOBAL,TBD,TBD,TBD,Commercial,Named Fabrics,/fabrics/french-terry-slub/,product,P3,mapped_noindex_holdback
slub french terry knit slub french terry,GLOBAL,TBD,TBD,TBD,Commercial,Named Fabrics,/fabrics/french-terry-slub/,product,P3,mapped_noindex_holdback
slub french terry textile,GLOBAL,TBD,TBD,TBD,Commercial,Named Fabrics,/fabrics/french-terry-slub/,product,P3,mapped_noindex_holdback
soft oxford cotton,GLOBAL,TBD,TBD,TBD,Commercial,Named Fabrics,/fabrics/soft-oxford-cotton/,product,P3,mapped_noindex_holdback
soft oxford cotton fabric,GLOBAL,TBD,TBD,TBD,Commercial,Named Fabrics,/fabrics/soft-oxford-cotton/,product,P3,mapped_noindex_holdback
soft oxford cotton fabric online,GLOBAL,TBD,TBD,TBD,Commercial,Named Fabrics,/fabrics/soft-oxford-cotton/,product,P3,mapped_noindex_holdback
soft oxford cotton for loungewear,GLOBAL,TBD,TBD,TBD,Commercial,Named Fabrics,/fabrics/soft-oxford-cotton/,product,P3,mapped_noindex_holdback
soft oxford cotton for shirts,GLOBAL,TBD,TBD,TBD,Commercial,Named Fabrics,/fabrics/soft-oxford-cotton/,product,P3,mapped_noindex_holdback
soft oxford cotton for workwear jackets,GLOBAL,TBD,TBD,TBD,Commercial,Named Fabrics,/fabrics/soft-oxford-cotton/,product,P3,mapped_noindex_holdback
soft oxford cotton textile,GLOBAL,TBD,TBD,TBD,Commercial,Named Fabrics,/fabrics/soft-oxford-cotton/,product,P3,mapped_noindex_holdback
stretch chiffon,GLOBAL,TBD,TBD,TBD,Commercial,Named Fabrics,/fabrics/stretch-chiffon/,product,P3,mapped_noindex_holdback
stretch chiffon fabric,GLOBAL,TBD,TBD,TBD,Commercial,Named Fabrics,/fabrics/stretch-chiffon/,product,P3,mapped_noindex_holdback
stretch chiffon fabric online,GLOBAL,TBD,TBD,TBD,Commercial,Named Fabrics,/fabrics/stretch-chiffon/,product,P3,mapped_noindex_holdback
stretch chiffon for blouses,GLOBAL,TBD,TBD,TBD,Commercial,Named Fabrics,/fabrics/stretch-chiffon/,product,P3,mapped_noindex_holdback
stretch chiffon for dresses,GLOBAL,TBD,TBD,TBD,Commercial,Named Fabrics,/fabrics/stretch-chiffon/,product,P3,mapped_noindex_holdback
stretch chiffon for overlays,GLOBAL,TBD,TBD,TBD,Commercial,Named Fabrics,/fabrics/stretch-chiffon/,product,P3,mapped_noindex_holdback
stretch chiffon textile,GLOBAL,TBD,TBD,TBD,Commercial,Named Fabrics,/fabrics/stretch-chiffon/,product,P3,mapped_noindex_holdback
stretch cotton piqué,GLOBAL,TBD,TBD,TBD,Commercial,Named Fabrics,/fabrics/stretch-cotton-pique/,product,P3,mapped_noindex_holdback
stretch cotton piqué fabric,GLOBAL,TBD,TBD,TBD,Commercial,Named Fabrics,/fabrics/stretch-cotton-pique/,product,P3,mapped_noindex_holdback
stretch cotton piqué fabric online,GLOBAL,TBD,TBD,TBD,Commercial,Named Fabrics,/fabrics/stretch-cotton-pique/,product,P3,mapped_noindex_holdback
stretch cotton piqué for activewear,GLOBAL,TBD,TBD,TBD,Commercial,Named Fabrics,/fabrics/stretch-cotton-pique/,product,P3,mapped_noindex_holdback
stretch cotton piqué for shirts,GLOBAL,TBD,TBD,TBD,Commercial,Named Fabrics,/fabrics/stretch-cotton-pique/,product,P3,mapped_noindex_holdback
stretch cotton piqué for workwear jackets,GLOBAL,TBD,TBD,TBD,Commercial,Named Fabrics,/fabrics/stretch-cotton-pique/,product,P3,mapped_noindex_holdback
stretch cotton piqué textile,GLOBAL,TBD,TBD,TBD,Commercial,Named Fabrics,/fabrics/stretch-cotton-pique/,product,P3,mapped_noindex_holdback
stretch french terry,GLOBAL,TBD,TBD,TBD,Commercial,Named Fabrics,/fabrics/french-terry-stretch/,product,P3,mapped_noindex_holdback
stretch french terry fabric,GLOBAL,TBD,TBD,TBD,Commercial,Named Fabrics,/fabrics/french-terry-stretch/,product,P3,mapped_noindex_holdback
stretch french terry fabric online,GLOBAL,TBD,TBD,TBD,Commercial,Named Fabrics,/fabrics/french-terry-stretch/,product,P3,mapped_noindex_holdback
stretch french terry for baselayers,GLOBAL,TBD,TBD,TBD,Commercial,Named Fabrics,/fabrics/french-terry-stretch/,product,P3,mapped_noindex_holdback
stretch french terry for knitwear,GLOBAL,TBD,TBD,TBD,Commercial,Named Fabrics,/fabrics/french-terry-stretch/,product,P3,mapped_noindex_holdback
stretch french terry for loungewear,GLOBAL,TBD,TBD,TBD,Commercial,Named Fabrics,/fabrics/french-terry-stretch/,product,P3,mapped_noindex_holdback
stretch french terry textile,GLOBAL,TBD,TBD,TBD,Commercial,Named Fabrics,/fabrics/french-terry-stretch/,product,P3,mapped_noindex_holdback
stretch oxford cotton,GLOBAL,TBD,TBD,TBD,Commercial,Named Fabrics,/fabrics/stretch-oxford-cotton/,product,P3,mapped_noindex_holdback
stretch oxford cotton fabric,GLOBAL,TBD,TBD,TBD,Commercial,Named Fabrics,/fabrics/stretch-oxford-cotton/,product,P3,mapped_noindex_holdback
stretch oxford cotton fabric online,GLOBAL,TBD,TBD,TBD,Commercial,Named Fabrics,/fabrics/stretch-oxford-cotton/,product,P3,mapped_noindex_holdback
stretch oxford cotton for shirts,GLOBAL,TBD,TBD,TBD,Commercial,Named Fabrics,/fabrics/stretch-oxford-cotton/,product,P3,mapped_noindex_holdback
stretch oxford cotton for workwear jackets,GLOBAL,TBD,TBD,TBD,Commercial,Named Fabrics,/fabrics/stretch-oxford-cotton/,product,P3,mapped_noindex_holdback
stretch oxford cotton textile,GLOBAL,TBD,TBD,TBD,Commercial,Named Fabrics,/fabrics/stretch-oxford-cotton/,product,P3,mapped_noindex_holdback
structured ponte,GLOBAL,TBD,TBD,TBD,Commercial,Named Fabrics,/fabrics/ponte-structured/,product,P3,mapped_noindex_holdback
structured ponte fabric,GLOBAL,TBD,TBD,TBD,Commercial,Named Fabrics,/fabrics/ponte-structured/,product,P3,mapped_noindex_holdback
structured ponte fabric online,GLOBAL,TBD,TBD,TBD,Commercial,Named Fabrics,/fabrics/ponte-structured/,product,P3,mapped_noindex_holdback
structured ponte for jackets,GLOBAL,TBD,TBD,TBD,Commercial,Named Fabrics,/fabrics/ponte-structured/,product,P3,mapped_noindex_holdback
structured ponte for trousers,GLOBAL,TBD,TBD,TBD,Commercial,Named Fabrics,/fabrics/ponte-structured/,product,P3,mapped_noindex_holdback
structured ponte for workwear jackets,GLOBAL,TBD,TBD,TBD,Commercial,Named Fabrics,/fabrics/ponte-structured/,product,P3,mapped_noindex_holdback
structured ponte textile,GLOBAL,TBD,TBD,TBD,Commercial,Named Fabrics,/fabrics/ponte-structured/,product,P3,mapped_noindex_holdback
suede real suede,GLOBAL,TBD,TBD,TBD,Commercial,Named Fabrics,/fabrics/real-suede/,product,P3,mapped_noindex_holdback
suede-effect woven,GLOBAL,TBD,TBD,TBD,Commercial,Named Fabrics,/fabrics/suede-effect-woven/,product,P3,mapped_noindex_holdback
suede-effect woven fabric,GLOBAL,TBD,TBD,TBD,Commercial,Named Fabrics,/fabrics/suede-effect-woven/,product,P3,mapped_noindex_holdback
suede-effect woven fabric online,GLOBAL,TBD,TBD,TBD,Commercial,Named Fabrics,/fabrics/suede-effect-woven/,product,P3,mapped_noindex_holdback
suede-effect woven textile,GLOBAL,TBD,TBD,TBD,Commercial,Named Fabrics,/fabrics/suede-effect-woven/,product,P3,mapped_noindex_holdback
super 110s-130s tropical wool,GLOBAL,TBD,TBD,TBD,Commercial,Named Fabrics,/fabrics/tropical-wool-super-110s-130s/,product,P3,mapped_noindex_holdback
super 110s-130s tropical wool fabric,GLOBAL,TBD,TBD,TBD,Commercial,Named Fabrics,/fabrics/tropical-wool-super-110s-130s/,product,P3,mapped_noindex_holdback
super 110s-130s tropical wool fabric online,GLOBAL,TBD,TBD,TBD,Commercial,Named Fabrics,/fabrics/tropical-wool-super-110s-130s/,product,P3,mapped_noindex_holdback
super 110s-130s tropical wool for suiting,GLOBAL,TBD,TBD,TBD,Commercial,Named Fabrics,/fabrics/tropical-wool-super-110s-130s/,product,P3,mapped_noindex_holdback
super 110s-130s tropical wool textile,GLOBAL,TBD,TBD,TBD,Commercial,Named Fabrics,/fabrics/tropical-wool-super-110s-130s/,product,P3,mapped_noindex_holdback
tartan,GLOBAL,TBD,TBD,TBD,Commercial,Named Fabrics,/fabrics/tartan/,product,P3,mapped_noindex_holdback
tartan fabric,GLOBAL,TBD,TBD,TBD,Commercial,Named Fabrics,/fabrics/tartan/,product,P3,mapped_noindex_holdback
tartan fabric online,GLOBAL,TBD,TBD,TBD,Commercial,Named Fabrics,/fabrics/tartan/,product,P3,mapped_noindex_holdback
tartan textile,GLOBAL,TBD,TBD,TBD,Commercial,Named Fabrics,/fabrics/tartan/,product,P3,mapped_noindex_holdback
technical voile,GLOBAL,TBD,TBD,TBD,Commercial,Named Fabrics,/fabrics/technical-voile/,product,P3,mapped_noindex_holdback
technical voile fabric,GLOBAL,TBD,TBD,TBD,Commercial,Named Fabrics,/fabrics/technical-voile/,product,P3,mapped_noindex_holdback
technical voile fabric online,GLOBAL,TBD,TBD,TBD,Commercial,Named Fabrics,/fabrics/technical-voile/,product,P3,mapped_noindex_holdback
technical voile for curtains,GLOBAL,TBD,TBD,TBD,Commercial,Named Fabrics,/fabrics/technical-voile/,product,P3,mapped_noindex_holdback
technical voile for sheers,GLOBAL,TBD,TBD,TBD,Commercial,Named Fabrics,/fabrics/technical-voile/,product,P3,mapped_noindex_holdback
technical voile textile,GLOBAL,TBD,TBD,TBD,Commercial,Named Fabrics,/fabrics/technical-voile/,product,P3,mapped_noindex_holdback
technical wool membrane-backed covert,GLOBAL,TBD,TBD,TBD,Commercial,Named Fabrics,/fabrics/membrane-backed-covert/,product,P3,mapped_noindex_holdback
technical wool membrane-backed gabardine,GLOBAL,TBD,TBD,TBD,Commercial,Named Fabrics,/fabrics/membrane-backed-gabardine/,product,P3,mapped_noindex_holdback
tencel cotton poplin,GLOBAL,TBD,TBD,TBD,Commercial,Named Fabrics,/fabrics/tencel-cotton-poplin/,product,P3,mapped_noindex_holdback
tencel cotton poplin fabric,GLOBAL,TBD,TBD,TBD,Commercial,Named Fabrics,/fabrics/tencel-cotton-poplin/,product,P3,mapped_noindex_holdback
tencel cotton poplin fabric online,GLOBAL,TBD,TBD,TBD,Commercial,Named Fabrics,/fabrics/tencel-cotton-poplin/,product,P3,mapped_noindex_holdback
tencel cotton poplin for blouses,GLOBAL,TBD,TBD,TBD,Commercial,Named Fabrics,/fabrics/tencel-cotton-poplin/,product,P3,mapped_noindex_holdback
tencel cotton poplin for dresses,GLOBAL,TBD,TBD,TBD,Commercial,Named Fabrics,/fabrics/tencel-cotton-poplin/,product,P3,mapped_noindex_holdback
tencel cotton poplin for shirts,GLOBAL,TBD,TBD,TBD,Commercial,Named Fabrics,/fabrics/tencel-cotton-poplin/,product,P3,mapped_noindex_holdback
tencel cotton poplin textile,GLOBAL,TBD,TBD,TBD,Commercial,Named Fabrics,/fabrics/tencel-cotton-poplin/,product,P3,mapped_noindex_holdback
tencel denim,GLOBAL,TBD,TBD,TBD,Commercial,Named Fabrics,/fabrics/tencel-denim/,product,P3,mapped_noindex_holdback
tencel denim fabric,GLOBAL,TBD,TBD,TBD,Commercial,Named Fabrics,/fabrics/tencel-denim/,product,P3,mapped_noindex_holdback
tencel denim fabric online,GLOBAL,TBD,TBD,TBD,Commercial,Named Fabrics,/fabrics/tencel-denim/,product,P3,mapped_noindex_holdback
tencel denim for jackets,GLOBAL,TBD,TBD,TBD,Commercial,Named Fabrics,/fabrics/tencel-denim/,product,P3,mapped_noindex_holdback
tencel denim for knitwear,GLOBAL,TBD,TBD,TBD,Commercial,Named Fabrics,/fabrics/tencel-denim/,product,P3,mapped_noindex_holdback
tencel denim for trousers,GLOBAL,TBD,TBD,TBD,Commercial,Named Fabrics,/fabrics/tencel-denim/,product,P3,mapped_noindex_holdback
tencel denim textile,GLOBAL,TBD,TBD,TBD,Commercial,Named Fabrics,/fabrics/tencel-denim/,product,P3,mapped_noindex_holdback
tencel jersey,GLOBAL,TBD,TBD,TBD,Commercial,Named Fabrics,/fabrics/tencel-jersey/,product,P3,mapped_noindex_holdback
tencel jersey fabric,GLOBAL,TBD,TBD,TBD,Commercial,Named Fabrics,/fabrics/tencel-jersey/,product,P3,mapped_noindex_holdback
tencel jersey fabric online,GLOBAL,TBD,TBD,TBD,Commercial,Named Fabrics,/fabrics/tencel-jersey/,product,P3,mapped_noindex_holdback
tencel jersey for baselayers,GLOBAL,TBD,TBD,TBD,Commercial,Named Fabrics,/fabrics/tencel-jersey/,product,P3,mapped_noindex_holdback
tencel jersey for dresses,GLOBAL,TBD,TBD,TBD,Commercial,Named Fabrics,/fabrics/tencel-jersey/,product,P3,mapped_noindex_holdback
tencel jersey for knitwear,GLOBAL,TBD,TBD,TBD,Commercial,Named Fabrics,/fabrics/tencel-jersey/,product,P3,mapped_noindex_holdback
tencel jersey textile,GLOBAL,TBD,TBD,TBD,Commercial,Named Fabrics,/fabrics/tencel-jersey/,product,P3,mapped_noindex_holdback
tencel linen blend,GLOBAL,TBD,TBD,TBD,Commercial,Named Fabrics,/fabrics/tencel-linen-blend/,product,P3,mapped_noindex_holdback
tencel linen blend fabric,GLOBAL,TBD,TBD,TBD,Commercial,Named Fabrics,/fabrics/tencel-linen-blend/,product,P3,mapped_noindex_holdback
tencel linen blend fabric online,GLOBAL,TBD,TBD,TBD,Commercial,Named Fabrics,/fabrics/tencel-linen-blend/,product,P3,mapped_noindex_holdback
tencel linen blend for dresses,GLOBAL,TBD,TBD,TBD,Commercial,Named Fabrics,/fabrics/tencel-linen-blend/,product,P3,mapped_noindex_holdback
tencel linen blend for resortwear,GLOBAL,TBD,TBD,TBD,Commercial,Named Fabrics,/fabrics/tencel-linen-blend/,product,P3,mapped_noindex_holdback
tencel linen blend for shirts,GLOBAL,TBD,TBD,TBD,Commercial,Named Fabrics,/fabrics/tencel-linen-blend/,product,P3,mapped_noindex_holdback
tencel linen blend textile,GLOBAL,TBD,TBD,TBD,Commercial,Named Fabrics,/fabrics/tencel-linen-blend/,product,P3,mapped_noindex_holdback
tencel plain weave,GLOBAL,TBD,TBD,TBD,Commercial,Named Fabrics,/fabrics/tencel-plain-weave/,product,P3,mapped_noindex_holdback
tencel plain weave fabric,GLOBAL,TBD,TBD,TBD,Commercial,Named Fabrics,/fabrics/tencel-plain-weave/,product,P3,mapped_noindex_holdback
tencel plain weave fabric online,GLOBAL,TBD,TBD,TBD,Commercial,Named Fabrics,/fabrics/tencel-plain-weave/,product,P3,mapped_noindex_holdback
tencel plain weave for blouses,GLOBAL,TBD,TBD,TBD,Commercial,Named Fabrics,/fabrics/tencel-plain-weave/,product,P3,mapped_noindex_holdback
tencel plain weave for dresses,GLOBAL,TBD,TBD,TBD,Commercial,Named Fabrics,/fabrics/tencel-plain-weave/,product,P3,mapped_noindex_holdback
tencel plain weave for shirts,GLOBAL,TBD,TBD,TBD,Commercial,Named Fabrics,/fabrics/tencel-plain-weave/,product,P3,mapped_noindex_holdback
tencel plain weave textile,GLOBAL,TBD,TBD,TBD,Commercial,Named Fabrics,/fabrics/tencel-plain-weave/,product,P3,mapped_noindex_holdback
tencel sateen,GLOBAL,TBD,TBD,TBD,Commercial,Named Fabrics,/fabrics/tencel-sateen/,product,P3,mapped_noindex_holdback
tencel sateen fabric,GLOBAL,TBD,TBD,TBD,Commercial,Named Fabrics,/fabrics/tencel-sateen/,product,P3,mapped_noindex_holdback
tencel sateen fabric online,GLOBAL,TBD,TBD,TBD,Commercial,Named Fabrics,/fabrics/tencel-sateen/,product,P3,mapped_noindex_holdback
tencel sateen for blouses,GLOBAL,TBD,TBD,TBD,Commercial,Named Fabrics,/fabrics/tencel-sateen/,product,P3,mapped_noindex_holdback
tencel sateen for dresses,GLOBAL,TBD,TBD,TBD,Commercial,Named Fabrics,/fabrics/tencel-sateen/,product,P3,mapped_noindex_holdback
tencel sateen for linings,GLOBAL,TBD,TBD,TBD,Commercial,Named Fabrics,/fabrics/tencel-sateen/,product,P3,mapped_noindex_holdback
tencel sateen textile,GLOBAL,TBD,TBD,TBD,Commercial,Named Fabrics,/fabrics/tencel-sateen/,product,P3,mapped_noindex_holdback
tencel shirting,GLOBAL,TBD,TBD,TBD,Commercial,Named Fabrics,/fabrics/tencel-shirting/,product,P3,mapped_noindex_holdback
tencel shirting fabric,GLOBAL,TBD,TBD,TBD,Commercial,Named Fabrics,/fabrics/tencel-shirting/,product,P3,mapped_noindex_holdback
tencel shirting fabric online,GLOBAL,TBD,TBD,TBD,Commercial,Named Fabrics,/fabrics/tencel-shirting/,product,P3,mapped_noindex_holdback
tencel shirting for blouses,GLOBAL,TBD,TBD,TBD,Commercial,Named Fabrics,/fabrics/tencel-shirting/,product,P3,mapped_noindex_holdback
tencel shirting for dresses,GLOBAL,TBD,TBD,TBD,Commercial,Named Fabrics,/fabrics/tencel-shirting/,product,P3,mapped_noindex_holdback
tencel shirting for shirts,GLOBAL,TBD,TBD,TBD,Commercial,Named Fabrics,/fabrics/tencel-shirting/,product,P3,mapped_noindex_holdback
tencel shirting textile,GLOBAL,TBD,TBD,TBD,Commercial,Named Fabrics,/fabrics/tencel-shirting/,product,P3,mapped_noindex_holdback
tencel twill,GLOBAL,TBD,TBD,TBD,Commercial,Named Fabrics,/fabrics/tencel-twill/,product,P3,mapped_noindex_holdback
tencel twill fabric,GLOBAL,TBD,TBD,TBD,Commercial,Named Fabrics,/fabrics/tencel-twill/,product,P3,mapped_noindex_holdback
tencel twill fabric online,GLOBAL,TBD,TBD,TBD,Commercial,Named Fabrics,/fabrics/tencel-twill/,product,P3,mapped_noindex_holdback
tencel twill for dresses,GLOBAL,TBD,TBD,TBD,Commercial,Named Fabrics,/fabrics/tencel-twill/,product,P3,mapped_noindex_holdback
tencel twill for shirts,GLOBAL,TBD,TBD,TBD,Commercial,Named Fabrics,/fabrics/tencel-twill/,product,P3,mapped_noindex_holdback
tencel twill for trousers,GLOBAL,TBD,TBD,TBD,Commercial,Named Fabrics,/fabrics/tencel-twill/,product,P3,mapped_noindex_holdback
tencel twill textile,GLOBAL,TBD,TBD,TBD,Commercial,Named Fabrics,/fabrics/tencel-twill/,product,P3,mapped_noindex_holdback
three-part hybrid wool-technical hybrid,GLOBAL,TBD,TBD,TBD,Commercial,Named Fabrics,/fabrics/wool-technical-hybrid/,product,P3,mapped_noindex_holdback
travel ponte,GLOBAL,TBD,TBD,TBD,Commercial,Named Fabrics,/fabrics/ponte-travel/,product,P3,mapped_noindex_holdback
travel ponte fabric,GLOBAL,TBD,TBD,TBD,Commercial,Named Fabrics,/fabrics/ponte-travel/,product,P3,mapped_noindex_holdback
travel ponte fabric online,GLOBAL,TBD,TBD,TBD,Commercial,Named Fabrics,/fabrics/ponte-travel/,product,P3,mapped_noindex_holdback
travel ponte for citywear,GLOBAL,TBD,TBD,TBD,Commercial,Named Fabrics,/fabrics/ponte-travel/,product,P3,mapped_noindex_holdback
travel ponte for dresses,GLOBAL,TBD,TBD,TBD,Commercial,Named Fabrics,/fabrics/ponte-travel/,product,P3,mapped_noindex_holdback
travel ponte for trousers,GLOBAL,TBD,TBD,TBD,Commercial,Named Fabrics,/fabrics/ponte-travel/,product,P3,mapped_noindex_holdback
travel ponte textile,GLOBAL,TBD,TBD,TBD,Commercial,Named Fabrics,/fabrics/ponte-travel/,product,P3,mapped_noindex_holdback
tropical wool super 110s-130s tropical wool,GLOBAL,TBD,TBD,TBD,Commercial,Named Fabrics,/fabrics/tropical-wool-super-110s-130s/,product,P3,mapped_noindex_holdback
twill weave silk twill,GLOBAL,TBD,TBD,TBD,Commercial,Named Fabrics,/fabrics/silk-twill/,product,P3,mapped_noindex_holdback
twill weave wool viscose twill,GLOBAL,TBD,TBD,TBD,Commercial,Named Fabrics,/fabrics/wool-viscose-twill/,product,P3,mapped_noindex_holdback
two faces bonded or woven double-face wool,GLOBAL,TBD,TBD,TBD,Commercial,Named Fabrics,/fabrics/double-face-wool/,product,P3,mapped_noindex_holdback
two-layer plain weave double-layer chiffon,GLOBAL,TBD,TBD,TBD,Commercial,Named Fabrics,/fabrics/double-layer-chiffon/,product,P3,mapped_noindex_holdback
ultra-light semi-sheer lounge knit,GLOBAL,TBD,TBD,TBD,Commercial,Named Fabrics,/fabrics/ultra-light-semi-sheer-lounge-knit/,product,P3,mapped_noindex_holdback
ultra-light semi-sheer lounge knit fabric,GLOBAL,TBD,TBD,TBD,Commercial,Named Fabrics,/fabrics/ultra-light-semi-sheer-lounge-knit/,product,P3,mapped_noindex_holdback
ultra-light semi-sheer lounge knit fabric online,GLOBAL,TBD,TBD,TBD,Commercial,Named Fabrics,/fabrics/ultra-light-semi-sheer-lounge-knit/,product,P3,mapped_noindex_holdback
ultra-light semi-sheer lounge knit for loungewear,GLOBAL,TBD,TBD,TBD,Commercial,Named Fabrics,/fabrics/ultra-light-semi-sheer-lounge-knit/,product,P3,mapped_noindex_holdback
ultra-light semi-sheer lounge knit textile,GLOBAL,TBD,TBD,TBD,Commercial,Named Fabrics,/fabrics/ultra-light-semi-sheer-lounge-knit/,product,P3,mapped_noindex_holdback
undyed wool rug,GLOBAL,TBD,TBD,TBD,Commercial,Named Fabrics,/fabrics/undyed-wool-rug/,product,P3,mapped_noindex_holdback
undyed wool rug fabric,GLOBAL,TBD,TBD,TBD,Commercial,Named Fabrics,/fabrics/undyed-wool-rug/,product,P3,mapped_noindex_holdback
undyed wool rug fabric online,GLOBAL,TBD,TBD,TBD,Commercial,Named Fabrics,/fabrics/undyed-wool-rug/,product,P3,mapped_noindex_holdback
undyed wool rug for rugs,GLOBAL,TBD,TBD,TBD,Commercial,Named Fabrics,/fabrics/undyed-wool-rug/,product,P3,mapped_noindex_holdback
undyed wool rug textile,GLOBAL,TBD,TBD,TBD,Commercial,Named Fabrics,/fabrics/undyed-wool-rug/,product,P3,mapped_noindex_holdback
upholstery bouclé,GLOBAL,TBD,TBD,TBD,Commercial,Named Fabrics,/fabrics/upholstery-boucle/,product,P3,mapped_noindex_holdback
upholstery bouclé fabric,GLOBAL,TBD,TBD,TBD,Commercial,Named Fabrics,/fabrics/upholstery-boucle/,product,P3,mapped_noindex_holdback
upholstery bouclé fabric online,GLOBAL,TBD,TBD,TBD,Commercial,Named Fabrics,/fabrics/upholstery-boucle/,product,P3,mapped_noindex_holdback
upholstery bouclé for upholstery,GLOBAL,TBD,TBD,TBD,Commercial,Named Fabrics,/fabrics/upholstery-boucle/,product,P3,mapped_noindex_holdback
upholstery bouclé textile,GLOBAL,TBD,TBD,TBD,Commercial,Named Fabrics,/fabrics/upholstery-boucle/,product,P3,mapped_noindex_holdback
voile lawn,GLOBAL,TBD,TBD,TBD,Commercial,Named Fabrics,/fabrics/voile-lawn/,product,P3,mapped_noindex_holdback
voile lawn fabric,GLOBAL,TBD,TBD,TBD,Commercial,Named Fabrics,/fabrics/voile-lawn/,product,P3,mapped_noindex_holdback
voile lawn fabric online,GLOBAL,TBD,TBD,TBD,Commercial,Named Fabrics,/fabrics/voile-lawn/,product,P3,mapped_noindex_holdback
voile lawn for blouses,GLOBAL,TBD,TBD,TBD,Commercial,Named Fabrics,/fabrics/voile-lawn/,product,P3,mapped_noindex_holdback
voile lawn for dresses,GLOBAL,TBD,TBD,TBD,Commercial,Named Fabrics,/fabrics/voile-lawn/,product,P3,mapped_noindex_holdback
voile lawn for overlays,GLOBAL,TBD,TBD,TBD,Commercial,Named Fabrics,/fabrics/voile-lawn/,product,P3,mapped_noindex_holdback
voile lawn textile,GLOBAL,TBD,TBD,TBD,Commercial,Named Fabrics,/fabrics/voile-lawn/,product,P3,mapped_noindex_holdback
voile technical voile,GLOBAL,TBD,TBD,TBD,Commercial,Named Fabrics,/fabrics/technical-voile/,product,P3,mapped_noindex_holdback
wadding recycled polyester wadding,GLOBAL,TBD,TBD,TBD,Commercial,Named Fabrics,/fabrics/recycled-polyester-wadding/,product,P3,mapped_noindex_holdback
washed linen bedding,GLOBAL,TBD,TBD,TBD,Commercial,Named Fabrics,/fabrics/washed-linen-bedding/,product,P3,mapped_noindex_holdback
washed linen bedding fabric,GLOBAL,TBD,TBD,TBD,Commercial,Named Fabrics,/fabrics/washed-linen-bedding/,product,P3,mapped_noindex_holdback
washed linen bedding fabric online,GLOBAL,TBD,TBD,TBD,Commercial,Named Fabrics,/fabrics/washed-linen-bedding/,product,P3,mapped_noindex_holdback
washed linen bedding for bedding,GLOBAL,TBD,TBD,TBD,Commercial,Named Fabrics,/fabrics/washed-linen-bedding/,product,P3,mapped_noindex_holdback
washed linen bedding textile,GLOBAL,TBD,TBD,TBD,Commercial,Named Fabrics,/fabrics/washed-linen-bedding/,product,P3,mapped_noindex_holdback
what is 2.5l membrane laminate,GLOBAL,TBD,TBD,TBD,Informational,Named Fabrics,/fabrics/two-point-five-layer-membrane-laminate/,product,P3,mapped_noindex_holdback
what is 2l membrane laminate,GLOBAL,TBD,TBD,TBD,Informational,Named Fabrics,/fabrics/two-layer-membrane-laminate/,product,P3,mapped_noindex_holdback
what is 3l membrane laminate,GLOBAL,TBD,TBD,TBD,Informational,Named Fabrics,/fabrics/three-layer-membrane-laminate/,product,P3,mapped_noindex_holdback
what is acoustic-rated drape,GLOBAL,TBD,TBD,TBD,Informational,Named Fabrics,/fabrics/acoustic-rated-drape/,product,P3,mapped_noindex_holdback
what is alpaca blend,GLOBAL,TBD,TBD,TBD,Informational,Named Fabrics,/fabrics/alpaca-blend/,product,P3,mapped_noindex_holdback
what is batiste lawn,GLOBAL,TBD,TBD,TBD,Informational,Named Fabrics,/fabrics/batiste-lawn/,product,P3,mapped_noindex_holdback
what is birdseye cotton piqué,GLOBAL,TBD,TBD,TBD,Informational,Named Fabrics,/fabrics/birdseye-cotton-pique/,product,P3,mapped_noindex_holdback
what is bleach-cleanable vinyl alternative,GLOBAL,TBD,TBD,TBD,Informational,Named Fabrics,/fabrics/bleach-cleanable-vinyl-alternative/,product,P3,mapped_noindex_holdback
what is brushed flannel,GLOBAL,TBD,TBD,TBD,Informational,Named Fabrics,/fabrics/brushed-flannel/,product,P3,mapped_noindex_holdback
what is brushed ponte,GLOBAL,TBD,TBD,TBD,Informational,Named Fabrics,/fabrics/ponte-brushed/,product,P3,mapped_noindex_holdback
what is brushed tencel,GLOBAL,TBD,TBD,TBD,Informational,Named Fabrics,/fabrics/tencel-brushed/,product,P3,mapped_noindex_holdback
what is calf-hair finish,GLOBAL,TBD,TBD,TBD,Informational,Named Fabrics,/fabrics/calf-hair-finish/,product,P3,mapped_noindex_holdback
what is casentino wool,GLOBAL,TBD,TBD,TBD,Informational,Named Fabrics,/fabrics/casentino-wool/,product,P3,mapped_noindex_holdback
what is check,GLOBAL,TBD,TBD,TBD,Informational,Named Fabrics,/fabrics/check/,product,P3,mapped_noindex_holdback
what is classic cotton piqué,GLOBAL,TBD,TBD,TBD,Informational,Named Fabrics,/fabrics/classic-cotton-pique/,product,P3,mapped_noindex_holdback
what is classic double-knit ponte,GLOBAL,TBD,TBD,TBD,Informational,Named Fabrics,/fabrics/ponte-double-knit/,product,P3,mapped_noindex_holdback
what is classic french terry,GLOBAL,TBD,TBD,TBD,Informational,Named Fabrics,/fabrics/french-terry-classic/,product,P3,mapped_noindex_holdback
what is classic oxford cotton,GLOBAL,TBD,TBD,TBD,Informational,Named Fabrics,/fabrics/classic-oxford-cotton/,product,P3,mapped_noindex_holdback
what is compact ponte,GLOBAL,TBD,TBD,TBD,Informational,Named Fabrics,/fabrics/ponte-compact/,product,P3,mapped_noindex_holdback
what is cooling performance construction,GLOBAL,TBD,TBD,TBD,Informational,Named Fabrics,/fabrics/cooling-performance-construction/,product,P3,mapped_noindex_holdback
what is cotton bouclé knit,GLOBAL,TBD,TBD,TBD,Informational,Named Fabrics,/fabrics/cotton-boucle-knit/,product,P3,mapped_noindex_holdback
what is cotton bouclé yarn,GLOBAL,TBD,TBD,TBD,Informational,Named Fabrics,/fabrics/cotton-boucle-yarn/,product,P3,mapped_noindex_holdback
what is cotton lawn,GLOBAL,TBD,TBD,TBD,Informational,Named Fabrics,/fabrics/cotton-lawn/,product,P3,mapped_noindex_holdback
what is cotton modal french terry,GLOBAL,TBD,TBD,TBD,Informational,Named Fabrics,/fabrics/french-terry-modal/,product,P3,mapped_noindex_holdback
what is cotton moleskin,GLOBAL,TBD,TBD,TBD,Informational,Named Fabrics,/fabrics/cotton-moleskin/,product,P3,mapped_noindex_holdback
what is cotton organdy,GLOBAL,TBD,TBD,TBD,Informational,Named Fabrics,/fabrics/cotton-organdy/,product,P3,mapped_noindex_holdback
what is cotton rayon ponte,GLOBAL,TBD,TBD,TBD,Informational,Named Fabrics,/fabrics/ponte-cotton-rayon/,product,P3,mapped_noindex_holdback
what is cotton velveteen,GLOBAL,TBD,TBD,TBD,Informational,Named Fabrics,/fabrics/cotton-velveteen/,product,P3,mapped_noindex_holdback
what is cotton-rich piqué,GLOBAL,TBD,TBD,TBD,Informational,Named Fabrics,/fabrics/cotton-rich-pique/,product,P3,mapped_noindex_holdback
what is crepe de chine,GLOBAL,TBD,TBD,TBD,Informational,Named Fabrics,/fabrics/crepe-de-chine/,product,P3,mapped_noindex_holdback
what is crinkle chiffon,GLOBAL,TBD,TBD,TBD,Informational,Named Fabrics,/fabrics/crinkle-chiffon/,product,P3,mapped_noindex_holdback
what is crinkle cotton,GLOBAL,TBD,TBD,TBD,Informational,Named Fabrics,/fabrics/crinkle-cotton/,product,P3,mapped_noindex_holdback
what is crochet-effect knit,GLOBAL,TBD,TBD,TBD,Informational,Named Fabrics,/fabrics/crochet-effect-knit/,product,P3,mapped_noindex_holdback
what is crossover swimwear fabric,GLOBAL,TBD,TBD,TBD,Informational,Named Fabrics,/fabrics/crossover-swimwear-fabric/,product,P3,mapped_noindex_holdback
what is crushed velvet,GLOBAL,TBD,TBD,TBD,Informational,Named Fabrics,/fabrics/crushed-velvet/,product,P3,mapped_noindex_holdback
what is deconstructed damask,GLOBAL,TBD,TBD,TBD,Informational,Named Fabrics,/fabrics/deconstructed-damask/,product,P3,mapped_noindex_holdback
what is deconstructed jacquard,GLOBAL,TBD,TBD,TBD,Informational,Named Fabrics,/fabrics/deconstructed-jacquard/,product,P3,mapped_noindex_holdback
what is donegal tweed,GLOBAL,TBD,TBD,TBD,Informational,Named Fabrics,/fabrics/donegal-tweed/,product,P3,mapped_noindex_holdback
what is double cotton piqué,GLOBAL,TBD,TBD,TBD,Informational,Named Fabrics,/fabrics/double-cotton-pique/,product,P3,mapped_noindex_holdback
what is double-face wool,GLOBAL,TBD,TBD,TBD,Informational,Named Fabrics,/fabrics/double-face-wool/,product,P3,mapped_noindex_holdback
what is double-layer chiffon,GLOBAL,TBD,TBD,TBD,Informational,Named Fabrics,/fabrics/double-layer-chiffon/,product,P3,mapped_noindex_holdback
what is down-alternative fill,GLOBAL,TBD,TBD,TBD,Informational,Named Fabrics,/fabrics/down-alternative-fill/,product,P3,mapped_noindex_holdback
what is egyptian cotton broadcloth,GLOBAL,TBD,TBD,TBD,Informational,Named Fabrics,/fabrics/egyptian-cotton-broadcloth/,product,P3,mapped_noindex_holdback
what is egyptian cotton flannel,GLOBAL,TBD,TBD,TBD,Informational,Named Fabrics,/fabrics/egyptian-cotton-flannel/,product,P3,mapped_noindex_holdback
what is egyptian cotton percale,GLOBAL,TBD,TBD,TBD,Informational,Named Fabrics,/fabrics/egyptian-cotton-percale/,product,P3,mapped_noindex_holdback
what is egyptian cotton poplin,GLOBAL,TBD,TBD,TBD,Informational,Named Fabrics,/fabrics/egyptian-cotton-poplin/,product,P3,mapped_noindex_holdback
what is egyptian cotton sateen,GLOBAL,TBD,TBD,TBD,Informational,Named Fabrics,/fabrics/egyptian-cotton-sateen/,product,P3,mapped_noindex_holdback
what is egyptian cotton seersucker,GLOBAL,TBD,TBD,TBD,Informational,Named Fabrics,/fabrics/egyptian-cotton-seersucker/,product,P3,mapped_noindex_holdback
what is egyptian cotton twill,GLOBAL,TBD,TBD,TBD,Informational,Named Fabrics,/fabrics/egyptian-cotton-twill/,product,P3,mapped_noindex_holdback
what is egyptian cotton voile,GLOBAL,TBD,TBD,TBD,Informational,Named Fabrics,/fabrics/egyptian-cotton-voile/,product,P3,mapped_noindex_holdback
what is embroidered cotton lawn,GLOBAL,TBD,TBD,TBD,Informational,Named Fabrics,/fabrics/embroidered-cotton-lawn/,product,P3,mapped_noindex_holdback
what is fine cotton piqué,GLOBAL,TBD,TBD,TBD,Informational,Named Fabrics,/fabrics/fine-cotton-pique/,product,P3,mapped_noindex_holdback
what is fine loopback french terry,GLOBAL,TBD,TBD,TBD,Informational,Named Fabrics,/fabrics/french-terry-loopback/,product,P3,mapped_noindex_holdback
what is fine-gauge semi-sheer knit,GLOBAL,TBD,TBD,TBD,Informational,Named Fabrics,/fabrics/fine-gauge-semi-sheer-knit/,product,P3,mapped_noindex_holdback
what is fine-wale corduroy,GLOBAL,TBD,TBD,TBD,Informational,Named Fabrics,/fabrics/fine-wale-corduroy/,product,P3,mapped_noindex_holdback
what is heavy linen upholstery,GLOBAL,TBD,TBD,TBD,Informational,Named Fabrics,/fabrics/heavy-linen-upholstery/,product,P3,mapped_noindex_holdback
what is heavy oxford cotton,GLOBAL,TBD,TBD,TBD,Informational,Named Fabrics,/fabrics/heavy-oxford-cotton/,product,P3,mapped_noindex_holdback
what is heavy tencel twill,GLOBAL,TBD,TBD,TBD,Informational,Named Fabrics,/fabrics/tencel-heavy-twill/,product,P3,mapped_noindex_holdback
what is heavyweight french terry,GLOBAL,TBD,TBD,TBD,Informational,Named Fabrics,/fabrics/french-terry-heavyweight/,product,P3,mapped_noindex_holdback
what is hemp-cotton denim,GLOBAL,TBD,TBD,TBD,Informational,Named Fabrics,/fabrics/hemp-cotton-denim/,product,P3,mapped_noindex_holdback
what is herringbone tweed,GLOBAL,TBD,TBD,TBD,Informational,Named Fabrics,/fabrics/herringbone-tweed/,product,P3,mapped_noindex_holdback
what is honeycomb cotton piqué,GLOBAL,TBD,TBD,TBD,Informational,Named Fabrics,/fabrics/honeycomb-cotton-pique/,product,P3,mapped_noindex_holdback
what is inherently fr polyester,GLOBAL,TBD,TBD,TBD,Informational,Named Fabrics,/fabrics/inherently-fr-polyester/,product,P3,mapped_noindex_holdback
what is jumbo corduroy,GLOBAL,TBD,TBD,TBD,Informational,Named Fabrics,/fabrics/jumbo-corduroy/,product,P3,mapped_noindex_holdback
what is jute rug,GLOBAL,TBD,TBD,TBD,Informational,Named Fabrics,/fabrics/jute-rug/,product,P3,mapped_noindex_holdback
what is khadi-effect cotton,GLOBAL,TBD,TBD,TBD,Informational,Named Fabrics,/fabrics/khadi-effect-cotton/,product,P3,mapped_noindex_holdback
what is laser- and ozone-finished denim,GLOBAL,TBD,TBD,TBD,Informational,Named Fabrics,/fabrics/laser-and-ozone-finished-denim/,product,P3,mapped_noindex_holdback
what is lightweight french terry,GLOBAL,TBD,TBD,TBD,Informational,Named Fabrics,/fabrics/french-terry-lightweight/,product,P3,mapped_noindex_holdback
what is lightweight merino knit,GLOBAL,TBD,TBD,TBD,Informational,Named Fabrics,/fabrics/lightweight-merino-knit/,product,P3,mapped_noindex_holdback
what is lightweight ponte,GLOBAL,TBD,TBD,TBD,Informational,Named Fabrics,/fabrics/ponte-lightweight/,product,P3,mapped_noindex_holdback
what is linen bouclé knit,GLOBAL,TBD,TBD,TBD,Informational,Named Fabrics,/fabrics/linen-boucle-knit/,product,P3,mapped_noindex_holdback
what is linen-lyocell,GLOBAL,TBD,TBD,TBD,Informational,Named Fabrics,/fabrics/linen-lyocell/,product,P3,mapped_noindex_holdback
what is linen-silk,GLOBAL,TBD,TBD,TBD,Informational,Named Fabrics,/fabrics/linen-silk/,product,P3,mapped_noindex_holdback
what is linen-viscose,GLOBAL,TBD,TBD,TBD,Informational,Named Fabrics,/fabrics/linen-viscose/,product,P3,mapped_noindex_holdback
what is long-staple cotton percale,GLOBAL,TBD,TBD,TBD,Informational,Named Fabrics,/fabrics/long-staple-cotton-percale/,product,P3,mapped_noindex_holdback
what is long-staple cotton sateen,GLOBAL,TBD,TBD,TBD,Informational,Named Fabrics,/fabrics/long-staple-cotton-sateen/,product,P3,mapped_noindex_holdback
what is lyocell-blend bedding,GLOBAL,TBD,TBD,TBD,Informational,Named Fabrics,/fabrics/lyocell-blend-bedding/,product,P3,mapped_noindex_holdback
what is matte chiffon,GLOBAL,TBD,TBD,TBD,Informational,Named Fabrics,/fabrics/matte-chiffon/,product,P3,mapped_noindex_holdback
what is matte ponte,GLOBAL,TBD,TBD,TBD,Informational,Named Fabrics,/fabrics/ponte-matte/,product,P3,mapped_noindex_holdback
what is membrane-backed covert,GLOBAL,TBD,TBD,TBD,Informational,Named Fabrics,/fabrics/membrane-backed-covert/,product,P3,mapped_noindex_holdback
what is membrane-backed gabardine,GLOBAL,TBD,TBD,TBD,Informational,Named Fabrics,/fabrics/membrane-backed-gabardine/,product,P3,mapped_noindex_holdback
what is mercerised cotton lawn,GLOBAL,TBD,TBD,TBD,Informational,Named Fabrics,/fabrics/mercerised-cotton-lawn/,product,P3,mapped_noindex_holdback
what is mercerized cotton broadcloth,GLOBAL,TBD,TBD,TBD,Informational,Named Fabrics,/fabrics/mercerized-cotton-broadcloth/,product,P3,mapped_noindex_holdback
what is mercerized cotton jersey,GLOBAL,TBD,TBD,TBD,Informational,Named Fabrics,/fabrics/mercerized-cotton-jersey/,product,P3,mapped_noindex_holdback
what is mercerized cotton lawn,GLOBAL,TBD,TBD,TBD,Informational,Named Fabrics,/fabrics/mercerized-cotton-lawn/,product,P3,mapped_noindex_holdback
what is mercerized cotton piqué,GLOBAL,TBD,TBD,TBD,Informational,Named Fabrics,/fabrics/mercerized-cotton-pique/,product,P3,mapped_noindex_holdback
what is mercerized cotton poplin,GLOBAL,TBD,TBD,TBD,Informational,Named Fabrics,/fabrics/mercerized-cotton-poplin/,product,P3,mapped_noindex_holdback
what is mercerized cotton sateen,GLOBAL,TBD,TBD,TBD,Informational,Named Fabrics,/fabrics/mercerized-cotton-sateen/,product,P3,mapped_noindex_holdback
what is mercerized cotton twill,GLOBAL,TBD,TBD,TBD,Informational,Named Fabrics,/fabrics/mercerized-cotton-twill/,product,P3,mapped_noindex_holdback
what is mercerized cotton voile,GLOBAL,TBD,TBD,TBD,Informational,Named Fabrics,/fabrics/mercerized-cotton-voile/,product,P3,mapped_noindex_holdback
what is merino + roica stretch tailoring,GLOBAL,TBD,TBD,TBD,Informational,Named Fabrics,/fabrics/merino-roica-stretch-tailoring/,product,P3,mapped_noindex_holdback
what is mohair blend,GLOBAL,TBD,TBD,TBD,Informational,Named Fabrics,/fabrics/mohair-blend/,product,P3,mapped_noindex_holdback
what is open-stitch knit,GLOBAL,TBD,TBD,TBD,Informational,Named Fabrics,/fabrics/open-stitch-knit/,product,P3,mapped_noindex_holdback
what is open-weave linen curtain,GLOBAL,TBD,TBD,TBD,Informational,Named Fabrics,/fabrics/open-weave-linen-curtain/,product,P3,mapped_noindex_holdback
what is organic cotton french terry,GLOBAL,TBD,TBD,TBD,Informational,Named Fabrics,/fabrics/french-terry-organic/,product,P3,mapped_noindex_holdback
what is organic cotton lawn,GLOBAL,TBD,TBD,TBD,Informational,Named Fabrics,/fabrics/organic-cotton-lawn/,product,P3,mapped_noindex_holdback
what is organic cotton piqué,GLOBAL,TBD,TBD,TBD,Informational,Named Fabrics,/fabrics/organic-cotton-pique/,product,P3,mapped_noindex_holdback
what is organic oxford cotton,GLOBAL,TBD,TBD,TBD,Informational,Named Fabrics,/fabrics/organic-oxford-cotton/,product,P3,mapped_noindex_holdback
what is oxford chambray cotton,GLOBAL,TBD,TBD,TBD,Informational,Named Fabrics,/fabrics/oxford-chambray-cotton/,product,P3,mapped_noindex_holdback
what is panné velvet,GLOBAL,TBD,TBD,TBD,Informational,Named Fabrics,/fabrics/panne-velvet/,product,P3,mapped_noindex_holdback
what is peach-skin,GLOBAL,TBD,TBD,TBD,Informational,Named Fabrics,/fabrics/peach-skin/,product,P3,mapped_noindex_holdback
what is peached french terry,GLOBAL,TBD,TBD,TBD,Informational,Named Fabrics,/fabrics/french-terry-peached/,product,P3,mapped_noindex_holdback
what is performance upholstery weave,GLOBAL,TBD,TBD,TBD,Informational,Named Fabrics,/fabrics/performance-upholstery-weave/,product,P3,mapped_noindex_holdback
what is pima cotton broadcloth,GLOBAL,TBD,TBD,TBD,Informational,Named Fabrics,/fabrics/pima-cotton-broadcloth/,product,P3,mapped_noindex_holdback
what is pima cotton fleece,GLOBAL,TBD,TBD,TBD,Informational,Named Fabrics,/fabrics/pima-cotton-fleece/,product,P3,mapped_noindex_holdback
what is pima cotton interlock,GLOBAL,TBD,TBD,TBD,Informational,Named Fabrics,/fabrics/pima-cotton-interlock/,product,P3,mapped_noindex_holdback
what is pima cotton jersey,GLOBAL,TBD,TBD,TBD,Informational,Named Fabrics,/fabrics/pima-cotton-jersey/,product,P3,mapped_noindex_holdback
what is pima cotton poplin,GLOBAL,TBD,TBD,TBD,Informational,Named Fabrics,/fabrics/pima-cotton-poplin/,product,P3,mapped_noindex_holdback
what is pima cotton rib,GLOBAL,TBD,TBD,TBD,Informational,Named Fabrics,/fabrics/pima-cotton-rib/,product,P3,mapped_noindex_holdback
what is pima cotton sateen,GLOBAL,TBD,TBD,TBD,Informational,Named Fabrics,/fabrics/pima-cotton-sateen/,product,P3,mapped_noindex_holdback
what is pima cotton voile,GLOBAL,TBD,TBD,TBD,Informational,Named Fabrics,/fabrics/pima-cotton-voile/,product,P3,mapped_noindex_holdback
what is pinpoint oxford cotton,GLOBAL,TBD,TBD,TBD,Informational,Named Fabrics,/fabrics/pinpoint-oxford-cotton/,product,P3,mapped_noindex_holdback
what is polyester chiffon,GLOBAL,TBD,TBD,TBD,Informational,Named Fabrics,/fabrics/polyester-chiffon/,product,P3,mapped_noindex_holdback
what is premium-weight denim,GLOBAL,TBD,TBD,TBD,Informational,Named Fabrics,/fabrics/premium-weight-denim/,product,P3,mapped_noindex_holdback
what is printed chiffon,GLOBAL,TBD,TBD,TBD,Informational,Named Fabrics,/fabrics/printed-chiffon/,product,P3,mapped_noindex_holdback
what is printed cotton lawn,GLOBAL,TBD,TBD,TBD,Informational,Named Fabrics,/fabrics/printed-cotton-lawn/,product,P3,mapped_noindex_holdback
what is rayon nylon ponte,GLOBAL,TBD,TBD,TBD,Informational,Named Fabrics,/fabrics/ponte-rayon-nylon/,product,P3,mapped_noindex_holdback
what is real leather,GLOBAL,TBD,TBD,TBD,Informational,Named Fabrics,/fabrics/real-leather/,product,P3,mapped_noindex_holdback
what is real suede,GLOBAL,TBD,TBD,TBD,Informational,Named Fabrics,/fabrics/real-suede/,product,P3,mapped_noindex_holdback
what is recycled cotton french terry,GLOBAL,TBD,TBD,TBD,Informational,Named Fabrics,/fabrics/french-terry-recycled-cotton/,product,P3,mapped_noindex_holdback
what is recycled nylon ripstop,GLOBAL,TBD,TBD,TBD,Informational,Named Fabrics,/fabrics/recycled-nylon-ripstop/,product,P3,mapped_noindex_holdback
what is recycled pet acoustic felt,GLOBAL,TBD,TBD,TBD,Informational,Named Fabrics,/fabrics/recycled-pet-acoustic-felt/,product,P3,mapped_noindex_holdback
what is recycled pet pile rug,GLOBAL,TBD,TBD,TBD,Informational,Named Fabrics,/fabrics/recycled-pet-pile-rug/,product,P3,mapped_noindex_holdback
what is recycled polyester chiffon,GLOBAL,TBD,TBD,TBD,Informational,Named Fabrics,/fabrics/recycled-polyester-chiffon/,product,P3,mapped_noindex_holdback
what is recycled polyester wadding,GLOBAL,TBD,TBD,TBD,Informational,Named Fabrics,/fabrics/recycled-polyester-wadding/,product,P3,mapped_noindex_holdback
what is recycled-cotton denim,GLOBAL,TBD,TBD,TBD,Informational,Named Fabrics,/fabrics/recycled-cotton-denim/,product,P3,mapped_noindex_holdback
what is retro sportif knit,GLOBAL,TBD,TBD,TBD,Informational,Named Fabrics,/fabrics/retro-sportif-knit/,product,P3,mapped_noindex_holdback
what is ribbed ponte,GLOBAL,TBD,TBD,TBD,Informational,Named Fabrics,/fabrics/ponte-ribbed/,product,P3,mapped_noindex_holdback
what is royal oxford cotton,GLOBAL,TBD,TBD,TBD,Informational,Named Fabrics,/fabrics/royal-oxford-cotton/,product,P3,mapped_noindex_holdback
what is selvedge rigid denim,GLOBAL,TBD,TBD,TBD,Informational,Named Fabrics,/fabrics/selvedge-rigid-denim/,product,P3,mapped_noindex_holdback
what is silk bouclé,GLOBAL,TBD,TBD,TBD,Informational,Named Fabrics,/fabrics/silk-boucle/,product,P3,mapped_noindex_holdback
what is silk broadcloth,GLOBAL,TBD,TBD,TBD,Informational,Named Fabrics,/fabrics/silk-broadcloth/,product,P3,mapped_noindex_holdback
what is silk charmeuse,GLOBAL,TBD,TBD,TBD,Informational,Named Fabrics,/fabrics/silk-charmeuse/,product,P3,mapped_noindex_holdback
what is silk chiffon crepe,GLOBAL,TBD,TBD,TBD,Informational,Named Fabrics,/fabrics/silk-chiffon-crepe/,product,P3,mapped_noindex_holdback
what is silk crepe,GLOBAL,TBD,TBD,TBD,Informational,Named Fabrics,/fabrics/silk-crepe/,product,P3,mapped_noindex_holdback
what is silk dupion,GLOBAL,TBD,TBD,TBD,Informational,Named Fabrics,/fabrics/silk-dupion/,product,P3,mapped_noindex_holdback
what is silk faille,GLOBAL,TBD,TBD,TBD,Informational,Named Fabrics,/fabrics/silk-faille/,product,P3,mapped_noindex_holdback
what is silk habotai,GLOBAL,TBD,TBD,TBD,Informational,Named Fabrics,/fabrics/silk-habotai/,product,P3,mapped_noindex_holdback
what is silk noil,GLOBAL,TBD,TBD,TBD,Informational,Named Fabrics,/fabrics/silk-noil/,product,P3,mapped_noindex_holdback
what is silk organza,GLOBAL,TBD,TBD,TBD,Informational,Named Fabrics,/fabrics/silk-organza/,product,P3,mapped_noindex_holdback
what is silk satin,GLOBAL,TBD,TBD,TBD,Informational,Named Fabrics,/fabrics/silk-satin/,product,P3,mapped_noindex_holdback
what is silk taffeta,GLOBAL,TBD,TBD,TBD,Informational,Named Fabrics,/fabrics/silk-taffeta/,product,P3,mapped_noindex_holdback
what is silk tussar,GLOBAL,TBD,TBD,TBD,Informational,Named Fabrics,/fabrics/silk-tussar/,product,P3,mapped_noindex_holdback
what is silk twill,GLOBAL,TBD,TBD,TBD,Informational,Named Fabrics,/fabrics/silk-twill/,product,P3,mapped_noindex_holdback
what is silk-viscose velvet,GLOBAL,TBD,TBD,TBD,Informational,Named Fabrics,/fabrics/silk-viscose-velvet/,product,P3,mapped_noindex_holdback
what is slub cotton,GLOBAL,TBD,TBD,TBD,Informational,Named Fabrics,/fabrics/slub-cotton/,product,P3,mapped_noindex_holdback
what is slub cotton lawn,GLOBAL,TBD,TBD,TBD,Informational,Named Fabrics,/fabrics/slub-cotton-lawn/,product,P3,mapped_noindex_holdback
what is slub french terry,GLOBAL,TBD,TBD,TBD,Informational,Named Fabrics,/fabrics/french-terry-slub/,product,P3,mapped_noindex_holdback
what is soft oxford cotton,GLOBAL,TBD,TBD,TBD,Informational,Named Fabrics,/fabrics/soft-oxford-cotton/,product,P3,mapped_noindex_holdback
what is stretch chiffon,GLOBAL,TBD,TBD,TBD,Informational,Named Fabrics,/fabrics/stretch-chiffon/,product,P3,mapped_noindex_holdback
what is stretch cotton piqué,GLOBAL,TBD,TBD,TBD,Informational,Named Fabrics,/fabrics/stretch-cotton-pique/,product,P3,mapped_noindex_holdback
what is stretch french terry,GLOBAL,TBD,TBD,TBD,Informational,Named Fabrics,/fabrics/french-terry-stretch/,product,P3,mapped_noindex_holdback
what is stretch oxford cotton,GLOBAL,TBD,TBD,TBD,Informational,Named Fabrics,/fabrics/stretch-oxford-cotton/,product,P3,mapped_noindex_holdback
what is structured ponte,GLOBAL,TBD,TBD,TBD,Informational,Named Fabrics,/fabrics/ponte-structured/,product,P3,mapped_noindex_holdback
what is suede-effect woven,GLOBAL,TBD,TBD,TBD,Informational,Named Fabrics,/fabrics/suede-effect-woven/,product,P3,mapped_noindex_holdback
what is super 110s-130s tropical wool,GLOBAL,TBD,TBD,TBD,Informational,Named Fabrics,/fabrics/tropical-wool-super-110s-130s/,product,P3,mapped_noindex_holdback
what is tartan,GLOBAL,TBD,TBD,TBD,Informational,Named Fabrics,/fabrics/tartan/,product,P3,mapped_noindex_holdback
what is technical voile,GLOBAL,TBD,TBD,TBD,Informational,Named Fabrics,/fabrics/technical-voile/,product,P3,mapped_noindex_holdback
what is tencel cotton poplin,GLOBAL,TBD,TBD,TBD,Informational,Named Fabrics,/fabrics/tencel-cotton-poplin/,product,P3,mapped_noindex_holdback
what is tencel denim,GLOBAL,TBD,TBD,TBD,Informational,Named Fabrics,/fabrics/tencel-denim/,product,P3,mapped_noindex_holdback
what is tencel jersey,GLOBAL,TBD,TBD,TBD,Informational,Named Fabrics,/fabrics/tencel-jersey/,product,P3,mapped_noindex_holdback
what is tencel linen blend,GLOBAL,TBD,TBD,TBD,Informational,Named Fabrics,/fabrics/tencel-linen-blend/,product,P3,mapped_noindex_holdback
what is tencel plain weave,GLOBAL,TBD,TBD,TBD,Informational,Named Fabrics,/fabrics/tencel-plain-weave/,product,P3,mapped_noindex_holdback
what is tencel sateen,GLOBAL,TBD,TBD,TBD,Informational,Named Fabrics,/fabrics/tencel-sateen/,product,P3,mapped_noindex_holdback
what is tencel shirting,GLOBAL,TBD,TBD,TBD,Informational,Named Fabrics,/fabrics/tencel-shirting/,product,P3,mapped_noindex_holdback
what is tencel twill,GLOBAL,TBD,TBD,TBD,Informational,Named Fabrics,/fabrics/tencel-twill/,product,P3,mapped_noindex_holdback
what is travel ponte,GLOBAL,TBD,TBD,TBD,Informational,Named Fabrics,/fabrics/ponte-travel/,product,P3,mapped_noindex_holdback
what is ultra-light semi-sheer lounge knit,GLOBAL,TBD,TBD,TBD,Informational,Named Fabrics,/fabrics/ultra-light-semi-sheer-lounge-knit/,product,P3,mapped_noindex_holdback
what is undyed wool rug,GLOBAL,TBD,TBD,TBD,Informational,Named Fabrics,/fabrics/undyed-wool-rug/,product,P3,mapped_noindex_holdback
what is upholstery bouclé,GLOBAL,TBD,TBD,TBD,Informational,Named Fabrics,/fabrics/upholstery-boucle/,product,P3,mapped_noindex_holdback
what is voile lawn,GLOBAL,TBD,TBD,TBD,Informational,Named Fabrics,/fabrics/voile-lawn/,product,P3,mapped_noindex_holdback
what is washed linen bedding,GLOBAL,TBD,TBD,TBD,Informational,Named Fabrics,/fabrics/washed-linen-bedding/,product,P3,mapped_noindex_holdback
what is wool alpaca brushed blend,GLOBAL,TBD,TBD,TBD,Informational,Named Fabrics,/fabrics/wool-alpaca-brushed/,product,P3,mapped_noindex_holdback
what is wool cashmere melton blend,GLOBAL,TBD,TBD,TBD,Informational,Named Fabrics,/fabrics/wool-cashmere-melton/,product,P3,mapped_noindex_holdback
what is wool cotton twill,GLOBAL,TBD,TBD,TBD,Informational,Named Fabrics,/fabrics/wool-cotton-twill/,product,P3,mapped_noindex_holdback
what is wool felt upholstery,GLOBAL,TBD,TBD,TBD,Informational,Named Fabrics,/fabrics/wool-felt-upholstery/,product,P3,mapped_noindex_holdback
what is wool hemp canvas blend,GLOBAL,TBD,TBD,TBD,Informational,Named Fabrics,/fabrics/wool-hemp-canvas/,product,P3,mapped_noindex_holdback
what is wool linen open weave blend,GLOBAL,TBD,TBD,TBD,Informational,Named Fabrics,/fabrics/wool-linen-tailoring-open-weave/,product,P3,mapped_noindex_holdback
what is wool mohair fresco blend,GLOBAL,TBD,TBD,TBD,Informational,Named Fabrics,/fabrics/wool-mohair-fresco/,product,P3,mapped_noindex_holdback
what is wool polyamide crepe,GLOBAL,TBD,TBD,TBD,Informational,Named Fabrics,/fabrics/wool-polyamide-crepe/,product,P3,mapped_noindex_holdback
what is wool polyester suiting blend,GLOBAL,TBD,TBD,TBD,Informational,Named Fabrics,/fabrics/wool-polyester-suiting/,product,P3,mapped_noindex_holdback
what is wool silk suiting blend,GLOBAL,TBD,TBD,TBD,Informational,Named Fabrics,/fabrics/wool-silk-suiting/,product,P3,mapped_noindex_holdback
what is wool viscose twill,GLOBAL,TBD,TBD,TBD,Informational,Named Fabrics,/fabrics/wool-viscose-twill/,product,P3,mapped_noindex_holdback
what is wool-linen open weave,GLOBAL,TBD,TBD,TBD,Informational,Named Fabrics,/fabrics/wool-linen-open-weave/,product,P3,mapped_noindex_holdback
what is wool-mohair open weave,GLOBAL,TBD,TBD,TBD,Informational,Named Fabrics,/fabrics/wool-mohair-open-weave/,product,P3,mapped_noindex_holdback
what is wool-silk bi-stretch,GLOBAL,TBD,TBD,TBD,Informational,Named Fabrics,/fabrics/wool-silk-bi-stretch/,product,P3,mapped_noindex_holdback
what is wool-technical hybrid,GLOBAL,TBD,TBD,TBD,Informational,Named Fabrics,/fabrics/wool-technical-hybrid/,product,P3,mapped_noindex_holdback
wool alpaca brushed blend,GLOBAL,TBD,TBD,TBD,Commercial,Named Fabrics,/fabrics/wool-alpaca-brushed/,product,P3,mapped_noindex_holdback
wool alpaca brushed blend fabric,GLOBAL,TBD,TBD,TBD,Commercial,Named Fabrics,/fabrics/wool-alpaca-brushed/,product,P3,mapped_noindex_holdback
wool alpaca brushed blend fabric online,GLOBAL,TBD,TBD,TBD,Commercial,Named Fabrics,/fabrics/wool-alpaca-brushed/,product,P3,mapped_noindex_holdback
wool alpaca brushed blend for coats,GLOBAL,TBD,TBD,TBD,Commercial,Named Fabrics,/fabrics/wool-alpaca-brushed/,product,P3,mapped_noindex_holdback
wool alpaca brushed blend for jackets,GLOBAL,TBD,TBD,TBD,Commercial,Named Fabrics,/fabrics/wool-alpaca-brushed/,product,P3,mapped_noindex_holdback
wool alpaca brushed blend for layering pieces,GLOBAL,TBD,TBD,TBD,Commercial,Named Fabrics,/fabrics/wool-alpaca-brushed/,product,P3,mapped_noindex_holdback
wool alpaca brushed blend textile,GLOBAL,TBD,TBD,TBD,Commercial,Named Fabrics,/fabrics/wool-alpaca-brushed/,product,P3,mapped_noindex_holdback
wool and linen wool-linen open weave,GLOBAL,TBD,TBD,TBD,Commercial,Named Fabrics,/fabrics/wool-linen-open-weave/,product,P3,mapped_noindex_holdback
wool and mohair wool-mohair open weave,GLOBAL,TBD,TBD,TBD,Commercial,Named Fabrics,/fabrics/wool-mohair-open-weave/,product,P3,mapped_noindex_holdback
wool and silk wool-silk bi-stretch,GLOBAL,TBD,TBD,TBD,Commercial,Named Fabrics,/fabrics/wool-silk-bi-stretch/,product,P3,mapped_noindex_holdback
wool brushed flannel,GLOBAL,TBD,TBD,TBD,Commercial,Named Fabrics,/fabrics/brushed-flannel/,product,P3,mapped_noindex_holdback
wool casentino wool,GLOBAL,TBD,TBD,TBD,Commercial,Named Fabrics,/fabrics/casentino-wool/,product,P3,mapped_noindex_holdback
wool cashmere melton blend,GLOBAL,TBD,TBD,TBD,Commercial,Named Fabrics,/fabrics/wool-cashmere-melton/,product,P3,mapped_noindex_holdback
wool cashmere melton blend fabric,GLOBAL,TBD,TBD,TBD,Commercial,Named Fabrics,/fabrics/wool-cashmere-melton/,product,P3,mapped_noindex_holdback
wool cashmere melton blend fabric online,GLOBAL,TBD,TBD,TBD,Commercial,Named Fabrics,/fabrics/wool-cashmere-melton/,product,P3,mapped_noindex_holdback
wool cashmere melton blend for coats,GLOBAL,TBD,TBD,TBD,Commercial,Named Fabrics,/fabrics/wool-cashmere-melton/,product,P3,mapped_noindex_holdback
wool cashmere melton blend for suiting,GLOBAL,TBD,TBD,TBD,Commercial,Named Fabrics,/fabrics/wool-cashmere-melton/,product,P3,mapped_noindex_holdback
wool cashmere melton blend textile,GLOBAL,TBD,TBD,TBD,Commercial,Named Fabrics,/fabrics/wool-cashmere-melton/,product,P3,mapped_noindex_holdback
wool cotton twill,GLOBAL,TBD,TBD,TBD,Commercial,Named Fabrics,/fabrics/wool-cotton-twill/,product,P3,mapped_noindex_holdback
wool cotton twill fabric,GLOBAL,TBD,TBD,TBD,Commercial,Named Fabrics,/fabrics/wool-cotton-twill/,product,P3,mapped_noindex_holdback
wool cotton twill fabric online,GLOBAL,TBD,TBD,TBD,Commercial,Named Fabrics,/fabrics/wool-cotton-twill/,product,P3,mapped_noindex_holdback
wool cotton twill for jackets,GLOBAL,TBD,TBD,TBD,Commercial,Named Fabrics,/fabrics/wool-cotton-twill/,product,P3,mapped_noindex_holdback
wool cotton twill for trousers,GLOBAL,TBD,TBD,TBD,Commercial,Named Fabrics,/fabrics/wool-cotton-twill/,product,P3,mapped_noindex_holdback
wool cotton twill for workwear jackets,GLOBAL,TBD,TBD,TBD,Commercial,Named Fabrics,/fabrics/wool-cotton-twill/,product,P3,mapped_noindex_holdback
wool cotton twill textile,GLOBAL,TBD,TBD,TBD,Commercial,Named Fabrics,/fabrics/wool-cotton-twill/,product,P3,mapped_noindex_holdback
wool double-face wool,GLOBAL,TBD,TBD,TBD,Commercial,Named Fabrics,/fabrics/double-face-wool/,product,P3,mapped_noindex_holdback
wool face / membrane middle / mesh back wool-technical hybrid,GLOBAL,TBD,TBD,TBD,Commercial,Named Fabrics,/fabrics/wool-technical-hybrid/,product,P3,mapped_noindex_holdback
wool felt upholstery,GLOBAL,TBD,TBD,TBD,Commercial,Named Fabrics,/fabrics/wool-felt-upholstery/,product,P3,mapped_noindex_holdback
wool felt upholstery fabric,GLOBAL,TBD,TBD,TBD,Commercial,Named Fabrics,/fabrics/wool-felt-upholstery/,product,P3,mapped_noindex_holdback
wool felt upholstery fabric online,GLOBAL,TBD,TBD,TBD,Commercial,Named Fabrics,/fabrics/wool-felt-upholstery/,product,P3,mapped_noindex_holdback
wool felt upholstery for upholstery,GLOBAL,TBD,TBD,TBD,Commercial,Named Fabrics,/fabrics/wool-felt-upholstery/,product,P3,mapped_noindex_holdback
wool felt upholstery textile,GLOBAL,TBD,TBD,TBD,Commercial,Named Fabrics,/fabrics/wool-felt-upholstery/,product,P3,mapped_noindex_holdback
wool hemp canvas blend,GLOBAL,TBD,TBD,TBD,Commercial,Named Fabrics,/fabrics/wool-hemp-canvas/,product,P3,mapped_noindex_holdback
wool hemp canvas blend fabric,GLOBAL,TBD,TBD,TBD,Commercial,Named Fabrics,/fabrics/wool-hemp-canvas/,product,P3,mapped_noindex_holdback
wool hemp canvas blend fabric online,GLOBAL,TBD,TBD,TBD,Commercial,Named Fabrics,/fabrics/wool-hemp-canvas/,product,P3,mapped_noindex_holdback
wool hemp canvas blend for jackets,GLOBAL,TBD,TBD,TBD,Commercial,Named Fabrics,/fabrics/wool-hemp-canvas/,product,P3,mapped_noindex_holdback
wool hemp canvas blend for trousers,GLOBAL,TBD,TBD,TBD,Commercial,Named Fabrics,/fabrics/wool-hemp-canvas/,product,P3,mapped_noindex_holdback
wool hemp canvas blend for workwear jackets,GLOBAL,TBD,TBD,TBD,Commercial,Named Fabrics,/fabrics/wool-hemp-canvas/,product,P3,mapped_noindex_holdback
wool hemp canvas blend textile,GLOBAL,TBD,TBD,TBD,Commercial,Named Fabrics,/fabrics/wool-hemp-canvas/,product,P3,mapped_noindex_holdback
wool linen open weave blend,GLOBAL,TBD,TBD,TBD,Commercial,Named Fabrics,/fabrics/wool-linen-tailoring-open-weave/,product,P3,mapped_noindex_holdback
wool linen open weave blend fabric,GLOBAL,TBD,TBD,TBD,Commercial,Named Fabrics,/fabrics/wool-linen-tailoring-open-weave/,product,P3,mapped_noindex_holdback
wool linen open weave blend fabric online,GLOBAL,TBD,TBD,TBD,Commercial,Named Fabrics,/fabrics/wool-linen-tailoring-open-weave/,product,P3,mapped_noindex_holdback
wool linen open weave blend for soft tailoring,GLOBAL,TBD,TBD,TBD,Commercial,Named Fabrics,/fabrics/wool-linen-tailoring-open-weave/,product,P3,mapped_noindex_holdback
wool linen open weave blend for suiting,GLOBAL,TBD,TBD,TBD,Commercial,Named Fabrics,/fabrics/wool-linen-tailoring-open-weave/,product,P3,mapped_noindex_holdback
wool linen open weave blend for unstructured jackets,GLOBAL,TBD,TBD,TBD,Commercial,Named Fabrics,/fabrics/wool-linen-tailoring-open-weave/,product,P3,mapped_noindex_holdback
wool linen open weave blend textile,GLOBAL,TBD,TBD,TBD,Commercial,Named Fabrics,/fabrics/wool-linen-tailoring-open-weave/,product,P3,mapped_noindex_holdback
wool mohair fresco blend,GLOBAL,TBD,TBD,TBD,Commercial,Named Fabrics,/fabrics/wool-mohair-fresco/,product,P3,mapped_noindex_holdback
wool mohair fresco blend fabric,GLOBAL,TBD,TBD,TBD,Commercial,Named Fabrics,/fabrics/wool-mohair-fresco/,product,P3,mapped_noindex_holdback
wool mohair fresco blend fabric online,GLOBAL,TBD,TBD,TBD,Commercial,Named Fabrics,/fabrics/wool-mohair-fresco/,product,P3,mapped_noindex_holdback
wool mohair fresco blend for jackets,GLOBAL,TBD,TBD,TBD,Commercial,Named Fabrics,/fabrics/wool-mohair-fresco/,product,P3,mapped_noindex_holdback
wool mohair fresco blend for suiting,GLOBAL,TBD,TBD,TBD,Commercial,Named Fabrics,/fabrics/wool-mohair-fresco/,product,P3,mapped_noindex_holdback
wool mohair fresco blend for unstructured jackets,GLOBAL,TBD,TBD,TBD,Commercial,Named Fabrics,/fabrics/wool-mohair-fresco/,product,P3,mapped_noindex_holdback
wool mohair fresco blend textile,GLOBAL,TBD,TBD,TBD,Commercial,Named Fabrics,/fabrics/wool-mohair-fresco/,product,P3,mapped_noindex_holdback
wool polyamide crepe,GLOBAL,TBD,TBD,TBD,Commercial,Named Fabrics,/fabrics/wool-polyamide-crepe/,product,P3,mapped_noindex_holdback
wool polyamide crepe fabric,GLOBAL,TBD,TBD,TBD,Commercial,Named Fabrics,/fabrics/wool-polyamide-crepe/,product,P3,mapped_noindex_holdback
wool polyamide crepe fabric online,GLOBAL,TBD,TBD,TBD,Commercial,Named Fabrics,/fabrics/wool-polyamide-crepe/,product,P3,mapped_noindex_holdback
wool polyamide crepe for dresses,GLOBAL,TBD,TBD,TBD,Commercial,Named Fabrics,/fabrics/wool-polyamide-crepe/,product,P3,mapped_noindex_holdback
wool polyamide crepe for jackets,GLOBAL,TBD,TBD,TBD,Commercial,Named Fabrics,/fabrics/wool-polyamide-crepe/,product,P3,mapped_noindex_holdback
wool polyamide crepe for trousers,GLOBAL,TBD,TBD,TBD,Commercial,Named Fabrics,/fabrics/wool-polyamide-crepe/,product,P3,mapped_noindex_holdback
wool polyamide crepe textile,GLOBAL,TBD,TBD,TBD,Commercial,Named Fabrics,/fabrics/wool-polyamide-crepe/,product,P3,mapped_noindex_holdback
wool polyester suiting blend,GLOBAL,TBD,TBD,TBD,Commercial,Named Fabrics,/fabrics/wool-polyester-suiting/,product,P3,mapped_noindex_holdback
wool polyester suiting blend fabric,GLOBAL,TBD,TBD,TBD,Commercial,Named Fabrics,/fabrics/wool-polyester-suiting/,product,P3,mapped_noindex_holdback
wool polyester suiting blend fabric online,GLOBAL,TBD,TBD,TBD,Commercial,Named Fabrics,/fabrics/wool-polyester-suiting/,product,P3,mapped_noindex_holdback
wool polyester suiting blend for suiting,GLOBAL,TBD,TBD,TBD,Commercial,Named Fabrics,/fabrics/wool-polyester-suiting/,product,P3,mapped_noindex_holdback
wool polyester suiting blend for trousers,GLOBAL,TBD,TBD,TBD,Commercial,Named Fabrics,/fabrics/wool-polyester-suiting/,product,P3,mapped_noindex_holdback
wool polyester suiting blend for workwear jackets,GLOBAL,TBD,TBD,TBD,Commercial,Named Fabrics,/fabrics/wool-polyester-suiting/,product,P3,mapped_noindex_holdback
wool polyester suiting blend textile,GLOBAL,TBD,TBD,TBD,Commercial,Named Fabrics,/fabrics/wool-polyester-suiting/,product,P3,mapped_noindex_holdback
wool silk suiting blend,GLOBAL,TBD,TBD,TBD,Commercial,Named Fabrics,/fabrics/wool-silk-suiting/,product,P3,mapped_noindex_holdback
wool silk suiting blend fabric,GLOBAL,TBD,TBD,TBD,Commercial,Named Fabrics,/fabrics/wool-silk-suiting/,product,P3,mapped_noindex_holdback
wool silk suiting blend fabric online,GLOBAL,TBD,TBD,TBD,Commercial,Named Fabrics,/fabrics/wool-silk-suiting/,product,P3,mapped_noindex_holdback
wool silk suiting blend for jackets,GLOBAL,TBD,TBD,TBD,Commercial,Named Fabrics,/fabrics/wool-silk-suiting/,product,P3,mapped_noindex_holdback
wool silk suiting blend for occasionwear,GLOBAL,TBD,TBD,TBD,Commercial,Named Fabrics,/fabrics/wool-silk-suiting/,product,P3,mapped_noindex_holdback
wool silk suiting blend for suiting,GLOBAL,TBD,TBD,TBD,Commercial,Named Fabrics,/fabrics/wool-silk-suiting/,product,P3,mapped_noindex_holdback
wool silk suiting blend textile,GLOBAL,TBD,TBD,TBD,Commercial,Named Fabrics,/fabrics/wool-silk-suiting/,product,P3,mapped_noindex_holdback
wool super 110s-130s tropical wool,GLOBAL,TBD,TBD,TBD,Commercial,Named Fabrics,/fabrics/tropical-wool-super-110s-130s/,product,P3,mapped_noindex_holdback
wool undyed wool rug,GLOBAL,TBD,TBD,TBD,Commercial,Named Fabrics,/fabrics/undyed-wool-rug/,product,P3,mapped_noindex_holdback
wool viscose twill,GLOBAL,TBD,TBD,TBD,Commercial,Named Fabrics,/fabrics/wool-viscose-twill/,product,P3,mapped_noindex_holdback
wool viscose twill fabric,GLOBAL,TBD,TBD,TBD,Commercial,Named Fabrics,/fabrics/wool-viscose-twill/,product,P3,mapped_noindex_holdback
wool viscose twill fabric online,GLOBAL,TBD,TBD,TBD,Commercial,Named Fabrics,/fabrics/wool-viscose-twill/,product,P3,mapped_noindex_holdback
wool viscose twill for dresses,GLOBAL,TBD,TBD,TBD,Commercial,Named Fabrics,/fabrics/wool-viscose-twill/,product,P3,mapped_noindex_holdback
wool viscose twill for suiting,GLOBAL,TBD,TBD,TBD,Commercial,Named Fabrics,/fabrics/wool-viscose-twill/,product,P3,mapped_noindex_holdback
wool viscose twill for trousers,GLOBAL,TBD,TBD,TBD,Commercial,Named Fabrics,/fabrics/wool-viscose-twill/,product,P3,mapped_noindex_holdback
wool viscose twill textile,GLOBAL,TBD,TBD,TBD,Commercial,Named Fabrics,/fabrics/wool-viscose-twill/,product,P3,mapped_noindex_holdback
wool wool felt upholstery,GLOBAL,TBD,TBD,TBD,Commercial,Named Fabrics,/fabrics/wool-felt-upholstery/,product,P3,mapped_noindex_holdback
wool-linen open weave,GLOBAL,TBD,TBD,TBD,Commercial,Named Fabrics,/fabrics/wool-linen-open-weave/,product,P3,mapped_noindex_holdback
wool-linen open weave fabric,GLOBAL,TBD,TBD,TBD,Commercial,Named Fabrics,/fabrics/wool-linen-open-weave/,product,P3,mapped_noindex_holdback
wool-linen open weave fabric online,GLOBAL,TBD,TBD,TBD,Commercial,Named Fabrics,/fabrics/wool-linen-open-weave/,product,P3,mapped_noindex_holdback
wool-linen open weave for unstructured jackets,GLOBAL,TBD,TBD,TBD,Commercial,Named Fabrics,/fabrics/wool-linen-open-weave/,product,P3,mapped_noindex_holdback
wool-linen open weave textile,GLOBAL,TBD,TBD,TBD,Commercial,Named Fabrics,/fabrics/wool-linen-open-weave/,product,P3,mapped_noindex_holdback
wool-mohair open weave,GLOBAL,TBD,TBD,TBD,Commercial,Named Fabrics,/fabrics/wool-mohair-open-weave/,product,P3,mapped_noindex_holdback
wool-mohair open weave fabric,GLOBAL,TBD,TBD,TBD,Commercial,Named Fabrics,/fabrics/wool-mohair-open-weave/,product,P3,mapped_noindex_holdback
wool-mohair open weave fabric online,GLOBAL,TBD,TBD,TBD,Commercial,Named Fabrics,/fabrics/wool-mohair-open-weave/,product,P3,mapped_noindex_holdback
wool-mohair open weave for unstructured jackets,GLOBAL,TBD,TBD,TBD,Commercial,Named Fabrics,/fabrics/wool-mohair-open-weave/,product,P3,mapped_noindex_holdback
wool-mohair open weave textile,GLOBAL,TBD,TBD,TBD,Commercial,Named Fabrics,/fabrics/wool-mohair-open-weave/,product,P3,mapped_noindex_holdback
wool-silk bi-stretch,GLOBAL,TBD,TBD,TBD,Commercial,Named Fabrics,/fabrics/wool-silk-bi-stretch/,product,P3,mapped_noindex_holdback
wool-silk bi-stretch fabric,GLOBAL,TBD,TBD,TBD,Commercial,Named Fabrics,/fabrics/wool-silk-bi-stretch/,product,P3,mapped_noindex_holdback
wool-silk bi-stretch fabric online,GLOBAL,TBD,TBD,TBD,Commercial,Named Fabrics,/fabrics/wool-silk-bi-stretch/,product,P3,mapped_noindex_holdback
wool-silk bi-stretch for suiting,GLOBAL,TBD,TBD,TBD,Commercial,Named Fabrics,/fabrics/wool-silk-bi-stretch/,product,P3,mapped_noindex_holdback
wool-silk bi-stretch textile,GLOBAL,TBD,TBD,TBD,Commercial,Named Fabrics,/fabrics/wool-silk-bi-stretch/,product,P3,mapped_noindex_holdback
wool-technical hybrid,GLOBAL,TBD,TBD,TBD,Commercial,Named Fabrics,/fabrics/wool-technical-hybrid/,product,P3,mapped_noindex_holdback
wool-technical hybrid fabric,GLOBAL,TBD,TBD,TBD,Commercial,Named Fabrics,/fabrics/wool-technical-hybrid/,product,P3,mapped_noindex_holdback
wool-technical hybrid fabric online,GLOBAL,TBD,TBD,TBD,Commercial,Named Fabrics,/fabrics/wool-technical-hybrid/,product,P3,mapped_noindex_holdback
wool-technical hybrid for outerwear,GLOBAL,TBD,TBD,TBD,Commercial,Named Fabrics,/fabrics/wool-technical-hybrid/,product,P3,mapped_noindex_holdback
wool-technical hybrid textile,GLOBAL,TBD,TBD,TBD,Commercial,Named Fabrics,/fabrics/wool-technical-hybrid/,product,P3,mapped_noindex_holdback
woven suede-effect woven,GLOBAL,TBD,TBD,TBD,Commercial,Named Fabrics,/fabrics/suede-effect-woven/,product,P3,mapped_noindex_holdback
