url_a,url_b,cluster_a,cluster_b,similarity_level,shared_topic,shared_sections,unique_information_a,unique_information_b,canonical_a,canonical_b,recommended_action
/discover/topics/material-use/page/2/,/discover/topics/material-use/page/3/,semantic_landing,semantic_landing,moderate_overlap,"shirt, dress & garment fabrics",rotated ontology / shared section shape,pairing-specific slice,pairing-specific slice,/discover/topics/material-use/page/2/,/discover/topics/material-use/page/3/,KEEP as supporting note; parent hub owns the head term
/discover/topics/material-use/page/3/,/discover/topics/material-use/page/4/,semantic_landing,semantic_landing,moderate_overlap,"shirt, dress & garment fabrics",rotated ontology / shared section shape,pairing-specific slice,pairing-specific slice,/discover/topics/material-use/page/3/,/discover/topics/material-use/page/4/,KEEP as supporting note; parent hub owns the head term
/discover/topics/material-use/page/4/,/discover/topics/material-use/page/5/,semantic_landing,semantic_landing,moderate_overlap,"shirt, dress & garment fabrics",rotated ontology / shared section shape,pairing-specific slice,pairing-specific slice,/discover/topics/material-use/page/4/,/discover/topics/material-use/page/5/,KEEP as supporting note; parent hub owns the head term
/discover/topics/material-use/page/5/,/discover/topics/material-use/page/6/,semantic_landing,semantic_landing,moderate_overlap,"shirt, dress & garment fabrics",rotated ontology / shared section shape,pairing-specific slice,pairing-specific slice,/discover/topics/material-use/page/5/,/discover/topics/material-use/page/6/,KEEP as supporting note; parent hub owns the head term
/discover/topics/material-attribute/page/2/,/discover/topics/material-attribute/page/3/,semantic_landing,semantic_landing,moderate_overlap,material characteristics,rotated ontology / shared section shape,pairing-specific slice,pairing-specific slice,/discover/topics/material-attribute/page/2/,/discover/topics/material-attribute/page/3/,KEEP as supporting note; parent hub owns the head term
/discover/woven-cotton-fabric/,/discover/knit-cotton-fabric/,construction,construction,high_overlap,woven cotton fabric,rotated ontology / shared section shape,pairing-specific slice,pairing-specific slice,/discover/woven-cotton-fabric/,/discover/knit-cotton-fabric/,KEEP as supporting note; parent hub owns the head term
/discover/knit-cotton-fabric/,/discover/knit-french-terry-fabric/,construction,construction,moderate_overlap,knit cotton fabric,rotated ontology / shared section shape,pairing-specific slice,pairing-specific slice,/discover/knit-cotton-fabric/,/discover/knit-french-terry-fabric/,KEEP as supporting note; parent hub owns the head term
/discover/woven-linen-fabric/,/discover/knit-linen-fabric/,construction,construction,high_overlap,woven linen fabric,rotated ontology / shared section shape,pairing-specific slice,pairing-specific slice,/discover/woven-linen-fabric/,/discover/knit-linen-fabric/,KEEP as supporting note; parent hub owns the head term
/discover/knit-linen-fabric/,/discover/knit-chiffon-fabric/,construction,construction,moderate_overlap,knit linen fabric,rotated ontology / shared section shape,pairing-specific slice,pairing-specific slice,/discover/knit-linen-fabric/,/discover/knit-chiffon-fabric/,KEEP as supporting note; parent hub owns the head term
/discover/woven-silk-fabric/,/discover/knit-silk-fabric/,construction,construction,high_overlap,woven silk fabric,rotated ontology / shared section shape,pairing-specific slice,pairing-specific slice,/discover/woven-silk-fabric/,/discover/knit-silk-fabric/,KEEP as supporting note; parent hub owns the head term
/discover/knit-silk-fabric/,/discover/knit-crepe-fabric/,construction,construction,moderate_overlap,knit silk fabric,rotated ontology / shared section shape,pairing-specific slice,pairing-specific slice,/discover/knit-silk-fabric/,/discover/knit-crepe-fabric/,KEEP as supporting note; parent hub owns the head term
/discover/woven-wool-fabric/,/discover/knit-wool-fabric/,construction,construction,high_overlap,woven wool fabric,rotated ontology / shared section shape,pairing-specific slice,pairing-specific slice,/discover/woven-wool-fabric/,/discover/knit-wool-fabric/,KEEP as supporting note; parent hub owns the head term
/discover/knit-wool-fabric/,/discover/knit-chiffon-fabric/,construction,construction,moderate_overlap,knit wool fabric,rotated ontology / shared section shape,pairing-specific slice,pairing-specific slice,/discover/knit-wool-fabric/,/discover/knit-chiffon-fabric/,KEEP as supporting note; parent hub owns the head term
/discover/woven-denim-fabric/,/discover/woven-oxford-fabric/,construction,construction,moderate_overlap,woven denim fabric,rotated ontology / shared section shape,pairing-specific slice,pairing-specific slice,/discover/woven-denim-fabric/,/discover/woven-oxford-fabric/,KEEP as supporting note; parent hub owns the head term
/discover/woven-polyester-fabric/,/discover/knit-polyester-fabric/,construction,construction,high_overlap,woven polyester fabric,rotated ontology / shared section shape,pairing-specific slice,pairing-specific slice,/discover/woven-polyester-fabric/,/discover/knit-polyester-fabric/,KEEP as supporting note; parent hub owns the head term
/discover/knit-polyester-fabric/,/discover/knit-chiffon-fabric/,construction,construction,moderate_overlap,knit polyester fabric,rotated ontology / shared section shape,pairing-specific slice,pairing-specific slice,/discover/knit-polyester-fabric/,/discover/knit-chiffon-fabric/,KEEP as supporting note; parent hub owns the head term
/discover/woven-viscose-fabric/,/discover/knit-viscose-fabric/,construction,construction,high_overlap,woven viscose fabric,rotated ontology / shared section shape,pairing-specific slice,pairing-specific slice,/discover/woven-viscose-fabric/,/discover/knit-viscose-fabric/,KEEP as supporting note; parent hub owns the head term
/discover/knit-viscose-fabric/,/discover/knit-chiffon-fabric/,construction,construction,moderate_overlap,knit viscose fabric,rotated ontology / shared section shape,pairing-specific slice,pairing-specific slice,/discover/knit-viscose-fabric/,/discover/knit-chiffon-fabric/,KEEP as supporting note; parent hub owns the head term
/discover/woven-rayon-fabric/,/discover/knit-rayon-fabric/,construction,construction,high_overlap,woven rayon fabric,rotated ontology / shared section shape,pairing-specific slice,pairing-specific slice,/discover/woven-rayon-fabric/,/discover/knit-rayon-fabric/,KEEP as supporting note; parent hub owns the head term
/discover/knit-rayon-fabric/,/discover/knit-chiffon-fabric/,construction,construction,moderate_overlap,knit rayon fabric,rotated ontology / shared section shape,pairing-specific slice,pairing-specific slice,/discover/knit-rayon-fabric/,/discover/knit-chiffon-fabric/,KEEP as supporting note; parent hub owns the head term
/discover/knit-jersey-fabric/,/discover/knit-chiffon-fabric/,construction,construction,moderate_overlap,knit jersey fabric,rotated ontology / shared section shape,pairing-specific slice,pairing-specific slice,/discover/knit-jersey-fabric/,/discover/knit-chiffon-fabric/,KEEP as supporting note; parent hub owns the head term
/discover/woven-velvet-fabric/,/discover/knit-velvet-fabric/,construction,construction,high_overlap,woven velvet fabric,rotated ontology / shared section shape,pairing-specific slice,pairing-specific slice,/discover/woven-velvet-fabric/,/discover/knit-velvet-fabric/,KEEP as supporting note; parent hub owns the head term
/discover/knit-velvet-fabric/,/discover/knit-chiffon-fabric/,construction,construction,moderate_overlap,knit velvet fabric,rotated ontology / shared section shape,pairing-specific slice,pairing-specific slice,/discover/knit-velvet-fabric/,/discover/knit-chiffon-fabric/,KEEP as supporting note; parent hub owns the head term
/discover/woven-chiffon-fabric/,/discover/knit-chiffon-fabric/,construction,construction,high_overlap,woven chiffon fabric,rotated ontology / shared section shape,pairing-specific slice,pairing-specific slice,/discover/woven-chiffon-fabric/,/discover/knit-chiffon-fabric/,KEEP as supporting note; parent hub owns the head term
/discover/knit-chiffon-fabric/,/discover/knit-georgette-fabric/,construction,construction,moderate_overlap,knit chiffon fabric,rotated ontology / shared section shape,pairing-specific slice,pairing-specific slice,/discover/knit-chiffon-fabric/,/discover/knit-georgette-fabric/,KEEP as supporting note; parent hub owns the head term
/discover/woven-georgette-fabric/,/discover/knit-georgette-fabric/,construction,construction,high_overlap,woven georgette fabric,rotated ontology / shared section shape,pairing-specific slice,pairing-specific slice,/discover/woven-georgette-fabric/,/discover/knit-georgette-fabric/,KEEP as supporting note; parent hub owns the head term
/discover/knit-georgette-fabric/,/discover/knit-french-terry-fabric/,construction,construction,moderate_overlap,knit georgette fabric,rotated ontology / shared section shape,pairing-specific slice,pairing-specific slice,/discover/knit-georgette-fabric/,/discover/knit-french-terry-fabric/,KEEP as supporting note; parent hub owns the head term
/discover/woven-poplin-fabric/,/discover/woven-oxford-fabric/,construction,construction,moderate_overlap,woven poplin fabric,rotated ontology / shared section shape,pairing-specific slice,pairing-specific slice,/discover/woven-poplin-fabric/,/discover/woven-oxford-fabric/,KEEP as supporting note; parent hub owns the head term
/discover/woven-satin-fabric/,/discover/knit-satin-fabric/,construction,construction,high_overlap,woven satin fabric,rotated ontology / shared section shape,pairing-specific slice,pairing-specific slice,/discover/woven-satin-fabric/,/discover/knit-satin-fabric/,KEEP as supporting note; parent hub owns the head term
/discover/knit-satin-fabric/,/discover/knit-lyocell-fabric/,construction,construction,moderate_overlap,knit satin fabric,rotated ontology / shared section shape,pairing-specific slice,pairing-specific slice,/discover/knit-satin-fabric/,/discover/knit-lyocell-fabric/,KEEP as supporting note; parent hub owns the head term
/discover/woven-crepe-fabric/,/discover/knit-crepe-fabric/,construction,construction,high_overlap,woven crepe fabric,rotated ontology / shared section shape,pairing-specific slice,pairing-specific slice,/discover/woven-crepe-fabric/,/discover/knit-crepe-fabric/,KEEP as supporting note; parent hub owns the head term
/discover/knit-crepe-fabric/,/discover/knit-french-terry-fabric/,construction,construction,moderate_overlap,knit crepe fabric,rotated ontology / shared section shape,pairing-specific slice,pairing-specific slice,/discover/knit-crepe-fabric/,/discover/knit-french-terry-fabric/,KEEP as supporting note; parent hub owns the head term
/discover/woven-canvas-fabric/,/discover/woven-twill-fabric/,construction,construction,moderate_overlap,woven canvas fabric,rotated ontology / shared section shape,pairing-specific slice,pairing-specific slice,/discover/woven-canvas-fabric/,/discover/woven-twill-fabric/,KEEP as supporting note; parent hub owns the head term
/discover/woven-oxford-fabric/,/discover/woven-twill-fabric/,construction,construction,moderate_overlap,woven oxford fabric,rotated ontology / shared section shape,pairing-specific slice,pairing-specific slice,/discover/woven-oxford-fabric/,/discover/woven-twill-fabric/,KEEP as supporting note; parent hub owns the head term
/discover/woven-twill-fabric/,/discover/woven-lyocell-fabric/,construction,construction,moderate_overlap,woven twill fabric,rotated ontology / shared section shape,pairing-specific slice,pairing-specific slice,/discover/woven-twill-fabric/,/discover/woven-lyocell-fabric/,KEEP as supporting note; parent hub owns the head term
/discover/knit-french-terry-fabric/,/discover/knit-lyocell-fabric/,construction,construction,moderate_overlap,knit french terry fabric,rotated ontology / shared section shape,pairing-specific slice,pairing-specific slice,/discover/knit-french-terry-fabric/,/discover/knit-lyocell-fabric/,KEEP as supporting note; parent hub owns the head term
/discover/woven-lyocell-fabric/,/discover/knit-lyocell-fabric/,construction,construction,high_overlap,woven lyocell fabric,rotated ontology / shared section shape,pairing-specific slice,pairing-specific slice,/discover/woven-lyocell-fabric/,/discover/knit-lyocell-fabric/,KEEP as supporting note; parent hub owns the head term
/discover/cotton-shirts/,/discover/cotton-dresses/,material_use,material_use,moderate_overlap,cotton fabric for shirts,rotated ontology / shared section shape,pairing-specific slice,pairing-specific slice,/discover/cotton-shirts/,/discover/cotton-dresses/,KEEP as supporting note; parent hub owns the head term
/discover/cotton-dresses/,/discover/cotton-uniforms/,material_use,material_use,moderate_overlap,cotton fabric for dresses,rotated ontology / shared section shape,pairing-specific slice,pairing-specific slice,/discover/cotton-dresses/,/discover/cotton-uniforms/,KEEP as supporting note; parent hub owns the head term
/discover/cotton-trousers/,/discover/cotton-uniforms/,material_use,material_use,moderate_overlap,cotton fabric for trousers,rotated ontology / shared section shape,pairing-specific slice,pairing-specific slice,/discover/cotton-trousers/,/discover/cotton-uniforms/,KEEP as supporting note; parent hub owns the head term
/discover/cotton-uniforms/,/discover/cotton-blouses/,material_use,material_use,high_overlap,cotton fabric for uniforms,rotated ontology / shared section shape,pairing-specific slice,pairing-specific slice,/discover/cotton-uniforms/,/discover/cotton-blouses/,KEEP as supporting note; parent hub owns the head term
/discover/cotton-blouses/,/discover/rayon-blouses/,material_use,material_use,moderate_overlap,cotton fabric for blouses,rotated ontology / shared section shape,pairing-specific slice,pairing-specific slice,/discover/cotton-blouses/,/discover/rayon-blouses/,KEEP as supporting note; parent hub owns the head term
/discover/cotton-skirts/,/discover/rayon-skirts/,material_use,material_use,moderate_overlap,cotton fabric for skirts,rotated ontology / shared section shape,pairing-specific slice,pairing-specific slice,/discover/cotton-skirts/,/discover/rayon-skirts/,KEEP as supporting note; parent hub owns the head term
/discover/linen-shirts/,/discover/linen-dresses/,material_use,material_use,moderate_overlap,linen fabric for shirts,rotated ontology / shared section shape,pairing-specific slice,pairing-specific slice,/discover/linen-shirts/,/discover/linen-dresses/,KEEP as supporting note; parent hub owns the head term
/discover/linen-dresses/,/discover/velvet-dresses/,material_use,material_use,moderate_overlap,linen fabric for dresses,rotated ontology / shared section shape,pairing-specific slice,pairing-specific slice,/discover/linen-dresses/,/discover/velvet-dresses/,KEEP as supporting note; parent hub owns the head term
/discover/linen-trousers/,/discover/linen-blouses/,material_use,material_use,moderate_overlap,linen fabric for trousers,rotated ontology / shared section shape,pairing-specific slice,pairing-specific slice,/discover/linen-trousers/,/discover/linen-blouses/,KEEP as supporting note; parent hub owns the head term
/discover/linen-blouses/,/discover/viscose-blouses/,material_use,material_use,moderate_overlap,linen fabric for blouses,rotated ontology / shared section shape,pairing-specific slice,pairing-specific slice,/discover/linen-blouses/,/discover/viscose-blouses/,KEEP as supporting note; parent hub owns the head term
/discover/linen-skirts/,/discover/viscose-skirts/,material_use,material_use,moderate_overlap,linen fabric for skirts,rotated ontology / shared section shape,pairing-specific slice,pairing-specific slice,/discover/linen-skirts/,/discover/viscose-skirts/,KEEP as supporting note; parent hub owns the head term
/discover/silk-dresses/,/discover/silk-blouses/,material_use,material_use,moderate_overlap,silk fabric for dresses,rotated ontology / shared section shape,pairing-specific slice,pairing-specific slice,/discover/silk-dresses/,/discover/silk-blouses/,KEEP as supporting note; parent hub owns the head term
/discover/silk-blouses/,/discover/silk-skirts/,material_use,material_use,moderate_overlap,silk fabric for blouses,rotated ontology / shared section shape,pairing-specific slice,pairing-specific slice,/discover/silk-blouses/,/discover/silk-skirts/,KEEP as supporting note; parent hub owns the head term
/discover/silk-skirts/,/discover/rayon-skirts/,material_use,material_use,moderate_overlap,silk fabric for skirts,rotated ontology / shared section shape,pairing-specific slice,pairing-specific slice,/discover/silk-skirts/,/discover/rayon-skirts/,KEEP as supporting note; parent hub owns the head term
/discover/wool-trousers/,/discover/wool-suits/,material_use,material_use,moderate_overlap,wool fabric for trousers,rotated ontology / shared section shape,pairing-specific slice,pairing-specific slice,/discover/wool-trousers/,/discover/wool-suits/,KEEP as supporting note; parent hub owns the head term
/discover/wool-jackets/,/discover/wool-blazers/,material_use,material_use,moderate_overlap,wool fabric for jackets,rotated ontology / shared section shape,pairing-specific slice,pairing-specific slice,/discover/wool-jackets/,/discover/wool-blazers/,KEEP as supporting note; parent hub owns the head term
/discover/wool-coats/,/discover/wool-suits/,material_use,material_use,moderate_overlap,wool fabric for coats,rotated ontology / shared section shape,pairing-specific slice,pairing-specific slice,/discover/wool-coats/,/discover/wool-suits/,KEEP as supporting note; parent hub owns the head term
/discover/wool-suits/,/discover/wool-blazers/,material_use,material_use,moderate_overlap,wool fabric for suits,rotated ontology / shared section shape,pairing-specific slice,pairing-specific slice,/discover/wool-suits/,/discover/wool-blazers/,KEEP as supporting note; parent hub owns the head term
/discover/wool-blazers/,/discover/wool-knitwear/,material_use,material_use,moderate_overlap,wool fabric for blazers,rotated ontology / shared section shape,pairing-specific slice,pairing-specific slice,/discover/wool-blazers/,/discover/wool-knitwear/,KEEP as supporting note; parent hub owns the head term
/discover/wool-knitwear/,/discover/jersey-knitwear/,material_use,material_use,moderate_overlap,wool fabric for knitwear,rotated ontology / shared section shape,pairing-specific slice,pairing-specific slice,/discover/wool-knitwear/,/discover/jersey-knitwear/,KEEP as supporting note; parent hub owns the head term
/discover/denim-trousers/,/discover/denim-jackets/,material_use,material_use,moderate_overlap,denim fabric for trousers,rotated ontology / shared section shape,pairing-specific slice,pairing-specific slice,/discover/denim-trousers/,/discover/denim-jackets/,KEEP as supporting note; parent hub owns the head term
/discover/denim-jackets/,/discover/denim-workwear/,material_use,material_use,moderate_overlap,denim fabric for jackets,rotated ontology / shared section shape,pairing-specific slice,pairing-specific slice,/discover/denim-jackets/,/discover/denim-workwear/,KEEP as supporting note; parent hub owns the head term
/discover/polyester-dresses/,/discover/polyester-activewear/,material_use,material_use,moderate_overlap,polyester fabric for dresses,rotated ontology / shared section shape,pairing-specific slice,pairing-specific slice,/discover/polyester-dresses/,/discover/polyester-activewear/,KEEP as supporting note; parent hub owns the head term
/discover/polyester-uniforms/,/discover/polyester-activewear/,material_use,material_use,moderate_overlap,polyester fabric for uniforms,rotated ontology / shared section shape,pairing-specific slice,pairing-specific slice,/discover/polyester-uniforms/,/discover/polyester-activewear/,KEEP as supporting note; parent hub owns the head term
/discover/polyester-activewear/,/discover/polyester-outerwear/,material_use,material_use,moderate_overlap,polyester fabric for activewear,rotated ontology / shared section shape,pairing-specific slice,pairing-specific slice,/discover/polyester-activewear/,/discover/polyester-outerwear/,KEEP as supporting note; parent hub owns the head term
/discover/viscose-shirts/,/discover/viscose-dresses/,material_use,material_use,moderate_overlap,viscose fabric for shirts,rotated ontology / shared section shape,pairing-specific slice,pairing-specific slice,/discover/viscose-shirts/,/discover/viscose-dresses/,KEEP as supporting note; parent hub owns the head term
/discover/viscose-dresses/,/discover/velvet-dresses/,material_use,material_use,moderate_overlap,viscose fabric for dresses,rotated ontology / shared section shape,pairing-specific slice,pairing-specific slice,/discover/viscose-dresses/,/discover/velvet-dresses/,KEEP as supporting note; parent hub owns the head term
/discover/viscose-blouses/,/discover/viscose-skirts/,material_use,material_use,moderate_overlap,viscose fabric for blouses,rotated ontology / shared section shape,pairing-specific slice,pairing-specific slice,/discover/viscose-blouses/,/discover/viscose-skirts/,KEEP as supporting note; parent hub owns the head term
/discover/rayon-dresses/,/discover/rayon-blouses/,material_use,material_use,moderate_overlap,rayon fabric for dresses,rotated ontology / shared section shape,pairing-specific slice,pairing-specific slice,/discover/rayon-dresses/,/discover/rayon-blouses/,KEEP as supporting note; parent hub owns the head term
/discover/rayon-blouses/,/discover/rayon-skirts/,material_use,material_use,moderate_overlap,rayon fabric for blouses,rotated ontology / shared section shape,pairing-specific slice,pairing-specific slice,/discover/rayon-blouses/,/discover/rayon-skirts/,KEEP as supporting note; parent hub owns the head term
/discover/jersey-shirts/,/discover/jersey-activewear/,material_use,material_use,moderate_overlap,jersey fabric for shirts,rotated ontology / shared section shape,pairing-specific slice,pairing-specific slice,/discover/jersey-shirts/,/discover/jersey-activewear/,KEEP as supporting note; parent hub owns the head term
/discover/jersey-dresses/,/discover/jersey-activewear/,material_use,material_use,moderate_overlap,jersey fabric for dresses,rotated ontology / shared section shape,pairing-specific slice,pairing-specific slice,/discover/jersey-dresses/,/discover/jersey-activewear/,KEEP as supporting note; parent hub owns the head term
/discover/jersey-activewear/,/discover/jersey-loungewear/,material_use,material_use,moderate_overlap,jersey fabric for activewear,rotated ontology / shared section shape,pairing-specific slice,pairing-specific slice,/discover/jersey-activewear/,/discover/jersey-loungewear/,KEEP as supporting note; parent hub owns the head term
/discover/jersey-loungewear/,/discover/jersey-knitwear/,material_use,material_use,moderate_overlap,jersey fabric for loungewear,rotated ontology / shared section shape,pairing-specific slice,pairing-specific slice,/discover/jersey-loungewear/,/discover/jersey-knitwear/,KEEP as supporting note; parent hub owns the head term
/discover/lightweight-cotton-fabric/,/discover/breathable-cotton-fabric/,material_attribute,material_attribute,moderate_overlap,lightweight cotton fabric,rotated ontology / shared section shape,pairing-specific slice,pairing-specific slice,/discover/lightweight-cotton-fabric/,/discover/breathable-cotton-fabric/,KEEP as supporting note; parent hub owns the head term
/discover/heavyweight-cotton-fabric/,/discover/durable-cotton-fabric/,material_attribute,material_attribute,high_overlap,heavyweight cotton fabric,rotated ontology / shared section shape,pairing-specific slice,pairing-specific slice,/discover/heavyweight-cotton-fabric/,/discover/durable-cotton-fabric/,KEEP as supporting note; parent hub owns the head term
/discover/breathable-cotton-fabric/,/discover/durable-cotton-fabric/,material_attribute,material_attribute,moderate_overlap,breathable cotton fabric,rotated ontology / shared section shape,pairing-specific slice,pairing-specific slice,/discover/breathable-cotton-fabric/,/discover/durable-cotton-fabric/,KEEP as supporting note; parent hub owns the head term
/discover/stretch-cotton-fabric/,/discover/structured-cotton-fabric/,material_attribute,material_attribute,high_overlap,stretch cotton fabric,rotated ontology / shared section shape,pairing-specific slice,pairing-specific slice,/discover/stretch-cotton-fabric/,/discover/structured-cotton-fabric/,KEEP as supporting note; parent hub owns the head term
/discover/soft-cotton-fabric/,/discover/performance-cotton-fabric/,material_attribute,material_attribute,high_overlap,soft cotton fabric,rotated ontology / shared section shape,pairing-specific slice,pairing-specific slice,/discover/soft-cotton-fabric/,/discover/performance-cotton-fabric/,KEEP as supporting note; parent hub owns the head term
/discover/durable-cotton-fabric/,/discover/flowy-cotton-fabric/,material_attribute,material_attribute,high_overlap,durable cotton fabric,rotated ontology / shared section shape,pairing-specific slice,pairing-specific slice,/discover/durable-cotton-fabric/,/discover/flowy-cotton-fabric/,KEEP as supporting note; parent hub owns the head term
/discover/premium-cotton-fabric/,/discover/structured-cotton-fabric/,material_attribute,material_attribute,high_overlap,premium cotton fabric,rotated ontology / shared section shape,pairing-specific slice,pairing-specific slice,/discover/premium-cotton-fabric/,/discover/structured-cotton-fabric/,KEEP as supporting note; parent hub owns the head term
/discover/structured-cotton-fabric/,/discover/opaque-cotton-fabric/,material_attribute,material_attribute,high_overlap,structured cotton fabric,rotated ontology / shared section shape,pairing-specific slice,pairing-specific slice,/discover/structured-cotton-fabric/,/discover/opaque-cotton-fabric/,KEEP as supporting note; parent hub owns the head term
/discover/flowy-cotton-fabric/,/discover/performance-cotton-fabric/,material_attribute,material_attribute,moderate_overlap,flowy cotton fabric,rotated ontology / shared section shape,pairing-specific slice,pairing-specific slice,/discover/flowy-cotton-fabric/,/discover/performance-cotton-fabric/,KEEP as supporting note; parent hub owns the head term
/discover/sheer-cotton-fabric/,/discover/opaque-cotton-fabric/,material_attribute,material_attribute,high_overlap,sheer cotton fabric,rotated ontology / shared section shape,pairing-specific slice,pairing-specific slice,/discover/sheer-cotton-fabric/,/discover/opaque-cotton-fabric/,KEEP as supporting note; parent hub owns the head term
/discover/opaque-cotton-fabric/,/discover/performance-cotton-fabric/,material_attribute,material_attribute,moderate_overlap,opaque cotton fabric,rotated ontology / shared section shape,pairing-specific slice,pairing-specific slice,/discover/opaque-cotton-fabric/,/discover/performance-cotton-fabric/,KEEP as supporting note; parent hub owns the head term
/discover/performance-cotton-fabric/,/discover/performance-linen-fabric/,material_attribute,material_attribute,moderate_overlap,performance cotton fabric,rotated ontology / shared section shape,pairing-specific slice,pairing-specific slice,/discover/performance-cotton-fabric/,/discover/performance-linen-fabric/,KEEP as supporting note; parent hub owns the head term
/discover/lightweight-linen-fabric/,/discover/lightweight-silk-fabric/,material_attribute,material_attribute,moderate_overlap,lightweight linen fabric,rotated ontology / shared section shape,pairing-specific slice,pairing-specific slice,/discover/lightweight-linen-fabric/,/discover/lightweight-silk-fabric/,KEEP as supporting note; parent hub owns the head term
/discover/heavyweight-linen-fabric/,/discover/durable-linen-fabric/,material_attribute,material_attribute,high_overlap,heavyweight linen fabric,rotated ontology / shared section shape,pairing-specific slice,pairing-specific slice,/discover/heavyweight-linen-fabric/,/discover/durable-linen-fabric/,KEEP as supporting note; parent hub owns the head term
/discover/breathable-linen-fabric/,/discover/durable-linen-fabric/,material_attribute,material_attribute,moderate_overlap,breathable linen fabric,rotated ontology / shared section shape,pairing-specific slice,pairing-specific slice,/discover/breathable-linen-fabric/,/discover/durable-linen-fabric/,KEEP as supporting note; parent hub owns the head term
/discover/stretch-linen-fabric/,/discover/structured-linen-fabric/,material_attribute,material_attribute,moderate_overlap,stretch linen fabric,rotated ontology / shared section shape,pairing-specific slice,pairing-specific slice,/discover/stretch-linen-fabric/,/discover/structured-linen-fabric/,KEEP as supporting note; parent hub owns the head term
/discover/soft-linen-fabric/,/discover/performance-linen-fabric/,material_attribute,material_attribute,moderate_overlap,soft linen fabric,rotated ontology / shared section shape,pairing-specific slice,pairing-specific slice,/discover/soft-linen-fabric/,/discover/performance-linen-fabric/,KEEP as supporting note; parent hub owns the head term
/discover/durable-linen-fabric/,/discover/flowy-linen-fabric/,material_attribute,material_attribute,high_overlap,durable linen fabric,rotated ontology / shared section shape,pairing-specific slice,pairing-specific slice,/discover/durable-linen-fabric/,/discover/flowy-linen-fabric/,KEEP as supporting note; parent hub owns the head term
/discover/premium-linen-fabric/,/discover/structured-linen-fabric/,material_attribute,material_attribute,moderate_overlap,premium linen fabric,rotated ontology / shared section shape,pairing-specific slice,pairing-specific slice,/discover/premium-linen-fabric/,/discover/structured-linen-fabric/,KEEP as supporting note; parent hub owns the head term
/discover/structured-linen-fabric/,/discover/opaque-linen-fabric/,material_attribute,material_attribute,high_overlap,structured linen fabric,rotated ontology / shared section shape,pairing-specific slice,pairing-specific slice,/discover/structured-linen-fabric/,/discover/opaque-linen-fabric/,KEEP as supporting note; parent hub owns the head term
/discover/flowy-linen-fabric/,/discover/performance-linen-fabric/,material_attribute,material_attribute,moderate_overlap,flowy linen fabric,rotated ontology / shared section shape,pairing-specific slice,pairing-specific slice,/discover/flowy-linen-fabric/,/discover/performance-linen-fabric/,KEEP as supporting note; parent hub owns the head term
/discover/sheer-linen-fabric/,/discover/opaque-linen-fabric/,material_attribute,material_attribute,high_overlap,sheer linen fabric,rotated ontology / shared section shape,pairing-specific slice,pairing-specific slice,/discover/sheer-linen-fabric/,/discover/opaque-linen-fabric/,KEEP as supporting note; parent hub owns the head term
/discover/opaque-linen-fabric/,/discover/performance-linen-fabric/,material_attribute,material_attribute,moderate_overlap,opaque linen fabric,rotated ontology / shared section shape,pairing-specific slice,pairing-specific slice,/discover/opaque-linen-fabric/,/discover/performance-linen-fabric/,KEEP as supporting note; parent hub owns the head term
/discover/performance-linen-fabric/,/discover/performance-silk-fabric/,material_attribute,material_attribute,moderate_overlap,performance linen fabric,rotated ontology / shared section shape,pairing-specific slice,pairing-specific slice,/discover/performance-linen-fabric/,/discover/performance-silk-fabric/,KEEP as supporting note; parent hub owns the head term
/discover/lightweight-silk-fabric/,/discover/lightweight-wool-fabric/,material_attribute,material_attribute,moderate_overlap,lightweight silk fabric,rotated ontology / shared section shape,pairing-specific slice,pairing-specific slice,/discover/lightweight-silk-fabric/,/discover/lightweight-wool-fabric/,KEEP as supporting note; parent hub owns the head term
/discover/heavyweight-silk-fabric/,/discover/durable-silk-fabric/,material_attribute,material_attribute,high_overlap,heavyweight silk fabric,rotated ontology / shared section shape,pairing-specific slice,pairing-specific slice,/discover/heavyweight-silk-fabric/,/discover/durable-silk-fabric/,KEEP as supporting note; parent hub owns the head term
/discover/breathable-silk-fabric/,/discover/breathable-wool-fabric/,material_attribute,material_attribute,moderate_overlap,breathable silk fabric,rotated ontology / shared section shape,pairing-specific slice,pairing-specific slice,/discover/breathable-silk-fabric/,/discover/breathable-wool-fabric/,KEEP as supporting note; parent hub owns the head term
/discover/stretch-silk-fabric/,/discover/structured-silk-fabric/,material_attribute,material_attribute,moderate_overlap,stretch silk fabric,rotated ontology / shared section shape,pairing-specific slice,pairing-specific slice,/discover/stretch-silk-fabric/,/discover/structured-silk-fabric/,KEEP as supporting note; parent hub owns the head term
/discover/soft-silk-fabric/,/discover/performance-silk-fabric/,material_attribute,material_attribute,high_overlap,soft silk fabric,rotated ontology / shared section shape,pairing-specific slice,pairing-specific slice,/discover/soft-silk-fabric/,/discover/performance-silk-fabric/,KEEP as supporting note; parent hub owns the head term
/discover/durable-silk-fabric/,/discover/flowy-silk-fabric/,material_attribute,material_attribute,high_overlap,durable silk fabric,rotated ontology / shared section shape,pairing-specific slice,pairing-specific slice,/discover/durable-silk-fabric/,/discover/flowy-silk-fabric/,KEEP as supporting note; parent hub owns the head term
/discover/premium-silk-fabric/,/discover/structured-silk-fabric/,material_attribute,material_attribute,moderate_overlap,premium silk fabric,rotated ontology / shared section shape,pairing-specific slice,pairing-specific slice,/discover/premium-silk-fabric/,/discover/structured-silk-fabric/,KEEP as supporting note; parent hub owns the head term
/discover/structured-silk-fabric/,/discover/opaque-silk-fabric/,material_attribute,material_attribute,high_overlap,structured silk fabric,rotated ontology / shared section shape,pairing-specific slice,pairing-specific slice,/discover/structured-silk-fabric/,/discover/opaque-silk-fabric/,KEEP as supporting note; parent hub owns the head term
/discover/flowy-silk-fabric/,/discover/performance-silk-fabric/,material_attribute,material_attribute,moderate_overlap,flowy silk fabric,rotated ontology / shared section shape,pairing-specific slice,pairing-specific slice,/discover/flowy-silk-fabric/,/discover/performance-silk-fabric/,KEEP as supporting note; parent hub owns the head term
/discover/sheer-silk-fabric/,/discover/opaque-silk-fabric/,material_attribute,material_attribute,high_overlap,sheer silk fabric,rotated ontology / shared section shape,pairing-specific slice,pairing-specific slice,/discover/sheer-silk-fabric/,/discover/opaque-silk-fabric/,KEEP as supporting note; parent hub owns the head term
/discover/opaque-silk-fabric/,/discover/performance-silk-fabric/,material_attribute,material_attribute,moderate_overlap,opaque silk fabric,rotated ontology / shared section shape,pairing-specific slice,pairing-specific slice,/discover/opaque-silk-fabric/,/discover/performance-silk-fabric/,KEEP as supporting note; parent hub owns the head term
/discover/lightweight-wool-fabric/,/discover/breathable-wool-fabric/,material_attribute,material_attribute,moderate_overlap,lightweight wool fabric,rotated ontology / shared section shape,pairing-specific slice,pairing-specific slice,/discover/lightweight-wool-fabric/,/discover/breathable-wool-fabric/,KEEP as supporting note; parent hub owns the head term
/discover/heavyweight-wool-fabric/,/discover/breathable-wool-fabric/,material_attribute,material_attribute,moderate_overlap,heavyweight wool fabric,rotated ontology / shared section shape,pairing-specific slice,pairing-specific slice,/discover/heavyweight-wool-fabric/,/discover/breathable-wool-fabric/,KEEP as supporting note; parent hub owns the head term
/discover/breathable-wool-fabric/,/discover/stretch-wool-fabric/,material_attribute,material_attribute,moderate_overlap,breathable wool fabric,rotated ontology / shared section shape,pairing-specific slice,pairing-specific slice,/discover/breathable-wool-fabric/,/discover/stretch-wool-fabric/,KEEP as supporting note; parent hub owns the head term
/discover/lightweight-shirt-fabric/,/discover/breathable-shirt-fabric/,use_attribute,use_attribute,moderate_overlap,lightweight shirt fabric,rotated ontology / shared section shape,pairing-specific slice,pairing-specific slice,/discover/lightweight-shirt-fabric/,/discover/breathable-shirt-fabric/,KEEP as supporting note; parent hub owns the head term
/discover/heavyweight-shirt-fabric/,/discover/durable-shirt-fabric/,use_attribute,use_attribute,moderate_overlap,heavyweight shirt fabric,rotated ontology / shared section shape,pairing-specific slice,pairing-specific slice,/discover/heavyweight-shirt-fabric/,/discover/durable-shirt-fabric/,KEEP as supporting note; parent hub owns the head term
/discover/breathable-shirt-fabric/,/discover/structured-shirt-fabric/,use_attribute,use_attribute,moderate_overlap,breathable shirt fabric,rotated ontology / shared section shape,pairing-specific slice,pairing-specific slice,/discover/breathable-shirt-fabric/,/discover/structured-shirt-fabric/,KEEP as supporting note; parent hub owns the head term
/discover/stretch-shirt-fabric/,/discover/structured-shirt-fabric/,use_attribute,use_attribute,moderate_overlap,stretch shirt fabric,rotated ontology / shared section shape,pairing-specific slice,pairing-specific slice,/discover/stretch-shirt-fabric/,/discover/structured-shirt-fabric/,KEEP as supporting note; parent hub owns the head term
/discover/soft-shirt-fabric/,/discover/performance-shirt-fabric/,use_attribute,use_attribute,high_overlap,soft shirt fabric,rotated ontology / shared section shape,pairing-specific slice,pairing-specific slice,/discover/soft-shirt-fabric/,/discover/performance-shirt-fabric/,KEEP as supporting note; parent hub owns the head term
/discover/durable-shirt-fabric/,/discover/flowy-shirt-fabric/,use_attribute,use_attribute,moderate_overlap,durable shirt fabric,rotated ontology / shared section shape,pairing-specific slice,pairing-specific slice,/discover/durable-shirt-fabric/,/discover/flowy-shirt-fabric/,KEEP as supporting note; parent hub owns the head term
/discover/premium-shirt-fabric/,/discover/structured-shirt-fabric/,use_attribute,use_attribute,moderate_overlap,premium shirt fabric,rotated ontology / shared section shape,pairing-specific slice,pairing-specific slice,/discover/premium-shirt-fabric/,/discover/structured-shirt-fabric/,KEEP as supporting note; parent hub owns the head term
/discover/structured-shirt-fabric/,/discover/opaque-shirt-fabric/,use_attribute,use_attribute,high_overlap,structured shirt fabric,rotated ontology / shared section shape,pairing-specific slice,pairing-specific slice,/discover/structured-shirt-fabric/,/discover/opaque-shirt-fabric/,KEEP as supporting note; parent hub owns the head term
/discover/flowy-shirt-fabric/,/discover/performance-shirt-fabric/,use_attribute,use_attribute,moderate_overlap,flowy shirt fabric,rotated ontology / shared section shape,pairing-specific slice,pairing-specific slice,/discover/flowy-shirt-fabric/,/discover/performance-shirt-fabric/,KEEP as supporting note; parent hub owns the head term
/discover/sheer-shirt-fabric/,/discover/opaque-shirt-fabric/,use_attribute,use_attribute,high_overlap,sheer shirt fabric,rotated ontology / shared section shape,pairing-specific slice,pairing-specific slice,/discover/sheer-shirt-fabric/,/discover/opaque-shirt-fabric/,KEEP as supporting note; parent hub owns the head term
/discover/opaque-shirt-fabric/,/discover/performance-shirt-fabric/,use_attribute,use_attribute,moderate_overlap,opaque shirt fabric,rotated ontology / shared section shape,pairing-specific slice,pairing-specific slice,/discover/opaque-shirt-fabric/,/discover/performance-shirt-fabric/,KEEP as supporting note; parent hub owns the head term
/discover/lightweight-dress-fabric/,/discover/breathable-dress-fabric/,use_attribute,use_attribute,moderate_overlap,lightweight dress fabric,rotated ontology / shared section shape,pairing-specific slice,pairing-specific slice,/discover/lightweight-dress-fabric/,/discover/breathable-dress-fabric/,KEEP as supporting note; parent hub owns the head term
/discover/heavyweight-dress-fabric/,/discover/durable-dress-fabric/,use_attribute,use_attribute,moderate_overlap,heavyweight dress fabric,rotated ontology / shared section shape,pairing-specific slice,pairing-specific slice,/discover/heavyweight-dress-fabric/,/discover/durable-dress-fabric/,KEEP as supporting note; parent hub owns the head term
/discover/breathable-dress-fabric/,/discover/structured-dress-fabric/,use_attribute,use_attribute,moderate_overlap,breathable dress fabric,rotated ontology / shared section shape,pairing-specific slice,pairing-specific slice,/discover/breathable-dress-fabric/,/discover/structured-dress-fabric/,KEEP as supporting note; parent hub owns the head term
/discover/stretch-dress-fabric/,/discover/structured-dress-fabric/,use_attribute,use_attribute,moderate_overlap,stretch dress fabric,rotated ontology / shared section shape,pairing-specific slice,pairing-specific slice,/discover/stretch-dress-fabric/,/discover/structured-dress-fabric/,KEEP as supporting note; parent hub owns the head term
/discover/soft-dress-fabric/,/discover/performance-dress-fabric/,use_attribute,use_attribute,moderate_overlap,soft dress fabric,rotated ontology / shared section shape,pairing-specific slice,pairing-specific slice,/discover/soft-dress-fabric/,/discover/performance-dress-fabric/,KEEP as supporting note; parent hub owns the head term
/discover/durable-dress-fabric/,/discover/flowy-dress-fabric/,use_attribute,use_attribute,moderate_overlap,durable dress fabric,rotated ontology / shared section shape,pairing-specific slice,pairing-specific slice,/discover/durable-dress-fabric/,/discover/flowy-dress-fabric/,KEEP as supporting note; parent hub owns the head term
/discover/premium-dress-fabric/,/discover/structured-dress-fabric/,use_attribute,use_attribute,moderate_overlap,premium dress fabric,rotated ontology / shared section shape,pairing-specific slice,pairing-specific slice,/discover/premium-dress-fabric/,/discover/structured-dress-fabric/,KEEP as supporting note; parent hub owns the head term
/discover/structured-dress-fabric/,/discover/opaque-dress-fabric/,use_attribute,use_attribute,high_overlap,structured dress fabric,rotated ontology / shared section shape,pairing-specific slice,pairing-specific slice,/discover/structured-dress-fabric/,/discover/opaque-dress-fabric/,KEEP as supporting note; parent hub owns the head term
/discover/flowy-dress-fabric/,/discover/performance-dress-fabric/,use_attribute,use_attribute,moderate_overlap,flowy dress fabric,rotated ontology / shared section shape,pairing-specific slice,pairing-specific slice,/discover/flowy-dress-fabric/,/discover/performance-dress-fabric/,KEEP as supporting note; parent hub owns the head term
/discover/sheer-dress-fabric/,/discover/opaque-dress-fabric/,use_attribute,use_attribute,high_overlap,sheer dress fabric,rotated ontology / shared section shape,pairing-specific slice,pairing-specific slice,/discover/sheer-dress-fabric/,/discover/opaque-dress-fabric/,KEEP as supporting note; parent hub owns the head term
/discover/opaque-dress-fabric/,/discover/performance-dress-fabric/,use_attribute,use_attribute,moderate_overlap,opaque dress fabric,rotated ontology / shared section shape,pairing-specific slice,pairing-specific slice,/discover/opaque-dress-fabric/,/discover/performance-dress-fabric/,KEEP as supporting note; parent hub owns the head term
/discover/lightweight-trouser-fabric/,/discover/breathable-trouser-fabric/,use_attribute,use_attribute,moderate_overlap,lightweight trouser fabric,rotated ontology / shared section shape,pairing-specific slice,pairing-specific slice,/discover/lightweight-trouser-fabric/,/discover/breathable-trouser-fabric/,KEEP as supporting note; parent hub owns the head term
/discover/heavyweight-trouser-fabric/,/discover/durable-trouser-fabric/,use_attribute,use_attribute,moderate_overlap,heavyweight trouser fabric,rotated ontology / shared section shape,pairing-specific slice,pairing-specific slice,/discover/heavyweight-trouser-fabric/,/discover/durable-trouser-fabric/,KEEP as supporting note; parent hub owns the head term
/discover/breathable-trouser-fabric/,/discover/structured-trouser-fabric/,use_attribute,use_attribute,moderate_overlap,breathable trouser fabric,rotated ontology / shared section shape,pairing-specific slice,pairing-specific slice,/discover/breathable-trouser-fabric/,/discover/structured-trouser-fabric/,KEEP as supporting note; parent hub owns the head term
/discover/stretch-trouser-fabric/,/discover/structured-trouser-fabric/,use_attribute,use_attribute,moderate_overlap,stretch trouser fabric,rotated ontology / shared section shape,pairing-specific slice,pairing-specific slice,/discover/stretch-trouser-fabric/,/discover/structured-trouser-fabric/,KEEP as supporting note; parent hub owns the head term
/discover/soft-trouser-fabric/,/discover/performance-trouser-fabric/,use_attribute,use_attribute,moderate_overlap,soft trouser fabric,rotated ontology / shared section shape,pairing-specific slice,pairing-specific slice,/discover/soft-trouser-fabric/,/discover/performance-trouser-fabric/,KEEP as supporting note; parent hub owns the head term
/discover/durable-trouser-fabric/,/discover/flowy-trouser-fabric/,use_attribute,use_attribute,moderate_overlap,durable trouser fabric,rotated ontology / shared section shape,pairing-specific slice,pairing-specific slice,/discover/durable-trouser-fabric/,/discover/flowy-trouser-fabric/,KEEP as supporting note; parent hub owns the head term
/discover/premium-trouser-fabric/,/discover/structured-trouser-fabric/,use_attribute,use_attribute,moderate_overlap,premium trouser fabric,rotated ontology / shared section shape,pairing-specific slice,pairing-specific slice,/discover/premium-trouser-fabric/,/discover/structured-trouser-fabric/,KEEP as supporting note; parent hub owns the head term
/discover/structured-trouser-fabric/,/discover/opaque-trouser-fabric/,use_attribute,use_attribute,high_overlap,structured trouser fabric,rotated ontology / shared section shape,pairing-specific slice,pairing-specific slice,/discover/structured-trouser-fabric/,/discover/opaque-trouser-fabric/,KEEP as supporting note; parent hub owns the head term
/discover/flowy-trouser-fabric/,/discover/performance-trouser-fabric/,use_attribute,use_attribute,moderate_overlap,flowy trouser fabric,rotated ontology / shared section shape,pairing-specific slice,pairing-specific slice,/discover/flowy-trouser-fabric/,/discover/performance-trouser-fabric/,KEEP as supporting note; parent hub owns the head term
/discover/sheer-trouser-fabric/,/discover/opaque-trouser-fabric/,use_attribute,use_attribute,high_overlap,sheer trouser fabric,rotated ontology / shared section shape,pairing-specific slice,pairing-specific slice,/discover/sheer-trouser-fabric/,/discover/opaque-trouser-fabric/,KEEP as supporting note; parent hub owns the head term
/discover/opaque-trouser-fabric/,/discover/performance-trouser-fabric/,use_attribute,use_attribute,moderate_overlap,opaque trouser fabric,rotated ontology / shared section shape,pairing-specific slice,pairing-specific slice,/discover/opaque-trouser-fabric/,/discover/performance-trouser-fabric/,KEEP as supporting note; parent hub owns the head term
/discover/lightweight-jacket-fabric/,/discover/breathable-jacket-fabric/,use_attribute,use_attribute,moderate_overlap,lightweight jacket fabric,rotated ontology / shared section shape,pairing-specific slice,pairing-specific slice,/discover/lightweight-jacket-fabric/,/discover/breathable-jacket-fabric/,KEEP as supporting note; parent hub owns the head term
/discover/heavyweight-jacket-fabric/,/discover/breathable-jacket-fabric/,use_attribute,use_attribute,moderate_overlap,heavyweight jacket fabric,rotated ontology / shared section shape,pairing-specific slice,pairing-specific slice,/discover/heavyweight-jacket-fabric/,/discover/breathable-jacket-fabric/,KEEP as supporting note; parent hub owns the head term
/discover/breathable-jacket-fabric/,/discover/stretch-jacket-fabric/,use_attribute,use_attribute,moderate_overlap,breathable jacket fabric,rotated ontology / shared section shape,pairing-specific slice,pairing-specific slice,/discover/breathable-jacket-fabric/,/discover/stretch-jacket-fabric/,KEEP as supporting note; parent hub owns the head term
/marketplace/source-cotton-for-shirts/,/marketplace/source-cotton-for-loungewear/,education,education,moderate_overlap,source cotton for shirts,rotated ontology / shared section shape,pairing-specific slice,pairing-specific slice,/marketplace/source-cotton-for-shirts/,/marketplace/source-cotton-for-loungewear/,KEEP as supporting note; parent hub owns the head term
/marketplace/source-cotton-for-trousers/,/marketplace/source-cotton-for-loungewear/,education,education,moderate_overlap,source cotton for trousers,rotated ontology / shared section shape,pairing-specific slice,pairing-specific slice,/marketplace/source-cotton-for-trousers/,/marketplace/source-cotton-for-loungewear/,KEEP as supporting note; parent hub owns the head term
/marketplace/source-cotton-for-uniforms/,/marketplace/source-cotton-for-loungewear/,education,education,moderate_overlap,source cotton for uniforms,rotated ontology / shared section shape,pairing-specific slice,pairing-specific slice,/marketplace/source-cotton-for-uniforms/,/marketplace/source-cotton-for-loungewear/,KEEP as supporting note; parent hub owns the head term
/marketplace/source-cotton-for-activewear/,/marketplace/source-cotton-for-loungewear/,education,education,high_overlap,source cotton for activewear,rotated ontology / shared section shape,pairing-specific slice,pairing-specific slice,/marketplace/source-cotton-for-activewear/,/marketplace/source-cotton-for-loungewear/,KEEP as supporting note; parent hub owns the head term
/discover/cotton-vs-viscose/,/discover/cotton-vs-poplin/,comparison,comparison,moderate_overlap,cotton vs viscose,rotated ontology / shared section shape,pairing-specific slice,pairing-specific slice,/discover/cotton-vs-viscose/,/discover/cotton-vs-poplin/,KEEP as supporting note; parent hub owns the head term
/discover/cotton-vs-poplin/,/discover/canvas-vs-cotton/,comparison,comparison,moderate_overlap,cotton vs poplin,rotated ontology / shared section shape,pairing-specific slice,pairing-specific slice,/discover/cotton-vs-poplin/,/discover/canvas-vs-cotton/,KEEP as supporting note; parent hub owns the head term
/discover/cotton-vs-denim/,/discover/canvas-vs-denim/,comparison,comparison,moderate_overlap,cotton vs denim,rotated ontology / shared section shape,pairing-specific slice,pairing-specific slice,/discover/cotton-vs-denim/,/discover/canvas-vs-denim/,KEEP as supporting note; parent hub owns the head term
/discover/linen-vs-viscose/,/discover/lyocell-vs-viscose/,comparison,comparison,moderate_overlap,linen vs viscose,rotated ontology / shared section shape,pairing-specific slice,pairing-specific slice,/discover/linen-vs-viscose/,/discover/lyocell-vs-viscose/,KEEP as supporting note; parent hub owns the head term
/discover/linen-vs-silk/,/discover/georgette-vs-silk/,comparison,comparison,moderate_overlap,linen vs silk,rotated ontology / shared section shape,pairing-specific slice,pairing-specific slice,/discover/linen-vs-silk/,/discover/georgette-vs-silk/,KEEP as supporting note; parent hub owns the head term
/discover/silk-vs-viscose/,/discover/georgette-vs-silk/,comparison,comparison,moderate_overlap,silk vs viscose,rotated ontology / shared section shape,pairing-specific slice,pairing-specific slice,/discover/silk-vs-viscose/,/discover/georgette-vs-silk/,KEEP as supporting note; parent hub owns the head term
/discover/denim-vs-twill/,/discover/canvas-vs-denim/,comparison,comparison,moderate_overlap,denim vs twill,rotated ontology / shared section shape,pairing-specific slice,pairing-specific slice,/discover/denim-vs-twill/,/discover/canvas-vs-denim/,KEEP as supporting note; parent hub owns the head term
/discover/polyester-vs-viscose/,/discover/rayon-vs-viscose/,comparison,comparison,moderate_overlap,polyester vs viscose,rotated ontology / shared section shape,pairing-specific slice,pairing-specific slice,/discover/polyester-vs-viscose/,/discover/rayon-vs-viscose/,KEEP as supporting note; parent hub owns the head term
/discover/rayon-vs-viscose/,/discover/rayon-vs-silk/,comparison,comparison,moderate_overlap,rayon vs viscose,rotated ontology / shared section shape,pairing-specific slice,pairing-specific slice,/discover/rayon-vs-viscose/,/discover/rayon-vs-silk/,KEEP as supporting note; parent hub owns the head term
/discover/rayon-vs-silk/,/discover/chiffon-vs-silk/,comparison,comparison,moderate_overlap,rayon vs silk,rotated ontology / shared section shape,pairing-specific slice,pairing-specific slice,/discover/rayon-vs-silk/,/discover/chiffon-vs-silk/,KEEP as supporting note; parent hub owns the head term
/discover/jersey-vs-polyester/,/discover/jersey-vs-wool/,comparison,comparison,moderate_overlap,jersey vs polyester,rotated ontology / shared section shape,pairing-specific slice,pairing-specific slice,/discover/jersey-vs-polyester/,/discover/jersey-vs-wool/,KEEP as supporting note; parent hub owns the head term
/discover/jersey-vs-wool/,/discover/twill-vs-wool/,comparison,comparison,moderate_overlap,jersey vs wool,rotated ontology / shared section shape,pairing-specific slice,pairing-specific slice,/discover/jersey-vs-wool/,/discover/twill-vs-wool/,KEEP as supporting note; parent hub owns the head term
/discover/chiffon-vs-silk/,/discover/crepe-vs-silk/,comparison,comparison,moderate_overlap,chiffon vs silk,rotated ontology / shared section shape,pairing-specific slice,pairing-specific slice,/discover/chiffon-vs-silk/,/discover/crepe-vs-silk/,KEEP as supporting note; parent hub owns the head term
/discover/chiffon-vs-polyester/,/discover/french-terry-vs-polyester/,comparison,comparison,moderate_overlap,chiffon vs polyester,rotated ontology / shared section shape,pairing-specific slice,pairing-specific slice,/discover/chiffon-vs-polyester/,/discover/french-terry-vs-polyester/,KEEP as supporting note; parent hub owns the head term
/discover/georgette-vs-silk/,/discover/crepe-vs-silk/,comparison,comparison,moderate_overlap,georgette vs silk,rotated ontology / shared section shape,pairing-specific slice,pairing-specific slice,/discover/georgette-vs-silk/,/discover/crepe-vs-silk/,KEEP as supporting note; parent hub owns the head term
/discover/poplin-vs-twill/,/discover/oxford-vs-twill/,comparison,comparison,moderate_overlap,poplin vs twill,rotated ontology / shared section shape,pairing-specific slice,pairing-specific slice,/discover/poplin-vs-twill/,/discover/oxford-vs-twill/,KEEP as supporting note; parent hub owns the head term
/discover/satin-vs-silk/,/discover/crepe-vs-silk/,comparison,comparison,moderate_overlap,satin vs silk,rotated ontology / shared section shape,pairing-specific slice,pairing-specific slice,/discover/satin-vs-silk/,/discover/crepe-vs-silk/,KEEP as supporting note; parent hub owns the head term
/discover/crepe-vs-silk/,/discover/crepe-vs-wool/,comparison,comparison,moderate_overlap,crepe vs silk,rotated ontology / shared section shape,pairing-specific slice,pairing-specific slice,/discover/crepe-vs-silk/,/discover/crepe-vs-wool/,KEEP as supporting note; parent hub owns the head term
/discover/crepe-vs-wool/,/discover/crepe-vs-georgette/,comparison,comparison,moderate_overlap,crepe vs wool,rotated ontology / shared section shape,pairing-specific slice,pairing-specific slice,/discover/crepe-vs-wool/,/discover/crepe-vs-georgette/,KEEP as supporting note; parent hub owns the head term
/discover/canvas-vs-cotton/,/discover/canvas-vs-denim/,comparison,comparison,moderate_overlap,canvas vs cotton,rotated ontology / shared section shape,pairing-specific slice,pairing-specific slice,/discover/canvas-vs-cotton/,/discover/canvas-vs-denim/,KEEP as supporting note; parent hub owns the head term
/discover/canvas-vs-denim/,/discover/canvas-vs-twill/,comparison,comparison,moderate_overlap,canvas vs denim,rotated ontology / shared section shape,pairing-specific slice,pairing-specific slice,/discover/canvas-vs-denim/,/discover/canvas-vs-twill/,KEEP as supporting note; parent hub owns the head term
/discover/canvas-vs-twill/,/discover/oxford-vs-twill/,comparison,comparison,moderate_overlap,canvas vs twill,rotated ontology / shared section shape,pairing-specific slice,pairing-specific slice,/discover/canvas-vs-twill/,/discover/oxford-vs-twill/,KEEP as supporting note; parent hub owns the head term
/discover/oxford-vs-poplin/,/discover/oxford-vs-twill/,comparison,comparison,moderate_overlap,oxford vs poplin,rotated ontology / shared section shape,pairing-specific slice,pairing-specific slice,/discover/oxford-vs-poplin/,/discover/oxford-vs-twill/,KEEP as supporting note; parent hub owns the head term
/discover/oxford-vs-twill/,/discover/twill-vs-wool/,comparison,comparison,moderate_overlap,oxford vs twill,rotated ontology / shared section shape,pairing-specific slice,pairing-specific slice,/discover/oxford-vs-twill/,/discover/twill-vs-wool/,KEEP as supporting note; parent hub owns the head term
/discover/french-terry-vs-jersey/,/discover/french-terry-vs-polyester/,comparison,comparison,moderate_overlap,french terry vs jersey,rotated ontology / shared section shape,pairing-specific slice,pairing-specific slice,/discover/french-terry-vs-jersey/,/discover/french-terry-vs-polyester/,KEEP as supporting note; parent hub owns the head term
/marketplace/source-cotton-for-dresses/,/marketplace/source-rayon-for-dresses/,b2b,b2b,moderate_overlap,source cotton for dresses,rotated ontology / shared section shape,pairing-specific slice,pairing-specific slice,/marketplace/source-cotton-for-dresses/,/marketplace/source-rayon-for-dresses/,KEEP as supporting note; parent hub owns the head term
/marketplace/source-linen-for-shirts/,/marketplace/source-linen-for-activewear/,b2b,b2b,high_overlap,source linen for shirts,rotated ontology / shared section shape,pairing-specific slice,pairing-specific slice,/marketplace/source-linen-for-shirts/,/marketplace/source-linen-for-activewear/,KEEP as supporting note; parent hub owns the head term
/marketplace/source-linen-for-jackets/,/marketplace/source-linen-for-blouses/,b2b,b2b,high_overlap,source linen for jackets,rotated ontology / shared section shape,pairing-specific slice,pairing-specific slice,/marketplace/source-linen-for-jackets/,/marketplace/source-linen-for-blouses/,KEEP as supporting note; parent hub owns the head term
/marketplace/source-linen-for-blazers/,/marketplace/source-linen-for-loungewear/,b2b,b2b,moderate_overlap,source linen for blazers,rotated ontology / shared section shape,pairing-specific slice,pairing-specific slice,/marketplace/source-linen-for-blazers/,/marketplace/source-linen-for-loungewear/,KEEP as supporting note; parent hub owns the head term
/marketplace/source-linen-for-activewear/,/marketplace/source-linen-for-loungewear/,b2b,b2b,moderate_overlap,source linen for activewear,rotated ontology / shared section shape,pairing-specific slice,pairing-specific slice,/marketplace/source-linen-for-activewear/,/marketplace/source-linen-for-loungewear/,KEEP as supporting note; parent hub owns the head term
/marketplace/source-linen-for-blouses/,/marketplace/source-linen-for-loungewear/,b2b,b2b,moderate_overlap,source linen for blouses,rotated ontology / shared section shape,pairing-specific slice,pairing-specific slice,/marketplace/source-linen-for-blouses/,/marketplace/source-linen-for-loungewear/,KEEP as supporting note; parent hub owns the head term
/marketplace/source-silk-for-suits/,/marketplace/source-silk-for-skirts/,b2b,b2b,moderate_overlap,source silk for suits,rotated ontology / shared section shape,pairing-specific slice,pairing-specific slice,/marketplace/source-silk-for-suits/,/marketplace/source-silk-for-skirts/,KEEP as supporting note; parent hub owns the head term
/marketplace/source-silk-for-workwear/,/marketplace/source-silk-for-skirts/,b2b,b2b,moderate_overlap,source silk for workwear,rotated ontology / shared section shape,pairing-specific slice,pairing-specific slice,/marketplace/source-silk-for-workwear/,/marketplace/source-silk-for-skirts/,KEEP as supporting note; parent hub owns the head term
/marketplace/source-wool-for-shirts/,/marketplace/source-wool-for-jackets/,b2b,b2b,moderate_overlap,source wool for shirts,rotated ontology / shared section shape,pairing-specific slice,pairing-specific slice,/marketplace/source-wool-for-shirts/,/marketplace/source-wool-for-jackets/,KEEP as supporting note; parent hub owns the head term
/marketplace/source-wool-for-jackets/,/marketplace/source-wool-for-blouses/,b2b,b2b,moderate_overlap,source wool for jackets,rotated ontology / shared section shape,pairing-specific slice,pairing-specific slice,/marketplace/source-wool-for-jackets/,/marketplace/source-wool-for-blouses/,KEEP as supporting note; parent hub owns the head term
/marketplace/source-polyester-for-jackets/,/marketplace/source-polyester-for-loungewear/,b2b,b2b,moderate_overlap,source polyester for jackets,rotated ontology / shared section shape,pairing-specific slice,pairing-specific slice,/marketplace/source-polyester-for-jackets/,/marketplace/source-polyester-for-loungewear/,KEEP as supporting note; parent hub owns the head term
/marketplace/source-viscose-for-trousers/,/marketplace/source-viscose-for-uniforms/,b2b,b2b,moderate_overlap,source viscose for trousers,rotated ontology / shared section shape,pairing-specific slice,pairing-specific slice,/marketplace/source-viscose-for-trousers/,/marketplace/source-viscose-for-uniforms/,KEEP as supporting note; parent hub owns the head term
/marketplace/source-viscose-for-coats/,/marketplace/source-viscose-for-outerwear/,b2b,b2b,moderate_overlap,source viscose for coats,rotated ontology / shared section shape,pairing-specific slice,pairing-specific slice,/marketplace/source-viscose-for-coats/,/marketplace/source-viscose-for-outerwear/,KEEP as supporting note; parent hub owns the head term
/marketplace/source-viscose-for-uniforms/,/marketplace/source-viscose-for-blouses/,b2b,b2b,moderate_overlap,source viscose for uniforms,rotated ontology / shared section shape,pairing-specific slice,pairing-specific slice,/marketplace/source-viscose-for-uniforms/,/marketplace/source-viscose-for-blouses/,KEEP as supporting note; parent hub owns the head term
/marketplace/source-rayon-for-shirts/,/marketplace/source-rayon-for-activewear/,b2b,b2b,moderate_overlap,source rayon for shirts,rotated ontology / shared section shape,pairing-specific slice,pairing-specific slice,/marketplace/source-rayon-for-shirts/,/marketplace/source-rayon-for-activewear/,KEEP as supporting note; parent hub owns the head term
/marketplace/source-rayon-for-dresses/,/marketplace/source-rayon-for-uniforms/,b2b,b2b,moderate_overlap,source rayon for dresses,rotated ontology / shared section shape,pairing-specific slice,pairing-specific slice,/marketplace/source-rayon-for-dresses/,/marketplace/source-rayon-for-uniforms/,KEEP as supporting note; parent hub owns the head term
/marketplace/source-rayon-for-trousers/,/marketplace/source-rayon-for-uniforms/,b2b,b2b,moderate_overlap,source rayon for trousers,rotated ontology / shared section shape,pairing-specific slice,pairing-specific slice,/marketplace/source-rayon-for-trousers/,/marketplace/source-rayon-for-uniforms/,KEEP as supporting note; parent hub owns the head term
/marketplace/source-rayon-for-coats/,/marketplace/source-rayon-for-uniforms/,b2b,b2b,moderate_overlap,source rayon for coats,rotated ontology / shared section shape,pairing-specific slice,pairing-specific slice,/marketplace/source-rayon-for-coats/,/marketplace/source-rayon-for-uniforms/,KEEP as supporting note; parent hub owns the head term
/marketplace/source-rayon-for-uniforms/,/marketplace/source-rayon-for-activewear/,b2b,b2b,moderate_overlap,source rayon for uniforms,rotated ontology / shared section shape,pairing-specific slice,pairing-specific slice,/marketplace/source-rayon-for-uniforms/,/marketplace/source-rayon-for-activewear/,KEEP as supporting note; parent hub owns the head term
/marketplace/source-jersey-for-jackets/,/marketplace/source-jersey-for-uniforms/,b2b,b2b,moderate_overlap,source jersey for jackets,rotated ontology / shared section shape,pairing-specific slice,pairing-specific slice,/marketplace/source-jersey-for-jackets/,/marketplace/source-jersey-for-uniforms/,KEEP as supporting note; parent hub owns the head term
/marketplace/source-jersey-for-uniforms/,/marketplace/source-jersey-for-loungewear/,b2b,b2b,moderate_overlap,source jersey for uniforms,rotated ontology / shared section shape,pairing-specific slice,pairing-specific slice,/marketplace/source-jersey-for-uniforms/,/marketplace/source-jersey-for-loungewear/,KEEP as supporting note; parent hub owns the head term
/marketplace/source-jersey-for-blouses/,/marketplace/source-jersey-for-loungewear/,b2b,b2b,moderate_overlap,source jersey for blouses,rotated ontology / shared section shape,pairing-specific slice,pairing-specific slice,/marketplace/source-jersey-for-blouses/,/marketplace/source-jersey-for-loungewear/,KEEP as supporting note; parent hub owns the head term
/marketplace/source-jersey-for-outerwear/,/marketplace/source-jersey-for-loungewear/,b2b,b2b,moderate_overlap,source jersey for outerwear,rotated ontology / shared section shape,pairing-specific slice,pairing-specific slice,/marketplace/source-jersey-for-outerwear/,/marketplace/source-jersey-for-loungewear/,KEEP as supporting note; parent hub owns the head term
/marketplace/source-velvet-for-dresses/,/marketplace/source-velvet-for-jackets/,b2b,b2b,moderate_overlap,source velvet for dresses,rotated ontology / shared section shape,pairing-specific slice,pairing-specific slice,/marketplace/source-velvet-for-dresses/,/marketplace/source-velvet-for-jackets/,KEEP as supporting note; parent hub owns the head term
/marketplace/source-velvet-for-trousers/,/marketplace/source-velvet-for-jackets/,b2b,b2b,moderate_overlap,source velvet for trousers,rotated ontology / shared section shape,pairing-specific slice,pairing-specific slice,/marketplace/source-velvet-for-trousers/,/marketplace/source-velvet-for-jackets/,KEEP as supporting note; parent hub owns the head term
/marketplace/lightweight-for-shirts-buying/,/marketplace/lightweight-for-trousers-buying/,buying,buying,moderate_overlap,buy lightweight fabric for shirts,rotated ontology / shared section shape,pairing-specific slice,pairing-specific slice,/marketplace/lightweight-for-shirts-buying/,/marketplace/lightweight-for-trousers-buying/,KEEP as supporting note; parent hub owns the head term
/marketplace/heavyweight-for-shirts-buying/,/marketplace/heavyweight-for-trousers-buying/,buying,buying,moderate_overlap,buy heavyweight fabric for shirts,rotated ontology / shared section shape,pairing-specific slice,pairing-specific slice,/marketplace/heavyweight-for-shirts-buying/,/marketplace/heavyweight-for-trousers-buying/,KEEP as supporting note; parent hub owns the head term
/marketplace/stretch-for-shirts-buying/,/marketplace/opaque-for-shirts-buying/,buying,buying,moderate_overlap,buy stretch fabric for shirts,rotated ontology / shared section shape,pairing-specific slice,pairing-specific slice,/marketplace/stretch-for-shirts-buying/,/marketplace/opaque-for-shirts-buying/,KEEP as supporting note; parent hub owns the head term
/marketplace/soft-for-shirts-buying/,/marketplace/soft-for-trousers-buying/,buying,buying,moderate_overlap,buy soft fabric for shirts,rotated ontology / shared section shape,pairing-specific slice,pairing-specific slice,/marketplace/soft-for-shirts-buying/,/marketplace/soft-for-trousers-buying/,KEEP as supporting note; parent hub owns the head term
/marketplace/premium-for-shirts-buying/,/marketplace/structured-for-shirts-buying/,buying,buying,moderate_overlap,buy premium fabric for shirts,rotated ontology / shared section shape,pairing-specific slice,pairing-specific slice,/marketplace/premium-for-shirts-buying/,/marketplace/structured-for-shirts-buying/,KEEP as supporting note; parent hub owns the head term
/marketplace/structured-for-shirts-buying/,/marketplace/opaque-for-shirts-buying/,buying,buying,moderate_overlap,buy structured fabric for shirts,rotated ontology / shared section shape,pairing-specific slice,pairing-specific slice,/marketplace/structured-for-shirts-buying/,/marketplace/opaque-for-shirts-buying/,KEEP as supporting note; parent hub owns the head term
/marketplace/sheer-for-shirts-buying/,/marketplace/opaque-for-shirts-buying/,buying,buying,moderate_overlap,buy sheer fabric for shirts,rotated ontology / shared section shape,pairing-specific slice,pairing-specific slice,/marketplace/sheer-for-shirts-buying/,/marketplace/opaque-for-shirts-buying/,KEEP as supporting note; parent hub owns the head term
/marketplace/lightweight-for-dresses-buying/,/marketplace/lightweight-for-trousers-buying/,buying,buying,moderate_overlap,buy lightweight fabric for dresses,rotated ontology / shared section shape,pairing-specific slice,pairing-specific slice,/marketplace/lightweight-for-dresses-buying/,/marketplace/lightweight-for-trousers-buying/,KEEP as supporting note; parent hub owns the head term
/marketplace/heavyweight-for-dresses-buying/,/marketplace/durable-for-dresses-buying/,buying,buying,moderate_overlap,buy heavyweight fabric for dresses,rotated ontology / shared section shape,pairing-specific slice,pairing-specific slice,/marketplace/heavyweight-for-dresses-buying/,/marketplace/durable-for-dresses-buying/,KEEP as supporting note; parent hub owns the head term
/marketplace/stretch-for-dresses-buying/,/marketplace/premium-for-dresses-buying/,buying,buying,moderate_overlap,buy stretch fabric for dresses,rotated ontology / shared section shape,pairing-specific slice,pairing-specific slice,/marketplace/stretch-for-dresses-buying/,/marketplace/premium-for-dresses-buying/,KEEP as supporting note; parent hub owns the head term
/marketplace/structured-for-dresses-buying/,/marketplace/sheer-for-dresses-buying/,buying,buying,moderate_overlap,buy structured fabric for dresses,rotated ontology / shared section shape,pairing-specific slice,pairing-specific slice,/marketplace/structured-for-dresses-buying/,/marketplace/sheer-for-dresses-buying/,KEEP as supporting note; parent hub owns the head term
/marketplace/lightweight-for-trousers-buying/,/marketplace/lightweight-for-jackets-buying/,buying,buying,moderate_overlap,buy lightweight fabric for trousers,rotated ontology / shared section shape,pairing-specific slice,pairing-specific slice,/marketplace/lightweight-for-trousers-buying/,/marketplace/lightweight-for-jackets-buying/,KEEP as supporting note; parent hub owns the head term
/marketplace/heavyweight-for-trousers-buying/,/marketplace/heavyweight-for-jackets-buying/,buying,buying,moderate_overlap,buy heavyweight fabric for trousers,rotated ontology / shared section shape,pairing-specific slice,pairing-specific slice,/marketplace/heavyweight-for-trousers-buying/,/marketplace/heavyweight-for-jackets-buying/,KEEP as supporting note; parent hub owns the head term
/marketplace/stretch-for-trousers-buying/,/marketplace/opaque-for-trousers-buying/,buying,buying,moderate_overlap,buy stretch fabric for trousers,rotated ontology / shared section shape,pairing-specific slice,pairing-specific slice,/marketplace/stretch-for-trousers-buying/,/marketplace/opaque-for-trousers-buying/,KEEP as supporting note; parent hub owns the head term
/marketplace/soft-for-trousers-buying/,/marketplace/performance-for-trousers-buying/,buying,buying,moderate_overlap,buy soft fabric for trousers,rotated ontology / shared section shape,pairing-specific slice,pairing-specific slice,/marketplace/soft-for-trousers-buying/,/marketplace/performance-for-trousers-buying/,KEEP as supporting note; parent hub owns the head term
/marketplace/structured-for-trousers-buying/,/marketplace/sheer-for-trousers-buying/,buying,buying,moderate_overlap,buy structured fabric for trousers,rotated ontology / shared section shape,pairing-specific slice,pairing-specific slice,/marketplace/structured-for-trousers-buying/,/marketplace/sheer-for-trousers-buying/,KEEP as supporting note; parent hub owns the head term
/marketplace/source-cotton-for-jackets/,/marketplace/source-cotton-for-blazers/,sourcing,sourcing,moderate_overlap,source cotton for jackets,rotated ontology / shared section shape,pairing-specific slice,pairing-specific slice,/marketplace/source-cotton-for-jackets/,/marketplace/source-cotton-for-blazers/,KEEP as supporting note; parent hub owns the head term
/marketplace/source-cotton-for-suits/,/marketplace/source-cotton-for-outerwear/,sourcing,sourcing,moderate_overlap,source cotton for suits,rotated ontology / shared section shape,pairing-specific slice,pairing-specific slice,/marketplace/source-cotton-for-suits/,/marketplace/source-cotton-for-outerwear/,KEEP as supporting note; parent hub owns the head term
/marketplace/source-cotton-for-blazers/,/marketplace/source-cotton-for-blouses/,sourcing,sourcing,moderate_overlap,source cotton for blazers,rotated ontology / shared section shape,pairing-specific slice,pairing-specific slice,/marketplace/source-cotton-for-blazers/,/marketplace/source-cotton-for-blouses/,KEEP as supporting note; parent hub owns the head term
/marketplace/source-cotton-for-blouses/,/marketplace/source-polyester-for-blouses/,sourcing,sourcing,moderate_overlap,source cotton for blouses,rotated ontology / shared section shape,pairing-specific slice,pairing-specific slice,/marketplace/source-cotton-for-blouses/,/marketplace/source-polyester-for-blouses/,KEEP as supporting note; parent hub owns the head term
/marketplace/source-linen-for-dresses/,/marketplace/source-linen-for-knitwear/,sourcing,sourcing,moderate_overlap,source linen for dresses,rotated ontology / shared section shape,pairing-specific slice,pairing-specific slice,/marketplace/source-linen-for-dresses/,/marketplace/source-linen-for-knitwear/,KEEP as supporting note; parent hub owns the head term
/marketplace/source-silk-for-coats/,/marketplace/source-silk-for-outerwear/,sourcing,sourcing,moderate_overlap,source silk for coats,rotated ontology / shared section shape,pairing-specific slice,pairing-specific slice,/marketplace/source-silk-for-coats/,/marketplace/source-silk-for-outerwear/,KEEP as supporting note; parent hub owns the head term
/marketplace/source-silk-for-uniforms/,/marketplace/source-wool-for-uniforms/,sourcing,sourcing,moderate_overlap,source silk for uniforms,rotated ontology / shared section shape,pairing-specific slice,pairing-specific slice,/marketplace/source-silk-for-uniforms/,/marketplace/source-wool-for-uniforms/,KEEP as supporting note; parent hub owns the head term
/marketplace/source-silk-for-activewear/,/marketplace/source-silk-for-loungewear/,sourcing,sourcing,moderate_overlap,source silk for activewear,rotated ontology / shared section shape,pairing-specific slice,pairing-specific slice,/marketplace/source-silk-for-activewear/,/marketplace/source-silk-for-loungewear/,KEEP as supporting note; parent hub owns the head term
/marketplace/source-silk-for-blouses/,/marketplace/source-silk-for-loungewear/,sourcing,sourcing,moderate_overlap,source silk for blouses,rotated ontology / shared section shape,pairing-specific slice,pairing-specific slice,/marketplace/source-silk-for-blouses/,/marketplace/source-silk-for-loungewear/,KEEP as supporting note; parent hub owns the head term
/marketplace/source-silk-for-loungewear/,/marketplace/source-wool-for-loungewear/,sourcing,sourcing,moderate_overlap,source silk for loungewear,rotated ontology / shared section shape,pairing-specific slice,pairing-specific slice,/marketplace/source-silk-for-loungewear/,/marketplace/source-wool-for-loungewear/,KEEP as supporting note; parent hub owns the head term
/marketplace/source-wool-for-dresses/,/marketplace/source-wool-for-uniforms/,sourcing,sourcing,moderate_overlap,source wool for dresses,rotated ontology / shared section shape,pairing-specific slice,pairing-specific slice,/marketplace/source-wool-for-dresses/,/marketplace/source-wool-for-uniforms/,KEEP as supporting note; parent hub owns the head term
/marketplace/source-wool-for-trousers/,/marketplace/source-wool-for-uniforms/,sourcing,sourcing,moderate_overlap,source wool for trousers,rotated ontology / shared section shape,pairing-specific slice,pairing-specific slice,/marketplace/source-wool-for-trousers/,/marketplace/source-wool-for-uniforms/,KEEP as supporting note; parent hub owns the head term
/marketplace/source-wool-for-uniforms/,/marketplace/source-wool-for-loungewear/,sourcing,sourcing,moderate_overlap,source wool for uniforms,rotated ontology / shared section shape,pairing-specific slice,pairing-specific slice,/marketplace/source-wool-for-uniforms/,/marketplace/source-wool-for-loungewear/,KEEP as supporting note; parent hub owns the head term
/marketplace/source-denim-for-shirts/,/marketplace/source-denim-for-uniforms/,sourcing,sourcing,high_overlap,source denim for shirts,rotated ontology / shared section shape,pairing-specific slice,pairing-specific slice,/marketplace/source-denim-for-shirts/,/marketplace/source-denim-for-uniforms/,KEEP as supporting note; parent hub owns the head term
/marketplace/source-denim-for-dresses/,/marketplace/source-denim-for-uniforms/,sourcing,sourcing,moderate_overlap,source denim for dresses,rotated ontology / shared section shape,pairing-specific slice,pairing-specific slice,/marketplace/source-denim-for-dresses/,/marketplace/source-denim-for-uniforms/,KEEP as supporting note; parent hub owns the head term
/marketplace/source-denim-for-suits/,/marketplace/source-denim-for-skirts/,sourcing,sourcing,moderate_overlap,source denim for suits,rotated ontology / shared section shape,pairing-specific slice,pairing-specific slice,/marketplace/source-denim-for-suits/,/marketplace/source-denim-for-skirts/,KEEP as supporting note; parent hub owns the head term
/marketplace/source-denim-for-blazers/,/marketplace/source-denim-for-uniforms/,sourcing,sourcing,moderate_overlap,source denim for blazers,rotated ontology / shared section shape,pairing-specific slice,pairing-specific slice,/marketplace/source-denim-for-blazers/,/marketplace/source-denim-for-uniforms/,KEEP as supporting note; parent hub owns the head term
/marketplace/source-denim-for-uniforms/,/marketplace/source-denim-for-activewear/,sourcing,sourcing,high_overlap,source denim for uniforms,rotated ontology / shared section shape,pairing-specific slice,pairing-specific slice,/marketplace/source-denim-for-uniforms/,/marketplace/source-denim-for-activewear/,KEEP as supporting note; parent hub owns the head term
/marketplace/source-denim-for-activewear/,/marketplace/source-denim-for-blouses/,sourcing,sourcing,moderate_overlap,source denim for activewear,rotated ontology / shared section shape,pairing-specific slice,pairing-specific slice,/marketplace/source-denim-for-activewear/,/marketplace/source-denim-for-blouses/,KEEP as supporting note; parent hub owns the head term
/marketplace/source-denim-for-workwear/,/marketplace/source-denim-for-skirts/,sourcing,sourcing,moderate_overlap,source denim for workwear,rotated ontology / shared section shape,pairing-specific slice,pairing-specific slice,/marketplace/source-denim-for-workwear/,/marketplace/source-denim-for-skirts/,KEEP as supporting note; parent hub owns the head term
/marketplace/source-denim-for-blouses/,/marketplace/source-polyester-for-blouses/,sourcing,sourcing,moderate_overlap,source denim for blouses,rotated ontology / shared section shape,pairing-specific slice,pairing-specific slice,/marketplace/source-denim-for-blouses/,/marketplace/source-polyester-for-blouses/,KEEP as supporting note; parent hub owns the head term
/marketplace/source-polyester-for-shirts/,/marketplace/source-polyester-for-uniforms/,sourcing,sourcing,moderate_overlap,source polyester for shirts,rotated ontology / shared section shape,pairing-specific slice,pairing-specific slice,/marketplace/source-polyester-for-shirts/,/marketplace/source-polyester-for-uniforms/,KEEP as supporting note; parent hub owns the head term
/marketplace/source-polyester-for-coats/,/marketplace/source-polyester-for-workwear/,sourcing,sourcing,moderate_overlap,source polyester for coats,rotated ontology / shared section shape,pairing-specific slice,pairing-specific slice,/marketplace/source-polyester-for-coats/,/marketplace/source-polyester-for-workwear/,KEEP as supporting note; parent hub owns the head term
/marketplace/source-polyester-for-uniforms/,/marketplace/source-polyester-for-blouses/,sourcing,sourcing,high_overlap,source polyester for uniforms,rotated ontology / shared section shape,pairing-specific slice,pairing-specific slice,/marketplace/source-polyester-for-uniforms/,/marketplace/source-polyester-for-blouses/,KEEP as supporting note; parent hub owns the head term
/marketplace/source-polyester-for-activewear/,/marketplace/source-polyester-for-blouses/,sourcing,sourcing,moderate_overlap,source polyester for activewear,rotated ontology / shared section shape,pairing-specific slice,pairing-specific slice,/marketplace/source-polyester-for-activewear/,/marketplace/source-polyester-for-blouses/,KEEP as supporting note; parent hub owns the head term
/marketplace/source-viscose-for-shirts/,/marketplace/source-viscose-for-jackets/,sourcing,sourcing,moderate_overlap,source viscose for shirts,rotated ontology / shared section shape,pairing-specific slice,pairing-specific slice,/marketplace/source-viscose-for-shirts/,/marketplace/source-viscose-for-jackets/,KEEP as supporting note; parent hub owns the head term
/marketplace/source-viscose-for-dresses/,/marketplace/source-viscose-for-jackets/,sourcing,sourcing,moderate_overlap,source viscose for dresses,rotated ontology / shared section shape,pairing-specific slice,pairing-specific slice,/marketplace/source-viscose-for-dresses/,/marketplace/source-viscose-for-jackets/,KEEP as supporting note; parent hub owns the head term
/marketplace/woven-cotton-marketplace-notes/,/marketplace/woven-chiffon-marketplace-notes/,materials,materials,moderate_overlap,woven cotton marketplace,rotated ontology / shared section shape,pairing-specific slice,pairing-specific slice,/marketplace/woven-cotton-marketplace-notes/,/marketplace/woven-chiffon-marketplace-notes/,KEEP as supporting note; parent hub owns the head term
/marketplace/knit-cotton-marketplace-notes/,/marketplace/knit-chiffon-marketplace-notes/,materials,materials,moderate_overlap,knit cotton marketplace,rotated ontology / shared section shape,pairing-specific slice,pairing-specific slice,/marketplace/knit-cotton-marketplace-notes/,/marketplace/knit-chiffon-marketplace-notes/,KEEP as supporting note; parent hub owns the head term
/marketplace/woven-linen-marketplace-notes/,/marketplace/woven-chiffon-marketplace-notes/,materials,materials,moderate_overlap,woven linen marketplace,rotated ontology / shared section shape,pairing-specific slice,pairing-specific slice,/marketplace/woven-linen-marketplace-notes/,/marketplace/woven-chiffon-marketplace-notes/,KEEP as supporting note; parent hub owns the head term
/marketplace/knit-linen-marketplace-notes/,/marketplace/knit-chiffon-marketplace-notes/,materials,materials,moderate_overlap,knit linen marketplace,rotated ontology / shared section shape,pairing-specific slice,pairing-specific slice,/marketplace/knit-linen-marketplace-notes/,/marketplace/knit-chiffon-marketplace-notes/,KEEP as supporting note; parent hub owns the head term
/marketplace/woven-silk-marketplace-notes/,/marketplace/woven-wool-marketplace-notes/,materials,materials,moderate_overlap,woven silk marketplace,rotated ontology / shared section shape,pairing-specific slice,pairing-specific slice,/marketplace/woven-silk-marketplace-notes/,/marketplace/woven-wool-marketplace-notes/,KEEP as supporting note; parent hub owns the head term
/marketplace/knit-silk-marketplace-notes/,/marketplace/knit-wool-marketplace-notes/,materials,materials,moderate_overlap,knit silk marketplace,rotated ontology / shared section shape,pairing-specific slice,pairing-specific slice,/marketplace/knit-silk-marketplace-notes/,/marketplace/knit-wool-marketplace-notes/,KEEP as supporting note; parent hub owns the head term
/marketplace/woven-wool-marketplace-notes/,/marketplace/knit-wool-marketplace-notes/,materials,materials,moderate_overlap,woven wool marketplace,rotated ontology / shared section shape,pairing-specific slice,pairing-specific slice,/marketplace/woven-wool-marketplace-notes/,/marketplace/knit-wool-marketplace-notes/,KEEP as supporting note; parent hub owns the head term
/marketplace/knit-wool-marketplace-notes/,/marketplace/knit-twill-marketplace-notes/,materials,materials,moderate_overlap,knit wool marketplace,rotated ontology / shared section shape,pairing-specific slice,pairing-specific slice,/marketplace/knit-wool-marketplace-notes/,/marketplace/knit-twill-marketplace-notes/,KEEP as supporting note; parent hub owns the head term
/marketplace/woven-denim-marketplace-notes/,/marketplace/woven-chiffon-marketplace-notes/,materials,materials,moderate_overlap,woven denim marketplace,rotated ontology / shared section shape,pairing-specific slice,pairing-specific slice,/marketplace/woven-denim-marketplace-notes/,/marketplace/woven-chiffon-marketplace-notes/,KEEP as supporting note; parent hub owns the head term
/marketplace/knit-denim-marketplace-notes/,/marketplace/knit-french-terry-marketplace-notes/,materials,materials,moderate_overlap,knit denim marketplace,rotated ontology / shared section shape,pairing-specific slice,pairing-specific slice,/marketplace/knit-denim-marketplace-notes/,/marketplace/knit-french-terry-marketplace-notes/,KEEP as supporting note; parent hub owns the head term
/marketplace/woven-polyester-marketplace-notes/,/marketplace/woven-chiffon-marketplace-notes/,materials,materials,moderate_overlap,woven polyester marketplace,rotated ontology / shared section shape,pairing-specific slice,pairing-specific slice,/marketplace/woven-polyester-marketplace-notes/,/marketplace/woven-chiffon-marketplace-notes/,KEEP as supporting note; parent hub owns the head term
/marketplace/knit-polyester-marketplace-notes/,/marketplace/knit-chiffon-marketplace-notes/,materials,materials,moderate_overlap,knit polyester marketplace,rotated ontology / shared section shape,pairing-specific slice,pairing-specific slice,/marketplace/knit-polyester-marketplace-notes/,/marketplace/knit-chiffon-marketplace-notes/,KEEP as supporting note; parent hub owns the head term
/marketplace/woven-viscose-marketplace-notes/,/marketplace/woven-lyocell-marketplace-notes/,materials,materials,high_overlap,woven viscose marketplace,rotated ontology / shared section shape,pairing-specific slice,pairing-specific slice,/marketplace/woven-viscose-marketplace-notes/,/marketplace/woven-lyocell-marketplace-notes/,KEEP as supporting note; parent hub owns the head term
/marketplace/knit-viscose-marketplace-notes/,/marketplace/knit-rayon-marketplace-notes/,materials,materials,high_overlap,knit viscose marketplace,rotated ontology / shared section shape,pairing-specific slice,pairing-specific slice,/marketplace/knit-viscose-marketplace-notes/,/marketplace/knit-rayon-marketplace-notes/,KEEP as supporting note; parent hub owns the head term
/marketplace/woven-rayon-marketplace-notes/,/marketplace/woven-lyocell-marketplace-notes/,materials,materials,high_overlap,woven rayon marketplace,rotated ontology / shared section shape,pairing-specific slice,pairing-specific slice,/marketplace/woven-rayon-marketplace-notes/,/marketplace/woven-lyocell-marketplace-notes/,KEEP as supporting note; parent hub owns the head term
/marketplace/knit-rayon-marketplace-notes/,/marketplace/knit-chiffon-marketplace-notes/,materials,materials,high_overlap,knit rayon marketplace,rotated ontology / shared section shape,pairing-specific slice,pairing-specific slice,/marketplace/knit-rayon-marketplace-notes/,/marketplace/knit-chiffon-marketplace-notes/,KEEP as supporting note; parent hub owns the head term
/marketplace/woven-jersey-marketplace-notes/,/marketplace/woven-chiffon-marketplace-notes/,materials,materials,moderate_overlap,woven jersey marketplace,rotated ontology / shared section shape,pairing-specific slice,pairing-specific slice,/marketplace/woven-jersey-marketplace-notes/,/marketplace/woven-chiffon-marketplace-notes/,KEEP as supporting note; parent hub owns the head term
/marketplace/knit-jersey-marketplace-notes/,/marketplace/knit-twill-marketplace-notes/,materials,materials,moderate_overlap,knit jersey marketplace,rotated ontology / shared section shape,pairing-specific slice,pairing-specific slice,/marketplace/knit-jersey-marketplace-notes/,/marketplace/knit-twill-marketplace-notes/,KEEP as supporting note; parent hub owns the head term
/marketplace/woven-velvet-marketplace-notes/,/marketplace/woven-chiffon-marketplace-notes/,materials,materials,moderate_overlap,woven velvet marketplace,rotated ontology / shared section shape,pairing-specific slice,pairing-specific slice,/marketplace/woven-velvet-marketplace-notes/,/marketplace/woven-chiffon-marketplace-notes/,KEEP as supporting note; parent hub owns the head term
/marketplace/knit-velvet-marketplace-notes/,/marketplace/knit-chiffon-marketplace-notes/,materials,materials,moderate_overlap,knit velvet marketplace,rotated ontology / shared section shape,pairing-specific slice,pairing-specific slice,/marketplace/knit-velvet-marketplace-notes/,/marketplace/knit-chiffon-marketplace-notes/,KEEP as supporting note; parent hub owns the head term
/marketplace/woven-chiffon-marketplace-notes/,/marketplace/knit-chiffon-marketplace-notes/,materials,materials,high_overlap,woven chiffon marketplace,rotated ontology / shared section shape,pairing-specific slice,pairing-specific slice,/marketplace/woven-chiffon-marketplace-notes/,/marketplace/knit-chiffon-marketplace-notes/,KEEP as supporting note; parent hub owns the head term
/marketplace/knit-chiffon-marketplace-notes/,/marketplace/knit-french-terry-marketplace-notes/,materials,materials,high_overlap,knit chiffon marketplace,rotated ontology / shared section shape,pairing-specific slice,pairing-specific slice,/marketplace/knit-chiffon-marketplace-notes/,/marketplace/knit-french-terry-marketplace-notes/,KEEP as supporting note; parent hub owns the head term
/marketplace/woven-georgette-marketplace-notes/,/marketplace/woven-french-terry-marketplace-notes/,materials,materials,high_overlap,woven georgette marketplace,rotated ontology / shared section shape,pairing-specific slice,pairing-specific slice,/marketplace/woven-georgette-marketplace-notes/,/marketplace/woven-french-terry-marketplace-notes/,KEEP as supporting note; parent hub owns the head term
/marketplace/knit-georgette-marketplace-notes/,/marketplace/knit-french-terry-marketplace-notes/,materials,materials,high_overlap,knit georgette marketplace,rotated ontology / shared section shape,pairing-specific slice,pairing-specific slice,/marketplace/knit-georgette-marketplace-notes/,/marketplace/knit-french-terry-marketplace-notes/,KEEP as supporting note; parent hub owns the head term
/marketplace/woven-poplin-marketplace-notes/,/marketplace/knit-poplin-marketplace-notes/,materials,materials,moderate_overlap,woven poplin marketplace,rotated ontology / shared section shape,pairing-specific slice,pairing-specific slice,/marketplace/woven-poplin-marketplace-notes/,/marketplace/knit-poplin-marketplace-notes/,KEEP as supporting note; parent hub owns the head term
/marketplace/knit-poplin-marketplace-notes/,/marketplace/knit-twill-marketplace-notes/,materials,materials,moderate_overlap,knit poplin marketplace,rotated ontology / shared section shape,pairing-specific slice,pairing-specific slice,/marketplace/knit-poplin-marketplace-notes/,/marketplace/knit-twill-marketplace-notes/,KEEP as supporting note; parent hub owns the head term
/marketplace/woven-satin-marketplace-notes/,/marketplace/woven-twill-marketplace-notes/,materials,materials,high_overlap,woven satin marketplace,rotated ontology / shared section shape,pairing-specific slice,pairing-specific slice,/marketplace/woven-satin-marketplace-notes/,/marketplace/woven-twill-marketplace-notes/,KEEP as supporting note; parent hub owns the head term
/marketplace/knit-satin-marketplace-notes/,/marketplace/knit-twill-marketplace-notes/,materials,materials,moderate_overlap,knit satin marketplace,rotated ontology / shared section shape,pairing-specific slice,pairing-specific slice,/marketplace/knit-satin-marketplace-notes/,/marketplace/knit-twill-marketplace-notes/,KEEP as supporting note; parent hub owns the head term
/marketplace/woven-crepe-marketplace-notes/,/marketplace/woven-canvas-marketplace-notes/,materials,materials,moderate_overlap,woven crepe marketplace,rotated ontology / shared section shape,pairing-specific slice,pairing-specific slice,/marketplace/woven-crepe-marketplace-notes/,/marketplace/woven-canvas-marketplace-notes/,KEEP as supporting note; parent hub owns the head term
/marketplace/knit-crepe-marketplace-notes/,/marketplace/knit-french-terry-marketplace-notes/,materials,materials,moderate_overlap,knit crepe marketplace,rotated ontology / shared section shape,pairing-specific slice,pairing-specific slice,/marketplace/knit-crepe-marketplace-notes/,/marketplace/knit-french-terry-marketplace-notes/,KEEP as supporting note; parent hub owns the head term
/marketplace/woven-canvas-marketplace-notes/,/marketplace/woven-twill-marketplace-notes/,materials,materials,moderate_overlap,woven canvas marketplace,rotated ontology / shared section shape,pairing-specific slice,pairing-specific slice,/marketplace/woven-canvas-marketplace-notes/,/marketplace/woven-twill-marketplace-notes/,KEEP as supporting note; parent hub owns the head term
/marketplace/knit-canvas-marketplace-notes/,/marketplace/knit-french-terry-marketplace-notes/,materials,materials,moderate_overlap,knit canvas marketplace,rotated ontology / shared section shape,pairing-specific slice,pairing-specific slice,/marketplace/knit-canvas-marketplace-notes/,/marketplace/knit-french-terry-marketplace-notes/,KEEP as supporting note; parent hub owns the head term
/marketplace/woven-oxford-marketplace-notes/,/marketplace/knit-oxford-marketplace-notes/,materials,materials,moderate_overlap,woven oxford marketplace,rotated ontology / shared section shape,pairing-specific slice,pairing-specific slice,/marketplace/woven-oxford-marketplace-notes/,/marketplace/knit-oxford-marketplace-notes/,KEEP as supporting note; parent hub owns the head term
/marketplace/knit-oxford-marketplace-notes/,/marketplace/knit-twill-marketplace-notes/,materials,materials,moderate_overlap,knit oxford marketplace,rotated ontology / shared section shape,pairing-specific slice,pairing-specific slice,/marketplace/knit-oxford-marketplace-notes/,/marketplace/knit-twill-marketplace-notes/,KEEP as supporting note; parent hub owns the head term
/marketplace/woven-twill-marketplace-notes/,/marketplace/woven-french-terry-marketplace-notes/,materials,materials,moderate_overlap,woven twill marketplace,rotated ontology / shared section shape,pairing-specific slice,pairing-specific slice,/marketplace/woven-twill-marketplace-notes/,/marketplace/woven-french-terry-marketplace-notes/,KEEP as supporting note; parent hub owns the head term
/marketplace/knit-twill-marketplace-notes/,/marketplace/knit-french-terry-marketplace-notes/,materials,materials,moderate_overlap,knit twill marketplace,rotated ontology / shared section shape,pairing-specific slice,pairing-specific slice,/marketplace/knit-twill-marketplace-notes/,/marketplace/knit-french-terry-marketplace-notes/,KEEP as supporting note; parent hub owns the head term
/marketplace/woven-french-terry-marketplace-notes/,/marketplace/woven-lyocell-marketplace-notes/,materials,materials,moderate_overlap,woven french terry marketplace,rotated ontology / shared section shape,pairing-specific slice,pairing-specific slice,/marketplace/woven-french-terry-marketplace-notes/,/marketplace/woven-lyocell-marketplace-notes/,KEEP as supporting note; parent hub owns the head term
/marketplace/knit-french-terry-marketplace-notes/,/marketplace/woven-lyocell-marketplace-notes/,materials,materials,moderate_overlap,knit french terry marketplace,rotated ontology / shared section shape,pairing-specific slice,pairing-specific slice,/marketplace/knit-french-terry-marketplace-notes/,/marketplace/woven-lyocell-marketplace-notes/,KEEP as supporting note; parent hub owns the head term
/marketplace/cotton-versus-linen-marketplace/,/marketplace/cotton-versus-poplin-marketplace/,comparisons,comparisons,moderate_overlap,cotton versus linen marketplace,rotated ontology / shared section shape,pairing-specific slice,pairing-specific slice,/marketplace/cotton-versus-linen-marketplace/,/marketplace/cotton-versus-poplin-marketplace/,KEEP as supporting note; parent hub owns the head term
/marketplace/cotton-versus-viscose-marketplace/,/marketplace/cotton-versus-jersey-marketplace/,comparisons,comparisons,moderate_overlap,cotton versus viscose marketplace,rotated ontology / shared section shape,pairing-specific slice,pairing-specific slice,/marketplace/cotton-versus-viscose-marketplace/,/marketplace/cotton-versus-jersey-marketplace/,KEEP as supporting note; parent hub owns the head term
/marketplace/cotton-versus-poplin-marketplace/,/marketplace/cotton-versus-twill-marketplace/,comparisons,comparisons,moderate_overlap,cotton versus poplin marketplace,rotated ontology / shared section shape,pairing-specific slice,pairing-specific slice,/marketplace/cotton-versus-poplin-marketplace/,/marketplace/cotton-versus-twill-marketplace/,KEEP as supporting note; parent hub owns the head term
/marketplace/cotton-versus-denim-marketplace/,/marketplace/cotton-versus-twill-marketplace/,comparisons,comparisons,moderate_overlap,cotton versus denim marketplace,rotated ontology / shared section shape,pairing-specific slice,pairing-specific slice,/marketplace/cotton-versus-denim-marketplace/,/marketplace/cotton-versus-twill-marketplace/,KEEP as supporting note; parent hub owns the head term
/marketplace/linen-versus-viscose-marketplace/,/marketplace/rayon-versus-viscose-marketplace/,comparisons,comparisons,moderate_overlap,linen versus viscose marketplace,rotated ontology / shared section shape,pairing-specific slice,pairing-specific slice,/marketplace/linen-versus-viscose-marketplace/,/marketplace/rayon-versus-viscose-marketplace/,KEEP as supporting note; parent hub owns the head term
/marketplace/linen-versus-silk-marketplace/,/marketplace/chiffon-versus-silk-marketplace/,comparisons,comparisons,moderate_overlap,linen versus silk marketplace,rotated ontology / shared section shape,pairing-specific slice,pairing-specific slice,/marketplace/linen-versus-silk-marketplace/,/marketplace/chiffon-versus-silk-marketplace/,KEEP as supporting note; parent hub owns the head term
/marketplace/chiffon-versus-silk-marketplace/,/marketplace/georgette-versus-silk-marketplace/,comparisons,comparisons,moderate_overlap,chiffon versus silk marketplace,rotated ontology / shared section shape,pairing-specific slice,pairing-specific slice,/marketplace/chiffon-versus-silk-marketplace/,/marketplace/georgette-versus-silk-marketplace/,KEEP as supporting note; parent hub owns the head term
/marketplace/georgette-versus-silk-marketplace/,/marketplace/crepe-versus-silk-marketplace/,comparisons,comparisons,moderate_overlap,georgette versus silk marketplace,rotated ontology / shared section shape,pairing-specific slice,pairing-specific slice,/marketplace/georgette-versus-silk-marketplace/,/marketplace/crepe-versus-silk-marketplace/,KEEP as supporting note; parent hub owns the head term
/marketplace/satin-versus-silk-marketplace/,/marketplace/silk-versus-velvet-marketplace/,comparisons,comparisons,moderate_overlap,satin versus silk marketplace,rotated ontology / shared section shape,pairing-specific slice,pairing-specific slice,/marketplace/satin-versus-silk-marketplace/,/marketplace/silk-versus-velvet-marketplace/,KEEP as supporting note; parent hub owns the head term
/marketplace/silk-versus-viscose-marketplace/,/marketplace/silk-versus-velvet-marketplace/,comparisons,comparisons,moderate_overlap,silk versus viscose marketplace,rotated ontology / shared section shape,pairing-specific slice,pairing-specific slice,/marketplace/silk-versus-viscose-marketplace/,/marketplace/silk-versus-velvet-marketplace/,KEEP as supporting note; parent hub owns the head term
/marketplace/linen-versus-wool-marketplace/,/marketplace/polyester-versus-wool-marketplace/,comparisons,comparisons,moderate_overlap,linen versus wool marketplace,rotated ontology / shared section shape,pairing-specific slice,pairing-specific slice,/marketplace/linen-versus-wool-marketplace/,/marketplace/polyester-versus-wool-marketplace/,KEEP as supporting note; parent hub owns the head term
/marketplace/polyester-versus-wool-marketplace/,/marketplace/jersey-versus-wool-marketplace/,comparisons,comparisons,moderate_overlap,polyester versus wool marketplace,rotated ontology / shared section shape,pairing-specific slice,pairing-specific slice,/marketplace/polyester-versus-wool-marketplace/,/marketplace/jersey-versus-wool-marketplace/,KEEP as supporting note; parent hub owns the head term
/marketplace/canvas-versus-wool-marketplace/,/marketplace/jersey-versus-wool-marketplace/,comparisons,comparisons,moderate_overlap,canvas versus wool marketplace,rotated ontology / shared section shape,pairing-specific slice,pairing-specific slice,/marketplace/canvas-versus-wool-marketplace/,/marketplace/jersey-versus-wool-marketplace/,KEEP as supporting note; parent hub owns the head term
/marketplace/canvas-versus-denim-marketplace/,/marketplace/canvas-versus-twill-marketplace/,comparisons,comparisons,moderate_overlap,canvas versus denim marketplace,rotated ontology / shared section shape,pairing-specific slice,pairing-specific slice,/marketplace/canvas-versus-denim-marketplace/,/marketplace/canvas-versus-twill-marketplace/,KEEP as supporting note; parent hub owns the head term
/marketplace/denim-versus-twill-marketplace/,/marketplace/oxford-versus-twill-marketplace/,comparisons,comparisons,moderate_overlap,denim versus twill marketplace,rotated ontology / shared section shape,pairing-specific slice,pairing-specific slice,/marketplace/denim-versus-twill-marketplace/,/marketplace/oxford-versus-twill-marketplace/,KEEP as supporting note; parent hub owns the head term
/marketplace/polyester-versus-viscose-marketplace/,/marketplace/jersey-versus-polyester-marketplace/,comparisons,comparisons,moderate_overlap,polyester versus viscose marketplace,rotated ontology / shared section shape,pairing-specific slice,pairing-specific slice,/marketplace/polyester-versus-viscose-marketplace/,/marketplace/jersey-versus-polyester-marketplace/,KEEP as supporting note; parent hub owns the head term
/marketplace/jersey-versus-polyester-marketplace/,/marketplace/chiffon-versus-polyester-marketplace/,comparisons,comparisons,moderate_overlap,jersey versus polyester marketplace,rotated ontology / shared section shape,pairing-specific slice,pairing-specific slice,/marketplace/jersey-versus-polyester-marketplace/,/marketplace/chiffon-versus-polyester-marketplace/,KEEP as supporting note; parent hub owns the head term
/marketplace/rayon-versus-viscose-marketplace/,/marketplace/rayon-versus-silk-marketplace/,comparisons,comparisons,moderate_overlap,rayon versus viscose marketplace,rotated ontology / shared section shape,pairing-specific slice,pairing-specific slice,/marketplace/rayon-versus-viscose-marketplace/,/marketplace/rayon-versus-silk-marketplace/,KEEP as supporting note; parent hub owns the head term
/marketplace/rayon-versus-silk-marketplace/,/marketplace/crepe-versus-silk-marketplace/,comparisons,comparisons,moderate_overlap,rayon versus silk marketplace,rotated ontology / shared section shape,pairing-specific slice,pairing-specific slice,/marketplace/rayon-versus-silk-marketplace/,/marketplace/crepe-versus-silk-marketplace/,KEEP as supporting note; parent hub owns the head term
/marketplace/cotton-versus-rayon-marketplace/,/marketplace/cotton-versus-oxford-marketplace/,comparisons,comparisons,moderate_overlap,cotton versus rayon marketplace,rotated ontology / shared section shape,pairing-specific slice,pairing-specific slice,/marketplace/cotton-versus-rayon-marketplace/,/marketplace/cotton-versus-oxford-marketplace/,KEEP as supporting note; parent hub owns the head term
/marketplace/cotton-versus-jersey-marketplace/,/marketplace/cotton-versus-velvet-marketplace/,comparisons,comparisons,moderate_overlap,cotton versus jersey marketplace,rotated ontology / shared section shape,pairing-specific slice,pairing-specific slice,/marketplace/cotton-versus-jersey-marketplace/,/marketplace/cotton-versus-velvet-marketplace/,KEEP as supporting note; parent hub owns the head term
/marketplace/jersey-versus-wool-marketplace/,/marketplace/crepe-versus-wool-marketplace/,comparisons,comparisons,moderate_overlap,jersey versus wool marketplace,rotated ontology / shared section shape,pairing-specific slice,pairing-specific slice,/marketplace/jersey-versus-wool-marketplace/,/marketplace/crepe-versus-wool-marketplace/,KEEP as supporting note; parent hub owns the head term
/marketplace/silk-versus-velvet-marketplace/,/marketplace/cotton-versus-velvet-marketplace/,comparisons,comparisons,moderate_overlap,silk versus velvet marketplace,rotated ontology / shared section shape,pairing-specific slice,pairing-specific slice,/marketplace/silk-versus-velvet-marketplace/,/marketplace/cotton-versus-velvet-marketplace/,KEEP as supporting note; parent hub owns the head term
/marketplace/cotton-versus-velvet-marketplace/,/marketplace/cotton-versus-oxford-marketplace/,comparisons,comparisons,moderate_overlap,cotton versus velvet marketplace,rotated ontology / shared section shape,pairing-specific slice,pairing-specific slice,/marketplace/cotton-versus-velvet-marketplace/,/marketplace/cotton-versus-oxford-marketplace/,KEEP as supporting note; parent hub owns the head term
/marketplace/polyester-versus-velvet-marketplace/,/marketplace/polyester-versus-satin-marketplace/,comparisons,comparisons,moderate_overlap,polyester versus velvet marketplace,rotated ontology / shared section shape,pairing-specific slice,pairing-specific slice,/marketplace/polyester-versus-velvet-marketplace/,/marketplace/polyester-versus-satin-marketplace/,KEEP as supporting note; parent hub owns the head term
/marketplace/chiffon-versus-georgette-marketplace/,/marketplace/crepe-versus-georgette-marketplace/,comparisons,comparisons,moderate_overlap,chiffon versus georgette marketplace,rotated ontology / shared section shape,pairing-specific slice,pairing-specific slice,/marketplace/chiffon-versus-georgette-marketplace/,/marketplace/crepe-versus-georgette-marketplace/,KEEP as supporting note; parent hub owns the head term
/marketplace/chiffon-versus-polyester-marketplace/,/marketplace/polyester-versus-satin-marketplace/,comparisons,comparisons,moderate_overlap,chiffon versus polyester marketplace,rotated ontology / shared section shape,pairing-specific slice,pairing-specific slice,/marketplace/chiffon-versus-polyester-marketplace/,/marketplace/polyester-versus-satin-marketplace/,KEEP as supporting note; parent hub owns the head term
/marketplace/crepe-versus-georgette-marketplace/,/marketplace/crepe-versus-satin-marketplace/,comparisons,comparisons,moderate_overlap,crepe versus georgette marketplace,rotated ontology / shared section shape,pairing-specific slice,pairing-specific slice,/marketplace/crepe-versus-georgette-marketplace/,/marketplace/crepe-versus-satin-marketplace/,KEEP as supporting note; parent hub owns the head term
/marketplace/oxford-versus-poplin-marketplace/,/marketplace/oxford-versus-twill-marketplace/,comparisons,comparisons,moderate_overlap,oxford versus poplin marketplace,rotated ontology / shared section shape,pairing-specific slice,pairing-specific slice,/marketplace/oxford-versus-poplin-marketplace/,/marketplace/oxford-versus-twill-marketplace/,KEEP as supporting note; parent hub owns the head term
/marketplace/poplin-versus-twill-marketplace/,/marketplace/canvas-versus-twill-marketplace/,comparisons,comparisons,moderate_overlap,poplin versus twill marketplace,rotated ontology / shared section shape,pairing-specific slice,pairing-specific slice,/marketplace/poplin-versus-twill-marketplace/,/marketplace/canvas-versus-twill-marketplace/,KEEP as supporting note; parent hub owns the head term
/marketplace/polyester-versus-satin-marketplace/,/marketplace/crepe-versus-satin-marketplace/,comparisons,comparisons,moderate_overlap,polyester versus satin marketplace,rotated ontology / shared section shape,pairing-specific slice,pairing-specific slice,/marketplace/polyester-versus-satin-marketplace/,/marketplace/crepe-versus-satin-marketplace/,KEEP as supporting note; parent hub owns the head term
/marketplace/crepe-versus-satin-marketplace/,/marketplace/crepe-versus-wool-marketplace/,comparisons,comparisons,moderate_overlap,crepe versus satin marketplace,rotated ontology / shared section shape,pairing-specific slice,pairing-specific slice,/marketplace/crepe-versus-satin-marketplace/,/marketplace/crepe-versus-wool-marketplace/,KEEP as supporting note; parent hub owns the head term
/marketplace/crepe-versus-silk-marketplace/,/marketplace/crepe-versus-wool-marketplace/,comparisons,comparisons,moderate_overlap,crepe versus silk marketplace,rotated ontology / shared section shape,pairing-specific slice,pairing-specific slice,/marketplace/crepe-versus-silk-marketplace/,/marketplace/crepe-versus-wool-marketplace/,KEEP as supporting note; parent hub owns the head term
/marketplace/canvas-versus-cotton-marketplace/,/marketplace/cotton-versus-twill-marketplace/,comparisons,comparisons,moderate_overlap,canvas versus cotton marketplace,rotated ontology / shared section shape,pairing-specific slice,pairing-specific slice,/marketplace/canvas-versus-cotton-marketplace/,/marketplace/cotton-versus-twill-marketplace/,KEEP as supporting note; parent hub owns the head term
/marketplace/canvas-versus-twill-marketplace/,/marketplace/oxford-versus-twill-marketplace/,comparisons,comparisons,moderate_overlap,canvas versus twill marketplace,rotated ontology / shared section shape,pairing-specific slice,pairing-specific slice,/marketplace/canvas-versus-twill-marketplace/,/marketplace/oxford-versus-twill-marketplace/,KEEP as supporting note; parent hub owns the head term
/marketplace/cotton-versus-oxford-marketplace/,/marketplace/cotton-versus-twill-marketplace/,comparisons,comparisons,moderate_overlap,cotton versus oxford marketplace,rotated ontology / shared section shape,pairing-specific slice,pairing-specific slice,/marketplace/cotton-versus-oxford-marketplace/,/marketplace/cotton-versus-twill-marketplace/,KEEP as supporting note; parent hub owns the head term
/marketplace/oxford-versus-twill-marketplace/,/marketplace/cotton-versus-twill-marketplace/,comparisons,comparisons,moderate_overlap,oxford versus twill marketplace,rotated ontology / shared section shape,pairing-specific slice,pairing-specific slice,/marketplace/oxford-versus-twill-marketplace/,/marketplace/cotton-versus-twill-marketplace/,KEEP as supporting note; parent hub owns the head term
/marketplace/lightweight-cotton-marketplace/,/marketplace/structured-cotton-marketplace/,attributes,attributes,high_overlap,lightweight cotton marketplace,rotated ontology / shared section shape,pairing-specific slice,pairing-specific slice,/marketplace/lightweight-cotton-marketplace/,/marketplace/structured-cotton-marketplace/,KEEP as supporting note; parent hub owns the head term
/marketplace/heavyweight-cotton-marketplace/,/marketplace/structured-cotton-marketplace/,attributes,attributes,high_overlap,heavyweight cotton marketplace,rotated ontology / shared section shape,pairing-specific slice,pairing-specific slice,/marketplace/heavyweight-cotton-marketplace/,/marketplace/structured-cotton-marketplace/,KEEP as supporting note; parent hub owns the head term
/marketplace/breathable-cotton-marketplace/,/marketplace/structured-cotton-marketplace/,attributes,attributes,high_overlap,breathable cotton marketplace,rotated ontology / shared section shape,pairing-specific slice,pairing-specific slice,/marketplace/breathable-cotton-marketplace/,/marketplace/structured-cotton-marketplace/,KEEP as supporting note; parent hub owns the head term
/marketplace/stretch-cotton-marketplace/,/marketplace/structured-cotton-marketplace/,attributes,attributes,high_overlap,stretch cotton marketplace,rotated ontology / shared section shape,pairing-specific slice,pairing-specific slice,/marketplace/stretch-cotton-marketplace/,/marketplace/structured-cotton-marketplace/,KEEP as supporting note; parent hub owns the head term
/marketplace/soft-cotton-marketplace/,/marketplace/structured-cotton-marketplace/,attributes,attributes,high_overlap,soft cotton marketplace,rotated ontology / shared section shape,pairing-specific slice,pairing-specific slice,/marketplace/soft-cotton-marketplace/,/marketplace/structured-cotton-marketplace/,KEEP as supporting note; parent hub owns the head term
/marketplace/durable-cotton-marketplace/,/marketplace/structured-cotton-marketplace/,attributes,attributes,high_overlap,durable cotton marketplace,rotated ontology / shared section shape,pairing-specific slice,pairing-specific slice,/marketplace/durable-cotton-marketplace/,/marketplace/structured-cotton-marketplace/,KEEP as supporting note; parent hub owns the head term
/marketplace/premium-cotton-marketplace/,/marketplace/structured-cotton-marketplace/,attributes,attributes,high_overlap,premium cotton marketplace,rotated ontology / shared section shape,pairing-specific slice,pairing-specific slice,/marketplace/premium-cotton-marketplace/,/marketplace/structured-cotton-marketplace/,KEEP as supporting note; parent hub owns the head term
/marketplace/structured-cotton-marketplace/,/marketplace/performance-cotton-marketplace/,attributes,attributes,high_overlap,structured cotton marketplace,rotated ontology / shared section shape,pairing-specific slice,pairing-specific slice,/marketplace/structured-cotton-marketplace/,/marketplace/performance-cotton-marketplace/,KEEP as supporting note; parent hub owns the head term
/marketplace/flowy-cotton-marketplace/,/marketplace/performance-cotton-marketplace/,attributes,attributes,high_overlap,flowy cotton marketplace,rotated ontology / shared section shape,pairing-specific slice,pairing-specific slice,/marketplace/flowy-cotton-marketplace/,/marketplace/performance-cotton-marketplace/,KEEP as supporting note; parent hub owns the head term
/marketplace/sheer-cotton-marketplace/,/marketplace/performance-cotton-marketplace/,attributes,attributes,high_overlap,sheer cotton marketplace,rotated ontology / shared section shape,pairing-specific slice,pairing-specific slice,/marketplace/sheer-cotton-marketplace/,/marketplace/performance-cotton-marketplace/,KEEP as supporting note; parent hub owns the head term
/marketplace/opaque-cotton-marketplace/,/marketplace/performance-cotton-marketplace/,attributes,attributes,high_overlap,opaque cotton marketplace,rotated ontology / shared section shape,pairing-specific slice,pairing-specific slice,/marketplace/opaque-cotton-marketplace/,/marketplace/performance-cotton-marketplace/,KEEP as supporting note; parent hub owns the head term
/marketplace/lightweight-linen-marketplace/,/marketplace/structured-linen-marketplace/,attributes,attributes,high_overlap,lightweight linen marketplace,rotated ontology / shared section shape,pairing-specific slice,pairing-specific slice,/marketplace/lightweight-linen-marketplace/,/marketplace/structured-linen-marketplace/,KEEP as supporting note; parent hub owns the head term
/marketplace/heavyweight-linen-marketplace/,/marketplace/structured-linen-marketplace/,attributes,attributes,high_overlap,heavyweight linen marketplace,rotated ontology / shared section shape,pairing-specific slice,pairing-specific slice,/marketplace/heavyweight-linen-marketplace/,/marketplace/structured-linen-marketplace/,KEEP as supporting note; parent hub owns the head term
/marketplace/breathable-linen-marketplace/,/marketplace/structured-linen-marketplace/,attributes,attributes,high_overlap,breathable linen marketplace,rotated ontology / shared section shape,pairing-specific slice,pairing-specific slice,/marketplace/breathable-linen-marketplace/,/marketplace/structured-linen-marketplace/,KEEP as supporting note; parent hub owns the head term
/marketplace/stretch-linen-marketplace/,/marketplace/structured-linen-marketplace/,attributes,attributes,high_overlap,stretch linen marketplace,rotated ontology / shared section shape,pairing-specific slice,pairing-specific slice,/marketplace/stretch-linen-marketplace/,/marketplace/structured-linen-marketplace/,KEEP as supporting note; parent hub owns the head term
/marketplace/soft-linen-marketplace/,/marketplace/structured-linen-marketplace/,attributes,attributes,high_overlap,soft linen marketplace,rotated ontology / shared section shape,pairing-specific slice,pairing-specific slice,/marketplace/soft-linen-marketplace/,/marketplace/structured-linen-marketplace/,KEEP as supporting note; parent hub owns the head term
/marketplace/durable-linen-marketplace/,/marketplace/structured-linen-marketplace/,attributes,attributes,high_overlap,durable linen marketplace,rotated ontology / shared section shape,pairing-specific slice,pairing-specific slice,/marketplace/durable-linen-marketplace/,/marketplace/structured-linen-marketplace/,KEEP as supporting note; parent hub owns the head term
/marketplace/premium-linen-marketplace/,/marketplace/structured-linen-marketplace/,attributes,attributes,high_overlap,premium linen marketplace,rotated ontology / shared section shape,pairing-specific slice,pairing-specific slice,/marketplace/premium-linen-marketplace/,/marketplace/structured-linen-marketplace/,KEEP as supporting note; parent hub owns the head term
/marketplace/structured-linen-marketplace/,/marketplace/performance-linen-marketplace/,attributes,attributes,high_overlap,structured linen marketplace,rotated ontology / shared section shape,pairing-specific slice,pairing-specific slice,/marketplace/structured-linen-marketplace/,/marketplace/performance-linen-marketplace/,KEEP as supporting note; parent hub owns the head term
/marketplace/flowy-linen-marketplace/,/marketplace/performance-linen-marketplace/,attributes,attributes,high_overlap,flowy linen marketplace,rotated ontology / shared section shape,pairing-specific slice,pairing-specific slice,/marketplace/flowy-linen-marketplace/,/marketplace/performance-linen-marketplace/,KEEP as supporting note; parent hub owns the head term
/marketplace/sheer-linen-marketplace/,/marketplace/performance-linen-marketplace/,attributes,attributes,high_overlap,sheer linen marketplace,rotated ontology / shared section shape,pairing-specific slice,pairing-specific slice,/marketplace/sheer-linen-marketplace/,/marketplace/performance-linen-marketplace/,KEEP as supporting note; parent hub owns the head term
/marketplace/opaque-linen-marketplace/,/marketplace/performance-linen-marketplace/,attributes,attributes,high_overlap,opaque linen marketplace,rotated ontology / shared section shape,pairing-specific slice,pairing-specific slice,/marketplace/opaque-linen-marketplace/,/marketplace/performance-linen-marketplace/,KEEP as supporting note; parent hub owns the head term
/marketplace/lightweight-silk-marketplace/,/marketplace/structured-silk-marketplace/,attributes,attributes,high_overlap,lightweight silk marketplace,rotated ontology / shared section shape,pairing-specific slice,pairing-specific slice,/marketplace/lightweight-silk-marketplace/,/marketplace/structured-silk-marketplace/,KEEP as supporting note; parent hub owns the head term
/marketplace/heavyweight-silk-marketplace/,/marketplace/structured-silk-marketplace/,attributes,attributes,high_overlap,heavyweight silk marketplace,rotated ontology / shared section shape,pairing-specific slice,pairing-specific slice,/marketplace/heavyweight-silk-marketplace/,/marketplace/structured-silk-marketplace/,KEEP as supporting note; parent hub owns the head term
/marketplace/breathable-silk-marketplace/,/marketplace/structured-silk-marketplace/,attributes,attributes,high_overlap,breathable silk marketplace,rotated ontology / shared section shape,pairing-specific slice,pairing-specific slice,/marketplace/breathable-silk-marketplace/,/marketplace/structured-silk-marketplace/,KEEP as supporting note; parent hub owns the head term
/marketplace/stretch-silk-marketplace/,/marketplace/structured-silk-marketplace/,attributes,attributes,high_overlap,stretch silk marketplace,rotated ontology / shared section shape,pairing-specific slice,pairing-specific slice,/marketplace/stretch-silk-marketplace/,/marketplace/structured-silk-marketplace/,KEEP as supporting note; parent hub owns the head term
/marketplace/soft-silk-marketplace/,/marketplace/structured-silk-marketplace/,attributes,attributes,high_overlap,soft silk marketplace,rotated ontology / shared section shape,pairing-specific slice,pairing-specific slice,/marketplace/soft-silk-marketplace/,/marketplace/structured-silk-marketplace/,KEEP as supporting note; parent hub owns the head term
/marketplace/durable-silk-marketplace/,/marketplace/structured-silk-marketplace/,attributes,attributes,high_overlap,durable silk marketplace,rotated ontology / shared section shape,pairing-specific slice,pairing-specific slice,/marketplace/durable-silk-marketplace/,/marketplace/structured-silk-marketplace/,KEEP as supporting note; parent hub owns the head term
/marketplace/premium-silk-marketplace/,/marketplace/structured-silk-marketplace/,attributes,attributes,high_overlap,premium silk marketplace,rotated ontology / shared section shape,pairing-specific slice,pairing-specific slice,/marketplace/premium-silk-marketplace/,/marketplace/structured-silk-marketplace/,KEEP as supporting note; parent hub owns the head term
/marketplace/structured-silk-marketplace/,/marketplace/performance-silk-marketplace/,attributes,attributes,high_overlap,structured silk marketplace,rotated ontology / shared section shape,pairing-specific slice,pairing-specific slice,/marketplace/structured-silk-marketplace/,/marketplace/performance-silk-marketplace/,KEEP as supporting note; parent hub owns the head term
/marketplace/flowy-silk-marketplace/,/marketplace/performance-silk-marketplace/,attributes,attributes,high_overlap,flowy silk marketplace,rotated ontology / shared section shape,pairing-specific slice,pairing-specific slice,/marketplace/flowy-silk-marketplace/,/marketplace/performance-silk-marketplace/,KEEP as supporting note; parent hub owns the head term
/marketplace/sheer-silk-marketplace/,/marketplace/performance-silk-marketplace/,attributes,attributes,high_overlap,sheer silk marketplace,rotated ontology / shared section shape,pairing-specific slice,pairing-specific slice,/marketplace/sheer-silk-marketplace/,/marketplace/performance-silk-marketplace/,KEEP as supporting note; parent hub owns the head term
/marketplace/opaque-silk-marketplace/,/marketplace/performance-silk-marketplace/,attributes,attributes,high_overlap,opaque silk marketplace,rotated ontology / shared section shape,pairing-specific slice,pairing-specific slice,/marketplace/opaque-silk-marketplace/,/marketplace/performance-silk-marketplace/,KEEP as supporting note; parent hub owns the head term
/marketplace/lightweight-wool-marketplace/,/marketplace/breathable-wool-marketplace/,attributes,attributes,moderate_overlap,lightweight wool marketplace,rotated ontology / shared section shape,pairing-specific slice,pairing-specific slice,/marketplace/lightweight-wool-marketplace/,/marketplace/breathable-wool-marketplace/,KEEP as supporting note; parent hub owns the head term
/marketplace/heavyweight-wool-marketplace/,/marketplace/breathable-wool-marketplace/,attributes,attributes,moderate_overlap,heavyweight wool marketplace,rotated ontology / shared section shape,pairing-specific slice,pairing-specific slice,/marketplace/heavyweight-wool-marketplace/,/marketplace/breathable-wool-marketplace/,KEEP as supporting note; parent hub owns the head term
/marketplace/shirts-fabric-under-100/,/marketplace/trousers-fabric-under-100/,weight,weight,moderate_overlap,shirts fabric under 100 gsm,rotated ontology / shared section shape,pairing-specific slice,pairing-specific slice,/marketplace/shirts-fabric-under-100/,/marketplace/trousers-fabric-under-100/,KEEP as supporting note; parent hub owns the head term
/marketplace/shirts-fabric-100-150/,/marketplace/trousers-fabric-100-150/,weight,weight,moderate_overlap,shirts fabric 100 to 150 gsm,rotated ontology / shared section shape,pairing-specific slice,pairing-specific slice,/marketplace/shirts-fabric-100-150/,/marketplace/trousers-fabric-100-150/,KEEP as supporting note; parent hub owns the head term
/marketplace/shirts-fabric-150-200/,/marketplace/suits-fabric-150-200/,weight,weight,moderate_overlap,shirts fabric 150 to 200 gsm,rotated ontology / shared section shape,pairing-specific slice,pairing-specific slice,/marketplace/shirts-fabric-150-200/,/marketplace/suits-fabric-150-200/,KEEP as supporting note; parent hub owns the head term
/marketplace/shirts-fabric-200-280/,/marketplace/suits-fabric-200-280/,weight,weight,moderate_overlap,shirts fabric 200 to 280 gsm,rotated ontology / shared section shape,pairing-specific slice,pairing-specific slice,/marketplace/shirts-fabric-200-280/,/marketplace/suits-fabric-200-280/,KEEP as supporting note; parent hub owns the head term
/marketplace/shirts-fabric-280-400/,/marketplace/coats-fabric-280-400/,weight,weight,moderate_overlap,shirts fabric 280 to 400 gsm,rotated ontology / shared section shape,pairing-specific slice,pairing-specific slice,/marketplace/shirts-fabric-280-400/,/marketplace/coats-fabric-280-400/,KEEP as supporting note; parent hub owns the head term
/marketplace/shirts-fabric-over-400/,/marketplace/suits-fabric-over-400/,weight,weight,moderate_overlap,shirts fabric over 400 gsm,rotated ontology / shared section shape,pairing-specific slice,pairing-specific slice,/marketplace/shirts-fabric-over-400/,/marketplace/suits-fabric-over-400/,KEEP as supporting note; parent hub owns the head term
/marketplace/dresses-fabric-under-100/,/marketplace/trousers-fabric-under-100/,weight,weight,moderate_overlap,dresses fabric under 100 gsm,rotated ontology / shared section shape,pairing-specific slice,pairing-specific slice,/marketplace/dresses-fabric-under-100/,/marketplace/trousers-fabric-under-100/,KEEP as supporting note; parent hub owns the head term
/marketplace/dresses-fabric-100-150/,/marketplace/trousers-fabric-100-150/,weight,weight,moderate_overlap,dresses fabric 100 to 150 gsm,rotated ontology / shared section shape,pairing-specific slice,pairing-specific slice,/marketplace/dresses-fabric-100-150/,/marketplace/trousers-fabric-100-150/,KEEP as supporting note; parent hub owns the head term
/marketplace/dresses-fabric-150-200/,/marketplace/suits-fabric-150-200/,weight,weight,moderate_overlap,dresses fabric 150 to 200 gsm,rotated ontology / shared section shape,pairing-specific slice,pairing-specific slice,/marketplace/dresses-fabric-150-200/,/marketplace/suits-fabric-150-200/,KEEP as supporting note; parent hub owns the head term
/marketplace/dresses-fabric-200-280/,/marketplace/suits-fabric-200-280/,weight,weight,moderate_overlap,dresses fabric 200 to 280 gsm,rotated ontology / shared section shape,pairing-specific slice,pairing-specific slice,/marketplace/dresses-fabric-200-280/,/marketplace/suits-fabric-200-280/,KEEP as supporting note; parent hub owns the head term
/marketplace/dresses-fabric-280-400/,/marketplace/trousers-fabric-280-400/,weight,weight,moderate_overlap,dresses fabric 280 to 400 gsm,rotated ontology / shared section shape,pairing-specific slice,pairing-specific slice,/marketplace/dresses-fabric-280-400/,/marketplace/trousers-fabric-280-400/,KEEP as supporting note; parent hub owns the head term
/marketplace/dresses-fabric-over-400/,/marketplace/trousers-fabric-over-400/,weight,weight,moderate_overlap,dresses fabric over 400 gsm,rotated ontology / shared section shape,pairing-specific slice,pairing-specific slice,/marketplace/dresses-fabric-over-400/,/marketplace/trousers-fabric-over-400/,KEEP as supporting note; parent hub owns the head term
/marketplace/trousers-fabric-under-100/,/marketplace/suits-fabric-under-100/,weight,weight,moderate_overlap,trousers fabric under 100 gsm,rotated ontology / shared section shape,pairing-specific slice,pairing-specific slice,/marketplace/trousers-fabric-under-100/,/marketplace/suits-fabric-under-100/,KEEP as supporting note; parent hub owns the head term
/marketplace/trousers-fabric-100-150/,/marketplace/suits-fabric-100-150/,weight,weight,moderate_overlap,trousers fabric 100 to 150 gsm,rotated ontology / shared section shape,pairing-specific slice,pairing-specific slice,/marketplace/trousers-fabric-100-150/,/marketplace/suits-fabric-100-150/,KEEP as supporting note; parent hub owns the head term
/marketplace/trousers-fabric-150-200/,/marketplace/suits-fabric-150-200/,weight,weight,moderate_overlap,trousers fabric 150 to 200 gsm,rotated ontology / shared section shape,pairing-specific slice,pairing-specific slice,/marketplace/trousers-fabric-150-200/,/marketplace/suits-fabric-150-200/,KEEP as supporting note; parent hub owns the head term
/marketplace/trousers-fabric-200-280/,/marketplace/suits-fabric-200-280/,weight,weight,moderate_overlap,trousers fabric 200 to 280 gsm,rotated ontology / shared section shape,pairing-specific slice,pairing-specific slice,/marketplace/trousers-fabric-200-280/,/marketplace/suits-fabric-200-280/,KEEP as supporting note; parent hub owns the head term
/marketplace/trousers-fabric-280-400/,/marketplace/coats-fabric-280-400/,weight,weight,moderate_overlap,trousers fabric 280 to 400 gsm,rotated ontology / shared section shape,pairing-specific slice,pairing-specific slice,/marketplace/trousers-fabric-280-400/,/marketplace/coats-fabric-280-400/,KEEP as supporting note; parent hub owns the head term
/marketplace/trousers-fabric-over-400/,/marketplace/suits-fabric-over-400/,weight,weight,moderate_overlap,trousers fabric over 400 gsm,rotated ontology / shared section shape,pairing-specific slice,pairing-specific slice,/marketplace/trousers-fabric-over-400/,/marketplace/suits-fabric-over-400/,KEEP as supporting note; parent hub owns the head term
/marketplace/jackets-fabric-under-100/,/marketplace/jackets-fabric-150-200/,weight,weight,moderate_overlap,jackets fabric under 100 gsm,rotated ontology / shared section shape,pairing-specific slice,pairing-specific slice,/marketplace/jackets-fabric-under-100/,/marketplace/jackets-fabric-150-200/,KEEP as supporting note; parent hub owns the head term
/marketplace/jackets-fabric-100-150/,/marketplace/jackets-fabric-150-200/,weight,weight,moderate_overlap,jackets fabric 100 to 150 gsm,rotated ontology / shared section shape,pairing-specific slice,pairing-specific slice,/marketplace/jackets-fabric-100-150/,/marketplace/jackets-fabric-150-200/,KEEP as supporting note; parent hub owns the head term
/marketplace/jackets-fabric-150-200/,/marketplace/blazers-fabric-150-200/,weight,weight,moderate_overlap,jackets fabric 150 to 200 gsm,rotated ontology / shared section shape,pairing-specific slice,pairing-specific slice,/marketplace/jackets-fabric-150-200/,/marketplace/blazers-fabric-150-200/,KEEP as supporting note; parent hub owns the head term
/marketplace/jackets-fabric-200-280/,/marketplace/jackets-fabric-over-400/,weight,weight,moderate_overlap,jackets fabric 200 to 280 gsm,rotated ontology / shared section shape,pairing-specific slice,pairing-specific slice,/marketplace/jackets-fabric-200-280/,/marketplace/jackets-fabric-over-400/,KEEP as supporting note; parent hub owns the head term
/marketplace/jackets-fabric-280-400/,/marketplace/coats-fabric-280-400/,weight,weight,moderate_overlap,jackets fabric 280 to 400 gsm,rotated ontology / shared section shape,pairing-specific slice,pairing-specific slice,/marketplace/jackets-fabric-280-400/,/marketplace/coats-fabric-280-400/,KEEP as supporting note; parent hub owns the head term
/marketplace/jackets-fabric-over-400/,/marketplace/coats-fabric-over-400/,weight,weight,moderate_overlap,jackets fabric over 400 gsm,rotated ontology / shared section shape,pairing-specific slice,pairing-specific slice,/marketplace/jackets-fabric-over-400/,/marketplace/coats-fabric-over-400/,KEEP as supporting note; parent hub owns the head term
/marketplace/coats-fabric-under-100/,/marketplace/suits-fabric-under-100/,weight,weight,moderate_overlap,coats fabric under 100 gsm,rotated ontology / shared section shape,pairing-specific slice,pairing-specific slice,/marketplace/coats-fabric-under-100/,/marketplace/suits-fabric-under-100/,KEEP as supporting note; parent hub owns the head term
/marketplace/coats-fabric-100-150/,/marketplace/suits-fabric-100-150/,weight,weight,moderate_overlap,coats fabric 100 to 150 gsm,rotated ontology / shared section shape,pairing-specific slice,pairing-specific slice,/marketplace/coats-fabric-100-150/,/marketplace/suits-fabric-100-150/,KEEP as supporting note; parent hub owns the head term
/marketplace/coats-fabric-150-200/,/marketplace/suits-fabric-150-200/,weight,weight,moderate_overlap,coats fabric 150 to 200 gsm,rotated ontology / shared section shape,pairing-specific slice,pairing-specific slice,/marketplace/coats-fabric-150-200/,/marketplace/suits-fabric-150-200/,KEEP as supporting note; parent hub owns the head term
/marketplace/coats-fabric-200-280/,/marketplace/coats-fabric-over-400/,weight,weight,moderate_overlap,coats fabric 200 to 280 gsm,rotated ontology / shared section shape,pairing-specific slice,pairing-specific slice,/marketplace/coats-fabric-200-280/,/marketplace/coats-fabric-over-400/,KEEP as supporting note; parent hub owns the head term
/marketplace/coats-fabric-280-400/,/marketplace/suits-fabric-280-400/,weight,weight,moderate_overlap,coats fabric 280 to 400 gsm,rotated ontology / shared section shape,pairing-specific slice,pairing-specific slice,/marketplace/coats-fabric-280-400/,/marketplace/suits-fabric-280-400/,KEEP as supporting note; parent hub owns the head term
/marketplace/coats-fabric-over-400/,/marketplace/suits-fabric-over-400/,weight,weight,moderate_overlap,coats fabric over 400 gsm,rotated ontology / shared section shape,pairing-specific slice,pairing-specific slice,/marketplace/coats-fabric-over-400/,/marketplace/suits-fabric-over-400/,KEEP as supporting note; parent hub owns the head term
/marketplace/suits-fabric-under-100/,/marketplace/blazers-fabric-under-100/,weight,weight,moderate_overlap,suits fabric under 100 gsm,rotated ontology / shared section shape,pairing-specific slice,pairing-specific slice,/marketplace/suits-fabric-under-100/,/marketplace/blazers-fabric-under-100/,KEEP as supporting note; parent hub owns the head term
/marketplace/suits-fabric-100-150/,/marketplace/blazers-fabric-100-150/,weight,weight,moderate_overlap,suits fabric 100 to 150 gsm,rotated ontology / shared section shape,pairing-specific slice,pairing-specific slice,/marketplace/suits-fabric-100-150/,/marketplace/blazers-fabric-100-150/,KEEP as supporting note; parent hub owns the head term
/marketplace/suits-fabric-150-200/,/marketplace/blazers-fabric-150-200/,weight,weight,moderate_overlap,suits fabric 150 to 200 gsm,rotated ontology / shared section shape,pairing-specific slice,pairing-specific slice,/marketplace/suits-fabric-150-200/,/marketplace/blazers-fabric-150-200/,KEEP as supporting note; parent hub owns the head term
/marketplace/suits-fabric-200-280/,/marketplace/suits-fabric-over-400/,weight,weight,moderate_overlap,suits fabric 200 to 280 gsm,rotated ontology / shared section shape,pairing-specific slice,pairing-specific slice,/marketplace/suits-fabric-200-280/,/marketplace/suits-fabric-over-400/,KEEP as supporting note; parent hub owns the head term
/marketplace/suits-fabric-280-400/,/marketplace/suits-fabric-over-400/,weight,weight,moderate_overlap,suits fabric 280 to 400 gsm,rotated ontology / shared section shape,pairing-specific slice,pairing-specific slice,/marketplace/suits-fabric-280-400/,/marketplace/suits-fabric-over-400/,KEEP as supporting note; parent hub owns the head term
/marketplace/blazers-fabric-under-100/,/marketplace/blazers-fabric-100-150/,weight,weight,moderate_overlap,blazers fabric under 100 gsm,rotated ontology / shared section shape,pairing-specific slice,pairing-specific slice,/marketplace/blazers-fabric-under-100/,/marketplace/blazers-fabric-100-150/,KEEP as supporting note; parent hub owns the head term
/marketplace/woven-cloth-for-shirts/,/marketplace/woven-cloth-for-uniforms/,use-cases,use-cases,moderate_overlap,woven fabric for shirts,rotated ontology / shared section shape,pairing-specific slice,pairing-specific slice,/marketplace/woven-cloth-for-shirts/,/marketplace/woven-cloth-for-uniforms/,KEEP as supporting note; parent hub owns the head term
/marketplace/knit-cloth-for-shirts/,/marketplace/woven-cloth-for-uniforms/,use-cases,use-cases,moderate_overlap,knit fabric for shirts,rotated ontology / shared section shape,pairing-specific slice,pairing-specific slice,/marketplace/knit-cloth-for-shirts/,/marketplace/woven-cloth-for-uniforms/,KEEP as supporting note; parent hub owns the head term
/marketplace/woven-cloth-for-dresses/,/marketplace/knit-cloth-for-dresses/,use-cases,use-cases,high_overlap,woven fabric for dresses,rotated ontology / shared section shape,pairing-specific slice,pairing-specific slice,/marketplace/woven-cloth-for-dresses/,/marketplace/knit-cloth-for-dresses/,KEEP as supporting note; parent hub owns the head term
/marketplace/knit-cloth-for-dresses/,/marketplace/woven-cloth-for-suits/,use-cases,use-cases,moderate_overlap,knit fabric for dresses,rotated ontology / shared section shape,pairing-specific slice,pairing-specific slice,/marketplace/knit-cloth-for-dresses/,/marketplace/woven-cloth-for-suits/,KEEP as supporting note; parent hub owns the head term
/marketplace/woven-cloth-for-trousers/,/marketplace/knit-cloth-for-coats/,use-cases,use-cases,high_overlap,woven fabric for trousers,rotated ontology / shared section shape,pairing-specific slice,pairing-specific slice,/marketplace/woven-cloth-for-trousers/,/marketplace/knit-cloth-for-coats/,KEEP as supporting note; parent hub owns the head term
/marketplace/knit-cloth-for-trousers/,/marketplace/knit-cloth-for-coats/,use-cases,use-cases,high_overlap,knit fabric for trousers,rotated ontology / shared section shape,pairing-specific slice,pairing-specific slice,/marketplace/knit-cloth-for-trousers/,/marketplace/knit-cloth-for-coats/,KEEP as supporting note; parent hub owns the head term
/marketplace/woven-cloth-for-jackets/,/marketplace/knit-cloth-for-jackets/,use-cases,use-cases,high_overlap,woven fabric for jackets,rotated ontology / shared section shape,pairing-specific slice,pairing-specific slice,/marketplace/woven-cloth-for-jackets/,/marketplace/knit-cloth-for-jackets/,KEEP as supporting note; parent hub owns the head term
/marketplace/knit-cloth-for-jackets/,/marketplace/knit-cloth-for-blazers/,use-cases,use-cases,moderate_overlap,knit fabric for jackets,rotated ontology / shared section shape,pairing-specific slice,pairing-specific slice,/marketplace/knit-cloth-for-jackets/,/marketplace/knit-cloth-for-blazers/,KEEP as supporting note; parent hub owns the head term
/marketplace/woven-cloth-for-coats/,/marketplace/woven-cloth-for-uniforms/,use-cases,use-cases,moderate_overlap,woven fabric for coats,rotated ontology / shared section shape,pairing-specific slice,pairing-specific slice,/marketplace/woven-cloth-for-coats/,/marketplace/woven-cloth-for-uniforms/,KEEP as supporting note; parent hub owns the head term
/marketplace/knit-cloth-for-coats/,/marketplace/woven-cloth-for-uniforms/,use-cases,use-cases,moderate_overlap,knit fabric for coats,rotated ontology / shared section shape,pairing-specific slice,pairing-specific slice,/marketplace/knit-cloth-for-coats/,/marketplace/woven-cloth-for-uniforms/,KEEP as supporting note; parent hub owns the head term
/marketplace/woven-cloth-for-suits/,/marketplace/knit-cloth-for-suits/,use-cases,use-cases,high_overlap,woven fabric for suits,rotated ontology / shared section shape,pairing-specific slice,pairing-specific slice,/marketplace/woven-cloth-for-suits/,/marketplace/knit-cloth-for-suits/,KEEP as supporting note; parent hub owns the head term
/marketplace/knit-cloth-for-suits/,/marketplace/woven-cloth-for-uniforms/,use-cases,use-cases,moderate_overlap,knit fabric for suits,rotated ontology / shared section shape,pairing-specific slice,pairing-specific slice,/marketplace/knit-cloth-for-suits/,/marketplace/woven-cloth-for-uniforms/,KEEP as supporting note; parent hub owns the head term
/marketplace/woven-cloth-for-blazers/,/marketplace/woven-cloth-for-skirts/,use-cases,use-cases,moderate_overlap,woven fabric for blazers,rotated ontology / shared section shape,pairing-specific slice,pairing-specific slice,/marketplace/woven-cloth-for-blazers/,/marketplace/woven-cloth-for-skirts/,KEEP as supporting note; parent hub owns the head term
/marketplace/knit-cloth-for-blazers/,/marketplace/woven-cloth-for-uniforms/,use-cases,use-cases,moderate_overlap,knit fabric for blazers,rotated ontology / shared section shape,pairing-specific slice,pairing-specific slice,/marketplace/knit-cloth-for-blazers/,/marketplace/woven-cloth-for-uniforms/,KEEP as supporting note; parent hub owns the head term
/marketplace/woven-cloth-for-uniforms/,/marketplace/knit-cloth-for-uniforms/,use-cases,use-cases,moderate_overlap,woven fabric for uniforms,rotated ontology / shared section shape,pairing-specific slice,pairing-specific slice,/marketplace/woven-cloth-for-uniforms/,/marketplace/knit-cloth-for-uniforms/,KEEP as supporting note; parent hub owns the head term
/marketplace/knit-cloth-for-uniforms/,/marketplace/knit-cloth-for-skirts/,use-cases,use-cases,moderate_overlap,knit fabric for uniforms,rotated ontology / shared section shape,pairing-specific slice,pairing-specific slice,/marketplace/knit-cloth-for-uniforms/,/marketplace/knit-cloth-for-skirts/,KEEP as supporting note; parent hub owns the head term
/marketplace/woven-cloth-for-activewear/,/marketplace/knit-cloth-for-loungewear/,use-cases,use-cases,moderate_overlap,woven fabric for activewear,rotated ontology / shared section shape,pairing-specific slice,pairing-specific slice,/marketplace/woven-cloth-for-activewear/,/marketplace/knit-cloth-for-loungewear/,KEEP as supporting note; parent hub owns the head term
/marketplace/knit-cloth-for-activewear/,/marketplace/knit-cloth-for-outerwear/,use-cases,use-cases,high_overlap,knit fabric for activewear,rotated ontology / shared section shape,pairing-specific slice,pairing-specific slice,/marketplace/knit-cloth-for-activewear/,/marketplace/knit-cloth-for-outerwear/,KEEP as supporting note; parent hub owns the head term
/marketplace/woven-cloth-for-workwear/,/marketplace/knit-cloth-for-workwear/,use-cases,use-cases,high_overlap,woven fabric for workwear,rotated ontology / shared section shape,pairing-specific slice,pairing-specific slice,/marketplace/woven-cloth-for-workwear/,/marketplace/knit-cloth-for-workwear/,KEEP as supporting note; parent hub owns the head term
/marketplace/knit-cloth-for-workwear/,/marketplace/knit-cloth-for-outerwear/,use-cases,use-cases,high_overlap,knit fabric for workwear,rotated ontology / shared section shape,pairing-specific slice,pairing-specific slice,/marketplace/knit-cloth-for-workwear/,/marketplace/knit-cloth-for-outerwear/,KEEP as supporting note; parent hub owns the head term
/marketplace/woven-cloth-for-blouses/,/marketplace/knit-cloth-for-blouses/,use-cases,use-cases,moderate_overlap,woven fabric for blouses,rotated ontology / shared section shape,pairing-specific slice,pairing-specific slice,/marketplace/woven-cloth-for-blouses/,/marketplace/knit-cloth-for-blouses/,KEEP as supporting note; parent hub owns the head term
/marketplace/knit-cloth-for-blouses/,/marketplace/woven-cloth-for-skirts/,use-cases,use-cases,moderate_overlap,knit fabric for blouses,rotated ontology / shared section shape,pairing-specific slice,pairing-specific slice,/marketplace/knit-cloth-for-blouses/,/marketplace/woven-cloth-for-skirts/,KEEP as supporting note; parent hub owns the head term
/marketplace/woven-cloth-for-skirts/,/marketplace/knit-cloth-for-skirts/,use-cases,use-cases,moderate_overlap,woven fabric for skirts,rotated ontology / shared section shape,pairing-specific slice,pairing-specific slice,/marketplace/woven-cloth-for-skirts/,/marketplace/knit-cloth-for-skirts/,KEEP as supporting note; parent hub owns the head term
/marketplace/knit-cloth-for-skirts/,/marketplace/knit-cloth-for-outerwear/,use-cases,use-cases,moderate_overlap,knit fabric for skirts,rotated ontology / shared section shape,pairing-specific slice,pairing-specific slice,/marketplace/knit-cloth-for-skirts/,/marketplace/knit-cloth-for-outerwear/,KEEP as supporting note; parent hub owns the head term
/marketplace/woven-cloth-for-outerwear/,/marketplace/knit-cloth-for-loungewear/,use-cases,use-cases,moderate_overlap,woven fabric for outerwear,rotated ontology / shared section shape,pairing-specific slice,pairing-specific slice,/marketplace/woven-cloth-for-outerwear/,/marketplace/knit-cloth-for-loungewear/,KEEP as supporting note; parent hub owns the head term
/marketplace/knit-cloth-for-outerwear/,/marketplace/knit-cloth-for-loungewear/,use-cases,use-cases,high_overlap,knit fabric for outerwear,rotated ontology / shared section shape,pairing-specific slice,pairing-specific slice,/marketplace/knit-cloth-for-outerwear/,/marketplace/knit-cloth-for-loungewear/,KEEP as supporting note; parent hub owns the head term
/marketplace/woven-cloth-for-loungewear/,/marketplace/knit-cloth-for-loungewear/,use-cases,use-cases,high_overlap,woven fabric for loungewear,rotated ontology / shared section shape,pairing-specific slice,pairing-specific slice,/marketplace/woven-cloth-for-loungewear/,/marketplace/knit-cloth-for-loungewear/,KEEP as supporting note; parent hub owns the head term
/marketplace/woven-cloth-for-knitwear/,/marketplace/knit-cloth-for-knitwear/,use-cases,use-cases,moderate_overlap,woven fabric for knitwear,rotated ontology / shared section shape,pairing-specific slice,pairing-specific slice,/marketplace/woven-cloth-for-knitwear/,/marketplace/knit-cloth-for-knitwear/,KEEP as supporting note; parent hub owns the head term
/marketplace/clothing-brands-sourcing-cotton/,/marketplace/clothing-brands-sourcing-lyocell/,buyers,buyers,moderate_overlap,clothing brands sourcing cotton,rotated ontology / shared section shape,pairing-specific slice,pairing-specific slice,/marketplace/clothing-brands-sourcing-cotton/,/marketplace/clothing-brands-sourcing-lyocell/,KEEP as supporting note; parent hub owns the head term
/marketplace/clothing-brands-sourcing-linen/,/marketplace/manufacturers-sourcing-linen/,buyers,buyers,high_overlap,clothing brands sourcing linen,rotated ontology / shared section shape,pairing-specific slice,pairing-specific slice,/marketplace/clothing-brands-sourcing-linen/,/marketplace/manufacturers-sourcing-linen/,KEEP as supporting note; parent hub owns the head term
/marketplace/clothing-brands-sourcing-silk/,/marketplace/clothing-brands-sourcing-wool/,buyers,buyers,moderate_overlap,clothing brands sourcing silk,rotated ontology / shared section shape,pairing-specific slice,pairing-specific slice,/marketplace/clothing-brands-sourcing-silk/,/marketplace/clothing-brands-sourcing-wool/,KEEP as supporting note; parent hub owns the head term
/marketplace/clothing-brands-sourcing-wool/,/marketplace/manufacturers-sourcing-wool/,buyers,buyers,moderate_overlap,clothing brands sourcing wool,rotated ontology / shared section shape,pairing-specific slice,pairing-specific slice,/marketplace/clothing-brands-sourcing-wool/,/marketplace/manufacturers-sourcing-wool/,KEEP as supporting note; parent hub owns the head term
/marketplace/clothing-brands-sourcing-denim/,/marketplace/clothing-brands-sourcing-chiffon/,buyers,buyers,moderate_overlap,clothing brands sourcing denim,rotated ontology / shared section shape,pairing-specific slice,pairing-specific slice,/marketplace/clothing-brands-sourcing-denim/,/marketplace/clothing-brands-sourcing-chiffon/,KEEP as supporting note; parent hub owns the head term
/marketplace/clothing-brands-sourcing-polyester/,/marketplace/manufacturers-sourcing-polyester/,buyers,buyers,moderate_overlap,clothing brands sourcing polyester,rotated ontology / shared section shape,pairing-specific slice,pairing-specific slice,/marketplace/clothing-brands-sourcing-polyester/,/marketplace/manufacturers-sourcing-polyester/,KEEP as supporting note; parent hub owns the head term
/marketplace/clothing-brands-sourcing-viscose/,/marketplace/clothing-brands-sourcing-rayon/,buyers,buyers,moderate_overlap,clothing brands sourcing viscose,rotated ontology / shared section shape,pairing-specific slice,pairing-specific slice,/marketplace/clothing-brands-sourcing-viscose/,/marketplace/clothing-brands-sourcing-rayon/,KEEP as supporting note; parent hub owns the head term
/marketplace/clothing-brands-sourcing-rayon/,/marketplace/manufacturers-sourcing-rayon/,buyers,buyers,high_overlap,clothing brands sourcing rayon,rotated ontology / shared section shape,pairing-specific slice,pairing-specific slice,/marketplace/clothing-brands-sourcing-rayon/,/marketplace/manufacturers-sourcing-rayon/,KEEP as supporting note; parent hub owns the head term
/marketplace/clothing-brands-sourcing-jersey/,/marketplace/clothing-brands-sourcing-georgette/,buyers,buyers,moderate_overlap,clothing brands sourcing jersey,rotated ontology / shared section shape,pairing-specific slice,pairing-specific slice,/marketplace/clothing-brands-sourcing-jersey/,/marketplace/clothing-brands-sourcing-georgette/,KEEP as supporting note; parent hub owns the head term
/marketplace/clothing-brands-sourcing-velvet/,/marketplace/manufacturers-sourcing-velvet/,buyers,buyers,moderate_overlap,clothing brands sourcing velvet,rotated ontology / shared section shape,pairing-specific slice,pairing-specific slice,/marketplace/clothing-brands-sourcing-velvet/,/marketplace/manufacturers-sourcing-velvet/,KEEP as supporting note; parent hub owns the head term
/marketplace/clothing-brands-sourcing-chiffon/,/marketplace/clothing-brands-sourcing-french-terry/,buyers,buyers,high_overlap,clothing brands sourcing chiffon,rotated ontology / shared section shape,pairing-specific slice,pairing-specific slice,/marketplace/clothing-brands-sourcing-chiffon/,/marketplace/clothing-brands-sourcing-french-terry/,KEEP as supporting note; parent hub owns the head term
/marketplace/clothing-brands-sourcing-georgette/,/marketplace/clothing-brands-sourcing-french-terry/,buyers,buyers,moderate_overlap,clothing brands sourcing georgette,rotated ontology / shared section shape,pairing-specific slice,pairing-specific slice,/marketplace/clothing-brands-sourcing-georgette/,/marketplace/clothing-brands-sourcing-french-terry/,KEEP as supporting note; parent hub owns the head term
/marketplace/clothing-brands-sourcing-poplin/,/marketplace/manufacturers-sourcing-poplin/,buyers,buyers,high_overlap,clothing brands sourcing poplin,rotated ontology / shared section shape,pairing-specific slice,pairing-specific slice,/marketplace/clothing-brands-sourcing-poplin/,/marketplace/manufacturers-sourcing-poplin/,KEEP as supporting note; parent hub owns the head term
/marketplace/clothing-brands-sourcing-satin/,/marketplace/manufacturers-sourcing-satin/,buyers,buyers,high_overlap,clothing brands sourcing satin,rotated ontology / shared section shape,pairing-specific slice,pairing-specific slice,/marketplace/clothing-brands-sourcing-satin/,/marketplace/manufacturers-sourcing-satin/,KEEP as supporting note; parent hub owns the head term
/marketplace/clothing-brands-sourcing-crepe/,/marketplace/clothing-brands-sourcing-twill/,buyers,buyers,moderate_overlap,clothing brands sourcing crepe,rotated ontology / shared section shape,pairing-specific slice,pairing-specific slice,/marketplace/clothing-brands-sourcing-crepe/,/marketplace/clothing-brands-sourcing-twill/,KEEP as supporting note; parent hub owns the head term
/marketplace/clothing-brands-sourcing-canvas/,/marketplace/clothing-brands-sourcing-twill/,buyers,buyers,moderate_overlap,clothing brands sourcing canvas,rotated ontology / shared section shape,pairing-specific slice,pairing-specific slice,/marketplace/clothing-brands-sourcing-canvas/,/marketplace/clothing-brands-sourcing-twill/,KEEP as supporting note; parent hub owns the head term
/marketplace/clothing-brands-sourcing-oxford/,/marketplace/clothing-brands-sourcing-twill/,buyers,buyers,moderate_overlap,clothing brands sourcing oxford,rotated ontology / shared section shape,pairing-specific slice,pairing-specific slice,/marketplace/clothing-brands-sourcing-oxford/,/marketplace/clothing-brands-sourcing-twill/,KEEP as supporting note; parent hub owns the head term
/marketplace/clothing-brands-sourcing-twill/,/marketplace/clothing-brands-sourcing-french-terry/,buyers,buyers,moderate_overlap,clothing brands sourcing twill,rotated ontology / shared section shape,pairing-specific slice,pairing-specific slice,/marketplace/clothing-brands-sourcing-twill/,/marketplace/clothing-brands-sourcing-french-terry/,KEEP as supporting note; parent hub owns the head term
/marketplace/clothing-brands-sourcing-french-terry/,/marketplace/manufacturers-sourcing-french-terry/,buyers,buyers,moderate_overlap,clothing brands sourcing french terry,rotated ontology / shared section shape,pairing-specific slice,pairing-specific slice,/marketplace/clothing-brands-sourcing-french-terry/,/marketplace/manufacturers-sourcing-french-terry/,KEEP as supporting note; parent hub owns the head term
/marketplace/clothing-brands-sourcing-lyocell/,/marketplace/manufacturers-sourcing-rayon/,buyers,buyers,moderate_overlap,clothing brands sourcing lyocell,rotated ontology / shared section shape,pairing-specific slice,pairing-specific slice,/marketplace/clothing-brands-sourcing-lyocell/,/marketplace/manufacturers-sourcing-rayon/,KEEP as supporting note; parent hub owns the head term
/marketplace/manufacturers-sourcing-cotton/,/marketplace/manufacturers-sourcing-rayon/,buyers,buyers,moderate_overlap,manufacturers sourcing cotton,rotated ontology / shared section shape,pairing-specific slice,pairing-specific slice,/marketplace/manufacturers-sourcing-cotton/,/marketplace/manufacturers-sourcing-rayon/,KEEP as supporting note; parent hub owns the head term
/marketplace/manufacturers-sourcing-linen/,/marketplace/manufacturers-sourcing-satin/,buyers,buyers,moderate_overlap,manufacturers sourcing linen,rotated ontology / shared section shape,pairing-specific slice,pairing-specific slice,/marketplace/manufacturers-sourcing-linen/,/marketplace/manufacturers-sourcing-satin/,KEEP as supporting note; parent hub owns the head term
/marketplace/manufacturers-sourcing-silk/,/marketplace/manufacturers-sourcing-wool/,buyers,buyers,moderate_overlap,manufacturers sourcing silk,rotated ontology / shared section shape,pairing-specific slice,pairing-specific slice,/marketplace/manufacturers-sourcing-silk/,/marketplace/manufacturers-sourcing-wool/,KEEP as supporting note; parent hub owns the head term
/marketplace/manufacturers-sourcing-wool/,/marketplace/manufacturers-sourcing-chiffon/,buyers,buyers,moderate_overlap,manufacturers sourcing wool,rotated ontology / shared section shape,pairing-specific slice,pairing-specific slice,/marketplace/manufacturers-sourcing-wool/,/marketplace/manufacturers-sourcing-chiffon/,KEEP as supporting note; parent hub owns the head term
/marketplace/manufacturers-sourcing-denim/,/marketplace/manufacturers-sourcing-chiffon/,buyers,buyers,moderate_overlap,manufacturers sourcing denim,rotated ontology / shared section shape,pairing-specific slice,pairing-specific slice,/marketplace/manufacturers-sourcing-denim/,/marketplace/manufacturers-sourcing-chiffon/,KEEP as supporting note; parent hub owns the head term
/marketplace/manufacturers-sourcing-polyester/,/marketplace/manufacturers-sourcing-viscose/,buyers,buyers,moderate_overlap,manufacturers sourcing polyester,rotated ontology / shared section shape,pairing-specific slice,pairing-specific slice,/marketplace/manufacturers-sourcing-polyester/,/marketplace/manufacturers-sourcing-viscose/,KEEP as supporting note; parent hub owns the head term
/marketplace/manufacturers-sourcing-viscose/,/marketplace/manufacturers-sourcing-rayon/,buyers,buyers,moderate_overlap,manufacturers sourcing viscose,rotated ontology / shared section shape,pairing-specific slice,pairing-specific slice,/marketplace/manufacturers-sourcing-viscose/,/marketplace/manufacturers-sourcing-rayon/,KEEP as supporting note; parent hub owns the head term
/marketplace/manufacturers-sourcing-rayon/,/marketplace/manufacturers-sourcing-chiffon/,buyers,buyers,moderate_overlap,manufacturers sourcing rayon,rotated ontology / shared section shape,pairing-specific slice,pairing-specific slice,/marketplace/manufacturers-sourcing-rayon/,/marketplace/manufacturers-sourcing-chiffon/,KEEP as supporting note; parent hub owns the head term
/marketplace/manufacturers-sourcing-jersey/,/marketplace/manufacturers-sourcing-chiffon/,buyers,buyers,moderate_overlap,manufacturers sourcing jersey,rotated ontology / shared section shape,pairing-specific slice,pairing-specific slice,/marketplace/manufacturers-sourcing-jersey/,/marketplace/manufacturers-sourcing-chiffon/,KEEP as supporting note; parent hub owns the head term
/marketplace/manufacturers-sourcing-velvet/,/marketplace/manufacturers-sourcing-chiffon/,buyers,buyers,moderate_overlap,manufacturers sourcing velvet,rotated ontology / shared section shape,pairing-specific slice,pairing-specific slice,/marketplace/manufacturers-sourcing-velvet/,/marketplace/manufacturers-sourcing-chiffon/,KEEP as supporting note; parent hub owns the head term
/marketplace/manufacturers-sourcing-chiffon/,/marketplace/manufacturers-sourcing-georgette/,buyers,buyers,moderate_overlap,manufacturers sourcing chiffon,rotated ontology / shared section shape,pairing-specific slice,pairing-specific slice,/marketplace/manufacturers-sourcing-chiffon/,/marketplace/manufacturers-sourcing-georgette/,KEEP as supporting note; parent hub owns the head term
/marketplace/manufacturers-sourcing-georgette/,/marketplace/manufacturers-sourcing-french-terry/,buyers,buyers,moderate_overlap,manufacturers sourcing georgette,rotated ontology / shared section shape,pairing-specific slice,pairing-specific slice,/marketplace/manufacturers-sourcing-georgette/,/marketplace/manufacturers-sourcing-french-terry/,KEEP as supporting note; parent hub owns the head term
/marketplace/manufacturers-sourcing-poplin/,/marketplace/manufacturers-sourcing-satin/,buyers,buyers,moderate_overlap,manufacturers sourcing poplin,rotated ontology / shared section shape,pairing-specific slice,pairing-specific slice,/marketplace/manufacturers-sourcing-poplin/,/marketplace/manufacturers-sourcing-satin/,KEEP as supporting note; parent hub owns the head term
/marketplace/manufacturers-sourcing-satin/,/marketplace/manufacturers-sourcing-oxford/,buyers,buyers,moderate_overlap,manufacturers sourcing satin,rotated ontology / shared section shape,pairing-specific slice,pairing-specific slice,/marketplace/manufacturers-sourcing-satin/,/marketplace/manufacturers-sourcing-oxford/,KEEP as supporting note; parent hub owns the head term
/marketplace/manufacturers-sourcing-crepe/,/marketplace/manufacturers-sourcing-french-terry/,buyers,buyers,moderate_overlap,manufacturers sourcing crepe,rotated ontology / shared section shape,pairing-specific slice,pairing-specific slice,/marketplace/manufacturers-sourcing-crepe/,/marketplace/manufacturers-sourcing-french-terry/,KEEP as supporting note; parent hub owns the head term
/marketplace/manufacturers-sourcing-canvas/,/marketplace/manufacturers-sourcing-french-terry/,buyers,buyers,moderate_overlap,manufacturers sourcing canvas,rotated ontology / shared section shape,pairing-specific slice,pairing-specific slice,/marketplace/manufacturers-sourcing-canvas/,/marketplace/manufacturers-sourcing-french-terry/,KEEP as supporting note; parent hub owns the head term
/marketplace/manufacturers-sourcing-oxford/,/marketplace/manufacturers-sourcing-french-terry/,buyers,buyers,moderate_overlap,manufacturers sourcing oxford,rotated ontology / shared section shape,pairing-specific slice,pairing-specific slice,/marketplace/manufacturers-sourcing-oxford/,/marketplace/manufacturers-sourcing-french-terry/,KEEP as supporting note; parent hub owns the head term
/marketplace/manufacturers-sourcing-twill/,/marketplace/manufacturers-sourcing-french-terry/,buyers,buyers,moderate_overlap,manufacturers sourcing twill,rotated ontology / shared section shape,pairing-specific slice,pairing-specific slice,/marketplace/manufacturers-sourcing-twill/,/marketplace/manufacturers-sourcing-french-terry/,KEEP as supporting note; parent hub owns the head term
