URL,page_type,cluster,indexable,noindex,canonical,sitemap,title,meta_description,H1,H2s,word_count,meaningful_body_word_count,primary_topic,search_intent,image,image_alt,internal_inlinks,internal_outlinks,crawl_depth,duplicate_risk,page_value,content_grade,redirect_to
/,,,yes,no,/,yes,FabStitch | B2B Fabric Marketplace & Fabric Sourcing,"Discover apparel, fashion, and manufacturing fabrics on FabStitch, a B2B marketplace for sourcing cloth by material and use.",Find fabric that fits your vision.,,335,295,FabStitch fabric marketplace,brand,,,,10,,,supporting,C,
/marketplace/,,,yes,no,/marketplace/,yes,B2B Fabric Marketplace & Fabric Sourcing,"Search FabStitch by material, construction, season, and use, then open a fabric page and inquire on the cloth that fits.",Discover fabrics for what comes next.,,333,293,fabric marketplace,commercial,,,,26,,,supporting,C,
/fabrics/,,,yes,no,/fabrics/,yes,Explore Fabrics by Material and Use,"Browse FabStitch fabrics by collection, construction, and Best For use, then open a page for composition, weight, and care.","Find the fabric, then read the detail.",,314,274,fabric materials,commercial_investigation,,,,9,,,supporting,C,
/fabric-sourcing/,,,yes,no,/fabric-sourcing/,yes,Fabric Sourcing for Clothing Brands,"Learn fabric sourcing for clothing brands and designers — briefs, composition, construction, weight, sampling and inquiry — then explore FabStitch.",Fabric sourcing for clothing lines and designers,,759,719,fabric sourcing,commercial,,,,28,,,high,A,
/wholesale-fabric/,,,yes,no,/wholesale-fabric/,yes,Wholesale Fabric for Brands & Production,"Explore wholesale fabric for brands and bulk programmes. Compare composition, construction and weight, then inquire with commercial quantity on.",Wholesale fabric for commercial clothing programmes,,668,628,wholesale fabric,commercial,,,,34,,,medium,B,
/fabrics/clothing/,,,yes,no,/fabrics/clothing/,yes,Clothing Fabric for Apparel & Fashion for Apparel,"Explore clothing fabric for shirts, dresses, trousers, jackets and coats. Compare composition, construction and weight, then inquire on FabStitch.",Clothing Fabric for Apparel & Fashion,,624,584,clothing fabric,commercial_investigation,,,,39,,,medium,B,
/fabrics/apparel/,,,yes,no,/fabrics/apparel/,yes,Apparel Fabric for Clothing Brands & for Apparel,"Source apparel fabric for brands and manufacturers. Compare documented specs, production use cases and Best For edits, then inquire on FabStitch.",Apparel Fabric for Clothing Production,,493,453,apparel fabric,commercial_investigation,,,,29,,,medium,B,
/fabrics/fashion/,,,yes,no,/fabrics/fashion/,yes,Fashion Fabrics for Designers & Brands Use Notes,"Discover fashion fabrics for designers and brands — drape, texture, sheers, seasonal edits and boutique programmes — then inquire on FabStitch.",Fashion Fabrics for Designers & Brands,,480,440,fashion fabric,commercial_investigation,,,,28,,,medium,B,
/fabrics/shirt-fabric/,,,yes,no,/fabrics/shirt-fabric/,yes,"Shirt Fabric Types, Weaves & Materials Use Notes","Compare shirt fabric types — cotton poplin, linen, twill-ready constructions and dress-shirt materials. Read weave and weight guidance, then inquire on",Shirt fabric for dress shirts and everyday shirts,,541,501,shirt fabric,commercial_investigation,,,,28,,,medium,B,
/fabrics/dress-fabric/,,,yes,no,/fabrics/dress-fabric/,yes,Dress Fabric Types for Dressmaking & Apparel,"Explore fabric for dresses: cotton, linen, silk sheers and fluid constructions. Compare drape, opacity and weight, then inquire on FabStitch.","Fabric for dresses — types, drape and weight",,449,409,fabric for dresses,commercial_investigation,,,,28,,,medium,B,
/fabrics/wool-fabric/,,,yes,no,/fabrics/wool-fabric/,yes,"Wool Fabric for Apparel, Tailoring & Outerwear","Explore wool fabric for apparel — woven wool, tailoring cloths, textures and outerwear directions. Compare composition and construction, then inquire.","Wool fabric for clothing, tailoring and coats",,421,381,wool fabric,commercial_investigation,,,,27,,,medium,B,
/collections/,,,yes,no,/collections/,yes,"Fabric Collections: Cotton, Linen, Silk","Browse FabStitch fabric collections — linen, cotton, silk, denim, technical outerwear, and home textiles — then open individual fabrics for.",Start with the material.,,315,275,fabric collections,commercial_investigation,,,,18,,,supporting,C,
/fabrics/best-for/,,,yes,no,/fabrics/best-for/,yes,"Fabrics by Use: Shirts, Dresses & More","Start with the garment you are making and compare FabStitch fabrics already grouped for shirts, dresses, or another use.",Find fabric for what you are making.,,313,273,best fabrics by use,commercial_investigation,,,,17,,,supporting,C,
/guides/,,,yes,no,/guides/,yes,"Fabric Guides for Weight, Weave & Use","Read FabStitch guides on fabric weight, composition, weaves, and how to choose cloth for shirts, dresses, and production.",Fabric knowledge for better sourcing.,,303,263,fabric education,informational,,,,28,,,supporting,C,
/help/,,,yes,no,/help/,yes,"FabStitch Help: Search, Inquiries, Account","Find help on discovering fabrics, sending an inquiry, and managing an account. Support answers questions that need a person.",How can we help?,,0,0,FabStitch help,support,,,,17,,,thin,D,
/about/,,,yes,no,/about/,yes,About FabStitch: Fabric Discovery & Sourcing,Why FabStitch exists and how a material-first fabric storefront makes product discovery and comparison clearer. See how About FabStitch relates to.,"Material decisions, made clearer.",,313,273,about FabStitch,brand,,,,3,,,supporting,C,
/how-it-works/,,,yes,no,/how-it-works/,yes,How FabStitch Works: Discover & Source,"See how FabStitch connects discovery, search, Best For guidance, fabric specifications, quantity, and a sourcing inquiry.",From an idea to the right fabric.,,306,266,how FabStitch works,navigational,,,,3,,,supporting,C,
/contact/,,,yes,no,/contact/,yes,Contact FabStitch about Fabric Sourcing,"Contact FabStitch about a fabric, the marketplace, an order or how the product works. See how Contact relates to construction, weight, and apparel use.",Let’s talk fabrics.,,307,267,contact FabStitch,navigational,,,,3,,,supporting,C,
/support/,,,no,yes,/support/,no,Need help with something specific? Fabric Notes,"Contact FabStitch for fabric inquiries, sourcing questions, account issues, and help using the platform. See how Need help with something specific?",Need help with something specific?,,0,0,FabStitch support,support,,,,2,,,low,D,
/fabrics/european-flax-linen/,,,yes,no,/fabrics/european-flax-linen/,yes,European Flax Linen for apparel sourcing,"Explore European Flax Linen in the FabStitch 2027 collection, with 100% flax. Best for Shirts, Trousers, Dresses. See how European Flax Linen relates.",European Flax Linen,,405,365,European Flax Linen fabric,commercial_investigation,,,,3,,,medium,B,
/fabrics/linen-cotton/,,,yes,no,/fabrics/linen-cotton/,yes,Linen–Cotton for apparel sourcing Fabric Notes,"Explore Linen–Cotton in the FabStitch 2027 collection, with 55% linen / 45% cotton / 70% linen / 30% cotton. Best for Shirts, Chore jackets, Bottoms.",Linen–Cotton,,407,367,Linen–Cotton fabric,commercial_investigation,,,,3,,,medium,B,
/fabrics/linen-silk/,,,no,yes,/fabrics/linen-silk/,no,Linen–Silk for apparel sourcing buyer notes,"Explore Linen–Silk in the FabStitch 2027 collection, with 70% linen / 30% mulberry silk. Best for Knitwear, Dresses, Resortwear.",Linen–Silk,,398,358,Linen–Silk fabric,commercial_investigation,,,,3,,,low,B,
/fabrics/linen-viscose/,,,no,yes,/fabrics/linen-viscose/,no,Linen–Viscose for apparel sourcing Fabric Notes,"Explore Linen–Viscose in the FabStitch 2027 collection, with 55% linen / 45% viscose. Drapey. Best for Trousers, Soft tailoring.",Linen–Viscose,,394,354,Linen–Viscose fabric,commercial_investigation,,,,3,,,low,B,
/fabrics/linen-lyocell/,,,no,yes,/fabrics/linen-lyocell/,no,Linen–Lyocell for apparel sourcing Fabric Notes,"Explore Linen–Lyocell in the FabStitch 2027 collection, with 55% linen / 45% lyocell. Drapey. Best for Trousers, Soft tailoring.",Linen–Lyocell,,394,354,Linen–Lyocell fabric,commercial_investigation,,,,3,,,low,B,
/fabrics/cotton-poplin/,,,yes,no,/fabrics/cotton-poplin/,yes,Cotton Poplin for apparel sourcing Fabric Notes,"Explore Cotton Poplin in the FabStitch 2027 collection, with Cotton. Crisp, Translucent. Best for Shirts. See how Cotton Poplin relates to.",Cotton Poplin,,381,341,Cotton Poplin fabric,commercial_investigation,,,,2,,,supporting,C,
/fabrics/cotton-voile/,,,yes,no,/fabrics/cotton-voile/,yes,Cotton Voile for apparel sourcing Fabric Notes,"Explore Cotton Voile in the FabStitch 2027 collection, with Cotton. Crisp, Translucent. Best for Shirts. See how Cotton Voile relates to construction.",Cotton Voile,,381,341,Cotton Voile fabric,commercial_investigation,,,,2,,,supporting,C,
/fabrics/cotton-organdy/,,,no,yes,/fabrics/cotton-organdy/,no,Cotton Organdy for apparel sourcing Fabric Notes,"Explore Cotton Organdy in the FabStitch 2027 collection, with Cotton. Stiff, Sheer, Holds volume. Best for Layering pieces.",Cotton Organdy,,392,352,Cotton Organdy fabric,commercial_investigation,,,,2,,,low,B,
/fabrics/cotton-boucle-yarn/,,,no,yes,/fabrics/cotton-boucle-yarn/,no,Cotton Bouclé Yarn for apparel sourcing Use Notes,"Explore Cotton Bouclé Yarn in the FabStitch 2027 collection, with 100% cotton. Volume without weight. Best for Knitwear.",Cotton Bouclé Yarn,,391,351,Cotton Bouclé Yarn fabric,commercial_investigation,,,,2,,,low,B,
/fabrics/cotton-seersucker/,,,yes,no,/fabrics/cotton-seersucker/,yes,Cotton Seersucker for apparel sourcing Use Notes,"Explore Cotton Seersucker in the FabStitch 2027 collection, with Cotton. Puckered surface, No pressing. See how Cotton Seersucker relates to.",Cotton Seersucker,,395,355,Cotton Seersucker fabric,commercial_investigation,,,,1,,,medium,B,
/fabrics/crinkle-cotton/,,,no,yes,/fabrics/crinkle-cotton/,no,Crinkle Cotton for apparel sourcing Fabric Notes,"Explore Crinkle Cotton in the FabStitch 2027 collection, with Cotton. Puckered surface, No pressing. See how Crinkle Cotton relates to construction.",Crinkle Cotton,,395,355,Crinkle Cotton fabric,commercial_investigation,,,,1,,,low,B,
/fabrics/slub-cotton/,,,no,yes,/fabrics/slub-cotton/,no,Slub Cotton for apparel sourcing buyer notes,"Explore Slub Cotton in the FabStitch 2027 collection, with Cotton. Irregular yarn, Handmade character. See how Slub Cotton relates to construction.",Slub Cotton,,395,355,Slub Cotton fabric,commercial_investigation,,,,1,,,low,B,
/fabrics/khadi-effect-cotton/,,,no,yes,/fabrics/khadi-effect-cotton/,no,Khadi-Effect Cotton for apparel sourcing,"Explore Khadi-Effect Cotton in the FabStitch 2027 collection, with Cotton. Irregular yarn, Handmade character. See how Khadi-Effect Cotton relates to.",Khadi-Effect Cotton,,395,355,Khadi-Effect Cotton fabric,commercial_investigation,,,,1,,,low,B,
/fabrics/silk-chiffon/,,,yes,no,/fabrics/silk-chiffon/,yes,Silk Chiffon for apparel sourcing Fabric Notes,"Explore Silk Chiffon in the FabStitch 2027 collection, with Silk. Sheer, Floating. Best for Dresses, Blouses, Scarves. See how Silk Chiffon relates to.",Silk Chiffon,,393,353,Silk Chiffon fabric,commercial_investigation,,,,3,,,medium,B,
/fabrics/silk-georgette/,,,yes,no,/fabrics/silk-georgette/,yes,Silk Georgette for apparel sourcing Fabric Notes,"Explore Silk Georgette in the FabStitch 2027 collection, with Silk. Crinkled, Slightly heavier than chiffon, Better drape. Best for Dresses, Trousers.",Silk Georgette,,401,361,Silk Georgette fabric,commercial_investigation,,,,3,,,medium,B,
/fabrics/silk-organza/,,,no,yes,/fabrics/silk-organza/,no,Silk Organza for apparel sourcing Fabric Notes,"Explore Silk Organza in the FabStitch 2027 collection, with Silk. Sheer, Stiff, Holds shape. Best for Volume sleeves, Overlays, Ruffles.",Silk Organza,,400,360,Silk Organza fabric,commercial_investigation,,,,1,,,low,B,
/fabrics/silk-taffeta/,,,no,yes,/fabrics/silk-taffeta/,no,Silk Taffeta for apparel sourcing Fabric Notes,"Explore Silk Taffeta in the FabStitch 2027 collection, with Silk. Crisp, Papery rustle. Best for Occasionwear, Full skirts, Lightweight outerwear.",Silk Taffeta,,392,352,Silk Taffeta fabric,commercial_investigation,,,,3,,,low,B,
/fabrics/crepe-de-chine/,,,no,yes,/fabrics/crepe-de-chine/,no,Crepe de Chine for apparel sourcing Fabric Notes,"Explore Crepe de Chine in the FabStitch 2027 collection, with Silk. Matte, Fluid, Hangs close to the body. Best for Slip dresses, Shirts, Linings.",Crepe de Chine,,410,370,Crepe de Chine fabric,commercial_investigation,,,,3,,,low,B,
/fabrics/silk-habotai/,,,no,yes,/fabrics/silk-habotai/,no,Silk Habotai for apparel sourcing Fabric Notes,"Explore Silk Habotai in the FabStitch 2027 collection, with Silk. Thin, Smooth. Best for Linings, Scarves. See how Silk Habotai relates to.",Silk Habotai,,396,356,Silk Habotai fabric,commercial_investigation,,,,1,,,low,B,
/fabrics/silk-dupion/,,,no,yes,/fabrics/silk-dupion/,no,Silk Dupion for apparel sourcing buyer notes,"Explore Silk Dupion in the FabStitch 2027 collection, with Silk. Slubby, Irregular, High sheen. Best for Jackets, Occasionwear, Home textiles /.",Silk Dupion,,402,362,Silk Dupion fabric,commercial_investigation,,,,3,,,low,B,
/fabrics/silk-boucle/,,,no,yes,/fabrics/silk-boucle/,no,Silk Bouclé for apparel sourcing buyer notes,"Explore Silk Bouclé in the FabStitch 2027 collection, with 99% silk / 1% bouclé yarn. Lightly elasticized, Structured, Natural silk lustre.",Silk Bouclé,,410,370,Silk Bouclé fabric,commercial_investigation,,,,2,,,low,B,
/fabrics/merino-roica-stretch-tailoring/,,,no,yes,/fabrics/merino-roica-stretch-tailoring/,no,Merino + Roica Stretch Tailoring Fabric Notes,"Explore Merino + Roica Stretch Tailoring in the FabStitch 2027 collection, with Merino wool with Roica elastomer. Wrinkle resistant, Elastic.",Merino + Roica Stretch Tailoring,,434,394,Merino + Roica Stretch Tailoring fabric,commercial_investigation,,,,2,,,low,B,
/fabrics/wool-silk-bi-stretch/,,,no,yes,/fabrics/wool-silk-bi-stretch/,no,Wool–Silk Bi-Stretch Fabric Notes Fabric Notes,"Explore Wool–Silk Bi-Stretch in the FabStitch 2027 collection, with Wool and silk. Natural bi-stretch, Lightweight, Crease resistant, Breathable.",Wool–Silk Bi-Stretch,,410,370,Wool–Silk Bi-Stretch fabric,commercial_investigation,,,,2,,,low,B,
/fabrics/wool-linen-open-weave/,,,no,yes,/fabrics/wool-linen-open-weave/,no,Wool–Linen Open Weave Fabric Notes Fabric Notes,"Explore Wool–Linen Open Weave in the FabStitch 2027 collection, with Wool and linen. Best for Unstructured jackets. See how Wool–Linen Open Weave.",Wool–Linen Open Weave,,407,367,Wool–Linen Open Weave fabric,commercial_investigation,,,,2,,,low,B,
/fabrics/wool-mohair-open-weave/,,,no,yes,/fabrics/wool-mohair-open-weave/,no,Wool–Mohair Open Weave Fabric Notes Fabric Notes,"Explore Wool–Mohair Open Weave in the FabStitch 2027 collection, with Wool and mohair. Best for Unstructured jackets. See how Wool–Mohair Open Weave.",Wool–Mohair Open Weave,,407,367,Wool–Mohair Open Weave fabric,commercial_investigation,,,,2,,,low,B,
/fabrics/tropical-wool-super-110s-130s/,,,no,yes,/fabrics/tropical-wool-super-110s-130s/,no,Super 110s–130s Tropical Wool Fabric Notes,"Explore Super 110s–130s Tropical Wool in the FabStitch 2027 collection, with Wool. Best for Suiting. See how Super 110s–130s Tropical Wool relates to.",Super 110s–130s Tropical Wool,,413,373,Super 110s–130s Tropical Wool fabric,commercial_investigation,,,,2,,,low,B,
/fabrics/open-stitch-knit/,,,no,yes,/fabrics/open-stitch-knit/,no,Open-Stitch Knit for apparel sourcing for Apparel,"Explore Open-Stitch Knit in the FabStitch 2027 collection, with Cotton, linen or blends. Best for Resortwear. See how Open-Stitch Knit relates to.",Open-Stitch Knit,,393,353,Open-Stitch Knit fabric,commercial_investigation,,,,2,,,low,B,
/fabrics/pointelle-knit/,,,yes,no,/fabrics/pointelle-knit/,yes,Pointelle Knit for apparel sourcing Fabric Notes,"Explore Pointelle Knit in the FabStitch 2027 collection, with Cotton, linen or blends. Best for Resortwear. See how Pointelle Knit relates to.",Pointelle Knit,,391,351,Pointelle Knit fabric,commercial_investigation,,,,2,,,medium,B,
/fabrics/crochet-effect-knit/,,,no,yes,/fabrics/crochet-effect-knit/,no,Crochet-Effect Knit for apparel sourcing,"Explore Crochet-Effect Knit in the FabStitch 2027 collection, with Cotton, linen or blends. Best for Resortwear. See how Crochet-Effect Knit relates to",Crochet-Effect Knit,,393,353,Crochet-Effect Knit fabric,commercial_investigation,,,,2,,,low,B,
/fabrics/fine-gauge-semi-sheer-knit/,,,no,yes,/fabrics/fine-gauge-semi-sheer-knit/,no,Fine-Gauge Semi-Sheer Knit Fabric Notes Use Notes,"Explore Fine-Gauge Semi-Sheer Knit in the FabStitch 2027 collection, with Silk / Silk-cotton / Fine merino. Semi-sheer. Best for Layering pieces.",Fine-Gauge Semi-Sheer Knit,,407,367,Fine-Gauge Semi-Sheer Knit fabric,commercial_investigation,,,,2,,,low,B,
/fabrics/cotton-boucle-knit/,,,no,yes,/fabrics/cotton-boucle-knit/,no,Cotton Bouclé Knit for apparel sourcing Use Notes,"Explore Cotton Bouclé Knit in the FabStitch 2027 collection, with Cotton. Volume without weight. Best for Knitwear. See how Cotton Bouclé Knit relates.",Cotton Bouclé Knit,,394,354,Cotton Bouclé Knit fabric,commercial_investigation,,,,2,,,low,B,
/fabrics/linen-boucle-knit/,,,no,yes,/fabrics/linen-boucle-knit/,no,Linen Bouclé Knit for apparel sourcing Use Notes,"Explore Linen Bouclé Knit in the FabStitch 2027 collection, with Linen. Volume without weight. Best for Knitwear. See how Linen Bouclé Knit relates to.",Linen Bouclé Knit,,394,354,Linen Bouclé Knit fabric,commercial_investigation,,,,2,,,low,B,
/fabrics/lightweight-merino-knit/,,,no,yes,/fabrics/lightweight-merino-knit/,no,Lightweight Merino Knit Fabric Notes for Apparel,"Explore Lightweight Merino Knit in the FabStitch 2027 collection, with Merino wool. Lightweight, Shoulder-season weight. Best for Layering pieces.",Lightweight Merino Knit,,405,365,Lightweight Merino Knit fabric,commercial_investigation,,,,2,,,low,B,
/fabrics/stretch-woven-compression/,,,yes,no,/fabrics/stretch-woven-compression/,yes,Stretch-Woven Compression Fabric Notes Use Notes,"Explore Stretch-Woven Compression in the FabStitch 2027 collection. Compression, Barely-there performance. Best for Baselayers.",Stretch-Woven Compression,,386,346,Stretch-Woven Compression fabric,commercial_investigation,,,,2,,,supporting,C,
/fabrics/crossover-swimwear-fabric/,,,no,yes,/fabrics/crossover-swimwear-fabric/,no,Crossover Swimwear Fabric Fabric Notes Use Notes,"Explore Crossover Swimwear Fabric in the FabStitch 2027 collection. Designed to cross over beyond swimwear. Best for Swimwear, Citywear, Loungewear.",Crossover Swimwear Fabric,,406,366,Crossover Swimwear Fabric,commercial_investigation,,,,3,,,low,B,
/fabrics/cooling-performance-construction/,,,no,yes,/fabrics/cooling-performance-construction/,no,Cooling Performance Construction Fabric Notes,"Explore Cooling Performance Construction in the FabStitch 2027 collection. Cooling, Long-lasting fresh feel, Year-round use. Best for Activewear.",Cooling Performance Construction,,404,364,Cooling Performance Construction fabric,commercial_investigation,,,,2,,,low,B,
/fabrics/ultra-light-semi-sheer-lounge-knit/,,,no,yes,/fabrics/ultra-light-semi-sheer-lounge-knit/,no,Ultra-Light Semi-Sheer Lounge Knit Fabric Notes,"Explore Ultra-Light Semi-Sheer Lounge Knit in the FabStitch 2027 collection. Ultra-light, Semi-sheer. Best for Loungewear.",Ultra-Light Semi-Sheer Lounge Knit,,397,357,Ultra-Light Semi-Sheer Lounge Knit fabric,commercial_investigation,,,,2,,,low,B,
/fabrics/retro-sportif-knit/,,,no,yes,/fabrics/retro-sportif-knit/,no,Retro Sportif Knit for apparel sourcing Use Notes,Explore Retro Sportif Knit in the FabStitch 2027 collection. 1990s soccer and basketball kit reference. Best for Activewear.,Retro Sportif Knit,,402,362,Retro Sportif Knit fabric,commercial_investigation,,,,2,,,low,B,
/fabrics/melton/,,,yes,no,/fabrics/melton/,yes,Melton for apparel sourcing buyer notes Use Notes,"Explore Melton in the FabStitch 2027 collection, with Wool / Wool blend. Cut edges need no finishing. Best for Coats. See how Melton relates to.",Melton,,385,345,Melton fabric,commercial_investigation,,,,2,,,supporting,C,
/fabrics/boiled-wool/,,,yes,no,/fabrics/boiled-wool/,yes,Boiled Wool for apparel sourcing buyer notes,"Explore Boiled Wool in the FabStitch 2027 collection, with Wool. Best for Jackets, Unlined coats, Soft tailoring. See how Boiled Wool relates to.",Boiled Wool,,388,348,Boiled Wool fabric,commercial_investigation,,,,3,,,supporting,C,
/fabrics/double-face-wool/,,,no,yes,/fabrics/double-face-wool/,no,Double-Face Wool for apparel sourcing for Apparel,"Explore Double-Face Wool in the FabStitch 2027 collection, with Wool. Reversible. Best for Unlined coats. See how Double-Face Wool relates to.",Double-Face Wool,,387,347,Double-Face Wool fabric,commercial_investigation,,,,2,,,low,C,
/fabrics/brushed-flannel/,,,no,yes,/fabrics/brushed-flannel/,no,Brushed Flannel for apparel sourcing for Apparel,"Explore Brushed Flannel in the FabStitch 2027 collection, with Wool / Cotton. Best for Shirts, Trousers, Suiting. See how Brushed Flannel relates to.",Brushed Flannel,,386,346,Brushed Flannel fabric,commercial_investigation,,,,3,,,low,C,
/fabrics/mohair-blend/,,,no,yes,/fabrics/mohair-blend/,no,Mohair Blend for apparel sourcing Fabric Notes,"Explore Mohair Blend in the FabStitch 2027 collection, with Mohair blend. Long hair fibre, Halo effect. Best for Coats, Statement knits.",Mohair Blend,,396,356,Mohair Blend fabric,commercial_investigation,,,,3,,,low,B,
/fabrics/alpaca-blend/,,,no,yes,/fabrics/alpaca-blend/,no,Alpaca Blend for apparel sourcing Fabric Notes,"Explore Alpaca Blend in the FabStitch 2027 collection, with Alpaca blend. Long hair fibre, Halo effect. Best for Coats, Statement knits.",Alpaca Blend,,396,356,Alpaca Blend fabric,commercial_investigation,,,,3,,,low,B,
/fabrics/casentino-wool/,,,no,yes,/fabrics/casentino-wool/,no,Casentino Wool for apparel sourcing Fabric Notes,"Explore Casentino Wool in the FabStitch 2027 collection, with Wool. Heritage coating, Craft character. Best for Coats. See how Casentino Wool relates.",Casentino Wool,,385,345,Casentino Wool fabric,commercial_investigation,,,,2,,,low,C,
/fabrics/cotton-moleskin/,,,no,yes,/fabrics/cotton-moleskin/,no,Cotton Moleskin for apparel sourcing for Apparel,"Explore Cotton Moleskin in the FabStitch 2027 collection, with Cotton. Best for Workwear trousers, Workwear jackets. See how Cotton Moleskin relates to",Cotton Moleskin,,387,347,Cotton Moleskin fabric,commercial_investigation,,,,2,,,low,C,
/fabrics/peach-skin/,,,no,yes,/fabrics/peach-skin/,no,Peach-Skin for apparel sourcing buyer notes,"Explore Peach-Skin in the FabStitch 2027 collection, with Microfibre polyester / Poly-cotton. Dry, powdery hand. See how Peach-Skin relates to.",Peach-Skin,,381,341,Peach-Skin fabric,commercial_investigation,,,,1,,,low,C,
/fabrics/suede-effect-woven/,,,no,yes,/fabrics/suede-effect-woven/,no,Suede-Effect Woven for apparel sourcing Use Notes,"Explore Suede-Effect Woven in the FabStitch 2027 collection, with Poly-nylon microfibre. See how Suede-Effect Woven relates to construction, weight.",Suede-Effect Woven,,395,355,Suede-Effect Woven fabric,commercial_investigation,,,,1,,,low,B,
/fabrics/real-suede/,,,no,yes,/fabrics/real-suede/,no,Real Suede for apparel sourcing buyer notes,"Explore Real Suede in the FabStitch 2027 collection, with Suede. See how Real Suede relates to construction, weight, and apparel use.",Real Suede,,395,355,Real Suede fabric,commercial_investigation,,,,1,,,low,B,
/fabrics/real-leather/,,,no,yes,/fabrics/real-leather/,no,Real Leather for apparel sourcing Fabric Notes,"Explore Real Leather in the FabStitch 2027 collection, with Leather. See how Real Leather relates to construction, weight, and apparel use.",Real Leather,,395,355,Real Leather fabric,commercial_investigation,,,,1,,,low,B,
/fabrics/calf-hair-finish/,,,no,yes,/fabrics/calf-hair-finish/,no,Calf-Hair Finish for apparel sourcing for Apparel,"Explore Calf-Hair Finish in the FabStitch 2027 collection, with Calf hair. Opulent finish. See how Calf-Hair Finish relates to construction, weight.",Calf-Hair Finish,,396,356,Calf-Hair Finish fabric,commercial_investigation,,,,1,,,low,B,
/fabrics/fine-wale-corduroy/,,,no,yes,/fabrics/fine-wale-corduroy/,no,Fine-Wale Corduroy for apparel sourcing Use Notes,"Explore Fine-Wale Corduroy in the FabStitch 2027 collection. Best for Shirts, Trousers. See how Fine-Wale Corduroy relates to construction, weight, and",Fine-Wale Corduroy,,390,350,Fine-Wale Corduroy fabric,commercial_investigation,,,,3,,,low,B,
/fabrics/jumbo-corduroy/,,,no,yes,/fabrics/jumbo-corduroy/,no,Jumbo Corduroy for apparel sourcing Fabric Notes,"Explore Jumbo Corduroy in the FabStitch 2027 collection. Best for Outerwear, Trousers. See how Jumbo Corduroy relates to construction, weight, and.",Jumbo Corduroy,,390,350,Jumbo Corduroy fabric,commercial_investigation,,,,3,,,low,B,
/fabrics/cotton-velveteen/,,,no,yes,/fabrics/cotton-velveteen/,no,Cotton Velveteen for apparel sourcing for Apparel,"Explore Cotton Velveteen in the FabStitch 2027 collection, with Cotton. Matte. See how Cotton Velveteen relates to construction, weight, and apparel.",Cotton Velveteen,,385,345,Cotton Velveteen fabric,commercial_investigation,,,,1,,,low,C,
/fabrics/silk-viscose-velvet/,,,no,yes,/fabrics/silk-viscose-velvet/,no,Silk–Viscose Velvet for apparel sourcing,"Explore Silk–Viscose Velvet in the FabStitch 2027 collection, with Silk and viscose. Fluid, Lustrous. Best for Occasionwear, Interiors.",Silk–Viscose Velvet,,393,353,Silk–Viscose Velvet fabric,commercial_investigation,,,,3,,,low,B,
/fabrics/crushed-velvet/,,,no,yes,/fabrics/crushed-velvet/,no,Crushed Velvet for apparel sourcing Fabric Notes,"Explore Crushed Velvet in the FabStitch 2027 collection. Directional pile, Irregular light. See how Crushed Velvet relates to construction, weight, and",Crushed Velvet,,402,362,Crushed Velvet fabric,commercial_investigation,,,,1,,,low,B,
/fabrics/panne-velvet/,,,no,yes,/fabrics/panne-velvet/,no,Panné Velvet for apparel sourcing Fabric Notes,"Explore Panné Velvet in the FabStitch 2027 collection. Directional pile, Irregular light. See how Panné Velvet relates to construction, weight, and.",Panné Velvet,,402,362,Panné Velvet fabric,commercial_investigation,,,,1,,,low,B,
/fabrics/herringbone-tweed/,,,no,yes,/fabrics/herringbone-tweed/,no,Herringbone Tweed for apparel sourcing Use Notes,"Explore Herringbone Tweed in the FabStitch 2027 collection. Bigger repeats, Brighter neps. See how Herringbone Tweed relates to construction, weight.",Herringbone Tweed,,391,351,Herringbone Tweed fabric,commercial_investigation,,,,1,,,low,B,
/fabrics/donegal-tweed/,,,no,yes,/fabrics/donegal-tweed/,no,Donegal Tweed for apparel sourcing Fabric Notes,"Explore Donegal Tweed in the FabStitch 2027 collection. Bigger repeats, Brighter neps. See how Donegal Tweed relates to construction, weight, and.",Donegal Tweed,,393,353,Donegal Tweed fabric,commercial_investigation,,,,1,,,low,B,
/fabrics/tartan/,,,no,yes,/fabrics/tartan/,no,Tartan for apparel sourcing buyer notes Use Notes,"Explore Tartan in the FabStitch 2027 collection. Oversized scale, Off-register colour. See how Tartan relates to construction, weight, and apparel use.",Tartan,,394,354,Tartan fabric,commercial_investigation,,,,1,,,low,B,
/fabrics/check/,,,no,yes,/fabrics/check/,no,Check for apparel sourcing buyer notes Use Notes,"Explore Check in the FabStitch 2027 collection. Oversized scale, Off-register colour. See how Check relates to construction, weight, and apparel use.",Check,,394,354,Check fabric,commercial_investigation,,,,1,,,low,B,
/fabrics/membrane-backed-gabardine/,,,no,yes,/fabrics/membrane-backed-gabardine/,no,Membrane-Backed Gabardine Fabric Notes Use Notes,"Explore Membrane-Backed Gabardine in the FabStitch 2027 collection, with Technical wool. Best for City outerwear. See how Membrane-Backed Gabardine.",Membrane-Backed Gabardine,,385,345,Membrane-Backed Gabardine fabric,commercial_investigation,,,,2,,,low,C,
/fabrics/membrane-backed-covert/,,,no,yes,/fabrics/membrane-backed-covert/,no,Membrane-Backed Covert Fabric Notes Fabric Notes,"Explore Membrane-Backed Covert in the FabStitch 2027 collection, with Technical wool. Best for City outerwear. See how Membrane-Backed Covert relates.",Membrane-Backed Covert,,385,345,Membrane-Backed Covert fabric,commercial_investigation,,,,2,,,low,C,
/fabrics/deconstructed-jacquard/,,,no,yes,/fabrics/deconstructed-jacquard/,no,Deconstructed Jacquard Fabric Notes Fabric Notes,"Explore Deconstructed Jacquard in the FabStitch 2027 collection. Broken, blurred or partially rendered motifs. See how Deconstructed Jacquard relates.",Deconstructed Jacquard,,393,353,Deconstructed Jacquard fabric,commercial_investigation,,,,1,,,low,B,
/fabrics/deconstructed-damask/,,,no,yes,/fabrics/deconstructed-damask/,no,Deconstructed Damask Fabric Notes Fabric Notes,"Explore Deconstructed Damask in the FabStitch 2027 collection. Broken, blurred or partially rendered motifs. See how Deconstructed Damask relates to.",Deconstructed Damask,,393,353,Deconstructed Damask fabric,commercial_investigation,,,,1,,,low,B,
/fabrics/recycled-nylon-ripstop/,,,no,yes,/fabrics/recycled-nylon-ripstop/,no,Recycled Nylon Ripstop Fabric Notes Fabric Notes,"Explore Recycled Nylon Ripstop in the FabStitch 2027 collection, with Recycled nylon. PFAS-free DWR. Best for Outerwear.",Recycled Nylon Ripstop,,391,351,Recycled Nylon Ripstop fabric,commercial_investigation,,,,2,,,low,B,
/fabrics/two-layer-membrane-laminate/,,,no,yes,/fabrics/two-layer-membrane-laminate/,no,2L Membrane Laminate Fabric Notes Fabric Notes,Explore 2L Membrane Laminate in the FabStitch 2027 collection. Membrane specified for PFAS compliance. Best for Outerwear.,2L Membrane Laminate,,404,364,2L Membrane Laminate fabric,commercial_investigation,,,,2,,,low,B,
/fabrics/two-point-five-layer-membrane-laminate/,,,no,yes,/fabrics/two-point-five-layer-membrane-laminate/,no,2.5L Membrane Laminate Fabric Notes Fabric Notes,Explore 2.5L Membrane Laminate in the FabStitch 2027 collection. Membrane specified for PFAS compliance. Best for Outerwear.,2.5L Membrane Laminate,,404,364,2.5L Membrane Laminate fabric,commercial_investigation,,,,2,,,low,B,
/fabrics/three-layer-membrane-laminate/,,,no,yes,/fabrics/three-layer-membrane-laminate/,no,3L Membrane Laminate Fabric Notes Fabric Notes,Explore 3L Membrane Laminate in the FabStitch 2027 collection. Membrane specified for PFAS compliance. Best for Outerwear.,3L Membrane Laminate,,404,364,3L Membrane Laminate fabric,commercial_investigation,,,,2,,,low,B,
/fabrics/wool-technical-hybrid/,,,no,yes,/fabrics/wool-technical-hybrid/,no,Wool–Technical Hybrid Fabric Notes Fabric Notes,"Explore Wool–Technical Hybrid in the FabStitch 2027 collection, with Wool face / membrane middle / mesh back. Best for Outerwear.",Wool–Technical Hybrid,,399,359,Wool–Technical Hybrid fabric,commercial_investigation,,,,2,,,low,B,
/fabrics/down-alternative-fill/,,,no,yes,/fabrics/down-alternative-fill/,no,Down-Alternative Fill Fabric Notes Fabric Notes,Explore Down-Alternative Fill in the FabStitch 2027 collection. Best for Garment insulation. See how Down-Alternative Fill relates to construction.,Down-Alternative Fill,,394,354,Down-Alternative Fill fabric,commercial_investigation,,,,1,,,low,B,
/fabrics/recycled-polyester-wadding/,,,no,yes,/fabrics/recycled-polyester-wadding/,no,Recycled Polyester Wadding Fabric Notes Use Notes,"Explore Recycled Polyester Wadding in the FabStitch 2027 collection, with Recycled polyester. Best for Garment insulation.",Recycled Polyester Wadding,,393,353,Recycled Polyester Wadding fabric,commercial_investigation,,,,1,,,low,B,
/fabrics/lightweight-denim/,,,yes,no,/fabrics/lightweight-denim/,yes,Lightweight Denim for apparel sourcing Use Notes,"Explore Lightweight Denim in the FabStitch 2027 collection. Volume-market weight. See how Lightweight Denim relates to construction, weight, and.",Lightweight Denim,,397,357,Lightweight Denim fabric,commercial_investigation,,,,1,,,medium,B,
/fabrics/premium-weight-denim/,,,no,yes,/fabrics/premium-weight-denim/,no,Premium-Weight Denim Fabric Notes Fabric Notes,"Explore Premium-Weight Denim in the FabStitch 2027 collection. Premium-market weight. See how Premium-Weight Denim relates to construction, weight, and",Premium-Weight Denim,,397,357,Premium-Weight Denim fabric,commercial_investigation,,,,1,,,low,B,
/fabrics/recycled-cotton-denim/,,,no,yes,/fabrics/recycled-cotton-denim/,no,Recycled-Cotton Denim Fabric Notes Fabric Notes,"Explore Recycled-Cotton Denim in the FabStitch 2027 collection, with 20–40% recycled cotton blended with virgin cotton. Virgin cotton retained for.",Recycled-Cotton Denim,,404,364,Recycled-Cotton Denim fabric,commercial_investigation,,,,1,,,low,B,
/fabrics/laser-and-ozone-finished-denim/,,,no,yes,/fabrics/laser-and-ozone-finished-denim/,no,Laser- and Ozone-Finished Denim Fabric Notes,"Explore Laser- and Ozone-Finished Denim in the FabStitch 2027 collection. Laser finished, Ozone finished, Replaces stonewash and hand-sanding.",Laser- and Ozone-Finished Denim,,417,377,Laser- and Ozone-Finished Denim fabric,commercial_investigation,,,,1,,,low,B,
/fabrics/hemp-cotton-denim/,,,no,yes,/fabrics/hemp-cotton-denim/,no,Hemp–Cotton Denim for apparel sourcing Use Notes,"Explore Hemp–Cotton Denim in the FabStitch 2027 collection, with 15–30% hemp with cotton. Hemp hand feel. See how Hemp–Cotton Denim relates to.",Hemp–Cotton Denim,,396,356,Hemp–Cotton Denim fabric,commercial_investigation,,,,1,,,low,B,
/fabrics/selvedge-rigid-denim/,,,no,yes,/fabrics/selvedge-rigid-denim/,no,Selvedge Rigid Denim Fabric Notes Fabric Notes,"Explore Selvedge Rigid Denim in the FabStitch 2027 collection. Heritage, Longevity-led. See how Selvedge Rigid Denim relates to construction, weight.",Selvedge Rigid Denim,,396,356,Selvedge Rigid Denim fabric,commercial_investigation,,,,1,,,low,B,
/fabrics/upholstery-boucle/,,,no,yes,/fabrics/upholstery-boucle/,no,Upholstery Bouclé for apparel sourcing Use Notes,"Explore Upholstery Bouclé in the FabStitch 2027 collection. Best for Upholstery. See how Upholstery Bouclé relates to construction, weight, and apparel",Upholstery Bouclé,,401,361,Upholstery Bouclé fabric,commercial_investigation,,,,2,,,low,B,
/fabrics/heavy-linen-upholstery/,,,no,yes,/fabrics/heavy-linen-upholstery/,no,Heavy Linen Upholstery Fabric Notes Fabric Notes,"Explore Heavy Linen Upholstery in the FabStitch 2027 collection, with Linen. Heavy. Best for Upholstery. See how Heavy Linen Upholstery relates to.",Heavy Linen Upholstery,,408,368,Heavy Linen Upholstery fabric,commercial_investigation,,,,2,,,low,B,
/fabrics/wool-felt-upholstery/,,,no,yes,/fabrics/wool-felt-upholstery/,no,Wool Felt Upholstery Fabric Notes Fabric Notes,"Explore Wool Felt Upholstery in the FabStitch 2027 collection, with Wool. Best for Upholstery. See how Wool Felt Upholstery relates to construction.",Wool Felt Upholstery,,400,360,Wool Felt Upholstery fabric,commercial_investigation,,,,2,,,low,B,
/fabrics/performance-upholstery-weave/,,,no,yes,/fabrics/performance-upholstery-weave/,no,Performance Upholstery Weave Fabric Notes,Explore Performance Upholstery Weave in the FabStitch 2027 collection. Best for Upholstery. See how Performance Upholstery Weave relates to.,Performance Upholstery Weave,,410,370,Performance Upholstery Weave fabric,commercial_investigation,,,,2,,,low,B,
/fabrics/open-weave-linen-curtain/,,,no,yes,/fabrics/open-weave-linen-curtain/,no,Open-Weave Linen Curtain Fabric Notes for Apparel,"Explore Open-Weave Linen Curtain in the FabStitch 2027 collection, with Linen. Best for Curtains, Sheers. See how Open-Weave Linen Curtain relates to.",Open-Weave Linen Curtain,,403,363,Open-Weave Linen Curtain fabric,commercial_investigation,,,,3,,,low,B,
/fabrics/technical-voile/,,,no,yes,/fabrics/technical-voile/,no,Technical Voile for apparel sourcing for Apparel,"Explore Technical Voile in the FabStitch 2027 collection. Best for Curtains, Sheers. See how Technical Voile relates to construction, weight, and.",Technical Voile,,402,362,Technical Voile fabric,commercial_investigation,,,,3,,,low,B,
/fabrics/acoustic-rated-drape/,,,no,yes,/fabrics/acoustic-rated-drape/,no,Acoustic-Rated Drape Fabric Notes Fabric Notes,Explore Acoustic-Rated Drape in the FabStitch 2027 collection. Acoustic-rated. Best for Acoustic drapes. See how Acoustic-Rated Drape relates to.,Acoustic-Rated Drape,,410,370,Acoustic-Rated Drape fabric,commercial_investigation,,,,2,,,low,B,
/fabrics/long-staple-cotton-percale/,,,no,yes,/fabrics/long-staple-cotton-percale/,no,Long-Staple Cotton Percale Fabric Notes Use Notes,"Explore Long-Staple Cotton Percale in the FabStitch 2027 collection, with Long-staple cotton. Best for Bedding. See how Long-Staple Cotton Percale.",Long-Staple Cotton Percale,,402,362,Long-Staple Cotton Percale fabric,commercial_investigation,,,,2,,,low,B,
/fabrics/long-staple-cotton-sateen/,,,no,yes,/fabrics/long-staple-cotton-sateen/,no,Long-Staple Cotton Sateen Fabric Notes Use Notes,"Explore Long-Staple Cotton Sateen in the FabStitch 2027 collection, with Long-staple cotton. Best for Bedding. See how Long-Staple Cotton Sateen.",Long-Staple Cotton Sateen,,402,362,Long-Staple Cotton Sateen fabric,commercial_investigation,,,,2,,,low,B,
/fabrics/washed-linen-bedding/,,,no,yes,/fabrics/washed-linen-bedding/,no,Washed Linen Bedding Fabric Notes Fabric Notes,"Explore Washed Linen Bedding in the FabStitch 2027 collection, with Linen. Washed. Best for Bedding. See how Washed Linen Bedding relates to.",Washed Linen Bedding,,408,368,Washed Linen Bedding fabric,commercial_investigation,,,,2,,,low,B,
/fabrics/lyocell-blend-bedding/,,,no,yes,/fabrics/lyocell-blend-bedding/,no,Lyocell-Blend Bedding Fabric Notes Fabric Notes,"Explore Lyocell-Blend Bedding in the FabStitch 2027 collection, with Lyocell blend. Best for Bedding. See how Lyocell-Blend Bedding relates to.",Lyocell-Blend Bedding,,404,364,Lyocell-Blend Bedding fabric,commercial_investigation,,,,2,,,low,B,
/fabrics/undyed-wool-rug/,,,no,yes,/fabrics/undyed-wool-rug/,no,Undyed Wool Rug for apparel sourcing for Apparel,"Explore Undyed Wool Rug in the FabStitch 2027 collection, with Wool. Undyed. Best for Rugs. See how Undyed Wool Rug relates to construction, weight.",Undyed Wool Rug,,408,368,Undyed Wool Rug fabric,commercial_investigation,,,,2,,,low,B,
/fabrics/jute-rug/,,,no,yes,/fabrics/jute-rug/,no,Jute Rug for apparel sourcing buyer notes,"Explore Jute Rug in the FabStitch 2027 collection, with Jute. Best for Rugs. See how Jute Rug relates to construction, weight, and apparel use.",Jute Rug,,402,362,Jute Rug fabric,commercial_investigation,,,,2,,,low,B,
/fabrics/recycled-pet-pile-rug/,,,no,yes,/fabrics/recycled-pet-pile-rug/,no,Recycled PET Pile Rug Fabric Notes Fabric Notes,"Explore Recycled PET Pile Rug in the FabStitch 2027 collection, with Recycled PET. Best for Rugs. See how Recycled PET Pile Rug relates to.",Recycled PET Pile Rug,,410,370,Recycled PET Pile Rug fabric,commercial_investigation,,,,2,,,low,B,
/fabrics/inherently-fr-polyester/,,,no,yes,/fabrics/inherently-fr-polyester/,no,Inherently FR Polyester Fabric Notes for Apparel,"Explore Inherently FR Polyester in the FabStitch 2027 collection, with Polyester. Inherently flame resistant. Best for Contract textiles.",Inherently FR Polyester,,411,371,Inherently FR Polyester fabric,commercial_investigation,,,,2,,,low,B,
/fabrics/bleach-cleanable-vinyl-alternative/,,,no,yes,/fabrics/bleach-cleanable-vinyl-alternative/,no,Bleach-Cleanable Vinyl Alternative Fabric Notes,Explore Bleach-Cleanable Vinyl Alternative in the FabStitch 2027 collection. Bleach-cleanable. Best for Contract textiles.,Bleach-Cleanable Vinyl Alternative,,417,377,Bleach-Cleanable Vinyl Alternative fabric,commercial_investigation,,,,2,,,low,B,
/fabrics/recycled-pet-acoustic-felt/,,,no,yes,/fabrics/recycled-pet-acoustic-felt/,no,Recycled PET Acoustic Felt Fabric Notes Use Notes,"Explore Recycled PET Acoustic Felt in the FabStitch 2027 collection, with Recycled PET. Best for Contract textiles. See how Recycled PET Acoustic Felt.",Recycled PET Acoustic Felt,,413,373,Recycled PET Acoustic Felt fabric,commercial_investigation,,,,2,,,low,B,
/fabrics/silk-charmeuse/,,,no,yes,/fabrics/silk-charmeuse/,no,Silk Charmeuse for apparel sourcing Fabric Notes,"Explore Silk Charmeuse in the FabStitch 2027 collection, with 100% silk. Fluid drape, Lustrous face, Soft matte reverse.",Silk Charmeuse,,398,358,Silk Charmeuse fabric,commercial_investigation,,,,3,,,low,B,
/fabrics/silk-satin/,,,no,yes,/fabrics/silk-satin/,no,Silk Satin for apparel sourcing buyer notes,"Explore Silk Satin in the FabStitch 2027 collection, with 100% silk. High silk sheen, Smooth surface, Fluid drape. Best for Occasionwear, Dresses.",Silk Satin,,396,356,Silk Satin fabric,commercial_investigation,,,,3,,,low,B,
/fabrics/silk-twill/,,,no,yes,/fabrics/silk-twill/,no,Silk Twill for apparel sourcing buyer notes,"Explore Silk Twill in the FabStitch 2027 collection, with 100% silk. Subtle diagonal grain, Soft sheen, Supple body. Best for Scarves, Blouses.",Silk Twill,,396,356,Silk Twill fabric,commercial_investigation,,,,3,,,low,B,
/fabrics/silk-noil/,,,no,yes,/fabrics/silk-noil/,no,Silk Noil for apparel sourcing buyer notes,"Explore Silk Noil in the FabStitch 2027 collection, with 100% silk noil. Matte surface, Dry hand, Visible short-fiber texture.",Silk Noil,,398,358,Silk Noil fabric,commercial_investigation,,,,3,,,low,B,
/fabrics/silk-tussar/,,,no,yes,/fabrics/silk-tussar/,no,Silk Tussar for apparel sourcing buyer notes,"Explore Silk Tussar in the FabStitch 2027 collection, with 100% silk. Pronounced slub, Crisp hand, Irregular natural sheen.",Silk Tussar,,397,357,Silk Tussar fabric,commercial_investigation,,,,3,,,low,B,
/fabrics/silk-crepe/,,,no,yes,/fabrics/silk-crepe/,no,Silk Crepe for apparel sourcing buyer notes,"Explore Silk Crepe in the FabStitch 2027 collection, with 100% silk. Fine pebbled surface, Fluid drape, Low sheen. Best for Dresses, Blouses, Slip.",Silk Crepe,,397,357,Silk Crepe fabric,commercial_investigation,,,,3,,,low,B,
/fabrics/silk-faille/,,,no,yes,/fabrics/silk-faille/,no,Silk Faille for apparel sourcing buyer notes,"Explore Silk Faille in the FabStitch 2027 collection, with 100% silk. Subtle crosswise rib, Firm body, Moderate sheen. Best for Jackets, Full skirts.",Silk Faille,,399,359,Silk Faille fabric,commercial_investigation,,,,3,,,low,B,
/fabrics/silk-broadcloth/,,,no,yes,/fabrics/silk-broadcloth/,no,Silk Broadcloth for apparel sourcing for Apparel,"Explore Silk Broadcloth in the FabStitch 2027 collection, with 100% silk. Fine close weave, Crisp light hand, Soft silk lustre.",Silk Broadcloth,,398,358,Silk Broadcloth fabric,commercial_investigation,,,,3,,,low,B,
/fabrics/silk-chiffon-crepe/,,,no,yes,/fabrics/silk-chiffon-crepe/,no,Silk Chiffon Crepe for apparel sourcing Use Notes,"Explore Silk Chiffon Crepe in the FabStitch 2027 collection, with 100% silk. Sheer, Fine pebbled surface, Floating drape.",Silk Chiffon Crepe,,403,363,Silk Chiffon Crepe fabric,commercial_investigation,,,,2,,,low,B,
/fabrics/polyester-chiffon/,,,no,yes,/fabrics/polyester-chiffon/,no,Polyester Chiffon for apparel sourcing Use Notes,"Explore Polyester Chiffon in the FabStitch 2027 collection, with 100% polyester. Sheer, Lightweight, Soft flowing drape.",Polyester Chiffon,,394,354,Polyester Chiffon fabric,commercial_investigation,,,,2,,,low,B,
/fabrics/recycled-polyester-chiffon/,,,no,yes,/fabrics/recycled-polyester-chiffon/,no,Recycled Polyester Chiffon Fabric Notes Use Notes,"Explore Recycled Polyester Chiffon in the FabStitch 2027 collection, with Recycled polyester. Sheer, Lightweight, Soft flowing drape.",Recycled Polyester Chiffon,,402,362,Recycled Polyester Chiffon fabric,commercial_investigation,,,,2,,,low,B,
/fabrics/matte-chiffon/,,,no,yes,/fabrics/matte-chiffon/,no,Matte Chiffon for apparel sourcing Fabric Notes,"Explore Matte Chiffon in the FabStitch 2027 collection, with Polyester. Semi-sheer, Matte surface, Soft fluid drape. Best for Dresses, Blouses.",Matte Chiffon,,393,353,Matte Chiffon fabric,commercial_investigation,,,,3,,,low,B,
/fabrics/stretch-chiffon/,,,no,yes,/fabrics/stretch-chiffon/,no,Stretch Chiffon for apparel sourcing for Apparel,"Explore Stretch Chiffon in the FabStitch 2027 collection, with Polyester and elastane. Semi-sheer, Soft flowing drape, Light crosswise recovery.",Stretch Chiffon,,398,358,Stretch Chiffon fabric,commercial_investigation,,,,3,,,low,B,
/fabrics/crinkle-chiffon/,,,no,yes,/fabrics/crinkle-chiffon/,no,Crinkle Chiffon for apparel sourcing for Apparel,"Explore Crinkle Chiffon in the FabStitch 2027 collection, with Polyester. Sheer, Permanent puckered texture, Airy drape.",Crinkle Chiffon,,395,355,Crinkle Chiffon fabric,commercial_investigation,,,,2,,,low,B,
/fabrics/printed-chiffon/,,,no,yes,/fabrics/printed-chiffon/,no,Printed Chiffon for apparel sourcing for Apparel,"Explore Printed Chiffon in the FabStitch 2027 collection, with Polyester. Sheer, Lightweight, Soft flowing drape. Best for Dresses, Blouses, Scarves.",Printed Chiffon,,396,356,Printed Chiffon fabric,commercial_investigation,,,,3,,,low,B,
/fabrics/double-layer-chiffon/,,,no,yes,/fabrics/double-layer-chiffon/,no,Double-Layer Chiffon Fabric Notes Fabric Notes,"Explore Double-Layer Chiffon in the FabStitch 2027 collection, with Polyester. Semi-sheer, Increased opacity, Fluid drape.",Double-Layer Chiffon,,394,354,Double-Layer Chiffon fabric,commercial_investigation,,,,3,,,low,B,
/fabrics/cotton-lawn/,,,no,yes,/fabrics/cotton-lawn/,no,Cotton Lawn for apparel sourcing buyer notes,"Explore Cotton Lawn in the FabStitch 2027 collection, with 100% cotton. Lightweight, Crisp hand, Breathable matte surface.",Cotton Lawn,,393,353,Cotton Lawn fabric,commercial_investigation,,,,3,,,low,B,
/fabrics/batiste-lawn/,,,no,yes,/fabrics/batiste-lawn/,no,Batiste Lawn for apparel sourcing Fabric Notes,"Explore Batiste Lawn in the FabStitch 2027 collection, with 100% cotton. Very lightweight, Soft crisp hand, Breathable. Best for Blouses, Dresses.",Batiste Lawn,,391,351,Batiste Lawn fabric,commercial_investigation,,,,3,,,low,B,
/fabrics/printed-cotton-lawn/,,,no,yes,/fabrics/printed-cotton-lawn/,no,Printed Cotton Lawn for apparel sourcing,"Explore Printed Cotton Lawn in the FabStitch 2027 collection, with 100% cotton. Lightweight, Crisp hand, Matte cotton surface.",Printed Cotton Lawn,,405,365,Printed Cotton Lawn fabric,commercial_investigation,,,,3,,,low,B,
/fabrics/embroidered-cotton-lawn/,,,no,yes,/fabrics/embroidered-cotton-lawn/,no,Embroidered Cotton Lawn Fabric Notes for Apparel,"Explore Embroidered Cotton Lawn in the FabStitch 2027 collection, with 100% cotton. Lightweight, Breathable, Raised stitched surface.",Embroidered Cotton Lawn,,400,360,Embroidered Cotton Lawn fabric,commercial_investigation,,,,3,,,low,B,
/fabrics/organic-cotton-lawn/,,,no,yes,/fabrics/organic-cotton-lawn/,no,Organic Cotton Lawn for apparel sourcing,"Explore Organic Cotton Lawn in the FabStitch 2027 collection, with 100% organic cotton. Lightweight, Crisp breathable hand, Matte surface.",Organic Cotton Lawn,,403,363,Organic Cotton Lawn fabric,commercial_investigation,,,,3,,,low,B,
/fabrics/mercerised-cotton-lawn/,,,no,yes,/fabrics/mercerised-cotton-lawn/,no,Mercerised Cotton Lawn Fabric Notes Fabric Notes,"Explore Mercerised Cotton Lawn in the FabStitch 2027 collection, with 100% mercerised cotton. Lightweight, Clean close weave, Subtle cotton sheen.",Mercerised Cotton Lawn,,402,362,Mercerised Cotton Lawn fabric,commercial_investigation,,,,3,,,low,B,
/fabrics/voile-lawn/,,,no,yes,/fabrics/voile-lawn/,no,Voile Lawn for apparel sourcing buyer notes,"Explore Voile Lawn in the FabStitch 2027 collection, with 100% cotton. Lightweight, Slightly sheer, Soft breathable hand.",Voile Lawn,,393,353,Voile Lawn fabric,commercial_investigation,,,,3,,,low,B,
/fabrics/slub-cotton-lawn/,,,no,yes,/fabrics/slub-cotton-lawn/,no,Slub Cotton Lawn for apparel sourcing for Apparel,"Explore Slub Cotton Lawn in the FabStitch 2027 collection, with 100% cotton. Lightweight, Subtle irregular slub, Dry breathable hand.",Slub Cotton Lawn,,400,360,Slub Cotton Lawn fabric,commercial_investigation,,,,3,,,low,B,
/fabrics/egyptian-cotton-poplin/,,,no,yes,/fabrics/egyptian-cotton-poplin/,no,Egyptian Cotton Poplin Fabric Notes Fabric Notes,"Explore Egyptian Cotton Poplin in the FabStitch 2027 collection, with 100% Egyptian cotton. Smooth natural cotton surface, Crisp, Breathable.",Egyptian Cotton Poplin,,406,366,Egyptian Cotton Poplin fabric,commercial_investigation,,,,3,,,low,B,
/fabrics/egyptian-cotton-percale/,,,no,yes,/fabrics/egyptian-cotton-percale/,no,Egyptian Cotton Percale Fabric Notes for Apparel,"Explore Egyptian Cotton Percale in the FabStitch 2027 collection, with 100% Egyptian cotton. Crisp, Matte, Cool breathable hand.",Egyptian Cotton Percale,,404,364,Egyptian Cotton Percale fabric,commercial_investigation,,,,3,,,low,B,
/fabrics/egyptian-cotton-sateen/,,,no,yes,/fabrics/egyptian-cotton-sateen/,no,Egyptian Cotton Sateen Fabric Notes Fabric Notes,"Explore Egyptian Cotton Sateen in the FabStitch 2027 collection, with 100% Egyptian cotton. Smooth face, Subtle cotton lustre, Soft drape.",Egyptian Cotton Sateen,,400,360,Egyptian Cotton Sateen fabric,commercial_investigation,,,,3,,,low,B,
/fabrics/egyptian-cotton-voile/,,,no,yes,/fabrics/egyptian-cotton-voile/,no,Egyptian Cotton Voile Fabric Notes Fabric Notes,"Explore Egyptian Cotton Voile in the FabStitch 2027 collection, with 100% Egyptian cotton. Lightweight, Slightly sheer, Soft breathable hand.",Egyptian Cotton Voile,,403,363,Egyptian Cotton Voile fabric,commercial_investigation,,,,3,,,low,B,
/fabrics/egyptian-cotton-twill/,,,no,yes,/fabrics/egyptian-cotton-twill/,no,Egyptian Cotton Twill Fabric Notes Fabric Notes,"Explore Egyptian Cotton Twill in the FabStitch 2027 collection, with 100% Egyptian cotton. Fine diagonal grain, Soft structure, Breathable.",Egyptian Cotton Twill,,400,360,Egyptian Cotton Twill fabric,commercial_investigation,,,,3,,,low,B,
/fabrics/egyptian-cotton-broadcloth/,,,no,yes,/fabrics/egyptian-cotton-broadcloth/,no,Egyptian Cotton Broadcloth Fabric Notes Use Notes,"Explore Egyptian Cotton Broadcloth in the FabStitch 2027 collection, with 100% Egyptian cotton. Even yarn structure, Smooth matte hand, Light body.",Egyptian Cotton Broadcloth,,406,366,Egyptian Cotton Broadcloth fabric,commercial_investigation,,,,3,,,low,B,
/fabrics/egyptian-cotton-flannel/,,,no,yes,/fabrics/egyptian-cotton-flannel/,no,Egyptian Cotton Flannel Fabric Notes for Apparel,"Explore Egyptian Cotton Flannel in the FabStitch 2027 collection, with 100% Egyptian cotton. Soft brushed nap, Warm breathable hand, Moderate body.",Egyptian Cotton Flannel,,407,367,Egyptian Cotton Flannel fabric,commercial_investigation,,,,3,,,low,B,
/fabrics/egyptian-cotton-seersucker/,,,no,yes,/fabrics/egyptian-cotton-seersucker/,no,Egyptian Cotton Seersucker Fabric Notes Use Notes,"Explore Egyptian Cotton Seersucker in the FabStitch 2027 collection, with 100% Egyptian cotton. Puckered surface, Airy, Low-crease character.",Egyptian Cotton Seersucker,,404,364,Egyptian Cotton Seersucker fabric,commercial_investigation,,,,3,,,low,B,
/fabrics/classic-oxford-cotton/,,,no,yes,/fabrics/classic-oxford-cotton/,no,Classic Oxford Cotton Fabric Notes Fabric Notes,"Explore Classic Oxford Cotton in the FabStitch 2027 collection, with 100% cotton. Textured grain, Moderate body, Breathable.",Classic Oxford Cotton,,398,358,Classic Oxford Cotton fabric,commercial_investigation,,,,2,,,low,B,
/fabrics/pinpoint-oxford-cotton/,,,no,yes,/fabrics/pinpoint-oxford-cotton/,no,Pinpoint Oxford Cotton Fabric Notes Fabric Notes,"Explore Pinpoint Oxford Cotton in the FabStitch 2027 collection, with 100% cotton. Fine textured surface, Crisp hand, Stable.",Pinpoint Oxford Cotton,,400,360,Pinpoint Oxford Cotton fabric,commercial_investigation,,,,3,,,low,B,
/fabrics/royal-oxford-cotton/,,,no,yes,/fabrics/royal-oxford-cotton/,no,Royal Oxford Cotton for apparel sourcing,"Explore Royal Oxford Cotton in the FabStitch 2027 collection, with 100% cotton. Raised geometric texture, Smooth reverse, Moderate body.",Royal Oxford Cotton,,401,361,Royal Oxford Cotton fabric,commercial_investigation,,,,3,,,low,B,
/fabrics/oxford-chambray-cotton/,,,no,yes,/fabrics/oxford-chambray-cotton/,no,Oxford Chambray Cotton Fabric Notes Fabric Notes,"Explore Oxford Chambray Cotton in the FabStitch 2027 collection, with 100% cotton. Subtle colour contrast, Textured, Light structured body.",Oxford Chambray Cotton,,407,367,Oxford Chambray Cotton fabric,commercial_investigation,,,,3,,,low,B,
/fabrics/soft-oxford-cotton/,,,no,yes,/fabrics/soft-oxford-cotton/,no,Soft Oxford Cotton for apparel sourcing Use Notes,"Explore Soft Oxford Cotton in the FabStitch 2027 collection, with 100% cotton. Softened hand, Visible texture, Breathable body.",Soft Oxford Cotton,,402,362,Soft Oxford Cotton fabric,commercial_investigation,,,,3,,,low,B,
/fabrics/heavy-oxford-cotton/,,,no,yes,/fabrics/heavy-oxford-cotton/,no,Heavy Oxford Cotton for apparel sourcing,"Explore Heavy Oxford Cotton in the FabStitch 2027 collection, with 100% cotton. Substantial, Textured, Stable body. Best for Shirts, Workwear jackets.",Heavy Oxford Cotton,,399,359,Heavy Oxford Cotton fabric,commercial_investigation,,,,2,,,low,B,
/fabrics/stretch-oxford-cotton/,,,no,yes,/fabrics/stretch-oxford-cotton/,no,Stretch Oxford Cotton Fabric Notes Fabric Notes,"Explore Stretch Oxford Cotton in the FabStitch 2027 collection, with 98% cotton / 2% elastane. Textured, Light comfort stretch, Breathable.",Stretch Oxford Cotton,,404,364,Stretch Oxford Cotton fabric,commercial_investigation,,,,2,,,low,B,
/fabrics/organic-oxford-cotton/,,,no,yes,/fabrics/organic-oxford-cotton/,no,Organic Oxford Cotton Fabric Notes Fabric Notes,"Explore Organic Oxford Cotton in the FabStitch 2027 collection, with 100% organic cotton. Natural yarn character, Textured, Breathable.",Organic Oxford Cotton,,399,359,Organic Oxford Cotton fabric,commercial_investigation,,,,3,,,low,B,
/fabrics/pima-cotton-jersey/,,,no,yes,/fabrics/pima-cotton-jersey/,no,Pima Cotton Jersey for apparel sourcing Use Notes,"Explore Pima Cotton Jersey in the FabStitch 2027 collection, with 100% Pima cotton. Fine smooth face, Soft cotton hand, Light fluid drape.",Pima Cotton Jersey,,404,364,Pima Cotton Jersey fabric,commercial_investigation,,,,3,,,low,B,
/fabrics/pima-cotton-interlock/,,,no,yes,/fabrics/pima-cotton-interlock/,no,Pima Cotton Interlock Fabric Notes Fabric Notes,"Explore Pima Cotton Interlock in the FabStitch 2027 collection, with 100% Pima cotton. Double-faced smoothness, Stable, Soft breathable hand.",Pima Cotton Interlock,,399,359,Pima Cotton Interlock fabric,commercial_investigation,,,,3,,,low,B,
/fabrics/pima-cotton-poplin/,,,no,yes,/fabrics/pima-cotton-poplin/,no,Pima Cotton Poplin for apparel sourcing Use Notes,"Explore Pima Cotton Poplin in the FabStitch 2027 collection, with 100% Pima cotton. Smooth fine surface, Crisp, Breathable.",Pima Cotton Poplin,,404,364,Pima Cotton Poplin fabric,commercial_investigation,,,,3,,,low,B,
/fabrics/pima-cotton-sateen/,,,no,yes,/fabrics/pima-cotton-sateen/,no,Pima Cotton Sateen for apparel sourcing Use Notes,"Explore Pima Cotton Sateen in the FabStitch 2027 collection, with 100% Pima cotton. Smooth face, Subtle lustre, Soft medium body.",Pima Cotton Sateen,,400,360,Pima Cotton Sateen fabric,commercial_investigation,,,,3,,,low,B,
/fabrics/pima-cotton-voile/,,,no,yes,/fabrics/pima-cotton-voile/,no,Pima Cotton Voile for apparel sourcing Use Notes,"Explore Pima Cotton Voile in the FabStitch 2027 collection, with 100% Pima cotton. Lightweight, Slightly sheer, Soft matte cotton.",Pima Cotton Voile,,403,363,Pima Cotton Voile fabric,commercial_investigation,,,,3,,,low,B,
/fabrics/pima-cotton-fleece/,,,no,yes,/fabrics/pima-cotton-fleece/,no,Pima Cotton Fleece for apparel sourcing Use Notes,"Explore Pima Cotton Fleece in the FabStitch 2027 collection, with 100% Pima cotton. Smooth outer face, Soft brushed reverse, Warm body.",Pima Cotton Fleece,,406,366,Pima Cotton Fleece fabric,commercial_investigation,,,,3,,,low,B,
/fabrics/pima-cotton-rib/,,,no,yes,/fabrics/pima-cotton-rib/,no,Pima Cotton Rib for apparel sourcing for Apparel,"Explore Pima Cotton Rib in the FabStitch 2027 collection, with 100% Pima cotton. Fine vertical ribs, Natural stretch, Soft smooth hand.",Pima Cotton Rib,,403,363,Pima Cotton Rib fabric,commercial_investigation,,,,3,,,low,B,
/fabrics/pima-cotton-broadcloth/,,,no,yes,/fabrics/pima-cotton-broadcloth/,no,Pima Cotton Broadcloth Fabric Notes Fabric Notes,"Explore Pima Cotton Broadcloth in the FabStitch 2027 collection, with 100% Pima cotton. Even fine yarns, Smooth matte surface, Light body.",Pima Cotton Broadcloth,,406,366,Pima Cotton Broadcloth fabric,commercial_investigation,,,,3,,,low,B,
/fabrics/mercerized-cotton-poplin/,,,no,yes,/fabrics/mercerized-cotton-poplin/,no,Mercerized Cotton Poplin Fabric Notes for Apparel,"Explore Mercerized Cotton Poplin in the FabStitch 2027 collection, with 100% mercerized cotton. Clean yarn surface, Subtle lustre, Crisp breathable.",Mercerized Cotton Poplin,,408,368,Mercerized Cotton Poplin fabric,commercial_investigation,,,,3,,,low,B,
/fabrics/mercerized-cotton-jersey/,,,no,yes,/fabrics/mercerized-cotton-jersey/,no,Mercerized Cotton Jersey Fabric Notes for Apparel,"Explore Mercerized Cotton Jersey in the FabStitch 2027 collection, with 100% mercerized cotton. Smooth refined face, Soft subtle lustre, Breathable.",Mercerized Cotton Jersey,,406,366,Mercerized Cotton Jersey fabric,commercial_investigation,,,,3,,,low,B,
/fabrics/mercerized-cotton-sateen/,,,no,yes,/fabrics/mercerized-cotton-sateen/,no,Mercerized Cotton Sateen Fabric Notes for Apparel,"Explore Mercerized Cotton Sateen in the FabStitch 2027 collection, with 100% mercerized cotton. Smooth face, Controlled lustre, Soft body.",Mercerized Cotton Sateen,,403,363,Mercerized Cotton Sateen fabric,commercial_investigation,,,,3,,,low,B,
/fabrics/mercerized-cotton-voile/,,,no,yes,/fabrics/mercerized-cotton-voile/,no,Mercerized Cotton Voile Fabric Notes for Apparel,"Explore Mercerized Cotton Voile in the FabStitch 2027 collection, with 100% mercerized cotton. Lightweight, Slightly sheer, Clean subtle lustre.",Mercerized Cotton Voile,,407,367,Mercerized Cotton Voile fabric,commercial_investigation,,,,3,,,low,B,
/fabrics/mercerized-cotton-pique/,,,no,yes,/fabrics/mercerized-cotton-pique/,no,Mercerized Cotton Piqué Fabric Notes for Apparel,"Explore Mercerized Cotton Piqué in the FabStitch 2027 collection, with 100% mercerized cotton. Raised texture, Clean subtle lustre, Breathable body.",Mercerized Cotton Piqué,,405,365,Mercerized Cotton Piqué fabric,commercial_investigation,,,,3,,,low,B,
/fabrics/mercerized-cotton-twill/,,,no,yes,/fabrics/mercerized-cotton-twill/,no,Mercerized Cotton Twill Fabric Notes for Apparel,"Explore Mercerized Cotton Twill in the FabStitch 2027 collection, with 100% mercerized cotton. Clear diagonal grain, Subtle lustre, Stable drape.",Mercerized Cotton Twill,,406,366,Mercerized Cotton Twill fabric,commercial_investigation,,,,2,,,low,B,
/fabrics/mercerized-cotton-broadcloth/,,,no,yes,/fabrics/mercerized-cotton-broadcloth/,no,Mercerized Cotton Broadcloth Fabric Notes,"Explore Mercerized Cotton Broadcloth in the FabStitch 2027 collection, with 100% mercerized cotton. Fine yarn structure, Smooth face, Restrained.",Mercerized Cotton Broadcloth,,409,369,Mercerized Cotton Broadcloth fabric,commercial_investigation,,,,3,,,low,B,
/fabrics/mercerized-cotton-lawn/,,,no,yes,/fabrics/mercerized-cotton-lawn/,no,Mercerized Cotton Lawn Fabric Notes Fabric Notes,"Explore Mercerized Cotton Lawn in the FabStitch 2027 collection, with 100% mercerized cotton. Lightweight, Crisp, Subtle natural lustre.",Mercerized Cotton Lawn,,406,366,Mercerized Cotton Lawn fabric,commercial_investigation,,,,3,,,low,B,
/fabrics/classic-cotton-pique/,,,no,yes,/fabrics/classic-cotton-pique/,no,Classic Cotton Piqué Fabric Notes Fabric Notes,"Explore Classic Cotton Piqué in the FabStitch 2027 collection, with 100% cotton. Raised geometric texture, Breathable, Moderate body.",Classic Cotton Piqué,,398,358,Classic Cotton Piqué fabric,commercial_investigation,,,,3,,,low,B,
/fabrics/fine-cotton-pique/,,,no,yes,/fabrics/fine-cotton-pique/,no,Fine Cotton Piqué for apparel sourcing Use Notes,"Explore Fine Cotton Piqué in the FabStitch 2027 collection, with 100% cotton. Fine raised texture, Lightweight, Breathable.",Fine Cotton Piqué,,398,358,Fine Cotton Piqué fabric,commercial_investigation,,,,3,,,low,B,
/fabrics/honeycomb-cotton-pique/,,,no,yes,/fabrics/honeycomb-cotton-pique/,no,Honeycomb Cotton Piqué Fabric Notes Fabric Notes,"Explore Honeycomb Cotton Piqué in the FabStitch 2027 collection, with 100% cotton. Open geometric relief, Airy, Textured body.",Honeycomb Cotton Piqué,,400,360,Honeycomb Cotton Piqué fabric,commercial_investigation,,,,3,,,low,B,
/fabrics/birdseye-cotton-pique/,,,no,yes,/fabrics/birdseye-cotton-pique/,no,Birdseye Cotton Piqué Fabric Notes Fabric Notes,"Explore Birdseye Cotton Piqué in the FabStitch 2027 collection, with 100% cotton. Fine raised pattern, Compact, Breathable.",Birdseye Cotton Piqué,,399,359,Birdseye Cotton Piqué fabric,commercial_investigation,,,,3,,,low,B,
/fabrics/stretch-cotton-pique/,,,no,yes,/fabrics/stretch-cotton-pique/,no,Stretch Cotton Piqué Fabric Notes Fabric Notes,"Explore Stretch Cotton Piqué in the FabStitch 2027 collection, with 96% cotton / 4% elastane. Raised texture, Comfort stretch, Breathable.",Stretch Cotton Piqué,,403,363,Stretch Cotton Piqué fabric,commercial_investigation,,,,3,,,low,B,
/fabrics/double-cotton-pique/,,,no,yes,/fabrics/double-cotton-pique/,no,Double Cotton Piqué for apparel sourcing,"Explore Double Cotton Piqué in the FabStitch 2027 collection, with 100% cotton. Dense raised texture, Stable body, Breathable warmth.",Double Cotton Piqué,,401,361,Double Cotton Piqué fabric,commercial_investigation,,,,3,,,low,B,
/fabrics/organic-cotton-pique/,,,no,yes,/fabrics/organic-cotton-pique/,no,Organic Cotton Piqué Fabric Notes Fabric Notes,"Explore Organic Cotton Piqué in the FabStitch 2027 collection, with 100% organic cotton. Raised texture, Natural yarn character, Breathable.",Organic Cotton Piqué,,400,360,Organic Cotton Piqué fabric,commercial_investigation,,,,3,,,low,B,
/fabrics/cotton-rich-pique/,,,no,yes,/fabrics/cotton-rich-pique/,no,Cotton-Rich Piqué for apparel sourcing Use Notes,"Explore Cotton-Rich Piqué in the FabStitch 2027 collection, with 80% cotton / 20% recycled polyester. Dimensional surface, Soft hand, Stable breathable",Cotton-Rich Piqué,,399,359,Cotton-Rich Piqué fabric,commercial_investigation,,,,3,,,low,B,
/fabrics/french-terry-lightweight/,,,no,yes,/fabrics/french-terry-lightweight/,no,Lightweight French Terry Fabric Notes for Apparel,"Explore Lightweight French Terry in the FabStitch 2027 collection, with 100% cotton. Smooth jersey face, fine reverse loops, light stretch.",Lightweight French Terry,,411,371,Lightweight French Terry fabric,commercial_investigation,,,,3,,,low,B,
/fabrics/french-terry-classic/,,,no,yes,/fabrics/french-terry-classic/,no,Classic French Terry Fabric Notes Fabric Notes,"Explore Classic French Terry in the FabStitch 2027 collection, with 100% cotton. Smooth face, soft looped reverse, medium body.",Classic French Terry,,409,369,Classic French Terry fabric,commercial_investigation,,,,3,,,low,B,
/fabrics/french-terry-organic/,,,no,yes,/fabrics/french-terry-organic/,no,Organic Cotton French Terry Fabric Notes,"Explore Organic Cotton French Terry in the FabStitch 2027 collection, with 100% organic cotton. Natural cotton hand, visible reverse loops, breathable.",Organic Cotton French Terry,,418,378,Organic Cotton French Terry fabric,commercial_investigation,,,,3,,,low,B,
/fabrics/french-terry-modal/,,,no,yes,/fabrics/french-terry-modal/,no,Cotton Modal French Terry Fabric Notes Use Notes,"Explore Cotton Modal French Terry in the FabStitch 2027 collection, with 60% cotton / 40% modal. Soft fluid face, fine loops, gentle drape.",Cotton Modal French Terry,,422,382,Cotton Modal French Terry fabric,commercial_investigation,,,,3,,,low,B,
/fabrics/french-terry-stretch/,,,no,yes,/fabrics/french-terry-stretch/,no,Stretch French Terry Fabric Notes Fabric Notes,"Explore Stretch French Terry in the FabStitch 2027 collection, with 95% cotton / 5% elastane. Controlled stretch, smooth face, resilient loops.",Stretch French Terry,,413,373,Stretch French Terry fabric,commercial_investigation,,,,3,,,low,B,
/fabrics/french-terry-slub/,,,no,yes,/fabrics/french-terry-slub/,no,Slub French Terry for apparel sourcing Use Notes,"Explore Slub French Terry in the FabStitch 2027 collection, with 100% cotton. Irregular yarn texture, looped reverse, casual body.",Slub French Terry,,411,371,Slub French Terry fabric,commercial_investigation,,,,3,,,low,B,
/fabrics/french-terry-loopback/,,,no,yes,/fabrics/french-terry-loopback/,no,Fine Loopback French Terry Fabric Notes Use Notes,"Explore Fine Loopback French Terry in the FabStitch 2027 collection, with 100% cotton. Fine smooth face, small reverse loops, lightweight drape.",Fine Loopback French Terry,,417,377,Fine Loopback French Terry fabric,commercial_investigation,,,,3,,,low,B,
/fabrics/french-terry-heavyweight/,,,no,yes,/fabrics/french-terry-heavyweight/,no,Heavyweight French Terry Fabric Notes for Apparel,"Explore Heavyweight French Terry in the FabStitch 2027 collection, with 100% cotton. Dense face, full reverse loops, substantial body.",Heavyweight French Terry,,411,371,Heavyweight French Terry fabric,commercial_investigation,,,,3,,,low,B,
/fabrics/french-terry-recycled-cotton/,,,no,yes,/fabrics/french-terry-recycled-cotton/,no,Recycled Cotton French Terry Fabric Notes,"Explore Recycled Cotton French Terry in the FabStitch 2027 collection, with 70% recycled cotton / 30% cotton. Natural fleck, soft face, breathable.",Recycled Cotton French Terry,,425,385,Recycled Cotton French Terry fabric,commercial_investigation,,,,3,,,low,B,
/fabrics/french-terry-peached/,,,no,yes,/fabrics/french-terry-peached/,no,Peached French Terry Fabric Notes Fabric Notes,"Explore Peached French Terry in the FabStitch 2027 collection, with 100% cotton. Softened face, visible loops, warm casual hand.",Peached French Terry,,415,375,Peached French Terry fabric,commercial_investigation,,,,3,,,low,B,
/fabrics/ponte-rayon-nylon/,,,no,yes,/fabrics/ponte-rayon-nylon/,no,Rayon Nylon Ponte for apparel sourcing Use Notes,"Explore Rayon Nylon Ponte in the FabStitch 2027 collection, with 68% rayon / 27% nylon / 5% elastane. Dense double-knit face, controlled stretch.",Rayon Nylon Ponte,,419,379,Rayon Nylon Ponte fabric,commercial_investigation,,,,3,,,low,B,
/fabrics/ponte-cotton-rayon/,,,no,yes,/fabrics/ponte-cotton-rayon/,no,Cotton Rayon Ponte for apparel sourcing Use Notes,"Explore Cotton Rayon Ponte in the FabStitch 2027 collection, with 60% cotton / 35% rayon / 5% elastane. Smooth stable surface, breathable cotton hand.",Cotton Rayon Ponte,,420,380,Cotton Rayon Ponte fabric,commercial_investigation,,,,3,,,low,B,
/fabrics/ponte-double-knit/,,,no,yes,/fabrics/ponte-double-knit/,no,Classic Double-Knit Ponte Fabric Notes Use Notes,"Explore Classic Double-Knit Ponte in the FabStitch 2027 collection, with 68% rayon / 27% nylon / 5% elastane. Substantial body, clean face, controlled.",Classic Double-Knit Ponte,,419,379,Classic Double-Knit Ponte fabric,commercial_investigation,,,,3,,,low,B,
/fabrics/ponte-compact/,,,no,yes,/fabrics/ponte-compact/,no,Compact Ponte for apparel sourcing Fabric Notes,"Explore Compact Ponte in the FabStitch 2027 collection, with 70% rayon / 25% nylon / 5% elastane. Firm body, smooth surface, tailored stability.",Compact Ponte,,411,371,Compact Ponte fabric,commercial_investigation,,,,3,,,low,B,
/fabrics/ponte-brushed/,,,no,yes,/fabrics/ponte-brushed/,no,Brushed Ponte for apparel sourcing Fabric Notes,"Explore Brushed Ponte in the FabStitch 2027 collection, with 68% rayon / 27% nylon / 5% elastane. Smooth face, soft warm reverse, stable stretch.",Brushed Ponte,,415,375,Brushed Ponte fabric,commercial_investigation,,,,3,,,low,B,
/fabrics/ponte-structured/,,,no,yes,/fabrics/ponte-structured/,no,Structured Ponte for apparel sourcing for Apparel,"Explore Structured Ponte in the FabStitch 2027 collection, with 65% rayon / 30% nylon / 5% elastane. Clean tailored face, high body, controlled.",Structured Ponte,,413,373,Structured Ponte fabric,commercial_investigation,,,,2,,,low,B,
/fabrics/ponte-lightweight/,,,no,yes,/fabrics/ponte-lightweight/,no,Lightweight Ponte for apparel sourcing Use Notes,"Explore Lightweight Ponte in the FabStitch 2027 collection, with 68% rayon / 27% nylon / 5% elastane. Smooth face, lighter body, soft controlled drape.",Lightweight Ponte,,413,373,Lightweight Ponte fabric,commercial_investigation,,,,3,,,low,B,
/fabrics/ponte-matte/,,,no,yes,/fabrics/ponte-matte/,no,Matte Ponte for apparel sourcing buyer notes,"Explore Matte Ponte in the FabStitch 2027 collection, with 70% rayon / 25% nylon / 5% elastane. Low-lustre face, dense structure, stable stretch.",Matte Ponte,,414,374,Matte Ponte fabric,commercial_investigation,,,,3,,,low,B,
/fabrics/ponte-ribbed/,,,no,yes,/fabrics/ponte-ribbed/,no,Ribbed Ponte for apparel sourcing Fabric Notes,"Explore Ribbed Ponte in the FabStitch 2027 collection, with 65% rayon / 30% nylon / 5% elastane. Subtle ribs, substantial body, controlled stretch.",Ribbed Ponte,,416,376,Ribbed Ponte fabric,commercial_investigation,,,,3,,,low,B,
/fabrics/ponte-travel/,,,no,yes,/fabrics/ponte-travel/,no,Travel Ponte for apparel sourcing Fabric Notes,"Explore Travel Ponte in the FabStitch 2027 collection, with 68% rayon / 27% nylon / 5% elastane. Smooth compact face, resilient stretch, clean travel.",Travel Ponte,,411,371,Travel Ponte fabric,commercial_investigation,,,,3,,,low,B,
/fabrics/tencel-plain-weave/,,,no,yes,/fabrics/tencel-plain-weave/,no,Tencel Plain Weave for apparel sourcing Use Notes,"Explore Tencel Plain Weave in the FabStitch 2027 collection, with 100% Tencel lyocell. Smooth cellulosic surface, soft drape, breathable light body.",Tencel Plain Weave,,405,365,Tencel Plain Weave fabric,commercial_investigation,,,,3,,,low,B,
/fabrics/tencel-twill/,,,no,yes,/fabrics/tencel-twill/,no,Tencel Twill for apparel sourcing Fabric Notes,"Explore Tencel Twill in the FabStitch 2027 collection, with 100% Tencel lyocell. Soft diagonal grain, fluid drape, subtle natural lustre.",Tencel Twill,,398,358,Tencel Twill fabric,commercial_investigation,,,,3,,,low,B,
/fabrics/tencel-denim/,,,no,yes,/fabrics/tencel-denim/,no,Tencel Denim for apparel sourcing Fabric Notes,"Explore Tencel Denim in the FabStitch 2027 collection, with 55% cotton / 45% Tencel lyocell. Soft denim grain, fluid medium body, cotton-cellulosic.",Tencel Denim,,404,364,Tencel Denim fabric,commercial_investigation,,,,3,,,low,B,
/fabrics/tencel-shirting/,,,no,yes,/fabrics/tencel-shirting/,no,Tencel Shirting for apparel sourcing for Apparel,"Explore Tencel Shirting in the FabStitch 2027 collection, with 100% Tencel lyocell. Smooth refined face, light fluid drape, breathable.",Tencel Shirting,,399,359,Tencel Shirting fabric,commercial_investigation,,,,3,,,low,B,
/fabrics/tencel-jersey/,,,no,yes,/fabrics/tencel-jersey/,no,Tencel Jersey for apparel sourcing Fabric Notes,"Explore Tencel Jersey in the FabStitch 2027 collection, with 95% Tencel lyocell / 5% elastane. Soft smooth face, fluid knit drape, light stretch.",Tencel Jersey,,406,366,Tencel Jersey fabric,commercial_investigation,,,,3,,,low,B,
/fabrics/tencel-heavy-twill/,,,no,yes,/fabrics/tencel-heavy-twill/,no,Heavy Tencel Twill for apparel sourcing Use Notes,"Explore Heavy Tencel Twill in the FabStitch 2027 collection, with 100% Tencel lyocell. Dense diagonal grain, soft substantial body, matte cellulosic.",Heavy Tencel Twill,,407,367,Heavy Tencel Twill fabric,commercial_investigation,,,,3,,,low,B,
/fabrics/tencel-linen-blend/,,,no,yes,/fabrics/tencel-linen-blend/,no,Tencel Linen Blend for apparel sourcing Use Notes,"Explore Tencel Linen Blend in the FabStitch 2027 collection, with 70% Tencel lyocell / 30% linen. Dry linen texture, soft fluid drape, breathable.",Tencel Linen Blend,,411,371,Tencel Linen Blend fabric,commercial_investigation,,,,3,,,low,B,
/fabrics/tencel-sateen/,,,no,yes,/fabrics/tencel-sateen/,no,Tencel Sateen for apparel sourcing Fabric Notes,"Explore Tencel Sateen in the FabStitch 2027 collection, with 100% Tencel lyocell. Smooth face, restrained natural lustre, fluid drape.",Tencel Sateen,,397,357,Tencel Sateen fabric,commercial_investigation,,,,3,,,low,B,
/fabrics/tencel-brushed/,,,no,yes,/fabrics/tencel-brushed/,no,Brushed Tencel for apparel sourcing Fabric Notes,"Explore Brushed Tencel in the FabStitch 2027 collection, with 100% Tencel lyocell. Soft peach surface, fluid medium body, matte.",Brushed Tencel,,403,363,Brushed Tencel fabric,commercial_investigation,,,,3,,,low,B,
/fabrics/tencel-cotton-poplin/,,,no,yes,/fabrics/tencel-cotton-poplin/,no,Tencel Cotton Poplin Fabric Notes Fabric Notes,"Explore Tencel Cotton Poplin in the FabStitch 2027 collection, with 55% Tencel lyocell / 45% cotton. Clean cotton structure, soft surface, breathable.",Tencel Cotton Poplin,,412,372,Tencel Cotton Poplin fabric,commercial_investigation,,,,3,,,low,B,
/fabrics/wool-cotton-twill/,,,no,yes,/fabrics/wool-cotton-twill/,no,Wool Cotton Twill for apparel sourcing Use Notes,"Explore Wool Cotton Twill in the FabStitch 2027 collection, with 55% wool / 45% cotton. Dry diagonal grain, breathable medium body, soft tailoring.",Wool Cotton Twill,,421,381,Wool Cotton Twill fabric,commercial_investigation,,,,2,,,low,B,
/fabrics/wool-linen-tailoring-open-weave/,,,no,yes,/fabrics/wool-linen-tailoring-open-weave/,no,Wool Linen Open Weave Blend Fabric Notes,"Explore Wool Linen Open Weave Blend in the FabStitch 2027 collection, with 70% wool / 30% linen. Airy structure, dry hand, warm-weather tailoring.",Wool Linen Open Weave Blend,,433,393,Wool Linen Open Weave Blend fabric,commercial_investigation,,,,3,,,low,B,
/fabrics/wool-silk-suiting/,,,no,yes,/fabrics/wool-silk-suiting/,no,Wool Silk Suiting Blend Fabric Notes for Apparel,"Explore Wool Silk Suiting Blend in the FabStitch 2027 collection, with 85% wool / 15% silk. Refined surface, light natural lustre, tailored drape.",Wool Silk Suiting Blend,,427,387,Wool Silk Suiting Blend fabric,commercial_investigation,,,,3,,,low,B,
/fabrics/wool-viscose-twill/,,,no,yes,/fabrics/wool-viscose-twill/,no,Wool Viscose Twill for apparel sourcing Use Notes,"Explore Wool Viscose Twill in the FabStitch 2027 collection, with 55% wool / 45% viscose. Soft diagonal grain, smooth drape, medium warmth.",Wool Viscose Twill,,418,378,Wool Viscose Twill fabric,commercial_investigation,,,,3,,,low,B,
/fabrics/wool-polyester-suiting/,,,no,yes,/fabrics/wool-polyester-suiting/,no,Wool Polyester Suiting Blend Fabric Notes,"Explore Wool Polyester Suiting Blend in the FabStitch 2027 collection, with 55% wool / 45% polyester. Clean tailored face, structured drape, moderate.",Wool Polyester Suiting Blend,,429,389,Wool Polyester Suiting Blend fabric,commercial_investigation,,,,3,,,low,B,
/fabrics/wool-polyamide-crepe/,,,no,yes,/fabrics/wool-polyamide-crepe/,no,Wool Polyamide Crepe Fabric Notes Fabric Notes,"Explore Wool Polyamide Crepe in the FabStitch 2027 collection, with 70% wool / 30% polyamide. Dry pebbled surface, soft structure, resilient drape.",Wool Polyamide Crepe,,418,378,Wool Polyamide Crepe fabric,commercial_investigation,,,,3,,,low,B,
/fabrics/wool-cashmere-melton/,,,no,yes,/fabrics/wool-cashmere-melton/,no,Wool Cashmere Melton Blend Fabric Notes Use Notes,"Explore Wool Cashmere Melton Blend in the FabStitch 2027 collection, with 90% wool / 10% cashmere. Dense compact surface, soft luxury hand, warm coat.",Wool Cashmere Melton Blend,,427,387,Wool Cashmere Melton Blend fabric,commercial_investigation,,,,3,,,low,B,
/fabrics/wool-mohair-fresco/,,,no,yes,/fabrics/wool-mohair-fresco/,no,Wool Mohair Fresco Blend Fabric Notes for Apparel,"Explore Wool Mohair Fresco Blend in the FabStitch 2027 collection, with 80% wool / 20% mohair. Airy crisp structure, subtle fiber lustre, tailored.",Wool Mohair Fresco Blend,,430,390,Wool Mohair Fresco Blend fabric,commercial_investigation,,,,3,,,low,B,
/fabrics/wool-alpaca-brushed/,,,no,yes,/fabrics/wool-alpaca-brushed/,no,Wool Alpaca Brushed Blend Fabric Notes Use Notes,"Explore Wool Alpaca Brushed Blend in the FabStitch 2027 collection, with 70% wool / 30% alpaca. Soft fine halo, warm fuller body, brushed surface.",Wool Alpaca Brushed Blend,,432,392,Wool Alpaca Brushed Blend fabric,commercial_investigation,,,,3,,,low,B,
/fabrics/wool-hemp-canvas/,,,no,yes,/fabrics/wool-hemp-canvas/,no,Wool Hemp Canvas Blend Fabric Notes Fabric Notes,"Explore Wool Hemp Canvas Blend in the FabStitch 2027 collection, with 70% wool / 30% hemp. Dry textured face, firm body, natural fibre character.",Wool Hemp Canvas Blend,,430,390,Wool Hemp Canvas Blend fabric,commercial_investigation,,,,2,,,low,B,
/collections/linen-lightweight/,,,yes,no,/collections/linen-lightweight/,yes,Linen Fabric for Clothing & Apparel Fabric Notes,"Explore linen fabric and linen blends for clothing and dresses. Compare composition, weight and character, then inquire on FabStitch.",Linen Fabric for Clothing & Apparel,,959,919,linen fabric,commercial_investigation,,,,27,,,high,A,
/collections/cotton/,,,yes,no,/collections/cotton/,yes,Cotton Fabric for Clothing & Apparel for Apparel,"Explore cotton fabric for shirts, dresses and apparel. Compare woven cotton constructions, composition and documented uses, then inquire on FabStitch.",Cotton Fabric for Clothing & Apparel,,2507,2467,cotton fabric,commercial_investigation,,,,68,,,high,A,
/collections/silk-sheer/,,,yes,no,/collections/silk-sheer/,yes,Silk Fabric for Apparel & Occasionwear Use Notes,"Explore silk fabric types — chiffon, georgette, organza and crepe. Compare composition and character for apparel, then inquire on FabStitch.",Silk Fabric for Apparel & Occasionwear,,1219,1179,silk fabric,commercial_investigation,,,,35,,,high,A,
/collections/tailoring/,,,yes,no,/collections/tailoring/,yes,Suiting and Tailoring Fabric Notes Fabric Notes,"Compare wool, wool-silk, and open wool-linen cloth for jackets and suiting. Read construction and published weight, then inquire on one fabric.",Suiting and Tailoring Fabric Notes,,923,883,tailoring fabric,commercial_investigation,,,,25,,,high,A,
/collections/knitwear/,,,yes,no,/collections/knitwear/,yes,"Knitwear, Jersey and French Terry Fabric Notes","Compare pointelle, French terry, ponte, and merino knits. Read gauge and fibre on the fabric page before you treat two knits as the same cloth.","Knitwear, Jersey and French Terry",,1340,1300,knitted fabric,commercial_investigation,,,,37,,,high,A,
/collections/performance/,,,yes,no,/collections/performance/,yes,Activewear Performance Cloth Notes Fabric Notes,"Read stretch-woven, swim, and cooling cloths for activewear. Published construction is the spec. This page does not promise moisture-wicking tests.",Activewear Performance Cloth Notes,,514,474,performance fabric,commercial_investigation,,,,15,,,medium,B,
/collections/aw-textures/,,,yes,no,/collections/aw-textures/,yes,Heavy Wool and Brushed Cloth Notes Fabric Notes,"Compare melton, boiled wool, flannel, moleskin, and coating cloth. Weight and surface differ by fabric. No universal coat GSM is published here.",Heavy Wool and Brushed Cloth Notes,,684,644,coating fabric,commercial_investigation,,,,23,,,medium,B,
/collections/velvet-pile/,,,yes,no,/collections/velvet-pile/,yes,"Velvet, Corduroy and Pile Fabrics Fabric Notes","Compare corduroy wale, velveteen, and silk-viscose velvet. Pile direction and fibre are on the fabric page, not in the collection title.","Velvet, Corduroy and Pile Fabrics",,472,432,velvet fabric,commercial_investigation,,,,16,,,medium,B,
/collections/structured-classics/,,,yes,no,/collections/structured-classics/,yes,"Tweed, Gabardine and Classic Cloth Fabric Notes","Read tweed, tartan, gabardine, and jacquard as separate cloths. A classic look is not one weave, and membrane-backed pages say so.","Tweed, Gabardine and Classic Cloth",,524,484,tweed fabric,commercial_investigation,,,,17,,,medium,B,
/collections/technical-outerwear/,,,yes,no,/collections/technical-outerwear/,yes,Reading Technical Outerwear Cloth Fabric Notes,"Compare ripstop, membrane laminates, and wool-technical hybrids. Layer counts are per fabric. This page does not claim a waterproof rating.",Reading Technical Outerwear Cloth,,519,479,technical outerwear fabric,commercial_investigation,,,,17,,,medium,B,
/collections/denim/,,,yes,no,/collections/denim/,yes,Denim Fabric for Jeans & Apparel Fabric Notes,"Explore denim fabric for jeans and apparel. Compare weight units, composition and constructions, then inquire on FabStitch.",Denim Fabric for Jeans & Apparel,,705,665,denim fabric,commercial_investigation,,,,18,,,medium,B,
/collections/home-contract/,,,yes,no,/collections/home-contract/,yes,Home Textile and Upholstery Cloth Fabric Notes,"Compare upholstery, curtain, bedding, and rug cloths. Martindale, FR, or width counts only when that fabric page states it.",Home Textile and Upholstery Cloth,,853,813,upholstery fabric,commercial_investigation,,,,27,,,high,A,
/collections/spring-summer-2027/,,,yes,no,/collections/spring-summer-2027/,yes,Spring / Summer 2027 fabrics Fabric Notes,"Explore the breathable, lightweight, sheer and performance fabrics selected for FabStitch Spring / Summer 2027. See how Spring / Summer 2027 fabrics.",Spring / Summer 2027 fabrics,,4828,4788,Spring / Summer 2027 fabrics,commercial_investigation,,,,149,,,high,A,
/collections/autumn-winter-2027-28/,,,yes,no,/collections/autumn-winter-2027-28/,yes,Autumn / Winter 2027–28 fabrics Fabric Notes,"Explore brushed wool, pile, structured classics, technical outerwear and denim selected for FabStitch Autumn / Winter 2027–28.",Autumn / Winter 2027–28 fabrics,,2799,2759,Autumn / Winter 2027–28 fabrics,commercial_investigation,,,,86,,,high,A,
/collections/home-contract-2027-28/,,,yes,no,/collections/home-contract-2027-28/,yes,Home and contract fabrics for 2027–28 for Apparel,"Explore upholstery, curtain, bedding, rug and contract-textile directions selected for FabStitch Home & Contract 2027–28.",Home and contract fabrics for 2027–28,,695,655,Home and contract fabrics for 2027–28,commercial_investigation,,,,19,,,medium,B,
/fabrics/best-for/shirts/,,,yes,no,/fabrics/best-for/shirts/,yes,Fabrics for shirts for apparel sourcing Use Notes,"Compare FabStitch fabrics documented for shirts, from breathable linen and crisp cotton to brushed flannel and fine corduroy.",Fabrics for shirts,,1514,1474,Fabrics for shirts,commercial_investigation,,,,65,,,high,A,
/fabrics/best-for/womens-clothing/,,,yes,no,/fabrics/best-for/womens-clothing/,yes,Fabrics for women's clothing Fabric Notes,"Explore FabStitch fabrics documented for dresses, blouses, skirts, occasionwear and fluid tailoring in the 2027 collection.",Fabrics for women's clothing,,2176,2136,Fabrics for women's clothing,commercial_investigation,,,,76,,,high,A,
/fabrics/best-for/dresses/,,,yes,no,/fabrics/best-for/dresses/,yes,Fabrics for dresses for apparel sourcing,"Find linen, linen-silk, chiffon and georgette fabrics documented for dressmaking in the FabStitch 2027 collection. See how Fabrics for dresses relates.",Fabrics for dresses,,1634,1594,Fabrics for dresses,commercial_investigation,,,,68,,,high,A,
/fabrics/best-for/trousers/,,,yes,no,/fabrics/best-for/trousers/,yes,Fabrics for trousers Fabric Notes Fabric Notes,"Compare linen, georgette, flannel and corduroy fabrics documented for trousers and bottoms. See how Fabrics for trousers relates to construction.",Fabrics for trousers,,965,925,Fabrics for trousers,commercial_investigation,,,,35,,,high,A,
/fabrics/best-for/tailoring/,,,yes,no,/fabrics/best-for/tailoring/,yes,Fabrics for tailoring Fabric Notes Fabric Notes,"Explore lightweight wool blends, open weaves, flannel and soft tailoring fabrics selected for the FabStitch 2027 collection.",Fabrics for tailoring,,695,655,Fabrics for tailoring,commercial_investigation,,,,27,,,medium,B,
/fabrics/best-for/activewear/,,,yes,no,/fabrics/best-for/activewear/,yes,Fabrics for activewear Fabric Notes Fabric Notes,"Discover stretch, cooling, swim and retro-sport fabrics documented for performance apparel and next-to-skin uses. See how Fabrics for activewear.",Fabrics for activewear,,1132,1092,Fabrics for activewear,commercial_investigation,,,,41,,,high,A,
/fabrics/best-for/knitwear/,,,yes,no,/fabrics/best-for/knitwear/,yes,Fabrics for knitwear Fabric Notes Fabric Notes,"Explore open-stitch, pointelle, crochet-effect, bouclé and lightweight merino knitwear directions for 2027. See how Fabrics for knitwear relates to.",Fabrics for knitwear,,1181,1141,Fabrics for knitwear,commercial_investigation,,,,41,,,high,A,
/fabrics/best-for/resortwear/,,,yes,no,/fabrics/best-for/resortwear/,yes,Fabrics for resortwear Fabric Notes Fabric Notes,"Find linen-silk and open knit constructions documented for breathable, textural resortwear. See how Fabrics for resortwear relates to construction.",Fabrics for resortwear,,416,376,Fabrics for resortwear,commercial_investigation,,,,12,,,medium,B,
/fabrics/best-for/occasionwear/,,,yes,no,/fabrics/best-for/occasionwear/,yes,Fabrics for occasionwear Fabric Notes for Apparel,"Compare taffeta, dupion and silk-viscose velvet documented for structured or fluid occasionwear. See how Fabrics for occasionwear relates to.",Fabrics for occasionwear,,385,345,Fabrics for occasionwear,commercial_investigation,,,,13,,,supporting,C,
/fabrics/best-for/outerwear/,,,yes,no,/fabrics/best-for/outerwear/,yes,Fabrics for outerwear Fabric Notes Fabric Notes,"Explore coating, technical laminates, ripstop, corduroy and hybrid fabrics documented for outerwear. See how Fabrics for outerwear relates to.",Fabrics for outerwear,,646,606,Fabrics for outerwear,commercial_investigation,,,,23,,,medium,B,
/fabrics/best-for/home-textiles/,,,yes,no,/fabrics/best-for/home-textiles/,yes,Fabrics for home textiles Fabric Notes Use Notes,"Browse upholstery, curtains, sheers, bedding, rugs and contract textiles from the FabStitch 2027 home collection. See how Fabrics for home textiles.",Fabrics for home textiles,,804,764,Fabrics for home textiles,commercial_investigation,,,,26,,,high,A,
/fabrics/best-for/upholstery/,,,yes,no,/fabrics/best-for/upholstery/,yes,Fabrics for upholstery Fabric Notes Fabric Notes,"Compare bouclé, heavy linen, wool felt and performance upholstery weaves in the FabStitch Home & Contract collection. See how Fabrics for upholstery.",Fabrics for upholstery,,370,330,Fabrics for upholstery,commercial_investigation,,,,7,,,supporting,C,
/fabrics/best-for/bedding/,,,yes,no,/fabrics/best-for/bedding/,yes,Fabrics for bedding for apparel sourcing,"Explore cotton percale, cotton sateen, washed linen and lyocell-blend bedding fabrics selected for 2027. See how Fabrics for bedding relates to.",Fabrics for bedding,,442,402,Fabrics for bedding,commercial_investigation,,,,10,,,medium,B,
/guides/fabrics-2027/,,,yes,no,/guides/fabrics-2027/,yes,Fabrics for 2027: the FabStitch material guide,"Understand the Spring/Summer, Autumn/Winter and Home & Contract directions behind the FabStitch 2027 fabric collection. See how Fabrics for 2027: the.",A practical guide to the FabStitch 2027 fabric collection,,519,479,A practical guide to the FabStitch 2027 fabric collection,informational,,,,11,,,medium,B,
/guides/spring-summer-2027-fabrics/,,,yes,no,/guides/spring-summer-2027-fabrics/,yes,Spring/Summer 2027 fabrics Fabric Notes Use Notes,"Explore linen, cotton, silk, summer tailoring, open knitwear and performance fabrics in the FabStitch Spring/Summer 2027 collection.",Spring/Summer 2027: lightness with structure,,420,380,Spring/Summer 2027: lightness with structure,informational,,,,11,,,medium,B,
/guides/autumn-winter-2027-28-fabrics/,,,yes,no,/guides/autumn-winter-2027-28-fabrics/,yes,Autumn/Winter 2027–28 fabrics Fabric Notes,"Explore brushed wool, dry-hand cloth, velvet, structured classics, technical outerwear and denim in the FabStitch AW 2027–28 collection.","Autumn/Winter 2027–28: surface, weight and protection",,421,381,"Autumn/Winter 2027–28: surface, weight and protection",informational,,,,11,,,medium,B,
/guides/fabric-weight-and-gsm/,,,yes,no,/guides/fabric-weight-and-gsm/,yes,Fabric GSM and weight explained Fabric Notes,"Learn what GSM means in fabric, how fabric weight relates to apparel use, and how to read FabStitch weight fields without inventing missing numbers.",What fabric GSM means for buyers,,746,706,What fabric GSM means for buyers,informational,,,,8,,,high,A,
/guides/woven-vs-knit-fabrics/,,,yes,no,/guides/woven-vs-knit-fabrics/,yes,Woven fabric vs knit fabric Fabric Notes,"Learn what woven fabric is, how warp and weft construction works, and how woven cotton, linen, wool and denim differ from knits on FabStitch.",What woven fabric is — and how it differs from knit,,409,369,What woven fabric is — and how it differs from knit,informational,,,,8,,,medium,B,
/guides/how-to-choose-fabric-for-shirts/,,,yes,no,/guides/how-to-choose-fabric-for-shirts/,yes,How to choose fabric for shirts Fabric Notes,"Compare linen, cotton, silk, flannel and corduroy shirt fabrics using real FabStitch 2027 product data. See how How to choose fabric for shirts relates","Choosing shirt fabric by season, structure and hand",,397,357,"Choosing shirt fabric by season, structure and hand",informational,,,,8,,,medium,B,
/guides/chiffon-vs-georgette/,,,yes,no,/guides/chiffon-vs-georgette/,yes,Chiffon vs georgette Fabric Notes Fabric Notes,"Compare chiffon and georgette construction, surface, drape and documented uses in the FabStitch 2027 collection. See how Chiffon vs georgette relates.",Chiffon or georgette: comparing two sheer dress fabrics,,335,295,Chiffon or georgette: comparing two sheer dress fabrics,informational,,,,4,,,supporting,C,
/guides/denim-2027/,,,yes,no,/guides/denim-2027/,yes,Denim directions for 2027 Fabric Notes Use Notes,"Compare lightweight, premium, recycled-cotton, lower-impact finished, hemp-cotton and selvedge rigid denim for 2027. See how Denim directions for 2027.",Six denim sourcing directions in the FabStitch 2027 collection,,352,312,Six denim sourcing directions in the FabStitch 2027 collection,informational,,,,6,,,supporting,C,
/guides/linen-fabrics-2027/,,,yes,no,/guides/linen-fabrics-2027/,yes,Linen fabrics for 2027 Fabric Notes Fabric Notes,"Compare European flax linen, linen-cotton, linen-silk, linen-viscose and linen-lyocell in the FabStitch 2027 collection.",Five linen and linen-blend directions for 2027,,364,324,Five linen and linen-blend directions for 2027,informational,,,,9,,,supporting,C,
/guides/what-is-cotton-fabric/,,,yes,no,/guides/what-is-cotton-fabric/,yes,What is cotton fabric? Fabric Notes Fabric Notes,"Learn how cotton is spun and woven or knitted, which constructions suit shirts and dresses, and how to compare cotton fabrics on FabStitch.",What is cotton fabric?,,399,359,What is cotton fabric?,informational,,,,6,,,medium,B,
/guides/understanding-fabric-width/,,,no,yes,/guides/understanding-fabric-width/,no,Understanding fabric width Fabric Notes Use Notes,"Learn why fabric width matters when you estimate quantity, how usable width differs from listed width, and how to read width on FabStitch.",Understanding fabric width,,221,181,Understanding fabric width,informational,,,,4,,,low,C,
/guides/cotton-vs-linen/,,,yes,no,/guides/cotton-vs-linen/,yes,Cotton vs linen: which fabric is right for your,"Compare cotton and linen for drape, crease, weight and typical uses so you can choose a starting collection on FabStitch.",Where cotton and linen differ,,447,407,Where cotton and linen differ,informational,,,,6,,,medium,B,
/guides/silk-vs-satin/,,,no,yes,/guides/silk-vs-satin/,no,Silk vs satin: what's the difference? for Apparel,"Understand the difference between silk as a fibre and satin as a weave, and how to read silk and satin-like fabrics on FabStitch.",Silk vs satin: what's the difference?,,237,197,Silk vs satin: what's the difference?,informational,,,,5,,,low,C,
/guides/what-is-a-fabric-weave/,,,no,yes,/guides/what-is-a-fabric-weave/,no,What is a fabric weave? Fabric Notes for Apparel,"A plain-language explanation of plain, twill and satin weaves, and how weave changes drape, opacity and surface on FabStitch fabrics.",What is a fabric weave?,,241,201,What is a fabric weave?,informational,,,,6,,,low,C,
/guides/how-to-choose-the-right-fabric-weight/,,,no,yes,/guides/how-to-choose-the-right-fabric-weight/,no,How to choose the right fabric weight for Apparel,"Use GSM and construction together to choose a fabric weight for shirts, dresses, tailoring and interiors on FabStitch. See how How to choose the right.",How to choose the right fabric weight,,233,193,How to choose the right fabric weight,informational,,,,6,,,low,C,
/guides/understanding-stretch-in-fabric/,,,no,yes,/guides/understanding-stretch-in-fabric/,no,Understanding stretch in fabric Fabric Notes,"Learn the difference between mechanical stretch and elastane stretch, and how FabStitch records stretch only when it is documented.",Understanding stretch in fabric,,221,181,Understanding stretch in fabric,informational,,,,6,,,low,C,
/guides/how-fabric-composition-affects-performance/,,,no,yes,/guides/how-fabric-composition-affects-performance/,no,How fabric composition affects performance,"See how fibre blends change moisture, drape, crease and durability, and how to read composition on FabStitch fabric pages.",How fabric composition affects performance,,207,167,How fabric composition affects performance,informational,,,,6,,,low,C,
/guides/how-to-choose-fabric-for-dresses/,,,no,yes,/guides/how-to-choose-fabric-for-dresses/,no,How to choose fabric for dresses Fabric Notes,"Choose dress fabrics by drape, opacity and weight, then use FabStitch Best For dresses and related collections to compare real cloth.",How to choose fabric for dresses,,230,190,How to choose fabric for dresses,informational,,,,5,,,low,C,
/guides/choosing-fabric-for-activewear/,,,no,yes,/guides/choosing-fabric-for-activewear/,no,Choosing fabric for activewear Fabric Notes,"Compare stretch, recovery and construction for activewear, then use FabStitch Performance and Best For activewear pages.",Choosing fabric for activewear,,265,225,Choosing fabric for activewear,informational,,,,4,,,low,C,
/guides/how-to-buy-fabric-online/,,,yes,no,/guides/how-to-buy-fabric-online/,yes,How to buy fabric online Fabric Notes for Apparel,"A practical guide to buying fabric online: search by material and use, compare specs, then inquire for quantity on FabStitch.",How to buy fabric online with confidence,,408,368,How to buy fabric online with confidence,informational,,,,7,,,medium,B,
/guides/how-to-source-fabric-for-clothing-brands/,,,yes,no,/guides/how-to-source-fabric-for-clothing-brands/,yes,How to source fabric for clothing brands,"A clear fabric sourcing workflow for clothing brands and boutiques: brief, shortlist, compare specs, then inquire on FabStitch.",How to source fabric for clothing brands,,387,347,How to source fabric for clothing brands,informational,,,,7,,,supporting,C,
/guides/lightweight-fabric/,,,yes,no,/guides/lightweight-fabric/,yes,Lightweight fabric for apparel Fabric Notes,"Understand lightweight fabric for shirts, dresses and apparel — how weight relates to GSM, thin vs light, and how to compare FabStitch cloths.",What lightweight fabric means for clothing,,374,334,What lightweight fabric means for clothing,informational,,,,7,,,supporting,C,
/help/what-is-fabstitch/,,,yes,no,/help/what-is-fabstitch/,yes,What is FabStitch? for apparel sourcing Use Notes,"FabStitch is a fabric discovery and sourcing storefront for professional customers. See how What is FabStitch? relates to construction, weight, and.",What is FabStitch?,,79,39,What is FabStitch?,support,,,,4,,,thin,D,
/help/how-fabstitch-works/,,,yes,no,/help/how-fabstitch-works/,yes,How does FabStitch work? Fabric Notes for Apparel,"Discover a fabric, choose a quantity and send an inquiry. Commercial terms follow by email. See how How does FabStitch work? relates to construction.",How does FabStitch work?,,80,40,How does FabStitch work?,support,,,,3,,,thin,D,
/help/how-to-find-fabrics/,,,yes,no,/help/how-to-find-fabrics/,yes,How do I find a fabric? Fabric Notes for Apparel,"Use collections, Best For, marketplace search or filters to reach a named FabStitch fabric. See how How do I find a fabric? relates to construction.",How do I find a fabric?,,51,11,How do I find a fabric?,support,,,,4,,,thin,D,
/help/understanding-fabric-pages/,,,yes,no,/help/understanding-fabric-pages/,yes,How do I read a fabric page? Fabric Notes,"A fabric page shows the named cloth, documented properties and the inquiry action. See how How do I read a fabric page? relates to construction.",How do I read a fabric page?,,42,2,How do I read a fabric page?,support,,,,3,,,thin,D,
/help/how-search-works/,,,yes,no,/help/how-search-works/,yes,How do I search for a fabric? Fabric Notes,"Type a fibre, construction, fabric name or product into search to open matching catalog results. See how How do I search for a fabric? relates to.",How do I search for a fabric?,,41,1,How do I search for a fabric?,support,,,,3,,,thin,D,
/help/how-filters-work/,,,yes,no,/help/how-filters-work/,yes,How do fabric filters work? Fabric Notes,"Filters narrow the catalog by documented fields such as fibre, construction, weight and Best For. See how How do fabric filters work? relates to.",How do fabric filters work?,,51,11,How do fabric filters work?,support,,,,3,,,thin,D,
/help/how-to-submit-an-inquiry/,,,yes,no,/help/how-to-submit-an-inquiry/,yes,How do I submit a fabric inquiry? Fabric Notes,"Open a fabric, enter the quantity you need and submit the inquiry from your FabStitch account. See how How do I submit a fabric inquiry? relates to.",How do I submit a fabric inquiry?,,47,7,How do I submit a fabric inquiry?,support,,,,7,,,thin,D,
/help/what-information-is-in-an-inquiry/,,,yes,no,/help/what-information-is-in-an-inquiry/,yes,What information is included in my inquiry?,"An inquiry records the fabric, the quantity in metres, your registered email and any note you add. See how What information is included in my inquiry?",What information is included in my inquiry?,,51,11,What information is included in my inquiry?,support,,,,6,,,thin,D,
/help/what-happens-after-an-inquiry/,,,yes,no,/help/what-happens-after-an-inquiry/,yes,What happens after I submit an inquiry? Use Notes,The inquiry is saved to your account and FabStitch contacts you at your registered email. See how What happens after I submit an inquiry? relates to.,What happens after I submit an inquiry?,,45,5,What happens after I submit an inquiry?,support,,,,6,,,thin,D,
/help/viewing-my-inquiries/,,,yes,no,/help/viewing-my-inquiries/,yes,Where can I see my previous inquiries? Use Notes,"Signed-in customers can open My Inquiries from the account menu. See how Where can I see my previous inquiries? relates to construction, weight, and.",Where can I see my previous inquiries?,,33,0,Where can I see my previous inquiries?,support,,,,6,,,thin,D,
/help/how-to-buy-fabric/,,,yes,no,/help/how-to-buy-fabric/,yes,How do I buy fabric on FabStitch? Fabric Notes,"The live commercial path is fabric, quantity and inquiry. Payment is not collected on the website. See how How do I buy fabric on FabStitch? relates to",How do I buy fabric on FabStitch?,,56,16,How do I buy fabric on FabStitch?,support,,,,6,,,thin,D,
/help/orders/,,,yes,no,/help/orders/,yes,How do orders work? for apparel sourcing,"Orders appear on your account when FabStitch has recorded one. You can open and, when allowed, cancel them. See how How do orders work? relates to.",How do orders work?,,50,10,How do orders work?,support,,,,2,,,thin,D,
/help/sign-up/,,,yes,no,/help/sign-up/,yes,How do I create an account? Fabric Notes,"Join FabStitch with your work email, a password, your name and country. See how How do I create an account? relates to construction, weight, and.",How do I create an account?,,36,0,How do I create an account?,support,,,,4,,,thin,D,
/help/sign-in/,,,yes,no,/help/sign-in/,yes,How do I sign in? for apparel sourcing Use Notes,"Use your FabStitch email and password, or Google if it is linked to your account. See how How do I sign in? relates to construction, weight, and.",How do I sign in?,,38,0,How do I sign in?,support,,,,4,,,thin,D,
/help/account/,,,yes,no,/help/account/,yes,How do I update my account information? Use Notes,Change your name and phone on the account profile page while signed in. See how How do I update my account information? relates to construction.,How do I update my account information?,,32,0,How do I update my account information?,support,,,,4,,,thin,D,
/help/country-and-currency/,,,yes,no,/help/country-and-currency/,yes,How do I change country or currency? for Apparel,"Set country and currency in Preferences or from the header. They are display preferences, not exchange rates. See how How do I change country or.",How do I change country or currency?,,39,0,How do I change country or currency?,support,,,,2,,,thin,D,
/login/,,,no,yes,/login/,no,Private FabStitch page: /login/ Fabric Notes,"Private or account utility route. See how Private FabStitch page: /login/ relates to construction, weight, and apparel use.",Account utility,,0,0,Account utility,navigational,,,,0,,,low,D,
/signup/,,,no,yes,/signup/,no,Private FabStitch page: /signup/ Fabric Notes,"Private or account utility route. See how Private FabStitch page: /signup/ relates to construction, weight, and apparel use.",Account utility,,0,0,Account utility,navigational,,,,0,,,low,D,
/account/,,,no,yes,/account/,no,Private FabStitch page: /account/ Fabric Notes,"Private or account utility route. See how Private FabStitch page: /account/ relates to construction, weight, and apparel use.",Account utility,,0,0,Account utility,navigational,,,,0,,,low,D,
/account/preferences/,,,no,yes,/account/preferences/,no,Private FabStitch page: /account/preferences/,"Private or account utility route. See how Private FabStitch page: /account/preferences/ relates to construction, weight, and apparel use.",Account utility,,0,0,Account utility,navigational,,,,0,,,low,D,
/onboarding/,,,no,yes,/onboarding/,no,Private FabStitch page: /onboarding/ for Apparel,"Private or account utility route. See how Private FabStitch page: /onboarding/ relates to construction, weight, and apparel use.",Account utility,,0,0,Account utility,navigational,,,,0,,,low,D,
/verify/,,,no,yes,/verify/,no,Private FabStitch page: /verify/ Fabric Notes,"Private or account utility route. See how Private FabStitch page: /verify/ relates to construction, weight, and apparel use.",Account utility,,0,0,Account utility,navigational,,,,0,,,low,D,
/forgot-password/,,,no,yes,/forgot-password/,no,Private FabStitch page: /forgot-password/,"Private or account utility route. See how Private FabStitch page: /forgot-password/ relates to construction, weight, and apparel use.",Account utility,,0,0,Account utility,navigational,,,,0,,,low,D,
/reset-password/,,,no,yes,/reset-password/,no,Private FabStitch page: /reset-password/,"Private or account utility route. See how Private FabStitch page: /reset-password/ relates to construction, weight, and apparel use.",Account utility,,0,0,Account utility,navigational,,,,0,,,low,D,
/discover/,,,yes,no,/discover/,yes,Fabric Discovery Topics & Comparisons,"Explore FabStitch topics on materials, garment uses, fabric attributes, and comparisons that lead back to the marketplace.",Fabric discovery topics,,300,260,fabric discovery topics,commercial_investigation,,,,11,,,supporting,C,
/discover/topics/material/,,,yes,no,/discover/topics/material/,yes,Materials | Fabric Discovery Fabric Notes,"Fibre and fabric material topics spanning cotton, linen, silk, wool, denim and technical cloth. Browse 15 FabStitch discovery topics with links into.",Material fabric topics,,1239,1199,materials,commercial_investigation,,,,5,,,high,A,
/discover/topics/use-case/,,,yes,no,/discover/topics/use-case/,yes,Clothing & use cases | Fabric Discovery Use Notes,"Garment and product use topics for shirts, dresses, trousers, knitwear, home and performance. Browse 15 FabStitch discovery topics with links into.",Clothing and use-case fabric topics,,1331,1291,clothing & use cases,commercial_investigation,,,,5,,,high,A,
/discover/topics/attribute/,,,yes,no,/discover/topics/attribute/,yes,Fabric characteristics | Fabric Discovery,"Hand-feel, drape, opacity, stretch and other fabric characteristic topics buyers search for. Browse 9 FabStitch discovery topics with links into.",Fabric characteristic topics,,720,680,fabric characteristics,commercial_investigation,,,,5,,,medium,B,
/discover/topics/material-use/,,,yes,no,/discover/topics/material-use/,yes,"Shirt, dress & garment fabrics | Fabric Discovery","Material-and-use pairings such as cotton for shirts or linen for dresses. Browse 506 FabStitch discovery topics with links into collections, Best For.",Material and garment fabric topics,,7796,7756,"shirt, dress & garment fabrics",commercial_investigation,,,,5,,,high,A,
/discover/topics/material-use/page/2/,,,yes,no,/discover/topics/material-use/page/2/,yes,"Shirt, dress & garment fabrics | Fabric p.2 p.2","Continued shirt, dress & garment fabrics fabric discovery topics (page 2 of 6) on FabStitch. See how Shirt, dress & garment fabrics | Fabric Discovery.",Material and garment fabric topics — page 2,,7835,7795,"shirt, dress & garment fabrics",commercial_investigation,,,,5,,,high,A,
/discover/topics/material-use/page/3/,,,yes,no,/discover/topics/material-use/page/3/,yes,"Shirt, dress & garment fabrics | Fabric p.3 p.3","Continued shirt, dress & garment fabrics fabric discovery topics (page 3 of 6) on FabStitch. See how Shirt, dress & garment fabrics | Fabric Discovery.",Material and garment fabric topics — page 3,,7802,7762,"shirt, dress & garment fabrics",commercial_investigation,,,,5,,,high,A,
/discover/topics/material-use/page/4/,,,yes,no,/discover/topics/material-use/page/4/,yes,"Shirt, dress & garment fabrics | Fabric p.4 p.4","Continued shirt, dress & garment fabrics fabric discovery topics (page 4 of 6) on FabStitch. See how Shirt, dress & garment fabrics | Fabric Discovery.",Material and garment fabric topics — page 4,,7825,7785,"shirt, dress & garment fabrics",commercial_investigation,,,,5,,,high,A,
/discover/topics/material-use/page/5/,,,yes,no,/discover/topics/material-use/page/5/,yes,"Shirt, dress & garment fabrics | Fabric p.5 p.5","Continued shirt, dress & garment fabrics fabric discovery topics (page 5 of 6) on FabStitch. See how Shirt, dress & garment fabrics | Fabric Discovery.",Material and garment fabric topics — page 5,,7820,7780,"shirt, dress & garment fabrics",commercial_investigation,,,,5,,,high,A,
/discover/topics/material-use/page/6/,,,yes,no,/discover/topics/material-use/page/6/,yes,"Shirt, dress & garment fabrics | Fabric p.6 p.6","Continued shirt, dress & garment fabrics fabric discovery topics (page 6 of 6) on FabStitch. See how Shirt, dress & garment fabrics | Fabric Discovery.",Material and garment fabric topics — page 6,,566,526,"shirt, dress & garment fabrics",commercial_investigation,,,,5,,,medium,B,
/discover/topics/material-attribute/,,,yes,no,/discover/topics/material-attribute/,yes,Material characteristics | Fabric Discovery,"Material paired with weight, sheerness, stretch and related attributes. Browse 232 FabStitch discovery topics with links into collections, Best For.",Material characteristic topics,,6920,6880,material characteristics,commercial_investigation,,,,5,,,high,A,
/discover/topics/material-attribute/page/2/,,,yes,no,/discover/topics/material-attribute/page/2/,yes,Material characteristics | Fabric Discovery p.2,Continued material characteristics fabric discovery topics (page 2 of 3) on FabStitch. See how Material characteristics | Fabric Discovery (page 2).,Material characteristic topics — page 2,,6923,6883,material characteristics,commercial_investigation,,,,5,,,high,A,
/discover/topics/material-attribute/page/3/,,,yes,no,/discover/topics/material-attribute/page/3/,yes,Material characteristics | Fabric Discovery p.3,Continued material characteristics fabric discovery topics (page 3 of 3) on FabStitch. See how Material characteristics | Fabric Discovery (page 3).,Material characteristic topics — page 3,,2284,2244,material characteristics,commercial_investigation,,,,5,,,high,A,
/discover/topics/use-attribute/,,,yes,no,/discover/topics/use-attribute/,yes,Use-case characteristics | Fabric Discovery,"Use-case topics refined by drape, weight, stretch and related buying attributes. Browse 174 FabStitch discovery topics with links into collections.",Use-case characteristic topics,,7208,7168,use-case characteristics,commercial_investigation,,,,5,,,high,A,
/discover/topics/use-attribute/page/2/,,,yes,no,/discover/topics/use-attribute/page/2/,yes,Use-case characteristics | Fabric Discovery p.2,Continued use-case characteristics fabric discovery topics (page 2 of 2) on FabStitch. See how Use-case characteristics | Fabric Discovery (page 2).,Use-case characteristic topics — page 2,,5362,5322,use-case characteristics,commercial_investigation,,,,5,,,high,A,
/discover/topics/construction/,,,yes,no,/discover/topics/construction/,yes,Weave & construction | Fabric Discovery Use Notes,"Weave, knit and construction topics that explain how cloth is built. Browse 35 FabStitch discovery topics with links into collections, Best For pages.",Weave and construction topics,,2562,2522,weave & construction,commercial_investigation,,,,5,,,high,A,
/discover/topics/education/,,,yes,no,/discover/topics/education/,yes,Fabric weight & education | Fabric Discovery,"Educational fabric topics covering GSM, care, selection and textile fundamentals. Browse 33 FabStitch discovery topics with links into collections.",Fabric education topics,,2650,2610,fabric weight & education,commercial_investigation,,,,5,,,high,A,
/discover/topics/comparison/,,,yes,no,/discover/topics/comparison/,yes,Comparisons | Fabric Discovery Fabric Notes,"Side-by-side fabric comparisons that help buyers choose between materials. Browse 34 FabStitch discovery topics with links into collections, Best For.",Fabric comparison topics,,2711,2671,comparisons,commercial_investigation,,,,5,,,high,A,
/discover/topics/commercial/,,,yes,no,/discover/topics/commercial/,yes,"Buying, sourcing & wholesale | Fabric Discovery","Commercial discovery pathways into fabric sourcing, wholesale and marketplace buying. Browse 11 FabStitch discovery topics with links into collections.",Buying and sourcing fabric topics,,979,939,"buying, sourcing & wholesale",commercial_investigation,,,,5,,,high,A,
/discover/polyester-fabric/,,,yes,no,/discover/polyester-fabric/,yes,"Polyester Fabric: Properties, Uses & Selection","Polyester is a versatile synthetic used in performance apparel, blends, linings and structured programmes where recovery and durability matter. Learn….","Polyester Fabric: Properties, Uses & Selection",,319,279,polyester fabric,commercial_investigation,,,,5,,,supporting,C,
/discover/viscose-fabric/,,,yes,no,/discover/viscose-fabric/,yes,"Viscose Fabric: Properties, Uses & Selection","Viscose is a regenerated cellulose fibre often chosen for fluid drape and soft apparel hands in dresses and blouses. Learn viscose fabric, then compare","Viscose Fabric: Properties, Uses & Selection",,307,267,viscose fabric,commercial_investigation,,,,5,,,supporting,C,
/discover/rayon-fabric/,,,yes,no,/discover/rayon-fabric/,yes,"Rayon Fabric: Properties, Uses & Selection",Rayon is a regenerated cellulose family label that often overlaps market language with viscose; always read the published composition on FabStitch.,"Rayon Fabric: Properties, Uses & Selection",,317,277,rayon fabric,commercial_investigation,,,,5,,,supporting,C,
/discover/jersey-fabric/,,,yes,no,/discover/jersey-fabric/,yes,"Jersey Fabric: Properties, Uses & Selection","Jersey is a knit construction family rather than a single fibre — cotton, wool, polyester and blends all appear as jersey.","Jersey Fabric: Properties, Uses & Selection",,301,261,jersey fabric,commercial_investigation,,,,6,,,supporting,C,
/discover/velvet-fabric/,,,yes,no,/discover/velvet-fabric/,yes,"Velvet Fabric: Properties, Uses & Selection","Velvet is a pile construction that can be silk, cotton, polyester or blends — fibre and pile density drive the product role. Learn velvet fabric, then…","Velvet Fabric: Properties, Uses & Selection",,289,249,velvet fabric,commercial_investigation,,,,6,,,supporting,C,
/discover/chiffon-fabric/,,,yes,no,/discover/chiffon-fabric/,yes,"Chiffon Fabric: Properties, Uses & Selection","Chiffon is a sheer, lightweight plain-weave character often in silk or polyester, used for overlays and fluid dresses. Learn chiffon fabric, then.","Chiffon Fabric: Properties, Uses & Selection",,282,242,chiffon fabric,commercial_investigation,,,,6,,,supporting,C,
/discover/georgette-fabric/,,,yes,no,/discover/georgette-fabric/,yes,"Georgette Fabric: Properties, Uses & Selection","Georgette is a sheer crepe-character cloth, often silk or polyester, with more grain and bounce than chiffon. Learn georgette fabric, then compare.","Georgette Fabric: Properties, Uses & Selection",,290,250,georgette fabric,commercial_investigation,,,,6,,,supporting,C,
/discover/poplin-fabric/,,,yes,no,/discover/poplin-fabric/,yes,"Poplin Fabric: Properties, Uses & Selection","Poplin is a fine plain weave, commonly cotton, associated with crisp shirting and clean apparel surfaces. Learn poplin fabric, then compare real.","Poplin Fabric: Properties, Uses & Selection",,294,254,poplin fabric,commercial_investigation,,,,6,,,supporting,C,
/discover/satin-fabric/,,,yes,no,/discover/satin-fabric/,yes,"Satin Fabric: Properties, Uses & Selection","Satin refers to a weave structure with long floats that create lustre; fibre may be silk, polyester or blends. Learn satin fabric, then compare real….","Satin Fabric: Properties, Uses & Selection",,294,254,satin fabric,commercial_investigation,,,,5,,,supporting,C,
/discover/crepe-fabric/,,,yes,no,/discover/crepe-fabric/,yes,"Crepe Fabric: Properties, Uses & Selection","Crepe describes a textured, often pebbled surface from high-twist yarns or crepe weaves, across silk, wool, polyester and blends.","Crepe Fabric: Properties, Uses & Selection",,297,257,crepe fabric,commercial_investigation,,,,5,,,supporting,C,
/discover/canvas-fabric/,,,yes,no,/discover/canvas-fabric/,yes,"Canvas Fabric: Properties, Uses & Selection","Canvas is a dense, durable plain weave historically cotton or linen, used for structured bags, workwear and some outer layers.","Canvas Fabric: Properties, Uses & Selection",,292,252,canvas fabric,commercial_investigation,,,,5,,,supporting,C,
/discover/oxford-fabric/,,,yes,no,/discover/oxford-fabric/,yes,"Oxford Fabric: Properties, Uses & Selection","Oxford is a basket-weave shirting construction, typically cotton, with a slightly textured face and solid everyday durability.","Oxford Fabric: Properties, Uses & Selection",,273,233,oxford fabric,commercial_investigation,,,,6,,,supporting,C,
/discover/twill-fabric/,,,yes,no,/discover/twill-fabric/,yes,"Twill Fabric: Properties, Uses & Selection","Twill is a weave with diagonal wales, used across cotton, wool, polyester and blends for trousers, jackets and work cloths.","Twill Fabric: Properties, Uses & Selection",,293,253,twill fabric,commercial_investigation,,,,5,,,supporting,C,
/discover/french-terry-fabric/,,,yes,no,/discover/french-terry-fabric/,yes,"French terry Fabric: Properties, Uses & Selection","French terry is a knit with loops on one face, used for lounge, sports-adjacent and casual apparel programmes. Learn french terry fabric, then compare.","French terry Fabric: Properties, Uses & Selection",,292,252,french terry fabric,commercial_investigation,,,,6,,,supporting,C,
/discover/lyocell-fabric/,,,yes,no,/discover/lyocell-fabric/,yes,"Lyocell Fabric: Properties, Uses & Selection","Lyocell is a regenerated cellulose fibre often chosen for soft hand, fluid drape and cleaner process narratives when documented.","Lyocell Fabric: Properties, Uses & Selection",,290,250,lyocell fabric,commercial_investigation,,,,5,,,supporting,C,
/discover/fabric-for-shirts/,,,yes,no,/discover/fabric-for-shirts/,yes,Fabric for Shirts: What to Specify Fabric Notes,"Fabric for shirts should be chosen from garment constraints first: stable cutting behaviour, appropriate opacity for pale colours, collar and placket….",Fabric for Shirts: What to Specify,,292,252,fabric for shirts,commercial_investigation,,,,8,,,supporting,C,
/discover/fabric-for-dresses/,,,yes,no,/discover/fabric-for-dresses/,yes,Fabric for Dresses: What to Specify Fabric Notes,"Fabric for dresses should be chosen from garment constraints first: drape matched to silhouette, opacity planning, comfort for longer wear.",Fabric for Dresses: What to Specify,,279,239,fabric for dresses,commercial_investigation,,,,8,,,supporting,C,
/discover/fabric-for-trousers/,,,yes,no,/discover/fabric-for-trousers/,yes,Fabric for Trousers: What to Specify for Apparel,"Fabric for trousers should be chosen from garment constraints first: recovery at seat and knee, opacity, crease or soft break behaviour as designed.",Fabric for Trousers: What to Specify,,283,243,fabric for trousers,commercial_investigation,,,,6,,,supporting,C,
/discover/fabric-for-jackets/,,,yes,no,/discover/fabric-for-jackets/,yes,Fabric for Jackets: What to Specify Fabric Notes,"Fabric for jackets should be chosen from garment constraints first: enough body for shape, compatible interlining strategy, durable wear at elbows and…",Fabric for Jackets: What to Specify,,265,225,fabric for jackets,commercial_investigation,,,,6,,,supporting,C,
/discover/fabric-for-coats/,,,yes,no,/discover/fabric-for-coats/,yes,Fabric for Coats: What to Specify Fabric Notes,"Fabric for coats should be chosen from garment constraints first: insulation or wind strategy, durable face, weight compatible with wear time.",Fabric for Coats: What to Specify,,247,207,fabric for coats,commercial_investigation,,,,6,,,supporting,C,
/discover/fabric-for-suits/,,,yes,no,/discover/fabric-for-suits/,yes,Fabric for Suits: What to Specify Fabric Notes,"Fabric for suits should be chosen from garment constraints first: crease behaviour, recovery, tailoring compatibility. Learn fabric for suits, then.",Fabric for Suits: What to Specify,,237,197,fabric for suits,commercial_investigation,,,,6,,,supporting,C,
/discover/fabric-for-blazers/,,,yes,no,/discover/fabric-for-blazers/,yes,Fabric for Blazers: What to Specify Fabric Notes,"Fabric for blazers should be chosen from garment constraints first: enough body for clean lines, compatible with intended structure level.",Fabric for Blazers: What to Specify,,249,209,fabric for blazers,commercial_investigation,,,,6,,,supporting,C,
/discover/fabric-for-uniforms/,,,yes,no,/discover/fabric-for-uniforms/,yes,Fabric for Uniforms: What to Specify for Apparel,"Fabric for uniforms should be chosen from garment constraints first: durability, consistent colourways, care practicality.",Fabric for Uniforms: What to Specify,,215,175,fabric for uniforms,commercial_investigation,,,,5,,,supporting,C,
/discover/fabric-for-activewear/,,,yes,no,/discover/fabric-for-activewear/,yes,Fabric for Activewear: What to Specify Use Notes,"Fabric for activewear should be chosen from garment constraints first: stretch and recovery, moisture strategy when required, abrasion tolerance for.",Fabric for Activewear: What to Specify,,244,204,fabric for activewear,commercial_investigation,,,,6,,,supporting,C,
/discover/fabric-for-workwear/,,,yes,no,/discover/fabric-for-workwear/,yes,Fabric for Workwear: What to Specify for Apparel,"Fabric for workwear should be chosen from garment constraints first: abrasion resistance, durability at stress points, practical care.",Fabric for Workwear: What to Specify,,211,171,fabric for workwear,commercial_investigation,,,,6,,,supporting,C,
/discover/fabric-for-blouses/,,,yes,no,/discover/fabric-for-blouses/,yes,Fabric for Blouses: What to Specify Fabric Notes,"Fabric for blouses should be chosen from garment constraints first: agreeable next-to-skin hand, drape suited to the silhouette, opacity planning.",Fabric for Blouses: What to Specify,,246,206,fabric for blouses,commercial_investigation,,,,6,,,supporting,C,
/discover/fabric-for-skirts/,,,yes,no,/discover/fabric-for-skirts/,yes,Fabric for Skirts: What to Specify Fabric Notes,"Fabric for skirts should be chosen from garment constraints first: drape or structure matched to silhouette, opacity, comfortable waist and movement….",Fabric for Skirts: What to Specify,,239,199,fabric for skirts,commercial_investigation,,,,6,,,supporting,C,
/discover/fabric-for-outerwear/,,,yes,no,/discover/fabric-for-outerwear/,yes,Fabric for Outerwear: What to Specify for Apparel,"Fabric for outerwear should be chosen from garment constraints first: weather strategy, durable face, compatible insulation or lining plan.",Fabric for Outerwear: What to Specify,,207,167,fabric for outerwear,commercial_investigation,,,,6,,,supporting,C,
/discover/fabric-for-loungewear/,,,yes,no,/discover/fabric-for-loungewear/,yes,Fabric for Loungewear: What to Specify Use Notes,"Fabric for loungewear should be chosen from garment constraints first: comfort, soft hand, easy movement. Learn fabric for loungewear, then compare.",Fabric for Loungewear: What to Specify,,205,165,fabric for loungewear,commercial_investigation,,,,5,,,supporting,C,
/discover/fabric-for-knitwear/,,,yes,no,/discover/fabric-for-knitwear/,yes,Fabric for Knitwear: What to Specify for Apparel,"Fabric for knitwear should be chosen from garment constraints first: gauge matched to silhouette, recovery, dimensional stability. Learn fabric for….",Fabric for Knitwear: What to Specify,,215,175,fabric for knitwear,commercial_investigation,,,,6,,,supporting,C,
/discover/heavyweight-fabric/,,,yes,no,/discover/heavyweight-fabric/,yes,Heavyweight Fabric Explained Fabric Notes,"Heavyweight fabric typically provides structure, coverage or insulation through higher mass per area. Learn heavyweight fabric, then compare real.",Heavyweight Fabric Explained,,164,124,heavyweight fabric,informational,,,,6,,,thin,D,
/discover/breathable-fabric/,,,yes,no,/discover/breathable-fabric/,yes,Breathable Fabric Explained Fabric Notes,"Breathable fabric allows heat and moisture vapour to move more readily, supporting comfort in warm conditions or active wear — construction matters as.",Breathable Fabric Explained,,195,155,breathable fabric,informational,,,,5,,,supporting,C,
/discover/stretch-fabric/,,,yes,no,/discover/stretch-fabric/,yes,Stretch Fabric Explained Fabric Notes for Apparel,"Stretch fabric extends under load and should recover. Learn stretch fabric, then compare real FabStitch fabrics. See how Stretch Fabric Explained.",Stretch Fabric Explained,,173,133,stretch fabric,informational,,,,5,,,thin,D,
/discover/soft-fabric/,,,yes,no,/discover/soft-fabric/,yes,Soft Fabric Explained Fabric Notes Fabric Notes,"Soft fabric prioritises a pleasant next-to-skin hand through fibre, yarn, construction and finish. Learn soft fabric, then compare real FabStitch.",Soft Fabric Explained,,164,124,soft fabric,informational,,,,5,,,thin,D,
/discover/durable-fabric/,,,yes,no,/discover/durable-fabric/,yes,Durable Fabric Explained Fabric Notes for Apparel,"Durable fabric maintains integrity through wear, abrasion and repeated care cycles relative to its intended use. Learn durable fabric, then compare.",Durable Fabric Explained,,163,123,durable fabric,informational,,,,5,,,thin,D,
/discover/premium-fabric/,,,yes,no,/discover/premium-fabric/,yes,Premium Fabric Explained Fabric Notes for Apparel,"Premium fabric is a commercial quality signal — finer yarns, careful finishing, distinctive character — not a regulated standard.",Premium Fabric Explained,,174,134,premium fabric,informational,,,,5,,,thin,D,
/discover/structured-fabric/,,,yes,no,/discover/structured-fabric/,yes,Structured Fabric Explained Fabric Notes,"Structured fabric holds shape and supports clean lines for tailoring, trousers and jackets. Learn structured fabric, then compare real FabStitch.",Structured Fabric Explained,,142,102,structured fabric,informational,,,,5,,,thin,D,
/discover/sheer-fabric/,,,yes,no,/discover/sheer-fabric/,yes,Sheer Fabric Explained Fabric Notes Fabric Notes,"Sheer fabric transmits light and silhouette. Learn sheer fabric, then compare real FabStitch fabrics. See how Sheer Fabric Explained relates to.",Sheer Fabric Explained,,208,168,sheer fabric,informational,,,,5,,,supporting,C,
/discover/performance-fabric/,,,yes,no,/discover/performance-fabric/,yes,Performance Fabric Explained Fabric Notes,"Performance fabric is specified for functional traits such as stretch recovery, moisture management or durability under activity.",Performance Fabric Explained,,149,109,performance fabric,informational,,,,5,,,thin,D,
/discover/woven-fabric/,,,yes,no,/discover/woven-fabric/,yes,Woven Fabric Guide for apparel sourcing Use Notes,"Woven fabrics are made by interlacing warp and weft yarns, generally offering more stable structure than knits. Learn woven fabric, then compare real….",Woven Fabric Guide,,134,94,woven fabric,informational,,,,6,,,thin,D,
/discover/knit-fabric/,,,yes,no,/discover/knit-fabric/,yes,Knit Fabric Guide for apparel sourcing Use Notes,"Knit fabrics are made from interlocking loops, usually offering more inherent stretch and softer recovery behaviour than comparable wovens. Learn knit…",Knit Fabric Guide,,133,93,knit fabric,informational,,,,6,,,thin,D,
/discover/cotton-shirts/,,,yes,no,/discover/cotton-shirts/,yes,Cotton Shirt Fabric for apparel sourcing,"Cotton can support shirts when construction and weight match the silhouette. Learn cotton fabric for shirts, then compare real FabStitch fabrics.",Cotton Shirt Fabric,,326,286,cotton fabric for shirts,commercial_investigation,,,,10,,,supporting,C,
/discover/cotton-dresses/,,,yes,no,/discover/cotton-dresses/,yes,Cotton Dress Fabric for apparel sourcing,"Cotton can support dresses when construction and weight match the silhouette. Learn cotton fabric for dresses, then compare real FabStitch fabrics.",Cotton Dress Fabric,,314,274,cotton fabric for dresses,commercial_investigation,,,,10,,,supporting,C,
/discover/cotton-trousers/,,,yes,no,/discover/cotton-trousers/,yes,Cotton Trouser Fabric Fabric Notes Fabric Notes,"Cotton can support trousers when construction and weight match the silhouette. Learn cotton fabric for trousers, then compare real FabStitch fabrics.",Cotton Trouser Fabric,,326,286,cotton fabric for trousers,commercial_investigation,,,,8,,,supporting,C,
/discover/cotton-uniforms/,,,yes,no,/discover/cotton-uniforms/,yes,Cotton Uniform Fabric Fabric Notes Fabric Notes,"Cotton can support uniforms when construction and weight match the silhouette. Learn cotton fabric for uniforms, then compare real FabStitch fabrics.",Cotton Uniform Fabric,,296,256,cotton fabric for uniforms,commercial_investigation,,,,7,,,supporting,C,
/discover/cotton-blouses/,,,yes,no,/discover/cotton-blouses/,yes,Cotton Blouse Fabric Fabric Notes Fabric Notes,"Cotton can support blouses when construction and weight match the silhouette. Learn cotton fabric for blouses, then compare real FabStitch fabrics.",Cotton Blouse Fabric,,312,272,cotton fabric for blouses,commercial_investigation,,,,8,,,supporting,C,
/discover/cotton-skirts/,,,yes,no,/discover/cotton-skirts/,yes,Cotton Fabric for Skirts Fabric Notes for Apparel,"Choosing cotton fabric for skirts is a product decision first. Learn cotton fabric for skirts, then compare real FabStitch fabrics.",Cotton Fabric for Skirts,,306,266,cotton fabric for skirts,commercial_investigation,,,,8,,,supporting,C,
/discover/linen-shirts/,,,yes,no,/discover/linen-shirts/,yes,Linen Fabric for Shirts Fabric Notes for Apparel,"Choosing linen fabric for shirts is a product decision first. Learn linen fabric for shirts, then compare real FabStitch fabrics.",Linen Fabric for Shirts,,307,267,linen fabric for shirts,commercial_investigation,,,,10,,,supporting,C,
/discover/linen-dresses/,,,yes,no,/discover/linen-dresses/,yes,Linen Fabric for Dresses Fabric Notes for Apparel,"Choosing linen fabric for dresses is a product decision first. Learn linen fabric for dresses, then compare real FabStitch fabrics.",Linen Fabric for Dresses,,300,260,linen fabric for dresses,commercial_investigation,,,,10,,,supporting,C,
/discover/linen-trousers/,,,yes,no,/discover/linen-trousers/,yes,Linen Fabric for Trousers Fabric Notes Use Notes,"Choosing linen fabric for trousers is a product decision first. Learn linen fabric for trousers, then compare real FabStitch fabrics.",Linen Fabric for Trousers,,316,276,linen fabric for trousers,commercial_investigation,,,,8,,,supporting,C,
/discover/linen-blouses/,,,yes,no,/discover/linen-blouses/,yes,Linen Fabric for Blouses Fabric Notes for Apparel,"Choosing linen fabric for blouses is a product decision first. Learn linen fabric for blouses, then compare real FabStitch fabrics.",Linen Fabric for Blouses,,297,257,linen fabric for blouses,commercial_investigation,,,,8,,,supporting,C,
/discover/linen-skirts/,,,yes,no,/discover/linen-skirts/,yes,Linen Skirt Fabric for apparel sourcing Use Notes,"Linen can support skirts when construction and weight match the silhouette. Learn linen fabric for skirts, then compare real FabStitch fabrics.",Linen Skirt Fabric,,293,253,linen fabric for skirts,commercial_investigation,,,,8,,,supporting,C,
/discover/silk-dresses/,,,yes,no,/discover/silk-dresses/,yes,Silk Dress Fabric for apparel sourcing Use Notes,"Silk can support dresses when construction and weight match the silhouette. Learn silk fabric for dresses, then compare real FabStitch fabrics.",Silk Dress Fabric,,307,267,silk fabric for dresses,commercial_investigation,,,,10,,,supporting,C,
/discover/silk-blouses/,,,yes,no,/discover/silk-blouses/,yes,Silk Blouse Fabric for apparel sourcing Use Notes,"Silk can support blouses when construction and weight match the silhouette. Learn silk fabric for blouses, then compare real FabStitch fabrics.",Silk Blouse Fabric,,294,254,silk fabric for blouses,commercial_investigation,,,,8,,,supporting,C,
/discover/silk-skirts/,,,yes,no,/discover/silk-skirts/,yes,Silk Fabric for Skirts Fabric Notes Fabric Notes,"Choosing silk fabric for skirts is a product decision first. Learn silk fabric for skirts, then compare real FabStitch fabrics.",Silk Fabric for Skirts,,289,249,silk fabric for skirts,commercial_investigation,,,,8,,,supporting,C,
/discover/wool-trousers/,,,yes,no,/discover/wool-trousers/,yes,Wool Trouser Fabric for apparel sourcing,"Wool can support trousers when construction and weight match the silhouette. Learn wool fabric for trousers, then compare real FabStitch fabrics.",Wool Trouser Fabric,,319,279,wool fabric for trousers,commercial_investigation,,,,8,,,supporting,C,
/discover/wool-jackets/,,,yes,no,/discover/wool-jackets/,yes,Wool Jacket Fabric for apparel sourcing Use Notes,"Wool can support jackets when construction and weight match the silhouette. Learn wool fabric for jackets, then compare real FabStitch fabrics.",Wool Jacket Fabric,,291,251,wool fabric for jackets,commercial_investigation,,,,8,,,supporting,C,
/discover/wool-coats/,,,yes,no,/discover/wool-coats/,yes,Wool Fabric for Coats Fabric Notes Fabric Notes,"Choosing wool fabric for coats is a product decision first. Learn wool fabric for coats, then compare real FabStitch fabrics.",Wool Fabric for Coats,,290,250,wool fabric for coats,commercial_investigation,,,,8,,,supporting,C,
/discover/wool-suits/,,,yes,no,/discover/wool-suits/,yes,Wool Fabric for Suits Fabric Notes Fabric Notes,"Choosing wool fabric for suits is a product decision first. Learn wool fabric for suits, then compare real FabStitch fabrics.",Wool Fabric for Suits,,292,252,wool fabric for suits,commercial_investigation,,,,8,,,supporting,C,
/discover/wool-blazers/,,,yes,no,/discover/wool-blazers/,yes,Wool Blazer Fabric for apparel sourcing Use Notes,"Wool can support blazers when construction and weight match the silhouette. Learn wool fabric for blazers, then compare real FabStitch fabrics.",Wool Blazer Fabric,,289,249,wool fabric for blazers,commercial_investigation,,,,8,,,supporting,C,
/discover/wool-knitwear/,,,yes,no,/discover/wool-knitwear/,yes,Wool Knitwear piece Fabric Fabric Notes Use Notes,"Wool can support knitwear when construction and weight match the silhouette. Learn wool fabric for knitwear, then compare real FabStitch fabrics.",Wool Knitwear piece Fabric,,287,247,wool fabric for knitwear,commercial_investigation,,,,8,,,supporting,C,
/discover/denim-trousers/,,,yes,no,/discover/denim-trousers/,yes,Denim Trouser Fabric Fabric Notes Fabric Notes,"Denim can support trousers when construction and weight match the silhouette. Learn denim fabric for trousers, then compare real FabStitch fabrics.",Denim Trouser Fabric,,318,278,denim fabric for trousers,commercial_investigation,,,,8,,,supporting,C,
/discover/denim-jackets/,,,yes,no,/discover/denim-jackets/,yes,Denim Jacket Fabric for apparel sourcing,"Denim can support jackets when construction and weight match the silhouette. Learn denim fabric for jackets, then compare real FabStitch fabrics.",Denim Jacket Fabric,,307,267,denim fabric for jackets,commercial_investigation,,,,8,,,supporting,C,
/discover/denim-workwear/,,,yes,no,/discover/denim-workwear/,yes,Denim Fabric for Workwear Fabric Notes Use Notes,"Choosing denim fabric for workwear is a product decision first. Learn denim fabric for workwear, then compare real FabStitch fabrics.",Denim Fabric for Workwear,,284,244,denim fabric for workwear,commercial_investigation,,,,8,,,supporting,C,
/discover/polyester-dresses/,,,yes,no,/discover/polyester-dresses/,yes,Polyester Dress Fabric Fabric Notes Fabric Notes,"Polyester can support dresses when construction and weight match the silhouette. Learn polyester fabric for dresses, then compare real FabStitch.",Polyester Dress Fabric,,299,259,polyester fabric for dresses,commercial_investigation,,,,10,,,supporting,C,
/discover/polyester-uniforms/,,,yes,no,/discover/polyester-uniforms/,yes,Polyester Uniform Fabric Fabric Notes for Apparel,"Polyester can support uniforms when construction and weight match the silhouette. Learn polyester fabric for uniforms, then compare real FabStitch.",Polyester Uniform Fabric,,281,241,polyester fabric for uniforms,commercial_investigation,,,,7,,,supporting,C,
/discover/polyester-activewear/,,,yes,no,/discover/polyester-activewear/,yes,Polyester Activewear piece Fabric Fabric Notes,"Polyester can support activewear when construction and weight match the silhouette. Learn polyester fabric for activewear, then compare real FabStitch…",Polyester Activewear piece Fabric,,298,258,polyester fabric for activewear,commercial_investigation,,,,8,,,supporting,C,
/discover/polyester-outerwear/,,,yes,no,/discover/polyester-outerwear/,yes,Polyester Fabric for Outerwear Fabric Notes,"Choosing polyester fabric for outerwear is a product decision first. Learn polyester fabric for outerwear, then compare real FabStitch fabrics.",Polyester Fabric for Outerwear,,280,240,polyester fabric for outerwear,commercial_investigation,,,,8,,,supporting,C,
/discover/viscose-shirts/,,,yes,no,/discover/viscose-shirts/,yes,Viscose Fabric for Shirts Fabric Notes Use Notes,"Choosing viscose fabric for shirts is a product decision first. Learn viscose fabric for shirts, then compare real FabStitch fabrics.",Viscose Fabric for Shirts,,295,255,viscose fabric for shirts,commercial_investigation,,,,10,,,supporting,C,
/discover/viscose-dresses/,,,yes,no,/discover/viscose-dresses/,yes,Viscose Fabric for Dresses Fabric Notes Use Notes,"Choosing viscose fabric for dresses is a product decision first. Learn viscose fabric for dresses, then compare real FabStitch fabrics.",Viscose Fabric for Dresses,,288,248,viscose fabric for dresses,commercial_investigation,,,,10,,,supporting,C,
/discover/viscose-blouses/,,,yes,no,/discover/viscose-blouses/,yes,Viscose Fabric for Blouses Fabric Notes Use Notes,"Choosing viscose fabric for blouses is a product decision first. Learn viscose fabric for blouses, then compare real FabStitch fabrics.",Viscose Fabric for Blouses,,279,239,viscose fabric for blouses,commercial_investigation,,,,8,,,supporting,C,
/discover/viscose-skirts/,,,yes,no,/discover/viscose-skirts/,yes,Viscose Skirt Fabric Fabric Notes Fabric Notes,"Viscose can support skirts when construction and weight match the silhouette. Learn viscose fabric for skirts, then compare real FabStitch fabrics.",Viscose Skirt Fabric,,278,238,viscose fabric for skirts,commercial_investigation,,,,8,,,supporting,C,
/discover/rayon-dresses/,,,yes,no,/discover/rayon-dresses/,yes,Rayon Dress Fabric for apparel sourcing Use Notes,"Rayon can support dresses when construction and weight match the silhouette. Learn rayon fabric for dresses, then compare real FabStitch fabrics.",Rayon Dress Fabric,,294,254,rayon fabric for dresses,commercial_investigation,,,,10,,,supporting,C,
/discover/rayon-blouses/,,,yes,no,/discover/rayon-blouses/,yes,Rayon Blouse Fabric for apparel sourcing,"Rayon can support blouses when construction and weight match the silhouette. Learn rayon fabric for blouses, then compare real FabStitch fabrics.",Rayon Blouse Fabric,,290,250,rayon fabric for blouses,commercial_investigation,,,,8,,,supporting,C,
/discover/rayon-skirts/,,,yes,no,/discover/rayon-skirts/,yes,Rayon Fabric for Skirts Fabric Notes for Apparel,"Choosing rayon fabric for skirts is a product decision first. Learn rayon fabric for skirts, then compare real FabStitch fabrics.",Rayon Fabric for Skirts,,283,243,rayon fabric for skirts,commercial_investigation,,,,8,,,supporting,C,
/discover/jersey-shirts/,,,yes,no,/discover/jersey-shirts/,yes,Jersey Fabric for Shirts Fabric Notes for Apparel,"Choosing jersey fabric for shirts is a product decision first. Learn jersey fabric for shirts, then compare real FabStitch fabrics.",Jersey Fabric for Shirts,,291,251,jersey fabric for shirts,commercial_investigation,,,,10,,,supporting,C,
/discover/jersey-dresses/,,,yes,no,/discover/jersey-dresses/,yes,Jersey Fabric for Dresses Fabric Notes Use Notes,"Choosing jersey fabric for dresses is a product decision first. Learn jersey fabric for dresses, then compare real FabStitch fabrics.",Jersey Fabric for Dresses,,282,242,jersey fabric for dresses,commercial_investigation,,,,10,,,supporting,C,
/discover/jersey-activewear/,,,yes,no,/discover/jersey-activewear/,yes,Jersey Fabric for Activewear Fabric Notes,"Choosing jersey fabric for activewear is a product decision first. Learn jersey fabric for activewear, then compare real FabStitch fabrics.",Jersey Fabric for Activewear,,277,237,jersey fabric for activewear,commercial_investigation,,,,9,,,supporting,C,
/discover/jersey-loungewear/,,,yes,no,/discover/jersey-loungewear/,yes,Jersey Fabric for Loungewear Fabric Notes,"Choosing jersey fabric for loungewear is a product decision first. Learn jersey fabric for loungewear, then compare real FabStitch fabrics.",Jersey Fabric for Loungewear,,263,223,jersey fabric for loungewear,commercial_investigation,,,,8,,,supporting,C,
/discover/jersey-knitwear/,,,yes,no,/discover/jersey-knitwear/,yes,Jersey Fabric for Knitwear Fabric Notes Use Notes,"Choosing jersey fabric for knitwear is a product decision first. Learn jersey fabric for knitwear, then compare real FabStitch fabrics.",Jersey Fabric for Knitwear,,267,227,jersey fabric for knitwear,commercial_investigation,,,,9,,,supporting,C,
/discover/velvet-dresses/,,,yes,no,/discover/velvet-dresses/,yes,Velvet Fabric for Dresses Fabric Notes Use Notes,"Choosing velvet fabric for dresses is a product decision first. Learn velvet fabric for dresses, then compare real FabStitch fabrics.",Velvet Fabric for Dresses,,271,231,velvet fabric for dresses,commercial_investigation,,,,10,,,supporting,C,
/discover/velvet-jackets/,,,yes,no,/discover/velvet-jackets/,yes,Velvet Fabric for Jackets Fabric Notes Use Notes,"Choosing velvet fabric for jackets is a product decision first. Learn velvet fabric for jackets, then compare real FabStitch fabrics.",Velvet Fabric for Jackets,,270,230,velvet fabric for jackets,commercial_investigation,,,,9,,,supporting,C,
/discover/velvet-blazers/,,,yes,no,/discover/velvet-blazers/,yes,Velvet Fabric for Blazers Fabric Notes Use Notes,"Choosing velvet fabric for blazers is a product decision first. Learn velvet fabric for blazers, then compare real FabStitch fabrics.",Velvet Fabric for Blazers,,274,234,velvet fabric for blazers,commercial_investigation,,,,9,,,supporting,C,
/discover/chiffon-dresses/,,,yes,no,/discover/chiffon-dresses/,yes,Chiffon Dress Fabric Fabric Notes Fabric Notes,"Chiffon can support dresses when construction and weight match the silhouette. Learn chiffon fabric for dresses, then compare real FabStitch fabrics.",Chiffon Dress Fabric,,281,241,chiffon fabric for dresses,commercial_investigation,,,,10,,,supporting,C,
/discover/chiffon-blouses/,,,yes,no,/discover/chiffon-blouses/,yes,Chiffon Blouse Fabric Fabric Notes Fabric Notes,"Chiffon can support blouses when construction and weight match the silhouette. Learn chiffon fabric for blouses, then compare real FabStitch fabrics.",Chiffon Blouse Fabric,,269,229,chiffon fabric for blouses,commercial_investigation,,,,9,,,supporting,C,
/discover/georgette-dresses/,,,yes,no,/discover/georgette-dresses/,yes,Georgette Fabric for Dresses Fabric Notes,"Choosing georgette fabric for dresses is a product decision first. Learn georgette fabric for dresses, then compare real FabStitch fabrics.",Georgette Fabric for Dresses,,283,243,georgette fabric for dresses,commercial_investigation,,,,10,,,supporting,C,
/discover/georgette-blouses/,,,yes,no,/discover/georgette-blouses/,yes,Georgette Fabric for Blouses Fabric Notes,"Choosing georgette fabric for blouses is a product decision first. Learn georgette fabric for blouses, then compare real FabStitch fabrics.",Georgette Fabric for Blouses,,278,238,georgette fabric for blouses,commercial_investigation,,,,9,,,supporting,C,
/discover/poplin-shirts/,,,yes,no,/discover/poplin-shirts/,yes,Poplin Fabric for Shirts Fabric Notes for Apparel,"Choosing poplin fabric for shirts is a product decision first. Learn poplin fabric for shirts, then compare real FabStitch fabrics.",Poplin Fabric for Shirts,,291,251,poplin fabric for shirts,commercial_investigation,,,,10,,,supporting,C,
/discover/poplin-uniforms/,,,yes,no,/discover/poplin-uniforms/,yes,Poplin Fabric for Uniforms Fabric Notes Use Notes,"Choosing poplin fabric for uniforms is a product decision first. Learn poplin fabric for uniforms, then compare real FabStitch fabrics.",Poplin Fabric for Uniforms,,269,229,poplin fabric for uniforms,commercial_investigation,,,,8,,,supporting,C,
/discover/poplin-blouses/,,,yes,no,/discover/poplin-blouses/,yes,Poplin Fabric for Blouses Fabric Notes Use Notes,"Choosing poplin fabric for blouses is a product decision first. Learn poplin fabric for blouses, then compare real FabStitch fabrics.",Poplin Fabric for Blouses,,282,242,poplin fabric for blouses,commercial_investigation,,,,9,,,supporting,C,
/discover/satin-dresses/,,,yes,no,/discover/satin-dresses/,yes,Satin Dress Fabric for apparel sourcing Use Notes,"Satin can support dresses when construction and weight match the silhouette. Learn satin fabric for dresses, then compare real FabStitch fabrics.",Satin Dress Fabric,,283,243,satin fabric for dresses,commercial_investigation,,,,10,,,supporting,C,
/discover/satin-blouses/,,,yes,no,/discover/satin-blouses/,yes,Satin Blouse Fabric for apparel sourcing,"Satin can support blouses when construction and weight match the silhouette. Learn satin fabric for blouses, then compare real FabStitch fabrics.",Satin Blouse Fabric,,266,226,satin fabric for blouses,commercial_investigation,,,,8,,,supporting,C,
/discover/crepe-dresses/,,,yes,no,/discover/crepe-dresses/,yes,Crepe Dress Fabric for apparel sourcing Use Notes,"Crepe can support dresses when construction and weight match the silhouette. Learn crepe fabric for dresses, then compare real FabStitch fabrics.",Crepe Dress Fabric,,286,246,crepe fabric for dresses,commercial_investigation,,,,10,,,supporting,C,
/discover/crepe-trousers/,,,yes,no,/discover/crepe-trousers/,yes,Crepe Trouser Fabric Fabric Notes Fabric Notes,"Crepe can support trousers when construction and weight match the silhouette. Learn crepe fabric for trousers, then compare real FabStitch fabrics.",Crepe Trouser Fabric,,301,261,crepe fabric for trousers,commercial_investigation,,,,8,,,supporting,C,
/discover/crepe-suits/,,,yes,no,/discover/crepe-suits/,yes,Crepe Fabric for Suits Fabric Notes Fabric Notes,"Choosing crepe fabric for suits is a product decision first. Learn crepe fabric for suits, then compare real FabStitch fabrics.",Crepe Fabric for Suits,,274,234,crepe fabric for suits,commercial_investigation,,,,8,,,supporting,C,
/discover/crepe-blouses/,,,yes,no,/discover/crepe-blouses/,yes,Crepe Blouse Fabric for apparel sourcing,"Crepe can support blouses when construction and weight match the silhouette. Learn crepe fabric for blouses, then compare real FabStitch fabrics.",Crepe Blouse Fabric,,270,230,crepe fabric for blouses,commercial_investigation,,,,8,,,supporting,C,
/discover/canvas-trousers/,,,yes,no,/discover/canvas-trousers/,yes,Canvas Fabric for Trousers Fabric Notes Use Notes,"Choosing canvas fabric for trousers is a product decision first. Learn canvas fabric for trousers, then compare real FabStitch fabrics.",Canvas Fabric for Trousers,,295,255,canvas fabric for trousers,commercial_investigation,,,,8,,,supporting,C,
/discover/canvas-jackets/,,,yes,no,/discover/canvas-jackets/,yes,Canvas Fabric for Jackets Fabric Notes Use Notes,"Choosing canvas fabric for jackets is a product decision first. Learn canvas fabric for jackets, then compare real FabStitch fabrics.",Canvas Fabric for Jackets,,278,238,canvas fabric for jackets,commercial_investigation,,,,8,,,supporting,C,
/discover/canvas-workwear/,,,yes,no,/discover/canvas-workwear/,yes,Canvas Workwear piece Fabric Fabric Notes,"Canvas can support workwear when construction and weight match the silhouette. Learn canvas fabric for workwear, then compare real FabStitch fabrics.",Canvas Workwear piece Fabric,,271,231,canvas fabric for workwear,commercial_investigation,,,,8,,,supporting,C,
/discover/oxford-shirts/,,,yes,no,/discover/oxford-shirts/,yes,Oxford Fabric for Shirts Fabric Notes for Apparel,"Choosing oxford fabric for shirts is a product decision first. Learn oxford fabric for shirts, then compare real FabStitch fabrics.",Oxford Fabric for Shirts,,280,240,oxford fabric for shirts,commercial_investigation,,,,10,,,supporting,C,
/discover/oxford-uniforms/,,,yes,no,/discover/oxford-uniforms/,yes,Oxford Fabric for Uniforms Fabric Notes Use Notes,"Choosing oxford fabric for uniforms is a product decision first. Learn oxford fabric for uniforms, then compare real FabStitch fabrics.",Oxford Fabric for Uniforms,,261,221,oxford fabric for uniforms,commercial_investigation,,,,8,,,supporting,C,
/discover/oxford-blouses/,,,yes,no,/discover/oxford-blouses/,yes,Oxford Fabric for Blouses Fabric Notes Use Notes,"Choosing oxford fabric for blouses is a product decision first. Learn oxford fabric for blouses, then compare real FabStitch fabrics.",Oxford Fabric for Blouses,,274,234,oxford fabric for blouses,commercial_investigation,,,,9,,,supporting,C,
/discover/twill-trousers/,,,yes,no,/discover/twill-trousers/,yes,Twill Fabric for Trousers Fabric Notes Use Notes,"Choosing twill fabric for trousers is a product decision first. Learn twill fabric for trousers, then compare real FabStitch fabrics.",Twill Fabric for Trousers,,296,256,twill fabric for trousers,commercial_investigation,,,,8,,,supporting,C,
/discover/twill-jackets/,,,yes,no,/discover/twill-jackets/,yes,Twill Fabric for Jackets Fabric Notes for Apparel,"Choosing twill fabric for jackets is a product decision first. Learn twill fabric for jackets, then compare real FabStitch fabrics.",Twill Fabric for Jackets,,275,235,twill fabric for jackets,commercial_investigation,,,,8,,,supporting,C,
/discover/twill-uniforms/,,,yes,no,/discover/twill-uniforms/,yes,Twill Fabric for Uniforms Fabric Notes Use Notes,"Choosing twill fabric for uniforms is a product decision first. Learn twill fabric for uniforms, then compare real FabStitch fabrics.",Twill Fabric for Uniforms,,263,223,twill fabric for uniforms,commercial_investigation,,,,7,,,supporting,C,
/discover/twill-workwear/,,,yes,no,/discover/twill-workwear/,yes,Twill Workwear piece Fabric Fabric Notes,"Twill can support workwear when construction and weight match the silhouette. Learn twill fabric for workwear, then compare real FabStitch fabrics.",Twill Workwear piece Fabric,,275,235,twill fabric for workwear,commercial_investigation,,,,8,,,supporting,C,
/discover/french-terry-activewear/,,,yes,no,/discover/french-terry-activewear/,yes,French terry Activewear piece Fabric for Apparel,"French terry can support activewear when construction and weight match the silhouette. Learn french terry fabric for activewear, then compare real.",French terry Activewear piece Fabric,,290,250,french terry fabric for activewear,commercial_investigation,,,,9,,,supporting,C,
/discover/french-terry-workwear/,,,yes,no,/discover/french-terry-workwear/,yes,French terry Fabric for Workwear Fabric Notes,"Choosing french terry fabric for workwear is a product decision first. Learn french terry fabric for workwear, then compare real FabStitch fabrics.",French terry Fabric for Workwear,,270,230,french terry fabric for workwear,commercial_investigation,,,,9,,,supporting,C,
/discover/french-terry-loungewear/,,,yes,no,/discover/french-terry-loungewear/,yes,French terry Loungewear piece Fabric for Apparel,"French terry can support loungewear when construction and weight match the silhouette. Learn french terry fabric for loungewear, then compare real.",French terry Loungewear piece Fabric,,277,237,french terry fabric for loungewear,commercial_investigation,,,,8,,,supporting,C,
/discover/french-terry-knitwear/,,,yes,no,/discover/french-terry-knitwear/,yes,French terry Knitwear piece Fabric Fabric Notes,"French terry can support knitwear when construction and weight match the silhouette. Learn french terry fabric for knitwear, then compare real.",French terry Knitwear piece Fabric,,283,243,french terry fabric for knitwear,commercial_investigation,,,,9,,,supporting,C,
/discover/lyocell-shirts/,,,yes,no,/discover/lyocell-shirts/,yes,Lyocell Fabric for Shirts Fabric Notes Use Notes,"Choosing lyocell fabric for shirts is a product decision first. Learn lyocell fabric for shirts, then compare real FabStitch fabrics.",Lyocell Fabric for Shirts,,286,246,lyocell fabric for shirts,commercial_investigation,,,,10,,,supporting,C,
/discover/lyocell-dresses/,,,yes,no,/discover/lyocell-dresses/,yes,Lyocell Fabric for Dresses Fabric Notes Use Notes,"Choosing lyocell fabric for dresses is a product decision first. Learn lyocell fabric for dresses, then compare real FabStitch fabrics.",Lyocell Fabric for Dresses,,279,239,lyocell fabric for dresses,commercial_investigation,,,,10,,,supporting,C,
/discover/lyocell-blouses/,,,yes,no,/discover/lyocell-blouses/,yes,Lyocell Fabric for Blouses Fabric Notes Use Notes,"Choosing lyocell fabric for blouses is a product decision first. Learn lyocell fabric for blouses, then compare real FabStitch fabrics.",Lyocell Fabric for Blouses,,277,237,lyocell fabric for blouses,commercial_investigation,,,,8,,,supporting,C,
/discover/lightweight-cotton-fabric/,,,yes,no,/discover/lightweight-cotton-fabric/,yes,Lightweight Cotton Fabric for Apparel,"Lightweight cotton fabric suits shirts, dresses and soft layers when construction and GSM match the silhouette. Learn how to judge light cotton before.",Lightweight Cotton Fabric,,561,521,lightweight cotton fabric,commercial_investigation,,,,10,,curated,medium,B,
/discover/heavyweight-cotton-fabric/,,,yes,no,/discover/heavyweight-cotton-fabric/,yes,Heavyweight Cotton Fabric Fabric Notes Use Notes,Heavyweight cotton fabric is a useful filter only when the attribute is evidenced by construction and published weight. Learn heavyweight cotton.,Heavyweight Cotton Fabric,,283,243,heavyweight cotton fabric,commercial_investigation,,,,7,,,supporting,C,
/discover/breathable-cotton-fabric/,,,yes,no,/discover/breathable-cotton-fabric/,yes,Breathable Cotton Fabric Fabric Notes for Apparel,Breathable cotton fabric is a useful filter only when the attribute is evidenced by construction and published weight. Learn breathable cotton fabric.,Breathable Cotton Fabric,,283,243,breathable cotton fabric,commercial_investigation,,,,6,,,supporting,C,
/discover/stretch-cotton-fabric/,,,yes,no,/discover/stretch-cotton-fabric/,yes,Stretch Cotton Fabric Fabric Notes Fabric Notes,"Stretch cotton fabric is a useful filter only when the attribute is evidenced by construction and published weight. Learn stretch cotton fabric, then….",Stretch Cotton Fabric,,283,243,stretch cotton fabric,commercial_investigation,,,,6,,,supporting,C,
/discover/soft-cotton-fabric/,,,yes,no,/discover/soft-cotton-fabric/,yes,Soft Cotton Fabric for apparel sourcing Use Notes,"Soft cotton fabric is a useful filter only when the attribute is evidenced by construction and published weight. Learn soft cotton fabric, then compare",Soft Cotton Fabric,,282,242,soft cotton fabric,commercial_investigation,,,,6,,,supporting,C,
/discover/durable-cotton-fabric/,,,yes,no,/discover/durable-cotton-fabric/,yes,Durable Cotton Fabric Fabric Notes Fabric Notes,"Durable cotton fabric is a useful filter only when the attribute is evidenced by construction and published weight. Learn durable cotton fabric, then….",Durable Cotton Fabric,,275,235,durable cotton fabric,commercial_investigation,,,,6,,,supporting,C,
/discover/premium-cotton-fabric/,,,yes,no,/discover/premium-cotton-fabric/,yes,Premium Cotton Fabric Fabric Notes Fabric Notes,"Premium cotton fabric is a useful filter only when the attribute is evidenced by construction and published weight. Learn premium cotton fabric, then….",Premium Cotton Fabric,,277,237,premium cotton fabric,commercial_investigation,,,,6,,,supporting,C,
/discover/structured-cotton-fabric/,,,yes,no,/discover/structured-cotton-fabric/,yes,Structured Cotton Fabric Fabric Notes for Apparel,Structured cotton fabric is a useful filter only when the attribute is evidenced by construction and published weight. Learn structured cotton fabric.,Structured Cotton Fabric,,263,223,structured cotton fabric,commercial_investigation,,,,6,,,supporting,C,
/discover/flowy-cotton-fabric/,,,yes,no,/discover/flowy-cotton-fabric/,yes,Flowy Cotton Fabric for apparel sourcing,"Flowy cotton fabric is a useful filter only when the attribute is evidenced by construction and published weight. Learn flowy cotton fabric, then.",Flowy Cotton Fabric,,281,241,flowy cotton fabric,commercial_investigation,,,,7,,,supporting,C,
/discover/sheer-cotton-fabric/,,,yes,no,/discover/sheer-cotton-fabric/,yes,Sheer Cotton Fabric for apparel sourcing,"Sheer cotton fabric is a useful filter only when the attribute is evidenced by construction and published weight. Learn sheer cotton fabric, then.",Sheer Cotton Fabric,,306,266,sheer cotton fabric,commercial_investigation,,,,7,,,supporting,C,
/discover/opaque-cotton-fabric/,,,yes,no,/discover/opaque-cotton-fabric/,yes,Opaque Cotton Fabric Fabric Notes Fabric Notes,"Opaque cotton fabric is a useful filter only when the attribute is evidenced by construction and published weight. Learn opaque cotton fabric, then.",Opaque Cotton Fabric,,309,269,opaque cotton fabric,commercial_investigation,,,,7,,,supporting,C,
/discover/performance-cotton-fabric/,,,yes,no,/discover/performance-cotton-fabric/,yes,Performance Cotton Fabric Fabric Notes Use Notes,Performance cotton fabric is a useful filter only when the attribute is evidenced by construction and published weight. Learn performance cotton.,Performance Cotton Fabric,,260,220,performance cotton fabric,commercial_investigation,,,,6,,,supporting,C,
/discover/lightweight-linen-fabric/,,,yes,no,/discover/lightweight-linen-fabric/,yes,Lightweight Linen Fabric Fabric Notes for Apparel,Lightweight linen fabric is a useful filter only when the attribute is evidenced by construction and published weight. Learn lightweight linen fabric.,Lightweight Linen Fabric,,290,250,lightweight linen fabric,commercial_investigation,,,,7,,,supporting,C,
/discover/heavyweight-linen-fabric/,,,yes,no,/discover/heavyweight-linen-fabric/,yes,Heavyweight Linen Fabric Fabric Notes for Apparel,Heavyweight linen fabric is a useful filter only when the attribute is evidenced by construction and published weight. Learn heavyweight linen fabric.,Heavyweight Linen Fabric,,273,233,heavyweight linen fabric,commercial_investigation,,,,7,,,supporting,C,
/discover/breathable-linen-fabric/,,,yes,no,/discover/breathable-linen-fabric/,yes,Breathable Linen Fabric Fabric Notes for Apparel,Breathable linen fabric is a useful filter only when the attribute is evidenced by construction and published weight. Learn breathable linen fabric.,Breathable Linen Fabric,,272,232,breathable linen fabric,commercial_investigation,,,,6,,,supporting,C,
/discover/stretch-linen-fabric/,,,yes,no,/discover/stretch-linen-fabric/,yes,Stretch Linen Fabric Fabric Notes Fabric Notes,"Stretch linen fabric is a useful filter only when the attribute is evidenced by construction and published weight. Learn stretch linen fabric, then.",Stretch Linen Fabric,,271,231,stretch linen fabric,commercial_investigation,,,,6,,,supporting,C,
/discover/soft-linen-fabric/,,,yes,no,/discover/soft-linen-fabric/,yes,Soft Linen Fabric for apparel sourcing Use Notes,"Soft linen fabric is a useful filter only when the attribute is evidenced by construction and published weight. Learn soft linen fabric, then compare.",Soft Linen Fabric,,269,229,soft linen fabric,commercial_investigation,,,,6,,,supporting,C,
/discover/durable-linen-fabric/,,,yes,no,/discover/durable-linen-fabric/,yes,Durable Linen Fabric Fabric Notes Fabric Notes,"Durable linen fabric is a useful filter only when the attribute is evidenced by construction and published weight. Learn durable linen fabric, then.",Durable Linen Fabric,,265,225,durable linen fabric,commercial_investigation,,,,6,,,supporting,C,
/discover/premium-linen-fabric/,,,yes,no,/discover/premium-linen-fabric/,yes,Premium Linen Fabric Fabric Notes Fabric Notes,"Premium linen fabric is a useful filter only when the attribute is evidenced by construction and published weight. Learn premium linen fabric, then.",Premium Linen Fabric,,265,225,premium linen fabric,commercial_investigation,,,,6,,,supporting,C,
/discover/structured-linen-fabric/,,,yes,no,/discover/structured-linen-fabric/,yes,Structured Linen Fabric Fabric Notes for Apparel,Structured linen fabric is a useful filter only when the attribute is evidenced by construction and published weight. Learn structured linen fabric.,Structured Linen Fabric,,250,210,structured linen fabric,commercial_investigation,,,,6,,,supporting,C,
/discover/flowy-linen-fabric/,,,yes,no,/discover/flowy-linen-fabric/,yes,Flowy Linen Fabric for apparel sourcing Use Notes,"Flowy linen fabric is a useful filter only when the attribute is evidenced by construction and published weight. Learn flowy linen fabric, then compare",Flowy Linen Fabric,,271,231,flowy linen fabric,commercial_investigation,,,,7,,,supporting,C,
/discover/sheer-linen-fabric/,,,yes,no,/discover/sheer-linen-fabric/,yes,Sheer Linen Fabric for apparel sourcing Use Notes,"Sheer linen fabric is a useful filter only when the attribute is evidenced by construction and published weight. Learn sheer linen fabric, then compare",Sheer Linen Fabric,,294,254,sheer linen fabric,commercial_investigation,,,,7,,,supporting,C,
/discover/opaque-linen-fabric/,,,yes,no,/discover/opaque-linen-fabric/,yes,Opaque Linen Fabric for apparel sourcing,"Opaque linen fabric is a useful filter only when the attribute is evidenced by construction and published weight. Learn opaque linen fabric, then.",Opaque Linen Fabric,,296,256,opaque linen fabric,commercial_investigation,,,,7,,,supporting,C,
/discover/performance-linen-fabric/,,,yes,no,/discover/performance-linen-fabric/,yes,Performance Linen Fabric Fabric Notes for Apparel,Performance linen fabric is a useful filter only when the attribute is evidenced by construction and published weight. Learn performance linen fabric.,Performance Linen Fabric,,248,208,performance linen fabric,commercial_investigation,,,,6,,,supporting,C,
/discover/lightweight-silk-fabric/,,,yes,no,/discover/lightweight-silk-fabric/,yes,Lightweight Silk Fabric Fabric Notes for Apparel,Lightweight silk fabric is a useful filter only when the attribute is evidenced by construction and published weight. Learn lightweight silk fabric.,Lightweight Silk Fabric,,287,247,lightweight silk fabric,commercial_investigation,,,,7,,,supporting,C,
/discover/heavyweight-silk-fabric/,,,yes,no,/discover/heavyweight-silk-fabric/,yes,Heavyweight Silk Fabric Fabric Notes for Apparel,Heavyweight silk fabric is a useful filter only when the attribute is evidenced by construction and published weight. Learn heavyweight silk fabric.,Heavyweight Silk Fabric,,272,232,heavyweight silk fabric,commercial_investigation,,,,7,,,supporting,C,
/discover/breathable-silk-fabric/,,,yes,no,/discover/breathable-silk-fabric/,yes,Breathable Silk Fabric Fabric Notes Fabric Notes,Breathable silk fabric is a useful filter only when the attribute is evidenced by construction and published weight. Learn breathable silk fabric.,Breathable Silk Fabric,,269,229,breathable silk fabric,commercial_investigation,,,,6,,,supporting,C,
/discover/stretch-silk-fabric/,,,yes,no,/discover/stretch-silk-fabric/,yes,Stretch Silk Fabric for apparel sourcing,"Stretch silk fabric is a useful filter only when the attribute is evidenced by construction and published weight. Learn stretch silk fabric, then.",Stretch Silk Fabric,,272,232,stretch silk fabric,commercial_investigation,,,,6,,,supporting,C,
/discover/soft-silk-fabric/,,,yes,no,/discover/soft-silk-fabric/,yes,Soft Silk Fabric for apparel sourcing for Apparel,"Soft silk fabric is a useful filter only when the attribute is evidenced by construction and published weight. Learn soft silk fabric, then compare.",Soft Silk Fabric,,272,232,soft silk fabric,commercial_investigation,,,,6,,,supporting,C,
/discover/durable-silk-fabric/,,,yes,no,/discover/durable-silk-fabric/,yes,Durable Silk Fabric for apparel sourcing,"Durable silk fabric is a useful filter only when the attribute is evidenced by construction and published weight. Learn durable silk fabric, then.",Durable Silk Fabric,,264,224,durable silk fabric,commercial_investigation,,,,6,,,supporting,C,
/discover/premium-silk-fabric/,,,yes,no,/discover/premium-silk-fabric/,yes,Premium Silk Fabric for apparel sourcing,"Premium silk fabric is a useful filter only when the attribute is evidenced by construction and published weight. Learn premium silk fabric, then.",Premium Silk Fabric,,266,226,premium silk fabric,commercial_investigation,,,,6,,,supporting,C,
/discover/structured-silk-fabric/,,,yes,no,/discover/structured-silk-fabric/,yes,Structured Silk Fabric Fabric Notes Fabric Notes,Structured silk fabric is a useful filter only when the attribute is evidenced by construction and published weight. Learn structured silk fabric.,Structured Silk Fabric,,251,211,structured silk fabric,commercial_investigation,,,,6,,,supporting,C,
/discover/flowy-silk-fabric/,,,yes,no,/discover/flowy-silk-fabric/,yes,Flowy Silk Fabric for apparel sourcing Use Notes,"Flowy silk fabric is a useful filter only when the attribute is evidenced by construction and published weight. Learn flowy silk fabric, then compare.",Flowy Silk Fabric,,270,230,flowy silk fabric,commercial_investigation,,,,7,,,supporting,C,
/discover/sheer-silk-fabric/,,,yes,no,/discover/sheer-silk-fabric/,yes,Sheer Silk Fabric for apparel sourcing Use Notes,"Sheer silk fabric is a useful filter only when the attribute is evidenced by construction and published weight. Learn sheer silk fabric, then compare.",Sheer Silk Fabric,,295,255,sheer silk fabric,commercial_investigation,,,,7,,,supporting,C,
/discover/opaque-silk-fabric/,,,yes,no,/discover/opaque-silk-fabric/,yes,Opaque Silk Fabric for apparel sourcing Use Notes,"Opaque silk fabric is a useful filter only when the attribute is evidenced by construction and published weight. Learn opaque silk fabric, then compare",Opaque Silk Fabric,,298,258,opaque silk fabric,commercial_investigation,,,,7,,,supporting,C,
/discover/performance-silk-fabric/,,,yes,no,/discover/performance-silk-fabric/,yes,Performance Silk Fabric Fabric Notes for Apparel,Performance silk fabric is a useful filter only when the attribute is evidenced by construction and published weight. Learn performance silk fabric.,Performance Silk Fabric,,251,211,performance silk fabric,commercial_investigation,,,,6,,,supporting,C,
/discover/lightweight-wool-fabric/,,,yes,no,/discover/lightweight-wool-fabric/,yes,Lightweight Wool Fabric Fabric Notes for Apparel,Lightweight wool fabric is a useful filter only when the attribute is evidenced by construction and published weight. Learn lightweight wool fabric.,Lightweight Wool Fabric,,281,241,lightweight wool fabric,commercial_investigation,,,,7,,,supporting,C,
/discover/heavyweight-wool-fabric/,,,yes,no,/discover/heavyweight-wool-fabric/,yes,Heavyweight Wool Fabric Fabric Notes for Apparel,Heavyweight wool fabric is a useful filter only when the attribute is evidenced by construction and published weight. Learn heavyweight wool fabric.,Heavyweight Wool Fabric,,265,225,heavyweight wool fabric,commercial_investigation,,,,7,,,supporting,C,
/discover/breathable-wool-fabric/,,,yes,no,/discover/breathable-wool-fabric/,yes,Breathable Wool Fabric Fabric Notes Fabric Notes,Breathable wool fabric is a useful filter only when the attribute is evidenced by construction and published weight. Learn breathable wool fabric.,Breathable Wool Fabric,,263,223,breathable wool fabric,commercial_investigation,,,,6,,,supporting,C,
/discover/stretch-wool-fabric/,,,yes,no,/discover/stretch-wool-fabric/,yes,Stretch Wool Fabric for apparel sourcing,"Stretch wool fabric is a useful filter only when the attribute is evidenced by construction and published weight. Learn stretch wool fabric, then.",Stretch Wool Fabric,,256,216,stretch wool fabric,commercial_investigation,,,,6,,,supporting,C,
/discover/soft-wool-fabric/,,,yes,no,/discover/soft-wool-fabric/,yes,Soft Wool Fabric for apparel sourcing for Apparel,"Soft wool fabric is a useful filter only when the attribute is evidenced by construction and published weight. Learn soft wool fabric, then compare.",Soft Wool Fabric,,255,215,soft wool fabric,commercial_investigation,,,,6,,,supporting,C,
/discover/durable-wool-fabric/,,,yes,no,/discover/durable-wool-fabric/,yes,Durable Wool Fabric for apparel sourcing,"Durable wool fabric is a useful filter only when the attribute is evidenced by construction and published weight. Learn durable wool fabric, then.",Durable Wool Fabric,,257,217,durable wool fabric,commercial_investigation,,,,6,,,supporting,C,
/discover/premium-wool-fabric/,,,yes,no,/discover/premium-wool-fabric/,yes,Premium Wool Fabric for apparel sourcing,"Premium wool fabric is a useful filter only when the attribute is evidenced by construction and published weight. Learn premium wool fabric, then.",Premium Wool Fabric,,250,210,premium wool fabric,commercial_investigation,,,,6,,,supporting,C,
/discover/structured-wool-fabric/,,,yes,no,/discover/structured-wool-fabric/,yes,Structured Wool Fabric Fabric Notes Fabric Notes,Structured wool fabric is a useful filter only when the attribute is evidenced by construction and published weight. Learn structured wool fabric.,Structured Wool Fabric,,235,195,structured wool fabric,commercial_investigation,,,,6,,,supporting,C,
/discover/flowy-wool-fabric/,,,yes,no,/discover/flowy-wool-fabric/,yes,Flowy Wool Fabric for apparel sourcing Use Notes,"Flowy wool fabric is a useful filter only when the attribute is evidenced by construction and published weight. Learn flowy wool fabric, then compare.",Flowy Wool Fabric,,263,223,flowy wool fabric,commercial_investigation,,,,7,,,supporting,C,
/discover/sheer-wool-fabric/,,,yes,no,/discover/sheer-wool-fabric/,yes,Sheer Wool Fabric for apparel sourcing Use Notes,"Sheer wool fabric is a useful filter only when the attribute is evidenced by construction and published weight. Learn sheer wool fabric, then compare.",Sheer Wool Fabric,,279,239,sheer wool fabric,commercial_investigation,,,,7,,,supporting,C,
/discover/opaque-wool-fabric/,,,yes,no,/discover/opaque-wool-fabric/,yes,Opaque Wool Fabric for apparel sourcing Use Notes,"Opaque wool fabric is a useful filter only when the attribute is evidenced by construction and published weight. Learn opaque wool fabric, then compare",Opaque Wool Fabric,,282,242,opaque wool fabric,commercial_investigation,,,,7,,,supporting,C,
/discover/performance-wool-fabric/,,,yes,no,/discover/performance-wool-fabric/,yes,Performance Wool Fabric Fabric Notes for Apparel,Performance wool fabric is a useful filter only when the attribute is evidenced by construction and published weight. Learn performance wool fabric.,Performance Wool Fabric,,234,194,performance wool fabric,commercial_investigation,,,,6,,,supporting,C,
/discover/lightweight-denim-fabric/,,,yes,no,/discover/lightweight-denim-fabric/,yes,Lightweight Denim Fabric Fabric Notes for Apparel,Lightweight denim fabric is a useful filter only when the attribute is evidenced by construction and published weight. Learn lightweight denim fabric.,Lightweight Denim Fabric,,287,247,lightweight denim fabric,commercial_investigation,,,,7,,,supporting,C,
/discover/heavyweight-denim-fabric/,,,yes,no,/discover/heavyweight-denim-fabric/,yes,Heavyweight Denim Fabric Fabric Notes for Apparel,Heavyweight denim fabric is a useful filter only when the attribute is evidenced by construction and published weight. Learn heavyweight denim fabric.,Heavyweight Denim Fabric,,268,228,heavyweight denim fabric,commercial_investigation,,,,7,,,supporting,C,
/discover/breathable-denim-fabric/,,,yes,no,/discover/breathable-denim-fabric/,yes,Breathable Denim Fabric Fabric Notes for Apparel,Breathable denim fabric is a useful filter only when the attribute is evidenced by construction and published weight. Learn breathable denim fabric.,Breathable Denim Fabric,,269,229,breathable denim fabric,commercial_investigation,,,,6,,,supporting,C,
/discover/stretch-denim-fabric/,,,yes,no,/discover/stretch-denim-fabric/,yes,Stretch Denim Fabric Fabric Notes Fabric Notes,"Stretch denim fabric is a useful filter only when the attribute is evidenced by construction and published weight. Learn stretch denim fabric, then.",Stretch Denim Fabric,,272,232,stretch denim fabric,commercial_investigation,,,,6,,,supporting,C,
/discover/soft-denim-fabric/,,,yes,no,/discover/soft-denim-fabric/,yes,Soft Denim Fabric for apparel sourcing Use Notes,"Soft denim fabric is a useful filter only when the attribute is evidenced by construction and published weight. Learn soft denim fabric, then compare.",Soft Denim Fabric,,268,228,soft denim fabric,commercial_investigation,,,,6,,,supporting,C,
/discover/durable-denim-fabric/,,,yes,no,/discover/durable-denim-fabric/,yes,Durable Denim Fabric Fabric Notes Fabric Notes,"Durable denim fabric is a useful filter only when the attribute is evidenced by construction and published weight. Learn durable denim fabric, then.",Durable Denim Fabric,,260,220,durable denim fabric,commercial_investigation,,,,6,,,supporting,C,
/discover/premium-denim-fabric/,,,yes,no,/discover/premium-denim-fabric/,yes,Premium Denim Fabric Fabric Notes Fabric Notes,"Premium denim fabric is a useful filter only when the attribute is evidenced by construction and published weight. Learn premium denim fabric, then.",Premium Denim Fabric,,266,226,premium denim fabric,commercial_investigation,,,,6,,,supporting,C,
/discover/structured-denim-fabric/,,,yes,no,/discover/structured-denim-fabric/,yes,Structured Denim Fabric Fabric Notes for Apparel,Structured denim fabric is a useful filter only when the attribute is evidenced by construction and published weight. Learn structured denim fabric.,Structured Denim Fabric,,251,211,structured denim fabric,commercial_investigation,,,,6,,,supporting,C,
/discover/opaque-denim-fabric/,,,yes,no,/discover/opaque-denim-fabric/,yes,Opaque Denim Fabric for apparel sourcing,"Opaque denim fabric is a useful filter only when the attribute is evidenced by construction and published weight. Learn opaque denim fabric, then.",Opaque Denim Fabric,,297,257,opaque denim fabric,commercial_investigation,,,,7,,,supporting,C,
/discover/performance-denim-fabric/,,,yes,no,/discover/performance-denim-fabric/,yes,Performance Denim Fabric Fabric Notes for Apparel,Performance denim fabric is a useful filter only when the attribute is evidenced by construction and published weight. Learn performance denim fabric.,Performance Denim Fabric,,247,207,performance denim fabric,commercial_investigation,,,,6,,,supporting,C,
/discover/lightweight-polyester-fabric/,,,yes,no,/discover/lightweight-polyester-fabric/,yes,Lightweight Polyester Fabric Fabric Notes,Lightweight polyester fabric is a useful filter only when the attribute is evidenced by construction and published weight. Learn lightweight polyester…,Lightweight Polyester Fabric,,286,246,lightweight polyester fabric,commercial_investigation,,,,7,,,supporting,C,
/discover/heavyweight-polyester-fabric/,,,yes,no,/discover/heavyweight-polyester-fabric/,yes,Heavyweight Polyester Fabric Fabric Notes,Heavyweight polyester fabric is a useful filter only when the attribute is evidenced by construction and published weight. Learn heavyweight polyester…,Heavyweight Polyester Fabric,,265,225,heavyweight polyester fabric,commercial_investigation,,,,7,,,supporting,C,
/discover/breathable-polyester-fabric/,,,yes,no,/discover/breathable-polyester-fabric/,yes,Breathable Polyester Fabric Fabric Notes,Breathable polyester fabric is a useful filter only when the attribute is evidenced by construction and published weight.,Breathable Polyester Fabric,,269,229,breathable polyester fabric,commercial_investigation,,,,6,,,supporting,C,
/discover/stretch-polyester-fabric/,,,yes,no,/discover/stretch-polyester-fabric/,yes,Stretch Polyester Fabric Fabric Notes for Apparel,Stretch polyester fabric is a useful filter only when the attribute is evidenced by construction and published weight. Learn stretch polyester fabric.,Stretch Polyester Fabric,,270,230,stretch polyester fabric,commercial_investigation,,,,6,,,supporting,C,
/discover/soft-polyester-fabric/,,,yes,no,/discover/soft-polyester-fabric/,yes,Soft Polyester Fabric Fabric Notes Fabric Notes,"Soft polyester fabric is a useful filter only when the attribute is evidenced by construction and published weight. Learn soft polyester fabric, then….",Soft Polyester Fabric,,263,223,soft polyester fabric,commercial_investigation,,,,6,,,supporting,C,
/discover/durable-polyester-fabric/,,,yes,no,/discover/durable-polyester-fabric/,yes,Durable Polyester Fabric Fabric Notes for Apparel,Durable polyester fabric is a useful filter only when the attribute is evidenced by construction and published weight. Learn durable polyester fabric.,Durable Polyester Fabric,,258,218,durable polyester fabric,commercial_investigation,,,,6,,,supporting,C,
/discover/premium-polyester-fabric/,,,yes,no,/discover/premium-polyester-fabric/,yes,Premium Polyester Fabric Fabric Notes for Apparel,Premium polyester fabric is a useful filter only when the attribute is evidenced by construction and published weight. Learn premium polyester fabric.,Premium Polyester Fabric,,264,224,premium polyester fabric,commercial_investigation,,,,6,,,supporting,C,
/discover/structured-polyester-fabric/,,,yes,no,/discover/structured-polyester-fabric/,yes,Structured Polyester Fabric Fabric Notes,Structured polyester fabric is a useful filter only when the attribute is evidenced by construction and published weight.,Structured Polyester Fabric,,249,209,structured polyester fabric,commercial_investigation,,,,6,,,supporting,C,
/discover/flowy-polyester-fabric/,,,yes,no,/discover/flowy-polyester-fabric/,yes,Flowy Polyester Fabric Fabric Notes Fabric Notes,Flowy polyester fabric is a useful filter only when the attribute is evidenced by construction and published weight. Learn flowy polyester fabric.,Flowy Polyester Fabric,,263,223,flowy polyester fabric,commercial_investigation,,,,7,,,supporting,C,
/discover/sheer-polyester-fabric/,,,yes,no,/discover/sheer-polyester-fabric/,yes,Sheer Polyester Fabric Fabric Notes Fabric Notes,Sheer polyester fabric is a useful filter only when the attribute is evidenced by construction and published weight. Learn sheer polyester fabric.,Sheer Polyester Fabric,,292,252,sheer polyester fabric,commercial_investigation,,,,7,,,supporting,C,
/discover/opaque-polyester-fabric/,,,yes,no,/discover/opaque-polyester-fabric/,yes,Opaque Polyester Fabric Fabric Notes for Apparel,Opaque polyester fabric is a useful filter only when the attribute is evidenced by construction and published weight. Learn opaque polyester fabric.,Opaque Polyester Fabric,,295,255,opaque polyester fabric,commercial_investigation,,,,7,,,supporting,C,
/discover/performance-polyester-fabric/,,,yes,no,/discover/performance-polyester-fabric/,yes,Performance Polyester Fabric Fabric Notes,Performance polyester fabric is a useful filter only when the attribute is evidenced by construction and published weight. Learn performance polyester…,Performance Polyester Fabric,,242,202,performance polyester fabric,commercial_investigation,,,,6,,,supporting,C,
/discover/lightweight-viscose-fabric/,,,yes,no,/discover/lightweight-viscose-fabric/,yes,Lightweight Viscose Fabric Fabric Notes Use Notes,Lightweight viscose fabric is a useful filter only when the attribute is evidenced by construction and published weight.,Lightweight Viscose Fabric,,268,228,lightweight viscose fabric,commercial_investigation,,,,7,,,supporting,C,
/discover/heavyweight-viscose-fabric/,,,yes,no,/discover/heavyweight-viscose-fabric/,yes,Heavyweight Viscose Fabric Fabric Notes Use Notes,Heavyweight viscose fabric is a useful filter only when the attribute is evidenced by construction and published weight.,Heavyweight Viscose Fabric,,254,214,heavyweight viscose fabric,commercial_investigation,,,,7,,,supporting,C,
/discover/breathable-viscose-fabric/,,,yes,no,/discover/breathable-viscose-fabric/,yes,Breathable Viscose Fabric Fabric Notes Use Notes,Breathable viscose fabric is a useful filter only when the attribute is evidenced by construction and published weight. Learn breathable viscose.,Breathable Viscose Fabric,,250,210,breathable viscose fabric,commercial_investigation,,,,6,,,supporting,C,
/discover/stretch-viscose-fabric/,,,yes,no,/discover/stretch-viscose-fabric/,yes,Stretch Viscose Fabric Fabric Notes Fabric Notes,Stretch viscose fabric is a useful filter only when the attribute is evidenced by construction and published weight. Learn stretch viscose fabric.,Stretch Viscose Fabric,,255,215,stretch viscose fabric,commercial_investigation,,,,6,,,supporting,C,
/discover/soft-viscose-fabric/,,,yes,no,/discover/soft-viscose-fabric/,yes,Soft Viscose Fabric for apparel sourcing,"Soft viscose fabric is a useful filter only when the attribute is evidenced by construction and published weight. Learn soft viscose fabric, then.",Soft Viscose Fabric,,256,216,soft viscose fabric,commercial_investigation,,,,6,,,supporting,C,
/discover/durable-viscose-fabric/,,,yes,no,/discover/durable-viscose-fabric/,yes,Durable Viscose Fabric Fabric Notes Fabric Notes,Durable viscose fabric is a useful filter only when the attribute is evidenced by construction and published weight. Learn durable viscose fabric.,Durable Viscose Fabric,,246,206,durable viscose fabric,commercial_investigation,,,,6,,,supporting,C,
/discover/premium-viscose-fabric/,,,yes,no,/discover/premium-viscose-fabric/,yes,Premium Viscose Fabric Fabric Notes Fabric Notes,Premium viscose fabric is a useful filter only when the attribute is evidenced by construction and published weight. Learn premium viscose fabric.,Premium Viscose Fabric,,249,209,premium viscose fabric,commercial_investigation,,,,6,,,supporting,C,
/discover/structured-viscose-fabric/,,,yes,no,/discover/structured-viscose-fabric/,yes,Structured Viscose Fabric Fabric Notes Use Notes,Structured viscose fabric is a useful filter only when the attribute is evidenced by construction and published weight. Learn structured viscose.,Structured Viscose Fabric,,234,194,structured viscose fabric,commercial_investigation,,,,6,,,supporting,C,
/discover/flowy-viscose-fabric/,,,yes,no,/discover/flowy-viscose-fabric/,yes,Flowy Viscose Fabric Fabric Notes Fabric Notes,"Flowy viscose fabric is a useful filter only when the attribute is evidenced by construction and published weight. Learn flowy viscose fabric, then.",Flowy Viscose Fabric,,252,212,flowy viscose fabric,commercial_investigation,,,,7,,,supporting,C,
/discover/sheer-viscose-fabric/,,,yes,no,/discover/sheer-viscose-fabric/,yes,Sheer Viscose Fabric Fabric Notes Fabric Notes,"Sheer viscose fabric is a useful filter only when the attribute is evidenced by construction and published weight. Learn sheer viscose fabric, then.",Sheer Viscose Fabric,,278,238,sheer viscose fabric,commercial_investigation,,,,7,,,supporting,C,
/discover/opaque-viscose-fabric/,,,yes,no,/discover/opaque-viscose-fabric/,yes,Opaque Viscose Fabric Fabric Notes Fabric Notes,"Opaque viscose fabric is a useful filter only when the attribute is evidenced by construction and published weight. Learn opaque viscose fabric, then….",Opaque Viscose Fabric,,280,240,opaque viscose fabric,commercial_investigation,,,,7,,,supporting,C,
/discover/performance-viscose-fabric/,,,yes,no,/discover/performance-viscose-fabric/,yes,Performance Viscose Fabric Fabric Notes Use Notes,Performance viscose fabric is a useful filter only when the attribute is evidenced by construction and published weight.,Performance Viscose Fabric,,235,195,performance viscose fabric,commercial_investigation,,,,6,,,supporting,C,
/discover/lightweight-rayon-fabric/,,,yes,no,/discover/lightweight-rayon-fabric/,yes,Lightweight Rayon Fabric Fabric Notes for Apparel,Lightweight rayon fabric is a useful filter only when the attribute is evidenced by construction and published weight. Learn lightweight rayon fabric.,Lightweight Rayon Fabric,,279,239,lightweight rayon fabric,commercial_investigation,,,,7,,,supporting,C,
/discover/heavyweight-rayon-fabric/,,,yes,no,/discover/heavyweight-rayon-fabric/,yes,Heavyweight Rayon Fabric Fabric Notes for Apparel,Heavyweight rayon fabric is a useful filter only when the attribute is evidenced by construction and published weight. Learn heavyweight rayon fabric.,Heavyweight Rayon Fabric,,265,225,heavyweight rayon fabric,commercial_investigation,,,,7,,,supporting,C,
/discover/breathable-rayon-fabric/,,,yes,no,/discover/breathable-rayon-fabric/,yes,Breathable Rayon Fabric Fabric Notes for Apparel,Breathable rayon fabric is a useful filter only when the attribute is evidenced by construction and published weight. Learn breathable rayon fabric.,Breathable Rayon Fabric,,261,221,breathable rayon fabric,commercial_investigation,,,,6,,,supporting,C,
/discover/stretch-rayon-fabric/,,,yes,no,/discover/stretch-rayon-fabric/,yes,Stretch Rayon Fabric Fabric Notes Fabric Notes,"Stretch rayon fabric is a useful filter only when the attribute is evidenced by construction and published weight. Learn stretch rayon fabric, then.",Stretch Rayon Fabric,,264,224,stretch rayon fabric,commercial_investigation,,,,6,,,supporting,C,
/discover/soft-rayon-fabric/,,,yes,no,/discover/soft-rayon-fabric/,yes,Soft Rayon Fabric for apparel sourcing Use Notes,"Soft rayon fabric is a useful filter only when the attribute is evidenced by construction and published weight. Learn soft rayon fabric, then compare.",Soft Rayon Fabric,,265,225,soft rayon fabric,commercial_investigation,,,,6,,,supporting,C,
/discover/durable-rayon-fabric/,,,yes,no,/discover/durable-rayon-fabric/,yes,Durable Rayon Fabric Fabric Notes Fabric Notes,"Durable rayon fabric is a useful filter only when the attribute is evidenced by construction and published weight. Learn durable rayon fabric, then.",Durable Rayon Fabric,,257,217,durable rayon fabric,commercial_investigation,,,,6,,,supporting,C,
/discover/premium-rayon-fabric/,,,yes,no,/discover/premium-rayon-fabric/,yes,Premium Rayon Fabric Fabric Notes Fabric Notes,"Premium rayon fabric is a useful filter only when the attribute is evidenced by construction and published weight. Learn premium rayon fabric, then.",Premium Rayon Fabric,,258,218,premium rayon fabric,commercial_investigation,,,,6,,,supporting,C,
/discover/structured-rayon-fabric/,,,yes,no,/discover/structured-rayon-fabric/,yes,Structured Rayon Fabric Fabric Notes for Apparel,Structured rayon fabric is a useful filter only when the attribute is evidenced by construction and published weight. Learn structured rayon fabric.,Structured Rayon Fabric,,243,203,structured rayon fabric,commercial_investigation,,,,6,,,supporting,C,
/discover/flowy-rayon-fabric/,,,yes,no,/discover/flowy-rayon-fabric/,yes,Flowy Rayon Fabric for apparel sourcing Use Notes,"Flowy rayon fabric is a useful filter only when the attribute is evidenced by construction and published weight. Learn flowy rayon fabric, then compare",Flowy Rayon Fabric,,263,223,flowy rayon fabric,commercial_investigation,,,,7,,,supporting,C,
/discover/sheer-rayon-fabric/,,,yes,no,/discover/sheer-rayon-fabric/,yes,Sheer Rayon Fabric for apparel sourcing Use Notes,"Sheer rayon fabric is a useful filter only when the attribute is evidenced by construction and published weight. Learn sheer rayon fabric, then compare",Sheer Rayon Fabric,,287,247,sheer rayon fabric,commercial_investigation,,,,7,,,supporting,C,
/discover/opaque-rayon-fabric/,,,yes,no,/discover/opaque-rayon-fabric/,yes,Opaque Rayon Fabric for apparel sourcing,"Opaque rayon fabric is a useful filter only when the attribute is evidenced by construction and published weight. Learn opaque rayon fabric, then.",Opaque Rayon Fabric,,289,249,opaque rayon fabric,commercial_investigation,,,,7,,,supporting,C,
/discover/performance-rayon-fabric/,,,yes,no,/discover/performance-rayon-fabric/,yes,Performance Rayon Fabric Fabric Notes for Apparel,Performance rayon fabric is a useful filter only when the attribute is evidenced by construction and published weight. Learn performance rayon fabric.,Performance Rayon Fabric,,244,204,performance rayon fabric,commercial_investigation,,,,6,,,supporting,C,
/discover/lightweight-jersey-fabric/,,,yes,no,/discover/lightweight-jersey-fabric/,yes,Lightweight Jersey Fabric Fabric Notes Use Notes,Lightweight jersey fabric is a useful filter only when the attribute is evidenced by construction and published weight. Learn lightweight jersey.,Lightweight Jersey Fabric,,259,219,lightweight jersey fabric,commercial_investigation,,,,8,,,supporting,C,
/discover/heavyweight-jersey-fabric/,,,yes,no,/discover/heavyweight-jersey-fabric/,yes,Heavyweight Jersey Fabric Fabric Notes Use Notes,Heavyweight jersey fabric is a useful filter only when the attribute is evidenced by construction and published weight. Learn heavyweight jersey.,Heavyweight Jersey Fabric,,247,207,heavyweight jersey fabric,commercial_investigation,,,,8,,,supporting,C,
/discover/breathable-jersey-fabric/,,,yes,no,/discover/breathable-jersey-fabric/,yes,Breathable Jersey Fabric Fabric Notes for Apparel,Breathable jersey fabric is a useful filter only when the attribute is evidenced by construction and published weight. Learn breathable jersey fabric.,Breathable Jersey Fabric,,242,202,breathable jersey fabric,commercial_investigation,,,,7,,,supporting,C,
/discover/stretch-jersey-fabric/,,,yes,no,/discover/stretch-jersey-fabric/,yes,Stretch Jersey Fabric Fabric Notes Fabric Notes,"Stretch jersey fabric is a useful filter only when the attribute is evidenced by construction and published weight. Learn stretch jersey fabric, then….",Stretch Jersey Fabric,,246,206,stretch jersey fabric,commercial_investigation,,,,7,,,supporting,C,
/discover/soft-jersey-fabric/,,,yes,no,/discover/soft-jersey-fabric/,yes,Soft Jersey Fabric for apparel sourcing Use Notes,"Soft jersey fabric is a useful filter only when the attribute is evidenced by construction and published weight. Learn soft jersey fabric, then compare",Soft Jersey Fabric,,250,210,soft jersey fabric,commercial_investigation,,,,7,,,supporting,C,
/discover/durable-jersey-fabric/,,,yes,no,/discover/durable-jersey-fabric/,yes,Durable Jersey Fabric Fabric Notes Fabric Notes,"Durable jersey fabric is a useful filter only when the attribute is evidenced by construction and published weight. Learn durable jersey fabric, then….",Durable Jersey Fabric,,239,199,durable jersey fabric,commercial_investigation,,,,7,,,supporting,C,
/discover/premium-jersey-fabric/,,,yes,no,/discover/premium-jersey-fabric/,yes,Premium Jersey Fabric Fabric Notes Fabric Notes,"Premium jersey fabric is a useful filter only when the attribute is evidenced by construction and published weight. Learn premium jersey fabric, then….",Premium Jersey Fabric,,240,200,premium jersey fabric,commercial_investigation,,,,7,,,supporting,C,
/discover/structured-jersey-fabric/,,,yes,no,/discover/structured-jersey-fabric/,yes,Structured Jersey Fabric Fabric Notes for Apparel,Structured jersey fabric is a useful filter only when the attribute is evidenced by construction and published weight. Learn structured jersey fabric.,Structured Jersey Fabric,,226,186,structured jersey fabric,commercial_investigation,,,,7,,,supporting,C,
/discover/flowy-jersey-fabric/,,,yes,no,/discover/flowy-jersey-fabric/,yes,Flowy Jersey Fabric for apparel sourcing,"Flowy jersey fabric is a useful filter only when the attribute is evidenced by construction and published weight. Learn flowy jersey fabric, then.",Flowy Jersey Fabric,,245,205,flowy jersey fabric,commercial_investigation,,,,8,,,supporting,C,
/discover/sheer-jersey-fabric/,,,yes,no,/discover/sheer-jersey-fabric/,yes,Sheer Jersey Fabric for apparel sourcing,"Sheer jersey fabric is a useful filter only when the attribute is evidenced by construction and published weight. Learn sheer jersey fabric, then.",Sheer Jersey Fabric,,269,229,sheer jersey fabric,commercial_investigation,,,,8,,,supporting,C,
/discover/opaque-jersey-fabric/,,,yes,no,/discover/opaque-jersey-fabric/,yes,Opaque Jersey Fabric Fabric Notes Fabric Notes,"Opaque jersey fabric is a useful filter only when the attribute is evidenced by construction and published weight. Learn opaque jersey fabric, then.",Opaque Jersey Fabric,,272,232,opaque jersey fabric,commercial_investigation,,,,8,,,supporting,C,
/discover/performance-jersey-fabric/,,,yes,no,/discover/performance-jersey-fabric/,yes,Performance Jersey Fabric Fabric Notes Use Notes,Performance jersey fabric is a useful filter only when the attribute is evidenced by construction and published weight. Learn performance jersey.,Performance Jersey Fabric,,228,188,performance jersey fabric,commercial_investigation,,,,7,,,supporting,C,
/discover/lightweight-velvet-fabric/,,,yes,no,/discover/lightweight-velvet-fabric/,yes,Lightweight Velvet Fabric Fabric Notes Use Notes,Lightweight velvet fabric is a useful filter only when the attribute is evidenced by construction and published weight. Learn lightweight velvet.,Lightweight Velvet Fabric,,255,215,lightweight velvet fabric,commercial_investigation,,,,8,,,supporting,C,
/discover/heavyweight-velvet-fabric/,,,yes,no,/discover/heavyweight-velvet-fabric/,yes,Heavyweight Velvet Fabric Fabric Notes Use Notes,Heavyweight velvet fabric is a useful filter only when the attribute is evidenced by construction and published weight. Learn heavyweight velvet.,Heavyweight Velvet Fabric,,241,201,heavyweight velvet fabric,commercial_investigation,,,,8,,,supporting,C,
/discover/breathable-velvet-fabric/,,,yes,no,/discover/breathable-velvet-fabric/,yes,Breathable Velvet Fabric Fabric Notes for Apparel,Breathable velvet fabric is a useful filter only when the attribute is evidenced by construction and published weight. Learn breathable velvet fabric.,Breathable Velvet Fabric,,238,198,breathable velvet fabric,commercial_investigation,,,,7,,,supporting,C,
/discover/stretch-velvet-fabric/,,,yes,no,/discover/stretch-velvet-fabric/,yes,Stretch Velvet Fabric Fabric Notes Fabric Notes,"Stretch velvet fabric is a useful filter only when the attribute is evidenced by construction and published weight. Learn stretch velvet fabric, then….",Stretch Velvet Fabric,,239,199,stretch velvet fabric,commercial_investigation,,,,7,,,supporting,C,
/discover/soft-velvet-fabric/,,,yes,no,/discover/soft-velvet-fabric/,yes,Soft Velvet Fabric for apparel sourcing Use Notes,"Soft velvet fabric is a useful filter only when the attribute is evidenced by construction and published weight. Learn soft velvet fabric, then compare",Soft Velvet Fabric,,241,201,soft velvet fabric,commercial_investigation,,,,7,,,supporting,C,
/discover/durable-velvet-fabric/,,,yes,no,/discover/durable-velvet-fabric/,yes,Durable Velvet Fabric Fabric Notes Fabric Notes,"Durable velvet fabric is a useful filter only when the attribute is evidenced by construction and published weight. Learn durable velvet fabric, then….",Durable Velvet Fabric,,233,193,durable velvet fabric,commercial_investigation,,,,7,,,supporting,C,
/discover/premium-velvet-fabric/,,,yes,no,/discover/premium-velvet-fabric/,yes,Premium Velvet Fabric Fabric Notes Fabric Notes,"Premium velvet fabric is a useful filter only when the attribute is evidenced by construction and published weight. Learn premium velvet fabric, then….",Premium Velvet Fabric,,233,193,premium velvet fabric,commercial_investigation,,,,7,,,supporting,C,
/discover/structured-velvet-fabric/,,,yes,no,/discover/structured-velvet-fabric/,yes,Structured Velvet Fabric Fabric Notes for Apparel,Structured velvet fabric is a useful filter only when the attribute is evidenced by construction and published weight. Learn structured velvet fabric.,Structured Velvet Fabric,,219,179,structured velvet fabric,commercial_investigation,,,,7,,,supporting,C,
/discover/flowy-velvet-fabric/,,,yes,no,/discover/flowy-velvet-fabric/,yes,Flowy Velvet Fabric for apparel sourcing,"Flowy velvet fabric is a useful filter only when the attribute is evidenced by construction and published weight. Learn flowy velvet fabric, then.",Flowy Velvet Fabric,,239,199,flowy velvet fabric,commercial_investigation,,,,8,,,supporting,C,
/discover/sheer-velvet-fabric/,,,yes,no,/discover/sheer-velvet-fabric/,yes,Sheer Velvet Fabric for apparel sourcing,"Sheer velvet fabric is a useful filter only when the attribute is evidenced by construction and published weight. Learn sheer velvet fabric, then.",Sheer Velvet Fabric,,262,222,sheer velvet fabric,commercial_investigation,,,,8,,,supporting,C,
/discover/opaque-velvet-fabric/,,,yes,no,/discover/opaque-velvet-fabric/,yes,Opaque Velvet Fabric Fabric Notes Fabric Notes,"Opaque velvet fabric is a useful filter only when the attribute is evidenced by construction and published weight. Learn opaque velvet fabric, then.",Opaque Velvet Fabric,,265,225,opaque velvet fabric,commercial_investigation,,,,8,,,supporting,C,
/discover/performance-velvet-fabric/,,,yes,no,/discover/performance-velvet-fabric/,yes,Performance Velvet Fabric Fabric Notes Use Notes,Performance velvet fabric is a useful filter only when the attribute is evidenced by construction and published weight. Learn performance velvet.,Performance Velvet Fabric,,219,179,performance velvet fabric,commercial_investigation,,,,7,,,supporting,C,
/discover/lightweight-chiffon-fabric/,,,yes,no,/discover/lightweight-chiffon-fabric/,yes,Lightweight Chiffon Fabric Fabric Notes Use Notes,Lightweight chiffon fabric is a useful filter only when the attribute is evidenced by construction and published weight.,Lightweight Chiffon Fabric,,265,225,lightweight chiffon fabric,commercial_investigation,,,,8,,,supporting,C,
/discover/breathable-chiffon-fabric/,,,yes,no,/discover/breathable-chiffon-fabric/,yes,Breathable Chiffon Fabric Fabric Notes Use Notes,Breathable chiffon fabric is a useful filter only when the attribute is evidenced by construction and published weight. Learn breathable chiffon.,Breathable Chiffon Fabric,,247,207,breathable chiffon fabric,commercial_investigation,,,,7,,,supporting,C,
/discover/stretch-chiffon-fabric/,,,yes,no,/discover/stretch-chiffon-fabric/,yes,Stretch Chiffon Fabric Fabric Notes Fabric Notes,Stretch chiffon fabric is a useful filter only when the attribute is evidenced by construction and published weight. Learn stretch chiffon fabric.,Stretch Chiffon Fabric,,249,209,stretch chiffon fabric,commercial_investigation,,,,7,,,supporting,C,
/discover/soft-chiffon-fabric/,,,yes,no,/discover/soft-chiffon-fabric/,yes,Soft Chiffon Fabric for apparel sourcing,"Soft chiffon fabric is a useful filter only when the attribute is evidenced by construction and published weight. Learn soft chiffon fabric, then.",Soft Chiffon Fabric,,245,205,soft chiffon fabric,commercial_investigation,,,,7,,,supporting,C,
/discover/durable-chiffon-fabric/,,,yes,no,/discover/durable-chiffon-fabric/,yes,Durable Chiffon Fabric Fabric Notes Fabric Notes,Durable chiffon fabric is a useful filter only when the attribute is evidenced by construction and published weight. Learn durable chiffon fabric.,Durable Chiffon Fabric,,238,198,durable chiffon fabric,commercial_investigation,,,,7,,,supporting,C,
/discover/premium-chiffon-fabric/,,,yes,no,/discover/premium-chiffon-fabric/,yes,Premium Chiffon Fabric Fabric Notes Fabric Notes,Premium chiffon fabric is a useful filter only when the attribute is evidenced by construction and published weight. Learn premium chiffon fabric.,Premium Chiffon Fabric,,243,203,premium chiffon fabric,commercial_investigation,,,,7,,,supporting,C,
/discover/structured-chiffon-fabric/,,,yes,no,/discover/structured-chiffon-fabric/,yes,Structured Chiffon Fabric Fabric Notes Use Notes,Structured chiffon fabric is a useful filter only when the attribute is evidenced by construction and published weight. Learn structured chiffon.,Structured Chiffon Fabric,,228,188,structured chiffon fabric,commercial_investigation,,,,7,,,supporting,C,
/discover/flowy-chiffon-fabric/,,,yes,no,/discover/flowy-chiffon-fabric/,yes,Flowy Chiffon Fabric Fabric Notes Fabric Notes,"Flowy chiffon fabric is a useful filter only when the attribute is evidenced by construction and published weight. Learn flowy chiffon fabric, then.",Flowy Chiffon Fabric,,244,204,flowy chiffon fabric,commercial_investigation,,,,8,,,supporting,C,
/discover/sheer-chiffon-fabric/,,,yes,no,/discover/sheer-chiffon-fabric/,yes,Sheer Chiffon Fabric Fabric Notes Fabric Notes,"Sheer chiffon fabric is a useful filter only when the attribute is evidenced by construction and published weight. Learn sheer chiffon fabric, then.",Sheer Chiffon Fabric,,272,232,sheer chiffon fabric,commercial_investigation,,,,8,,,supporting,C,
/discover/opaque-chiffon-fabric/,,,yes,no,/discover/opaque-chiffon-fabric/,yes,Opaque Chiffon Fabric Fabric Notes Fabric Notes,"Opaque chiffon fabric is a useful filter only when the attribute is evidenced by construction and published weight. Learn opaque chiffon fabric, then….",Opaque Chiffon Fabric,,274,234,opaque chiffon fabric,commercial_investigation,,,,8,,,supporting,C,
/discover/performance-chiffon-fabric/,,,yes,no,/discover/performance-chiffon-fabric/,yes,Performance Chiffon Fabric Fabric Notes Use Notes,Performance chiffon fabric is a useful filter only when the attribute is evidenced by construction and published weight.,Performance Chiffon Fabric,,253,213,performance chiffon fabric,commercial_investigation,,,,7,,,supporting,C,
/discover/lightweight-georgette-fabric/,,,yes,no,/discover/lightweight-georgette-fabric/,yes,Lightweight Georgette Fabric Fabric Notes,Lightweight georgette fabric is a useful filter only when the attribute is evidenced by construction and published weight. Learn lightweight georgette…,Lightweight Georgette Fabric,,274,234,lightweight georgette fabric,commercial_investigation,,,,8,,,supporting,C,
/discover/breathable-georgette-fabric/,,,yes,no,/discover/breathable-georgette-fabric/,yes,Breathable Georgette Fabric Fabric Notes,Breathable georgette fabric is a useful filter only when the attribute is evidenced by construction and published weight.,Breathable Georgette Fabric,,257,217,breathable georgette fabric,commercial_investigation,,,,7,,,supporting,C,
/discover/stretch-georgette-fabric/,,,yes,no,/discover/stretch-georgette-fabric/,yes,Stretch Georgette Fabric Fabric Notes for Apparel,Stretch georgette fabric is a useful filter only when the attribute is evidenced by construction and published weight. Learn stretch georgette fabric.,Stretch Georgette Fabric,,258,218,stretch georgette fabric,commercial_investigation,,,,7,,,supporting,C,
/discover/soft-georgette-fabric/,,,yes,no,/discover/soft-georgette-fabric/,yes,Soft Georgette Fabric Fabric Notes Fabric Notes,"Soft georgette fabric is a useful filter only when the attribute is evidenced by construction and published weight. Learn soft georgette fabric, then….",Soft Georgette Fabric,,249,209,soft georgette fabric,commercial_investigation,,,,7,,,supporting,C,
/discover/durable-georgette-fabric/,,,yes,no,/discover/durable-georgette-fabric/,yes,Durable Georgette Fabric Fabric Notes for Apparel,Durable georgette fabric is a useful filter only when the attribute is evidenced by construction and published weight. Learn durable georgette fabric.,Durable Georgette Fabric,,244,204,durable georgette fabric,commercial_investigation,,,,7,,,supporting,C,
/discover/premium-georgette-fabric/,,,yes,no,/discover/premium-georgette-fabric/,yes,Premium Georgette Fabric Fabric Notes for Apparel,Premium georgette fabric is a useful filter only when the attribute is evidenced by construction and published weight. Learn premium georgette fabric.,Premium Georgette Fabric,,252,212,premium georgette fabric,commercial_investigation,,,,7,,,supporting,C,
/discover/structured-georgette-fabric/,,,yes,no,/discover/structured-georgette-fabric/,yes,Structured Georgette Fabric Fabric Notes,Structured georgette fabric is a useful filter only when the attribute is evidenced by construction and published weight.,Structured Georgette Fabric,,237,197,structured georgette fabric,commercial_investigation,,,,7,,,supporting,C,
/discover/flowy-georgette-fabric/,,,yes,no,/discover/flowy-georgette-fabric/,yes,Flowy Georgette Fabric Fabric Notes Fabric Notes,Flowy georgette fabric is a useful filter only when the attribute is evidenced by construction and published weight. Learn flowy georgette fabric.,Flowy Georgette Fabric,,249,209,flowy georgette fabric,commercial_investigation,,,,8,,,supporting,C,
/discover/sheer-georgette-fabric/,,,yes,no,/discover/sheer-georgette-fabric/,yes,Sheer Georgette Fabric Fabric Notes Fabric Notes,Sheer georgette fabric is a useful filter only when the attribute is evidenced by construction and published weight. Learn sheer georgette fabric.,Sheer Georgette Fabric,,280,240,sheer georgette fabric,commercial_investigation,,,,8,,,supporting,C,
/discover/opaque-georgette-fabric/,,,yes,no,/discover/opaque-georgette-fabric/,yes,Opaque Georgette Fabric Fabric Notes for Apparel,Opaque georgette fabric is a useful filter only when the attribute is evidenced by construction and published weight. Learn opaque georgette fabric.,Opaque Georgette Fabric,,283,243,opaque georgette fabric,commercial_investigation,,,,8,,,supporting,C,
/discover/performance-georgette-fabric/,,,yes,no,/discover/performance-georgette-fabric/,yes,Performance Georgette Fabric Fabric Notes,Performance georgette fabric is a useful filter only when the attribute is evidenced by construction and published weight. Learn performance georgette…,Performance Georgette Fabric,,261,221,performance georgette fabric,commercial_investigation,,,,7,,,supporting,C,
/discover/lightweight-poplin-fabric/,,,yes,no,/discover/lightweight-poplin-fabric/,yes,Lightweight Poplin Fabric Fabric Notes Use Notes,Lightweight poplin fabric is a useful filter only when the attribute is evidenced by construction and published weight. Learn lightweight poplin.,Lightweight Poplin Fabric,,277,237,lightweight poplin fabric,commercial_investigation,,,,8,,,supporting,C,
/discover/heavyweight-poplin-fabric/,,,yes,no,/discover/heavyweight-poplin-fabric/,yes,Heavyweight Poplin Fabric Fabric Notes Use Notes,Heavyweight poplin fabric is a useful filter only when the attribute is evidenced by construction and published weight. Learn heavyweight poplin.,Heavyweight Poplin Fabric,,256,216,heavyweight poplin fabric,commercial_investigation,,,,8,,,supporting,C,
/discover/breathable-poplin-fabric/,,,yes,no,/discover/breathable-poplin-fabric/,yes,Breathable Poplin Fabric Fabric Notes for Apparel,Breathable poplin fabric is a useful filter only when the attribute is evidenced by construction and published weight. Learn breathable poplin fabric.,Breathable Poplin Fabric,,260,220,breathable poplin fabric,commercial_investigation,,,,7,,,supporting,C,
/discover/stretch-poplin-fabric/,,,yes,no,/discover/stretch-poplin-fabric/,yes,Stretch Poplin Fabric Fabric Notes Fabric Notes,"Stretch poplin fabric is a useful filter only when the attribute is evidenced by construction and published weight. Learn stretch poplin fabric, then….",Stretch Poplin Fabric,,257,217,stretch poplin fabric,commercial_investigation,,,,7,,,supporting,C,
/discover/soft-poplin-fabric/,,,yes,no,/discover/soft-poplin-fabric/,yes,Soft Poplin Fabric for apparel sourcing Use Notes,"Soft poplin fabric is a useful filter only when the attribute is evidenced by construction and published weight. Learn soft poplin fabric, then compare",Soft Poplin Fabric,,252,212,soft poplin fabric,commercial_investigation,,,,7,,,supporting,C,
/discover/durable-poplin-fabric/,,,yes,no,/discover/durable-poplin-fabric/,yes,Durable Poplin Fabric Fabric Notes Fabric Notes,"Durable poplin fabric is a useful filter only when the attribute is evidenced by construction and published weight. Learn durable poplin fabric, then….",Durable Poplin Fabric,,248,208,durable poplin fabric,commercial_investigation,,,,7,,,supporting,C,
/discover/premium-poplin-fabric/,,,yes,no,/discover/premium-poplin-fabric/,yes,Premium Poplin Fabric Fabric Notes Fabric Notes,"Premium poplin fabric is a useful filter only when the attribute is evidenced by construction and published weight. Learn premium poplin fabric, then….",Premium Poplin Fabric,,251,211,premium poplin fabric,commercial_investigation,,,,7,,,supporting,C,
/discover/structured-poplin-fabric/,,,yes,no,/discover/structured-poplin-fabric/,yes,Structured Poplin Fabric Fabric Notes for Apparel,Structured poplin fabric is a useful filter only when the attribute is evidenced by construction and published weight. Learn structured poplin fabric.,Structured Poplin Fabric,,237,197,structured poplin fabric,commercial_investigation,,,,7,,,supporting,C,
/discover/flowy-poplin-fabric/,,,yes,no,/discover/flowy-poplin-fabric/,yes,Flowy Poplin Fabric for apparel sourcing,"Flowy poplin fabric is a useful filter only when the attribute is evidenced by construction and published weight. Learn flowy poplin fabric, then.",Flowy Poplin Fabric,,254,214,flowy poplin fabric,commercial_investigation,,,,8,,,supporting,C,
/discover/sheer-poplin-fabric/,,,yes,no,/discover/sheer-poplin-fabric/,yes,Sheer Poplin Fabric for apparel sourcing,"Sheer poplin fabric is a useful filter only when the attribute is evidenced by construction and published weight. Learn sheer poplin fabric, then.",Sheer Poplin Fabric,,280,240,sheer poplin fabric,commercial_investigation,,,,8,,,supporting,C,
/discover/opaque-poplin-fabric/,,,yes,no,/discover/opaque-poplin-fabric/,yes,Opaque Poplin Fabric Fabric Notes Fabric Notes,"Opaque poplin fabric is a useful filter only when the attribute is evidenced by construction and published weight. Learn opaque poplin fabric, then.",Opaque Poplin Fabric,,283,243,opaque poplin fabric,commercial_investigation,,,,8,,,supporting,C,
/discover/performance-poplin-fabric/,,,yes,no,/discover/performance-poplin-fabric/,yes,Performance Poplin Fabric Fabric Notes Use Notes,Performance poplin fabric is a useful filter only when the attribute is evidenced by construction and published weight. Learn performance poplin.,Performance Poplin Fabric,,261,221,performance poplin fabric,commercial_investigation,,,,7,,,supporting,C,
/discover/lightweight-satin-fabric/,,,yes,no,/discover/lightweight-satin-fabric/,yes,Lightweight Satin Fabric Fabric Notes for Apparel,Lightweight satin fabric is a useful filter only when the attribute is evidenced by construction and published weight. Learn lightweight satin fabric.,Lightweight Satin Fabric,,263,223,lightweight satin fabric,commercial_investigation,,,,7,,,supporting,C,
/discover/heavyweight-satin-fabric/,,,yes,no,/discover/heavyweight-satin-fabric/,yes,Heavyweight Satin Fabric Fabric Notes for Apparel,Heavyweight satin fabric is a useful filter only when the attribute is evidenced by construction and published weight. Learn heavyweight satin fabric.,Heavyweight Satin Fabric,,247,207,heavyweight satin fabric,commercial_investigation,,,,7,,,supporting,C,
/discover/breathable-satin-fabric/,,,yes,no,/discover/breathable-satin-fabric/,yes,Breathable Satin Fabric Fabric Notes for Apparel,Breathable satin fabric is a useful filter only when the attribute is evidenced by construction and published weight. Learn breathable satin fabric.,Breathable Satin Fabric,,245,205,breathable satin fabric,commercial_investigation,,,,6,,,supporting,C,
/discover/stretch-satin-fabric/,,,yes,no,/discover/stretch-satin-fabric/,yes,Stretch Satin Fabric Fabric Notes Fabric Notes,"Stretch satin fabric is a useful filter only when the attribute is evidenced by construction and published weight. Learn stretch satin fabric, then.",Stretch Satin Fabric,,252,212,stretch satin fabric,commercial_investigation,,,,6,,,supporting,C,
/discover/soft-satin-fabric/,,,yes,no,/discover/soft-satin-fabric/,yes,Soft Satin Fabric for apparel sourcing Use Notes,"Soft satin fabric is a useful filter only when the attribute is evidenced by construction and published weight. Learn soft satin fabric, then compare.",Soft Satin Fabric,,251,211,soft satin fabric,commercial_investigation,,,,6,,,supporting,C,
/discover/durable-satin-fabric/,,,yes,no,/discover/durable-satin-fabric/,yes,Durable Satin Fabric Fabric Notes Fabric Notes,"Durable satin fabric is a useful filter only when the attribute is evidenced by construction and published weight. Learn durable satin fabric, then.",Durable Satin Fabric,,239,199,durable satin fabric,commercial_investigation,,,,6,,,supporting,C,
/discover/premium-satin-fabric/,,,yes,no,/discover/premium-satin-fabric/,yes,Premium Satin Fabric Fabric Notes Fabric Notes,"Premium satin fabric is a useful filter only when the attribute is evidenced by construction and published weight. Learn premium satin fabric, then.",Premium Satin Fabric,,246,206,premium satin fabric,commercial_investigation,,,,6,,,supporting,C,
/discover/structured-satin-fabric/,,,yes,no,/discover/structured-satin-fabric/,yes,Structured Satin Fabric Fabric Notes for Apparel,Structured satin fabric is a useful filter only when the attribute is evidenced by construction and published weight. Learn structured satin fabric.,Structured Satin Fabric,,231,191,structured satin fabric,commercial_investigation,,,,6,,,supporting,C,
/discover/flowy-satin-fabric/,,,yes,no,/discover/flowy-satin-fabric/,yes,Flowy Satin Fabric for apparel sourcing Use Notes,"Flowy satin fabric is a useful filter only when the attribute is evidenced by construction and published weight. Learn flowy satin fabric, then compare",Flowy Satin Fabric,,245,205,flowy satin fabric,commercial_investigation,,,,7,,,supporting,C,
/discover/sheer-satin-fabric/,,,yes,no,/discover/sheer-satin-fabric/,yes,Sheer Satin Fabric for apparel sourcing Use Notes,"Sheer satin fabric is a useful filter only when the attribute is evidenced by construction and published weight. Learn sheer satin fabric, then compare",Sheer Satin Fabric,,275,235,sheer satin fabric,commercial_investigation,,,,7,,,supporting,C,
/discover/opaque-satin-fabric/,,,yes,no,/discover/opaque-satin-fabric/,yes,Opaque Satin Fabric for apparel sourcing,"Opaque satin fabric is a useful filter only when the attribute is evidenced by construction and published weight. Learn opaque satin fabric, then.",Opaque Satin Fabric,,277,237,opaque satin fabric,commercial_investigation,,,,7,,,supporting,C,
/discover/performance-satin-fabric/,,,yes,no,/discover/performance-satin-fabric/,yes,Performance Satin Fabric Fabric Notes for Apparel,Performance satin fabric is a useful filter only when the attribute is evidenced by construction and published weight. Learn performance satin fabric.,Performance Satin Fabric,,230,190,performance satin fabric,commercial_investigation,,,,6,,,supporting,C,
/discover/lightweight-crepe-fabric/,,,yes,no,/discover/lightweight-crepe-fabric/,yes,Lightweight Crepe Fabric Fabric Notes for Apparel,Lightweight crepe fabric is a useful filter only when the attribute is evidenced by construction and published weight. Learn lightweight crepe fabric.,Lightweight Crepe Fabric,,265,225,lightweight crepe fabric,commercial_investigation,,,,7,,,supporting,C,
/discover/heavyweight-crepe-fabric/,,,yes,no,/discover/heavyweight-crepe-fabric/,yes,Heavyweight Crepe Fabric Fabric Notes for Apparel,Heavyweight crepe fabric is a useful filter only when the attribute is evidenced by construction and published weight. Learn heavyweight crepe fabric.,Heavyweight Crepe Fabric,,249,209,heavyweight crepe fabric,commercial_investigation,,,,7,,,supporting,C,
/discover/breathable-crepe-fabric/,,,yes,no,/discover/breathable-crepe-fabric/,yes,Breathable Crepe Fabric Fabric Notes for Apparel,Breathable crepe fabric is a useful filter only when the attribute is evidenced by construction and published weight. Learn breathable crepe fabric.,Breathable Crepe Fabric,,247,207,breathable crepe fabric,commercial_investigation,,,,6,,,supporting,C,
/discover/stretch-crepe-fabric/,,,yes,no,/discover/stretch-crepe-fabric/,yes,Stretch Crepe Fabric Fabric Notes Fabric Notes,"Stretch crepe fabric is a useful filter only when the attribute is evidenced by construction and published weight. Learn stretch crepe fabric, then.",Stretch Crepe Fabric,,253,213,stretch crepe fabric,commercial_investigation,,,,6,,,supporting,C,
/discover/soft-crepe-fabric/,,,yes,no,/discover/soft-crepe-fabric/,yes,Soft Crepe Fabric for apparel sourcing Use Notes,"Soft crepe fabric is a useful filter only when the attribute is evidenced by construction and published weight. Learn soft crepe fabric, then compare.",Soft Crepe Fabric,,252,212,soft crepe fabric,commercial_investigation,,,,6,,,supporting,C,
/discover/durable-crepe-fabric/,,,yes,no,/discover/durable-crepe-fabric/,yes,Durable Crepe Fabric Fabric Notes Fabric Notes,"Durable crepe fabric is a useful filter only when the attribute is evidenced by construction and published weight. Learn durable crepe fabric, then.",Durable Crepe Fabric,,241,201,durable crepe fabric,commercial_investigation,,,,6,,,supporting,C,
/discover/premium-crepe-fabric/,,,yes,no,/discover/premium-crepe-fabric/,yes,Premium Crepe Fabric Fabric Notes Fabric Notes,"Premium crepe fabric is a useful filter only when the attribute is evidenced by construction and published weight. Learn premium crepe fabric, then.",Premium Crepe Fabric,,247,207,premium crepe fabric,commercial_investigation,,,,6,,,supporting,C,
/discover/structured-crepe-fabric/,,,yes,no,/discover/structured-crepe-fabric/,yes,Structured Crepe Fabric Fabric Notes for Apparel,Structured crepe fabric is a useful filter only when the attribute is evidenced by construction and published weight. Learn structured crepe fabric.,Structured Crepe Fabric,,232,192,structured crepe fabric,commercial_investigation,,,,6,,,supporting,C,
/discover/flowy-crepe-fabric/,,,yes,no,/discover/flowy-crepe-fabric/,yes,Flowy Crepe Fabric for apparel sourcing Use Notes,"Flowy crepe fabric is a useful filter only when the attribute is evidenced by construction and published weight. Learn flowy crepe fabric, then compare",Flowy Crepe Fabric,,247,207,flowy crepe fabric,commercial_investigation,,,,7,,,supporting,C,
/discover/sheer-crepe-fabric/,,,yes,no,/discover/sheer-crepe-fabric/,yes,Sheer Crepe Fabric for apparel sourcing Use Notes,"Sheer crepe fabric is a useful filter only when the attribute is evidenced by construction and published weight. Learn sheer crepe fabric, then compare",Sheer Crepe Fabric,,276,236,sheer crepe fabric,commercial_investigation,,,,7,,,supporting,C,
/discover/opaque-crepe-fabric/,,,yes,no,/discover/opaque-crepe-fabric/,yes,Opaque Crepe Fabric for apparel sourcing,"Opaque crepe fabric is a useful filter only when the attribute is evidenced by construction and published weight. Learn opaque crepe fabric, then.",Opaque Crepe Fabric,,278,238,opaque crepe fabric,commercial_investigation,,,,7,,,supporting,C,
/discover/performance-crepe-fabric/,,,yes,no,/discover/performance-crepe-fabric/,yes,Performance Crepe Fabric Fabric Notes for Apparel,Performance crepe fabric is a useful filter only when the attribute is evidenced by construction and published weight. Learn performance crepe fabric.,Performance Crepe Fabric,,231,191,performance crepe fabric,commercial_investigation,,,,6,,,supporting,C,
/discover/lightweight-canvas-fabric/,,,yes,no,/discover/lightweight-canvas-fabric/,yes,Lightweight Canvas Fabric Fabric Notes Use Notes,Lightweight canvas fabric is a useful filter only when the attribute is evidenced by construction and published weight. Learn lightweight canvas.,Lightweight Canvas Fabric,,275,235,lightweight canvas fabric,commercial_investigation,,,,7,,,supporting,C,
/discover/heavyweight-canvas-fabric/,,,yes,no,/discover/heavyweight-canvas-fabric/,yes,Heavyweight Canvas Fabric Fabric Notes Use Notes,Heavyweight canvas fabric is a useful filter only when the attribute is evidenced by construction and published weight. Learn heavyweight canvas.,Heavyweight Canvas Fabric,,252,212,heavyweight canvas fabric,commercial_investigation,,,,7,,,supporting,C,
/discover/breathable-canvas-fabric/,,,yes,no,/discover/breathable-canvas-fabric/,yes,Breathable Canvas Fabric Fabric Notes for Apparel,Breathable canvas fabric is a useful filter only when the attribute is evidenced by construction and published weight. Learn breathable canvas fabric.,Breathable Canvas Fabric,,258,218,breathable canvas fabric,commercial_investigation,,,,6,,,supporting,C,
/discover/stretch-canvas-fabric/,,,yes,no,/discover/stretch-canvas-fabric/,yes,Stretch Canvas Fabric Fabric Notes Fabric Notes,"Stretch canvas fabric is a useful filter only when the attribute is evidenced by construction and published weight. Learn stretch canvas fabric, then….",Stretch Canvas Fabric,,255,215,stretch canvas fabric,commercial_investigation,,,,6,,,supporting,C,
/discover/soft-canvas-fabric/,,,yes,no,/discover/soft-canvas-fabric/,yes,Soft Canvas Fabric for apparel sourcing Use Notes,"Soft canvas fabric is a useful filter only when the attribute is evidenced by construction and published weight. Learn soft canvas fabric, then compare",Soft Canvas Fabric,,248,208,soft canvas fabric,commercial_investigation,,,,6,,,supporting,C,
/discover/durable-canvas-fabric/,,,yes,no,/discover/durable-canvas-fabric/,yes,Durable Canvas Fabric Fabric Notes Fabric Notes,"Durable canvas fabric is a useful filter only when the attribute is evidenced by construction and published weight. Learn durable canvas fabric, then….",Durable Canvas Fabric,,244,204,durable canvas fabric,commercial_investigation,,,,6,,,supporting,C,
/discover/premium-canvas-fabric/,,,yes,no,/discover/premium-canvas-fabric/,yes,Premium Canvas Fabric Fabric Notes Fabric Notes,"Premium canvas fabric is a useful filter only when the attribute is evidenced by construction and published weight. Learn premium canvas fabric, then….",Premium Canvas Fabric,,249,209,premium canvas fabric,commercial_investigation,,,,6,,,supporting,C,
/discover/structured-canvas-fabric/,,,yes,no,/discover/structured-canvas-fabric/,yes,Structured Canvas Fabric Fabric Notes for Apparel,Structured canvas fabric is a useful filter only when the attribute is evidenced by construction and published weight. Learn structured canvas fabric.,Structured Canvas Fabric,,235,195,structured canvas fabric,commercial_investigation,,,,6,,,supporting,C,
/discover/opaque-canvas-fabric/,,,yes,no,/discover/opaque-canvas-fabric/,yes,Opaque Canvas Fabric Fabric Notes Fabric Notes,"Opaque canvas fabric is a useful filter only when the attribute is evidenced by construction and published weight. Learn opaque canvas fabric, then.",Opaque Canvas Fabric,,281,241,opaque canvas fabric,commercial_investigation,,,,7,,,supporting,C,
/discover/performance-canvas-fabric/,,,yes,no,/discover/performance-canvas-fabric/,yes,Performance Canvas Fabric Fabric Notes Use Notes,Performance canvas fabric is a useful filter only when the attribute is evidenced by construction and published weight. Learn performance canvas.,Performance Canvas Fabric,,254,214,performance canvas fabric,commercial_investigation,,,,6,,,supporting,C,
/discover/lightweight-oxford-fabric/,,,yes,no,/discover/lightweight-oxford-fabric/,yes,Lightweight Oxford Fabric Fabric Notes Use Notes,Lightweight oxford fabric is a useful filter only when the attribute is evidenced by construction and published weight. Learn lightweight oxford.,Lightweight Oxford Fabric,,269,229,lightweight oxford fabric,commercial_investigation,,,,8,,,supporting,C,
/discover/heavyweight-oxford-fabric/,,,yes,no,/discover/heavyweight-oxford-fabric/,yes,Heavyweight Oxford Fabric Fabric Notes Use Notes,Heavyweight oxford fabric is a useful filter only when the attribute is evidenced by construction and published weight. Learn heavyweight oxford.,Heavyweight Oxford Fabric,,250,210,heavyweight oxford fabric,commercial_investigation,,,,8,,,supporting,C,
/discover/breathable-oxford-fabric/,,,yes,no,/discover/breathable-oxford-fabric/,yes,Breathable Oxford Fabric Fabric Notes for Apparel,Breathable oxford fabric is a useful filter only when the attribute is evidenced by construction and published weight. Learn breathable oxford fabric.,Breathable Oxford Fabric,,252,212,breathable oxford fabric,commercial_investigation,,,,7,,,supporting,C,
/discover/stretch-oxford-fabric/,,,yes,no,/discover/stretch-oxford-fabric/,yes,Stretch Oxford Fabric Fabric Notes Fabric Notes,"Stretch oxford fabric is a useful filter only when the attribute is evidenced by construction and published weight. Learn stretch oxford fabric, then….",Stretch Oxford Fabric,,246,206,stretch oxford fabric,commercial_investigation,,,,7,,,supporting,C,
/discover/soft-oxford-fabric/,,,yes,no,/discover/soft-oxford-fabric/,yes,Soft Oxford Fabric for apparel sourcing Use Notes,"Soft oxford fabric is a useful filter only when the attribute is evidenced by construction and published weight. Learn soft oxford fabric, then compare",Soft Oxford Fabric,,243,203,soft oxford fabric,commercial_investigation,,,,7,,,supporting,C,
/discover/durable-oxford-fabric/,,,yes,no,/discover/durable-oxford-fabric/,yes,Durable Oxford Fabric Fabric Notes Fabric Notes,"Durable oxford fabric is a useful filter only when the attribute is evidenced by construction and published weight. Learn durable oxford fabric, then….",Durable Oxford Fabric,,242,202,durable oxford fabric,commercial_investigation,,,,7,,,supporting,C,
/discover/premium-oxford-fabric/,,,yes,no,/discover/premium-oxford-fabric/,yes,Premium Oxford Fabric Fabric Notes Fabric Notes,"Premium oxford fabric is a useful filter only when the attribute is evidenced by construction and published weight. Learn premium oxford fabric, then….",Premium Oxford Fabric,,240,200,premium oxford fabric,commercial_investigation,,,,7,,,supporting,C,
/discover/structured-oxford-fabric/,,,yes,no,/discover/structured-oxford-fabric/,yes,Structured Oxford Fabric Fabric Notes for Apparel,Structured oxford fabric is a useful filter only when the attribute is evidenced by construction and published weight. Learn structured oxford fabric.,Structured Oxford Fabric,,249,209,structured oxford fabric,commercial_investigation,,,,7,,,supporting,C,
/discover/flowy-oxford-fabric/,,,yes,no,/discover/flowy-oxford-fabric/,yes,Flowy Oxford Fabric for apparel sourcing,"Flowy oxford fabric is a useful filter only when the attribute is evidenced by construction and published weight. Learn flowy oxford fabric, then.",Flowy Oxford Fabric,,248,208,flowy oxford fabric,commercial_investigation,,,,8,,,supporting,C,
/discover/opaque-oxford-fabric/,,,yes,no,/discover/opaque-oxford-fabric/,yes,Opaque Oxford Fabric Fabric Notes Fabric Notes,"Opaque oxford fabric is a useful filter only when the attribute is evidenced by construction and published weight. Learn opaque oxford fabric, then.",Opaque Oxford Fabric,,272,232,opaque oxford fabric,commercial_investigation,,,,8,,,supporting,C,
/discover/performance-oxford-fabric/,,,yes,no,/discover/performance-oxford-fabric/,yes,Performance Oxford Fabric Fabric Notes Use Notes,Performance oxford fabric is a useful filter only when the attribute is evidenced by construction and published weight. Learn performance oxford.,Performance Oxford Fabric,,244,204,performance oxford fabric,commercial_investigation,,,,7,,,supporting,C,
/discover/lightweight-twill-fabric/,,,yes,no,/discover/lightweight-twill-fabric/,yes,Lightweight Twill Fabric Fabric Notes for Apparel,Lightweight twill fabric is a useful filter only when the attribute is evidenced by construction and published weight. Learn lightweight twill fabric.,Lightweight Twill Fabric,,273,233,lightweight twill fabric,commercial_investigation,,,,7,,,supporting,C,
/discover/heavyweight-twill-fabric/,,,yes,no,/discover/heavyweight-twill-fabric/,yes,Heavyweight Twill Fabric Fabric Notes for Apparel,Heavyweight twill fabric is a useful filter only when the attribute is evidenced by construction and published weight. Learn heavyweight twill fabric.,Heavyweight Twill Fabric,,255,215,heavyweight twill fabric,commercial_investigation,,,,7,,,supporting,C,
/discover/breathable-twill-fabric/,,,yes,no,/discover/breathable-twill-fabric/,yes,Breathable Twill Fabric Fabric Notes for Apparel,Breathable twill fabric is a useful filter only when the attribute is evidenced by construction and published weight. Learn breathable twill fabric.,Breathable Twill Fabric,,255,215,breathable twill fabric,commercial_investigation,,,,6,,,supporting,C,
/discover/stretch-twill-fabric/,,,yes,no,/discover/stretch-twill-fabric/,yes,Stretch Twill Fabric Fabric Notes Fabric Notes,"Stretch twill fabric is a useful filter only when the attribute is evidenced by construction and published weight. Learn stretch twill fabric, then.",Stretch Twill Fabric,,251,211,stretch twill fabric,commercial_investigation,,,,6,,,supporting,C,
/discover/soft-twill-fabric/,,,yes,no,/discover/soft-twill-fabric/,yes,Soft Twill Fabric for apparel sourcing Use Notes,"Soft twill fabric is a useful filter only when the attribute is evidenced by construction and published weight. Learn soft twill fabric, then compare.",Soft Twill Fabric,,248,208,soft twill fabric,commercial_investigation,,,,6,,,supporting,C,
/discover/durable-twill-fabric/,,,yes,no,/discover/durable-twill-fabric/,yes,Durable Twill Fabric Fabric Notes Fabric Notes,"Durable twill fabric is a useful filter only when the attribute is evidenced by construction and published weight. Learn durable twill fabric, then.",Durable Twill Fabric,,247,207,durable twill fabric,commercial_investigation,,,,6,,,supporting,C,
/discover/premium-twill-fabric/,,,yes,no,/discover/premium-twill-fabric/,yes,Premium Twill Fabric Fabric Notes Fabric Notes,"Premium twill fabric is a useful filter only when the attribute is evidenced by construction and published weight. Learn premium twill fabric, then.",Premium Twill Fabric,,245,205,premium twill fabric,commercial_investigation,,,,6,,,supporting,C,
/discover/structured-twill-fabric/,,,yes,no,/discover/structured-twill-fabric/,yes,Structured Twill Fabric Fabric Notes for Apparel,Structured twill fabric is a useful filter only when the attribute is evidenced by construction and published weight. Learn structured twill fabric.,Structured Twill Fabric,,230,190,structured twill fabric,commercial_investigation,,,,6,,,supporting,C,
/discover/flowy-twill-fabric/,,,yes,no,/discover/flowy-twill-fabric/,yes,Flowy Twill Fabric for apparel sourcing Use Notes,"Flowy twill fabric is a useful filter only when the attribute is evidenced by construction and published weight. Learn flowy twill fabric, then compare",Flowy Twill Fabric,,253,213,flowy twill fabric,commercial_investigation,,,,7,,,supporting,C,
/discover/opaque-twill-fabric/,,,yes,no,/discover/opaque-twill-fabric/,yes,Opaque Twill Fabric for apparel sourcing,"Opaque twill fabric is a useful filter only when the attribute is evidenced by construction and published weight. Learn opaque twill fabric, then.",Opaque Twill Fabric,,276,236,opaque twill fabric,commercial_investigation,,,,7,,,supporting,C,
/discover/performance-twill-fabric/,,,yes,no,/discover/performance-twill-fabric/,yes,Performance Twill Fabric Fabric Notes for Apparel,Performance twill fabric is a useful filter only when the attribute is evidenced by construction and published weight. Learn performance twill fabric.,Performance Twill Fabric,,255,215,performance twill fabric,commercial_investigation,,,,6,,,supporting,C,
/discover/lightweight-french-terry-fabric/,,,yes,no,/discover/lightweight-french-terry-fabric/,yes,Lightweight French terry Fabric Fabric Notes,Lightweight french terry fabric is a useful filter only when the attribute is evidenced by construction and published weight.,Lightweight French terry Fabric,,268,228,lightweight french terry fabric,commercial_investigation,,,,8,,,supporting,C,
/discover/heavyweight-french-terry-fabric/,,,yes,no,/discover/heavyweight-french-terry-fabric/,yes,Heavyweight French terry Fabric Fabric Notes,Heavyweight french terry fabric is a useful filter only when the attribute is evidenced by construction and published weight.,Heavyweight French terry Fabric,,254,214,heavyweight french terry fabric,commercial_investigation,,,,8,,,supporting,C,
/discover/breathable-french-terry-fabric/,,,yes,no,/discover/breathable-french-terry-fabric/,yes,Breathable French terry Fabric Fabric Notes,Breathable french terry fabric is a useful filter only when the attribute is evidenced by construction and published weight.,Breathable French terry Fabric,,250,210,breathable french terry fabric,commercial_investigation,,,,7,,,supporting,C,
/discover/stretch-french-terry-fabric/,,,yes,no,/discover/stretch-french-terry-fabric/,yes,Stretch French terry Fabric Fabric Notes,Stretch french terry fabric is a useful filter only when the attribute is evidenced by construction and published weight.,Stretch French terry Fabric,,254,214,stretch french terry fabric,commercial_investigation,,,,7,,,supporting,C,
/discover/soft-french-terry-fabric/,,,yes,no,/discover/soft-french-terry-fabric/,yes,Soft French terry Fabric Fabric Notes for Apparel,Soft french terry fabric is a useful filter only when the attribute is evidenced by construction and published weight. Learn soft french terry fabric.,Soft French terry Fabric,,255,215,soft french terry fabric,commercial_investigation,,,,7,,,supporting,C,
/discover/durable-french-terry-fabric/,,,yes,no,/discover/durable-french-terry-fabric/,yes,Durable French terry Fabric Fabric Notes,Durable french terry fabric is a useful filter only when the attribute is evidenced by construction and published weight.,Durable French terry Fabric,,246,206,durable french terry fabric,commercial_investigation,,,,7,,,supporting,C,
/discover/premium-french-terry-fabric/,,,yes,no,/discover/premium-french-terry-fabric/,yes,Premium French terry Fabric Fabric Notes,Premium french terry fabric is a useful filter only when the attribute is evidenced by construction and published weight.,Premium French terry Fabric,,248,208,premium french terry fabric,commercial_investigation,,,,7,,,supporting,C,
/discover/structured-french-terry-fabric/,,,yes,no,/discover/structured-french-terry-fabric/,yes,Structured French terry Fabric Fabric Notes,Structured french terry fabric is a useful filter only when the attribute is evidenced by construction and published weight.,Structured French terry Fabric,,233,193,structured french terry fabric,commercial_investigation,,,,7,,,supporting,C,
/discover/flowy-french-terry-fabric/,,,yes,no,/discover/flowy-french-terry-fabric/,yes,Flowy French terry Fabric Fabric Notes Use Notes,Flowy french terry fabric is a useful filter only when the attribute is evidenced by construction and published weight. Learn flowy french terry.,Flowy French terry Fabric,,251,211,flowy french terry fabric,commercial_investigation,,,,8,,,supporting,C,
/discover/sheer-french-terry-fabric/,,,yes,no,/discover/sheer-french-terry-fabric/,yes,Sheer French terry Fabric Fabric Notes Use Notes,Sheer french terry fabric is a useful filter only when the attribute is evidenced by construction and published weight. Learn sheer french terry.,Sheer French terry Fabric,,276,236,sheer french terry fabric,commercial_investigation,,,,8,,,supporting,C,
/discover/opaque-french-terry-fabric/,,,yes,no,/discover/opaque-french-terry-fabric/,yes,Opaque French terry Fabric Fabric Notes Use Notes,Opaque french terry fabric is a useful filter only when the attribute is evidenced by construction and published weight.,Opaque French terry Fabric,,279,239,opaque french terry fabric,commercial_investigation,,,,8,,,supporting,C,
/discover/performance-french-terry-fabric/,,,yes,no,/discover/performance-french-terry-fabric/,yes,Performance French terry Fabric Fabric Notes,Performance french terry fabric is a useful filter only when the attribute is evidenced by construction and published weight.,Performance French terry Fabric,,234,194,performance french terry fabric,commercial_investigation,,,,7,,,supporting,C,
/discover/lightweight-lyocell-fabric/,,,yes,no,/discover/lightweight-lyocell-fabric/,yes,Lightweight Lyocell Fabric Fabric Notes Use Notes,Lightweight lyocell fabric is a useful filter only when the attribute is evidenced by construction and published weight.,Lightweight Lyocell Fabric,,274,234,lightweight lyocell fabric,commercial_investigation,,,,7,,,supporting,C,
/discover/heavyweight-lyocell-fabric/,,,yes,no,/discover/heavyweight-lyocell-fabric/,yes,Heavyweight Lyocell Fabric Fabric Notes Use Notes,Heavyweight lyocell fabric is a useful filter only when the attribute is evidenced by construction and published weight.,Heavyweight Lyocell Fabric,,254,214,heavyweight lyocell fabric,commercial_investigation,,,,7,,,supporting,C,
/discover/breathable-lyocell-fabric/,,,yes,no,/discover/breathable-lyocell-fabric/,yes,Breathable Lyocell Fabric Fabric Notes Use Notes,Breathable lyocell fabric is a useful filter only when the attribute is evidenced by construction and published weight. Learn breathable lyocell.,Breathable Lyocell Fabric,,256,216,breathable lyocell fabric,commercial_investigation,,,,6,,,supporting,C,
/discover/stretch-lyocell-fabric/,,,yes,no,/discover/stretch-lyocell-fabric/,yes,Stretch Lyocell Fabric Fabric Notes Fabric Notes,Stretch lyocell fabric is a useful filter only when the attribute is evidenced by construction and published weight. Learn stretch lyocell fabric.,Stretch Lyocell Fabric,,254,214,stretch lyocell fabric,commercial_investigation,,,,6,,,supporting,C,
/discover/soft-lyocell-fabric/,,,yes,no,/discover/soft-lyocell-fabric/,yes,Soft Lyocell Fabric for apparel sourcing,"Soft lyocell fabric is a useful filter only when the attribute is evidenced by construction and published weight. Learn soft lyocell fabric, then.",Soft Lyocell Fabric,,249,209,soft lyocell fabric,commercial_investigation,,,,6,,,supporting,C,
/discover/durable-lyocell-fabric/,,,yes,no,/discover/durable-lyocell-fabric/,yes,Durable Lyocell Fabric Fabric Notes Fabric Notes,Durable lyocell fabric is a useful filter only when the attribute is evidenced by construction and published weight. Learn durable lyocell fabric.,Durable Lyocell Fabric,,246,206,durable lyocell fabric,commercial_investigation,,,,6,,,supporting,C,
/discover/premium-lyocell-fabric/,,,yes,no,/discover/premium-lyocell-fabric/,yes,Premium Lyocell Fabric Fabric Notes Fabric Notes,Premium lyocell fabric is a useful filter only when the attribute is evidenced by construction and published weight. Learn premium lyocell fabric.,Premium Lyocell Fabric,,248,208,premium lyocell fabric,commercial_investigation,,,,6,,,supporting,C,
/discover/structured-lyocell-fabric/,,,yes,no,/discover/structured-lyocell-fabric/,yes,Structured Lyocell Fabric Fabric Notes Use Notes,Structured lyocell fabric is a useful filter only when the attribute is evidenced by construction and published weight. Learn structured lyocell.,Structured Lyocell Fabric,,233,193,structured lyocell fabric,commercial_investigation,,,,6,,,supporting,C,
/discover/flowy-lyocell-fabric/,,,yes,no,/discover/flowy-lyocell-fabric/,yes,Flowy Lyocell Fabric Fabric Notes Fabric Notes,"Flowy lyocell fabric is a useful filter only when the attribute is evidenced by construction and published weight. Learn flowy lyocell fabric, then.",Flowy Lyocell Fabric,,252,212,flowy lyocell fabric,commercial_investigation,,,,7,,,supporting,C,
/discover/sheer-lyocell-fabric/,,,yes,no,/discover/sheer-lyocell-fabric/,yes,Sheer Lyocell Fabric Fabric Notes Fabric Notes,"Sheer lyocell fabric is a useful filter only when the attribute is evidenced by construction and published weight. Learn sheer lyocell fabric, then.",Sheer Lyocell Fabric,,277,237,sheer lyocell fabric,commercial_investigation,,,,7,,,supporting,C,
/discover/opaque-lyocell-fabric/,,,yes,no,/discover/opaque-lyocell-fabric/,yes,Opaque Lyocell Fabric Fabric Notes Fabric Notes,"Opaque lyocell fabric is a useful filter only when the attribute is evidenced by construction and published weight. Learn opaque lyocell fabric, then….",Opaque Lyocell Fabric,,279,239,opaque lyocell fabric,commercial_investigation,,,,7,,,supporting,C,
/discover/performance-lyocell-fabric/,,,yes,no,/discover/performance-lyocell-fabric/,yes,Performance Lyocell Fabric Fabric Notes Use Notes,Performance lyocell fabric is a useful filter only when the attribute is evidenced by construction and published weight.,Performance Lyocell Fabric,,257,217,performance lyocell fabric,commercial_investigation,,,,6,,,supporting,C,
/discover/lightweight-shirt-fabric/,,,yes,no,/discover/lightweight-shirt-fabric/,yes,Lightweight Fabric for Shirts Fabric Notes,"For shirts, “lightweight” only matters when it serves the garment. Learn lightweight shirt fabric, then compare real FabStitch fabrics.",Lightweight Fabric for Shirts,,270,230,lightweight shirt fabric,commercial_investigation,,,,10,,,supporting,C,
/discover/heavyweight-shirt-fabric/,,,yes,no,/discover/heavyweight-shirt-fabric/,yes,Heavyweight Fabric for Shirts Fabric Notes,"For shirts, “heavyweight” only matters when it serves the garment. Learn heavyweight shirt fabric, then compare real FabStitch fabrics.",Heavyweight Fabric for Shirts,,257,217,heavyweight shirt fabric,commercial_investigation,,,,10,,,supporting,C,
/discover/breathable-shirt-fabric/,,,yes,no,/discover/breathable-shirt-fabric/,yes,Breathable Fabric for Shirts Fabric Notes,"For shirts, “breathable” only matters when it serves the garment. Learn breathable shirt fabric, then compare real FabStitch fabrics.",Breathable Fabric for Shirts,,252,212,breathable shirt fabric,commercial_investigation,,,,9,,,supporting,C,
/discover/stretch-shirt-fabric/,,,yes,no,/discover/stretch-shirt-fabric/,yes,Stretch Fabric for Shirts Fabric Notes Use Notes,"For shirts, “stretch” only matters when it serves the garment. Learn stretch shirt fabric, then compare real FabStitch fabrics.",Stretch Fabric for Shirts,,254,214,stretch shirt fabric,commercial_investigation,,,,9,,,supporting,C,
/discover/soft-shirt-fabric/,,,yes,no,/discover/soft-shirt-fabric/,yes,Soft Fabric for Shirts Fabric Notes Fabric Notes,"For shirts, “soft” only matters when it serves the garment. Learn soft shirt fabric, then compare real FabStitch fabrics.",Soft Fabric for Shirts,,255,215,soft shirt fabric,commercial_investigation,,,,9,,,supporting,C,
/discover/durable-shirt-fabric/,,,yes,no,/discover/durable-shirt-fabric/,yes,Durable Fabric for Shirts Fabric Notes Use Notes,"For shirts, “durable” only matters when it serves the garment. Learn durable shirt fabric, then compare real FabStitch fabrics.",Durable Fabric for Shirts,,248,208,durable shirt fabric,commercial_investigation,,,,9,,,supporting,C,
/discover/premium-shirt-fabric/,,,yes,no,/discover/premium-shirt-fabric/,yes,Premium Fabric for Shirts Fabric Notes Use Notes,"For shirts, “premium” only matters when it serves the garment. Learn premium shirt fabric, then compare real FabStitch fabrics.",Premium Fabric for Shirts,,248,208,premium shirt fabric,commercial_investigation,,,,9,,,supporting,C,
/discover/structured-shirt-fabric/,,,yes,no,/discover/structured-shirt-fabric/,yes,Structured Fabric for Shirts Fabric Notes,"For shirts, “structured” only matters when it serves the garment. Learn structured shirt fabric, then compare real FabStitch fabrics.",Structured Fabric for Shirts,,234,194,structured shirt fabric,commercial_investigation,,,,9,,,supporting,C,
/discover/flowy-shirt-fabric/,,,yes,no,/discover/flowy-shirt-fabric/,yes,Flowy Fabric for Shirts Fabric Notes for Apparel,"For shirts, “flowy” only matters when it serves the garment. Learn flowy shirt fabric, then compare real FabStitch fabrics.",Flowy Fabric for Shirts,,253,213,flowy shirt fabric,commercial_investigation,,,,10,,,supporting,C,
/discover/sheer-shirt-fabric/,,,yes,no,/discover/sheer-shirt-fabric/,yes,Sheer Fabric for Shirts Fabric Notes for Apparel,"For shirts, “sheer” only matters when it serves the garment. Learn sheer shirt fabric, then compare real FabStitch fabrics.",Sheer Fabric for Shirts,,276,236,sheer shirt fabric,commercial_investigation,,,,10,,,supporting,C,
/discover/opaque-shirt-fabric/,,,yes,no,/discover/opaque-shirt-fabric/,yes,Opaque Fabric for Shirts Fabric Notes for Apparel,"For shirts, “opaque” only matters when it serves the garment. Learn opaque shirt fabric, then compare real FabStitch fabrics.",Opaque Fabric for Shirts,,279,239,opaque shirt fabric,commercial_investigation,,,,10,,,supporting,C,
/discover/performance-shirt-fabric/,,,yes,no,/discover/performance-shirt-fabric/,yes,Performance Fabric for Shirts Fabric Notes,"For shirts, “performance” only matters when it serves the garment. Learn performance shirt fabric, then compare real FabStitch fabrics.",Performance Fabric for Shirts,,236,196,performance shirt fabric,commercial_investigation,,,,9,,,supporting,C,
/discover/lightweight-dress-fabric/,,,yes,no,/discover/lightweight-dress-fabric/,yes,Lightweight Fabric for Dresses Fabric Notes,"For dresses, “lightweight” only matters when it serves the garment. Learn lightweight dress fabric, then compare real FabStitch fabrics.",Lightweight Fabric for Dresses,,260,220,lightweight dress fabric,commercial_investigation,,,,10,,,supporting,C,
/discover/heavyweight-dress-fabric/,,,yes,no,/discover/heavyweight-dress-fabric/,yes,Heavyweight Fabric for Dresses Fabric Notes,"For dresses, “heavyweight” only matters when it serves the garment. Learn heavyweight dress fabric, then compare real FabStitch fabrics.",Heavyweight Fabric for Dresses,,245,205,heavyweight dress fabric,commercial_investigation,,,,10,,,supporting,C,
/discover/breathable-dress-fabric/,,,yes,no,/discover/breathable-dress-fabric/,yes,Breathable Fabric for Dresses Fabric Notes,"For dresses, “breathable” only matters when it serves the garment. Learn breathable dress fabric, then compare real FabStitch fabrics.",Breathable Fabric for Dresses,,242,202,breathable dress fabric,commercial_investigation,,,,9,,,supporting,C,
/discover/stretch-dress-fabric/,,,yes,no,/discover/stretch-dress-fabric/,yes,Stretch Fabric for Dresses Fabric Notes Use Notes,"For dresses, “stretch” only matters when it serves the garment. Learn stretch dress fabric, then compare real FabStitch fabrics.",Stretch Fabric for Dresses,,244,204,stretch dress fabric,commercial_investigation,,,,9,,,supporting,C,
/discover/soft-dress-fabric/,,,yes,no,/discover/soft-dress-fabric/,yes,Soft Fabric for Dresses Fabric Notes for Apparel,"For dresses, “soft” only matters when it serves the garment. Learn soft dress fabric, then compare real FabStitch fabrics.",Soft Fabric for Dresses,,243,203,soft dress fabric,commercial_investigation,,,,9,,,supporting,C,
/discover/durable-dress-fabric/,,,yes,no,/discover/durable-dress-fabric/,yes,Durable Fabric for Dresses Fabric Notes Use Notes,"For dresses, “durable” only matters when it serves the garment. Learn durable dress fabric, then compare real FabStitch fabrics.",Durable Fabric for Dresses,,236,196,durable dress fabric,commercial_investigation,,,,9,,,supporting,C,
/discover/premium-dress-fabric/,,,yes,no,/discover/premium-dress-fabric/,yes,Premium Fabric for Dresses Fabric Notes Use Notes,"For dresses, “premium” only matters when it serves the garment. Learn premium dress fabric, then compare real FabStitch fabrics.",Premium Fabric for Dresses,,238,198,premium dress fabric,commercial_investigation,,,,9,,,supporting,C,
/discover/structured-dress-fabric/,,,yes,no,/discover/structured-dress-fabric/,yes,Structured Fabric for Dresses Fabric Notes,"For dresses, “structured” only matters when it serves the garment. Learn structured dress fabric, then compare real FabStitch fabrics.",Structured Fabric for Dresses,,224,184,structured dress fabric,commercial_investigation,,,,9,,,supporting,C,
/discover/flowy-dress-fabric/,,,yes,no,/discover/flowy-dress-fabric/,yes,Flowy Fabric for Dresses Fabric Notes for Apparel,"For dresses, “flowy” only matters when it serves the garment. Learn flowy dress fabric, then compare real FabStitch fabrics.",Flowy Fabric for Dresses,,241,201,flowy dress fabric,commercial_investigation,,,,10,,,supporting,C,
/discover/sheer-dress-fabric/,,,yes,no,/discover/sheer-dress-fabric/,yes,Sheer Fabric for Dresses Fabric Notes for Apparel,"For dresses, “sheer” only matters when it serves the garment. Learn sheer dress fabric, then compare real FabStitch fabrics.",Sheer Fabric for Dresses,,266,226,sheer dress fabric,commercial_investigation,,,,10,,,supporting,C,
/discover/opaque-dress-fabric/,,,yes,no,/discover/opaque-dress-fabric/,yes,Opaque Fabric for Dresses Fabric Notes Use Notes,"For dresses, “opaque” only matters when it serves the garment. Learn opaque dress fabric, then compare real FabStitch fabrics.",Opaque Fabric for Dresses,,269,229,opaque dress fabric,commercial_investigation,,,,10,,,supporting,C,
/discover/performance-dress-fabric/,,,yes,no,/discover/performance-dress-fabric/,yes,Performance Fabric for Dresses Fabric Notes,"For dresses, “performance” only matters when it serves the garment. Learn performance dress fabric, then compare real FabStitch fabrics.",Performance Fabric for Dresses,,224,184,performance dress fabric,commercial_investigation,,,,9,,,supporting,C,
/discover/lightweight-trouser-fabric/,,,yes,no,/discover/lightweight-trouser-fabric/,yes,Lightweight Fabric for Trousers Fabric Notes,"For trousers, “lightweight” only matters when it serves the garment. Learn lightweight trouser fabric, then compare real FabStitch fabrics.",Lightweight Fabric for Trousers,,269,229,lightweight trouser fabric,commercial_investigation,,,,8,,,supporting,C,
/discover/heavyweight-trouser-fabric/,,,yes,no,/discover/heavyweight-trouser-fabric/,yes,Heavyweight Fabric for Trousers Fabric Notes,"For trousers, “heavyweight” only matters when it serves the garment. Learn heavyweight trouser fabric, then compare real FabStitch fabrics.",Heavyweight Fabric for Trousers,,250,210,heavyweight trouser fabric,commercial_investigation,,,,8,,,supporting,C,
/discover/breathable-trouser-fabric/,,,yes,no,/discover/breathable-trouser-fabric/,yes,Breathable Fabric for Trousers Fabric Notes,"For trousers, “breathable” only matters when it serves the garment. Learn breathable trouser fabric, then compare real FabStitch fabrics.",Breathable Fabric for Trousers,,251,211,breathable trouser fabric,commercial_investigation,,,,7,,,supporting,C,
/discover/stretch-trouser-fabric/,,,yes,no,/discover/stretch-trouser-fabric/,yes,Stretch Fabric for Trousers Fabric Notes,"For trousers, “stretch” only matters when it serves the garment. Learn stretch trouser fabric, then compare real FabStitch fabrics.",Stretch Fabric for Trousers,,247,207,stretch trouser fabric,commercial_investigation,,,,7,,,supporting,C,
/discover/soft-trouser-fabric/,,,yes,no,/discover/soft-trouser-fabric/,yes,Soft Fabric for Trousers Fabric Notes for Apparel,"For trousers, “soft” only matters when it serves the garment. Learn soft trouser fabric, then compare real FabStitch fabrics.",Soft Fabric for Trousers,,242,202,soft trouser fabric,commercial_investigation,,,,7,,,supporting,C,
/discover/durable-trouser-fabric/,,,yes,no,/discover/durable-trouser-fabric/,yes,Durable Fabric for Trousers Fabric Notes,"For trousers, “durable” only matters when it serves the garment. Learn durable trouser fabric, then compare real FabStitch fabrics.",Durable Fabric for Trousers,,241,201,durable trouser fabric,commercial_investigation,,,,7,,,supporting,C,
/discover/premium-trouser-fabric/,,,yes,no,/discover/premium-trouser-fabric/,yes,Premium Fabric for Trousers Fabric Notes,"For trousers, “premium” only matters when it serves the garment. Learn premium trouser fabric, then compare real FabStitch fabrics.",Premium Fabric for Trousers,,241,201,premium trouser fabric,commercial_investigation,,,,7,,,supporting,C,
/discover/structured-trouser-fabric/,,,yes,no,/discover/structured-trouser-fabric/,yes,Structured Fabric for Trousers Fabric Notes,"For trousers, “structured” only matters when it serves the garment. Learn structured trouser fabric, then compare real FabStitch fabrics.",Structured Fabric for Trousers,,227,187,structured trouser fabric,commercial_investigation,,,,7,,,supporting,C,
/discover/flowy-trouser-fabric/,,,yes,no,/discover/flowy-trouser-fabric/,yes,Flowy Fabric for Trousers Fabric Notes Use Notes,"For trousers, “flowy” only matters when it serves the garment. Learn flowy trouser fabric, then compare real FabStitch fabrics.",Flowy Fabric for Trousers,,246,206,flowy trouser fabric,commercial_investigation,,,,8,,,supporting,C,
/discover/sheer-trouser-fabric/,,,yes,no,/discover/sheer-trouser-fabric/,yes,Sheer Fabric for Trousers Fabric Notes Use Notes,"For trousers, “sheer” only matters when it serves the garment. Learn sheer trouser fabric, then compare real FabStitch fabrics.",Sheer Fabric for Trousers,,269,229,sheer trouser fabric,commercial_investigation,,,,8,,,supporting,C,
/discover/opaque-trouser-fabric/,,,yes,no,/discover/opaque-trouser-fabric/,yes,Opaque Fabric for Trousers Fabric Notes Use Notes,"For trousers, “opaque” only matters when it serves the garment. Learn opaque trouser fabric, then compare real FabStitch fabrics.",Opaque Fabric for Trousers,,272,232,opaque trouser fabric,commercial_investigation,,,,8,,,supporting,C,
/discover/performance-trouser-fabric/,,,yes,no,/discover/performance-trouser-fabric/,yes,Performance Fabric for Trousers Fabric Notes,"For trousers, “performance” only matters when it serves the garment. Learn performance trouser fabric, then compare real FabStitch fabrics.",Performance Fabric for Trousers,,262,222,performance trouser fabric,commercial_investigation,,,,7,,,supporting,C,
/discover/lightweight-jacket-fabric/,,,yes,no,/discover/lightweight-jacket-fabric/,yes,Lightweight Fabric for Jackets Fabric Notes,"For jackets, “lightweight” only matters when it serves the garment. Learn lightweight jacket fabric, then compare real FabStitch fabrics.",Lightweight Fabric for Jackets,,254,214,lightweight jacket fabric,commercial_investigation,,,,8,,,supporting,C,
/discover/heavyweight-jacket-fabric/,,,yes,no,/discover/heavyweight-jacket-fabric/,yes,Heavyweight Fabric for Jackets Fabric Notes,"For jackets, “heavyweight” only matters when it serves the garment. Learn heavyweight jacket fabric, then compare real FabStitch fabrics.",Heavyweight Fabric for Jackets,,241,201,heavyweight jacket fabric,commercial_investigation,,,,8,,,supporting,C,
/discover/breathable-jacket-fabric/,,,yes,no,/discover/breathable-jacket-fabric/,yes,Breathable Fabric for Jackets Fabric Notes,"For jackets, “breathable” only matters when it serves the garment. Learn breathable jacket fabric, then compare real FabStitch fabrics.",Breathable Fabric for Jackets,,236,196,breathable jacket fabric,commercial_investigation,,,,7,,,supporting,C,
/discover/stretch-jacket-fabric/,,,yes,no,/discover/stretch-jacket-fabric/,yes,Stretch Fabric for Jackets Fabric Notes Use Notes,"For jackets, “stretch” only matters when it serves the garment. Learn stretch jacket fabric, then compare real FabStitch fabrics.",Stretch Fabric for Jackets,,238,198,stretch jacket fabric,commercial_investigation,,,,7,,,supporting,C,
/discover/soft-jacket-fabric/,,,yes,no,/discover/soft-jacket-fabric/,yes,Soft Fabric for Jackets Fabric Notes for Apparel,"For jackets, “soft” only matters when it serves the garment. Learn soft jacket fabric, then compare real FabStitch fabrics.",Soft Fabric for Jackets,,239,199,soft jacket fabric,commercial_investigation,,,,7,,,supporting,C,
/discover/durable-jacket-fabric/,,,yes,no,/discover/durable-jacket-fabric/,yes,Durable Fabric for Jackets Fabric Notes Use Notes,"For jackets, “durable” only matters when it serves the garment. Learn durable jacket fabric, then compare real FabStitch fabrics.",Durable Fabric for Jackets,,232,192,durable jacket fabric,commercial_investigation,,,,7,,,supporting,C,
/discover/premium-jacket-fabric/,,,yes,no,/discover/premium-jacket-fabric/,yes,Premium Fabric for Jackets Fabric Notes Use Notes,"For jackets, “premium” only matters when it serves the garment. Learn premium jacket fabric, then compare real FabStitch fabrics.",Premium Fabric for Jackets,,232,192,premium jacket fabric,commercial_investigation,,,,7,,,supporting,C,
/discover/structured-jacket-fabric/,,,yes,no,/discover/structured-jacket-fabric/,yes,Structured Fabric for Jackets Fabric Notes,"For jackets, “structured” only matters when it serves the garment. Learn structured jacket fabric, then compare real FabStitch fabrics.",Structured Fabric for Jackets,,218,178,structured jacket fabric,commercial_investigation,,,,7,,,supporting,C,
/discover/flowy-jacket-fabric/,,,yes,no,/discover/flowy-jacket-fabric/,yes,Flowy Fabric for Jackets Fabric Notes for Apparel,"For jackets, “flowy” only matters when it serves the garment. Learn flowy jacket fabric, then compare real FabStitch fabrics.",Flowy Fabric for Jackets,,237,197,flowy jacket fabric,commercial_investigation,,,,8,,,supporting,C,
/discover/sheer-jacket-fabric/,,,yes,no,/discover/sheer-jacket-fabric/,yes,Sheer Fabric for Jackets Fabric Notes for Apparel,"For jackets, “sheer” only matters when it serves the garment. Learn sheer jacket fabric, then compare real FabStitch fabrics.",Sheer Fabric for Jackets,,260,220,sheer jacket fabric,commercial_investigation,,,,8,,,supporting,C,
/discover/opaque-jacket-fabric/,,,yes,no,/discover/opaque-jacket-fabric/,yes,Opaque Fabric for Jackets Fabric Notes Use Notes,"For jackets, “opaque” only matters when it serves the garment. Learn opaque jacket fabric, then compare real FabStitch fabrics.",Opaque Fabric for Jackets,,263,223,opaque jacket fabric,commercial_investigation,,,,8,,,supporting,C,
/discover/performance-jacket-fabric/,,,yes,no,/discover/performance-jacket-fabric/,yes,Performance Fabric for Jackets Fabric Notes,"For jackets, “performance” only matters when it serves the garment. Learn performance jacket fabric, then compare real FabStitch fabrics.",Performance Fabric for Jackets,,220,180,performance jacket fabric,commercial_investigation,,,,7,,,supporting,C,
/discover/lightweight-coat-fabric/,,,yes,no,/discover/lightweight-coat-fabric/,yes,Lightweight Fabric for Coats Fabric Notes,"For coats, “lightweight” only matters when it serves the garment. Learn lightweight coat fabric, then compare real FabStitch fabrics.",Lightweight Fabric for Coats,,245,205,lightweight coat fabric,commercial_investigation,,,,8,,,supporting,C,
/discover/heavyweight-coat-fabric/,,,yes,no,/discover/heavyweight-coat-fabric/,yes,Heavyweight Fabric for Coats Fabric Notes,"For coats, “heavyweight” only matters when it serves the garment. Learn heavyweight coat fabric, then compare real FabStitch fabrics.",Heavyweight Fabric for Coats,,229,189,heavyweight coat fabric,commercial_investigation,,,,8,,,supporting,C,
/discover/breathable-coat-fabric/,,,yes,no,/discover/breathable-coat-fabric/,yes,Breathable Fabric for Coats Fabric Notes,"For coats, “breathable” only matters when it serves the garment. Learn breathable coat fabric, then compare real FabStitch fabrics.",Breathable Fabric for Coats,,227,187,breathable coat fabric,commercial_investigation,,,,7,,,supporting,C,
/discover/stretch-coat-fabric/,,,yes,no,/discover/stretch-coat-fabric/,yes,Stretch Fabric for Coats Fabric Notes for Apparel,"For coats, “stretch” only matters when it serves the garment. Learn stretch coat fabric, then compare real FabStitch fabrics.",Stretch Fabric for Coats,,227,187,stretch coat fabric,commercial_investigation,,,,7,,,supporting,C,
/discover/soft-coat-fabric/,,,yes,no,/discover/soft-coat-fabric/,yes,Soft Fabric for Coats Fabric Notes Fabric Notes,"For coats, “soft” only matters when it serves the garment. Learn soft coat fabric, then compare real FabStitch fabrics. See how Soft Fabric for Coats.",Soft Fabric for Coats,,225,185,soft coat fabric,commercial_investigation,,,,7,,,supporting,C,
/discover/durable-coat-fabric/,,,yes,no,/discover/durable-coat-fabric/,yes,Durable Fabric for Coats Fabric Notes for Apparel,"For coats, “durable” only matters when it serves the garment. Learn durable coat fabric, then compare real FabStitch fabrics.",Durable Fabric for Coats,,220,180,durable coat fabric,commercial_investigation,,,,7,,,supporting,C,
/discover/premium-coat-fabric/,,,yes,no,/discover/premium-coat-fabric/,yes,Premium Fabric for Coats Fabric Notes for Apparel,"For coats, “premium” only matters when it serves the garment. Learn premium coat fabric, then compare real FabStitch fabrics.",Premium Fabric for Coats,,221,181,premium coat fabric,commercial_investigation,,,,7,,,supporting,C,
/discover/structured-coat-fabric/,,,yes,no,/discover/structured-coat-fabric/,yes,Structured Fabric for Coats Fabric Notes,"For coats, “structured” only matters when it serves the garment. Learn structured coat fabric, then compare real FabStitch fabrics.",Structured Fabric for Coats,,235,195,structured coat fabric,commercial_investigation,,,,7,,,supporting,C,
/discover/opaque-coat-fabric/,,,yes,no,/discover/opaque-coat-fabric/,yes,Opaque Fabric for Coats Fabric Notes for Apparel,"For coats, “opaque” only matters when it serves the garment. Learn opaque coat fabric, then compare real FabStitch fabrics.",Opaque Fabric for Coats,,252,212,opaque coat fabric,commercial_investigation,,,,8,,,supporting,C,
/discover/performance-coat-fabric/,,,yes,no,/discover/performance-coat-fabric/,yes,Performance Fabric for Coats Fabric Notes,"For coats, “performance” only matters when it serves the garment. Learn performance coat fabric, then compare real FabStitch fabrics.",Performance Fabric for Coats,,234,194,performance coat fabric,commercial_investigation,,,,7,,,supporting,C,
/discover/lightweight-suit-fabric/,,,yes,no,/discover/lightweight-suit-fabric/,yes,Lightweight Fabric for Suits Fabric Notes,"For suits, “lightweight” only matters when it serves the garment. Learn lightweight suit fabric, then compare real FabStitch fabrics.",Lightweight Fabric for Suits,,246,206,lightweight suit fabric,commercial_investigation,,,,8,,,supporting,C,
/discover/heavyweight-suit-fabric/,,,yes,no,/discover/heavyweight-suit-fabric/,yes,Heavyweight Fabric for Suits Fabric Notes,"For suits, “heavyweight” only matters when it serves the garment. Learn heavyweight suit fabric, then compare real FabStitch fabrics.",Heavyweight Fabric for Suits,,224,184,heavyweight suit fabric,commercial_investigation,,,,8,,,supporting,C,
/discover/breathable-suit-fabric/,,,yes,no,/discover/breathable-suit-fabric/,yes,Breathable Fabric for Suits Fabric Notes,"For suits, “breathable” only matters when it serves the garment. Learn breathable suit fabric, then compare real FabStitch fabrics.",Breathable Fabric for Suits,,228,188,breathable suit fabric,commercial_investigation,,,,7,,,supporting,C,
/discover/stretch-suit-fabric/,,,yes,no,/discover/stretch-suit-fabric/,yes,Stretch Fabric for Suits Fabric Notes for Apparel,"For suits, “stretch” only matters when it serves the garment. Learn stretch suit fabric, then compare real FabStitch fabrics.",Stretch Fabric for Suits,,224,184,stretch suit fabric,commercial_investigation,,,,7,,,supporting,C,
/discover/soft-suit-fabric/,,,yes,no,/discover/soft-suit-fabric/,yes,Soft Fabric for Suits Fabric Notes Fabric Notes,"For suits, “soft” only matters when it serves the garment. Learn soft suit fabric, then compare real FabStitch fabrics. See how Soft Fabric for Suits.",Soft Fabric for Suits,,216,176,soft suit fabric,commercial_investigation,,,,7,,,supporting,C,
/discover/durable-suit-fabric/,,,yes,no,/discover/durable-suit-fabric/,yes,Durable Fabric for Suits Fabric Notes for Apparel,"For suits, “durable” only matters when it serves the garment. Learn durable suit fabric, then compare real FabStitch fabrics.",Durable Fabric for Suits,,248,208,durable suit fabric,commercial_investigation,,,,7,,,supporting,C,
/discover/premium-suit-fabric/,,,yes,no,/discover/premium-suit-fabric/,yes,Premium Fabric for Suits Fabric Notes for Apparel,"For suits, “premium” only matters when it serves the garment. Learn premium suit fabric, then compare real FabStitch fabrics.",Premium Fabric for Suits,,218,178,premium suit fabric,commercial_investigation,,,,7,,,supporting,C,
/discover/structured-suit-fabric/,,,yes,no,/discover/structured-suit-fabric/,yes,Structured Fabric for Suits Fabric Notes,"For suits, “structured” only matters when it serves the garment. Learn structured suit fabric, then compare real FabStitch fabrics.",Structured Fabric for Suits,,237,197,structured suit fabric,commercial_investigation,,,,7,,,supporting,C,
/discover/flowy-suit-fabric/,,,yes,no,/discover/flowy-suit-fabric/,yes,Flowy Fabric for Suits Fabric Notes Fabric Notes,"For suits, “flowy” only matters when it serves the garment. Learn flowy suit fabric, then compare real FabStitch fabrics.",Flowy Fabric for Suits,,220,180,flowy suit fabric,commercial_investigation,,,,8,,,supporting,C,
/discover/sheer-suit-fabric/,,,yes,no,/discover/sheer-suit-fabric/,yes,Sheer Fabric for Suits Fabric Notes Fabric Notes,"For suits, “sheer” only matters when it serves the garment. Learn sheer suit fabric, then compare real FabStitch fabrics.",Sheer Fabric for Suits,,246,206,sheer suit fabric,commercial_investigation,,,,8,,,supporting,C,
/discover/opaque-suit-fabric/,,,yes,no,/discover/opaque-suit-fabric/,yes,Opaque Fabric for Suits Fabric Notes for Apparel,"For suits, “opaque” only matters when it serves the garment. Learn opaque suit fabric, then compare real FabStitch fabrics.",Opaque Fabric for Suits,,249,209,opaque suit fabric,commercial_investigation,,,,8,,,supporting,C,
/discover/performance-suit-fabric/,,,yes,no,/discover/performance-suit-fabric/,yes,Performance Fabric for Suits Fabric Notes,"For suits, “performance” only matters when it serves the garment. Learn performance suit fabric, then compare real FabStitch fabrics.",Performance Fabric for Suits,,230,190,performance suit fabric,commercial_investigation,,,,7,,,supporting,C,
/discover/lightweight-blazer-fabric/,,,yes,no,/discover/lightweight-blazer-fabric/,yes,Lightweight Fabric for Blazers Fabric Notes,"For blazers, “lightweight” only matters when it serves the garment. Learn lightweight blazer fabric, then compare real FabStitch fabrics.",Lightweight Fabric for Blazers,,250,210,lightweight blazer fabric,commercial_investigation,,,,8,,,supporting,C,
/discover/heavyweight-blazer-fabric/,,,yes,no,/discover/heavyweight-blazer-fabric/,yes,Heavyweight Fabric for Blazers Fabric Notes,"For blazers, “heavyweight” only matters when it serves the garment. Learn heavyweight blazer fabric, then compare real FabStitch fabrics.",Heavyweight Fabric for Blazers,,233,193,heavyweight blazer fabric,commercial_investigation,,,,8,,,supporting,C,
/discover/breathable-blazer-fabric/,,,yes,no,/discover/breathable-blazer-fabric/,yes,Breathable Fabric for Blazers Fabric Notes,"For blazers, “breathable” only matters when it serves the garment. Learn breathable blazer fabric, then compare real FabStitch fabrics.",Breathable Fabric for Blazers,,232,192,breathable blazer fabric,commercial_investigation,,,,7,,,supporting,C,
/discover/stretch-blazer-fabric/,,,yes,no,/discover/stretch-blazer-fabric/,yes,Stretch Fabric for Blazers Fabric Notes Use Notes,"For blazers, “stretch” only matters when it serves the garment. Learn stretch blazer fabric, then compare real FabStitch fabrics.",Stretch Fabric for Blazers,,238,198,stretch blazer fabric,commercial_investigation,,,,7,,,supporting,C,
/discover/soft-blazer-fabric/,,,yes,no,/discover/soft-blazer-fabric/,yes,Soft Fabric for Blazers Fabric Notes for Apparel,"For blazers, “soft” only matters when it serves the garment. Learn soft blazer fabric, then compare real FabStitch fabrics.",Soft Fabric for Blazers,,235,195,soft blazer fabric,commercial_investigation,,,,7,,,supporting,C,
/discover/durable-blazer-fabric/,,,yes,no,/discover/durable-blazer-fabric/,yes,Durable Fabric for Blazers Fabric Notes Use Notes,"For blazers, “durable” only matters when it serves the garment. Learn durable blazer fabric, then compare real FabStitch fabrics.",Durable Fabric for Blazers,,224,184,durable blazer fabric,commercial_investigation,,,,7,,,supporting,C,
/discover/premium-blazer-fabric/,,,yes,no,/discover/premium-blazer-fabric/,yes,Premium Fabric for Blazers Fabric Notes Use Notes,"For blazers, “premium” only matters when it serves the garment. Learn premium blazer fabric, then compare real FabStitch fabrics.",Premium Fabric for Blazers,,232,192,premium blazer fabric,commercial_investigation,,,,7,,,supporting,C,
/discover/structured-blazer-fabric/,,,yes,no,/discover/structured-blazer-fabric/,yes,Structured Fabric for Blazers Fabric Notes,"For blazers, “structured” only matters when it serves the garment. Learn structured blazer fabric, then compare real FabStitch fabrics.",Structured Fabric for Blazers,,218,178,structured blazer fabric,commercial_investigation,,,,7,,,supporting,C,
/discover/flowy-blazer-fabric/,,,yes,no,/discover/flowy-blazer-fabric/,yes,Flowy Fabric for Blazers Fabric Notes for Apparel,"For blazers, “flowy” only matters when it serves the garment. Learn flowy blazer fabric, then compare real FabStitch fabrics.",Flowy Fabric for Blazers,,229,189,flowy blazer fabric,commercial_investigation,,,,8,,,supporting,C,
/discover/sheer-blazer-fabric/,,,yes,no,/discover/sheer-blazer-fabric/,yes,Sheer Fabric for Blazers Fabric Notes for Apparel,"For blazers, “sheer” only matters when it serves the garment. Learn sheer blazer fabric, then compare real FabStitch fabrics.",Sheer Fabric for Blazers,,260,220,sheer blazer fabric,commercial_investigation,,,,8,,,supporting,C,
/discover/opaque-blazer-fabric/,,,yes,no,/discover/opaque-blazer-fabric/,yes,Opaque Fabric for Blazers Fabric Notes Use Notes,"For blazers, “opaque” only matters when it serves the garment. Learn opaque blazer fabric, then compare real FabStitch fabrics.",Opaque Fabric for Blazers,,263,223,opaque blazer fabric,commercial_investigation,,,,8,,,supporting,C,
/discover/performance-blazer-fabric/,,,yes,no,/discover/performance-blazer-fabric/,yes,Performance Fabric for Blazers Fabric Notes,"For blazers, “performance” only matters when it serves the garment. Learn performance blazer fabric, then compare real FabStitch fabrics.",Performance Fabric for Blazers,,216,176,performance blazer fabric,commercial_investigation,,,,7,,,supporting,C,
/discover/lightweight-uniform-fabric/,,,yes,no,/discover/lightweight-uniform-fabric/,yes,Lightweight Fabric for Uniforms Fabric Notes,"For uniforms, “lightweight” only matters when it serves the garment. Learn lightweight uniform fabric, then compare real FabStitch fabrics.",Lightweight Fabric for Uniforms,,226,186,lightweight uniform fabric,commercial_investigation,,,,7,,,supporting,C,
/discover/heavyweight-uniform-fabric/,,,yes,no,/discover/heavyweight-uniform-fabric/,yes,Heavyweight Fabric for Uniforms Fabric Notes,"For uniforms, “heavyweight” only matters when it serves the garment. Learn heavyweight uniform fabric, then compare real FabStitch fabrics.",Heavyweight Fabric for Uniforms,,209,169,heavyweight uniform fabric,commercial_investigation,,,,7,,,supporting,C,
/discover/breathable-uniform-fabric/,,,yes,no,/discover/breathable-uniform-fabric/,yes,Breathable Fabric for Uniforms Fabric Notes,"For uniforms, “breathable” only matters when it serves the garment. Learn breathable uniform fabric, then compare real FabStitch fabrics.",Breathable Fabric for Uniforms,,231,191,breathable uniform fabric,commercial_investigation,,,,6,,,supporting,C,
/discover/stretch-uniform-fabric/,,,yes,no,/discover/stretch-uniform-fabric/,yes,Stretch Fabric for Uniforms Fabric Notes,"For uniforms, “stretch” only matters when it serves the garment. Learn stretch uniform fabric, then compare real FabStitch fabrics.",Stretch Fabric for Uniforms,,211,171,stretch uniform fabric,commercial_investigation,,,,6,,,supporting,C,
/discover/soft-uniform-fabric/,,,yes,no,/discover/soft-uniform-fabric/,yes,Soft Fabric for Uniforms Fabric Notes for Apparel,"For uniforms, “soft” only matters when it serves the garment. Learn soft uniform fabric, then compare real FabStitch fabrics.",Soft Fabric for Uniforms,,208,168,soft uniform fabric,commercial_investigation,,,,6,,,supporting,C,
/discover/durable-uniform-fabric/,,,yes,no,/discover/durable-uniform-fabric/,yes,Durable Fabric for Uniforms Fabric Notes,"For uniforms, “durable” only matters when it serves the garment. Learn durable uniform fabric, then compare real FabStitch fabrics.",Durable Fabric for Uniforms,,223,183,durable uniform fabric,commercial_investigation,,,,6,,,supporting,C,
/discover/premium-uniform-fabric/,,,yes,no,/discover/premium-uniform-fabric/,yes,Premium Fabric for Uniforms Fabric Notes,"For uniforms, “premium” only matters when it serves the garment. Learn premium uniform fabric, then compare real FabStitch fabrics.",Premium Fabric for Uniforms,,228,188,premium uniform fabric,commercial_investigation,,,,6,,,supporting,C,
/discover/structured-uniform-fabric/,,,yes,no,/discover/structured-uniform-fabric/,yes,Structured Fabric for Uniforms Fabric Notes,"For uniforms, “structured” only matters when it serves the garment. Learn structured uniform fabric, then compare real FabStitch fabrics.",Structured Fabric for Uniforms,,214,174,structured uniform fabric,commercial_investigation,,,,6,,,supporting,C,
/discover/opaque-uniform-fabric/,,,yes,no,/discover/opaque-uniform-fabric/,yes,Opaque Fabric for Uniforms Fabric Notes Use Notes,"For uniforms, “opaque” only matters when it serves the garment. Learn opaque uniform fabric, then compare real FabStitch fabrics.",Opaque Fabric for Uniforms,,236,196,opaque uniform fabric,commercial_investigation,,,,7,,,supporting,C,
/discover/performance-uniform-fabric/,,,yes,no,/discover/performance-uniform-fabric/,yes,Performance Fabric for Uniforms Fabric Notes,"For uniforms, “performance” only matters when it serves the garment. Learn performance uniform fabric, then compare real FabStitch fabrics.",Performance Fabric for Uniforms,,212,172,performance uniform fabric,commercial_investigation,,,,6,,,supporting,C,
/discover/lightweight-activewear-piece-fabric/,,,yes,no,/discover/lightweight-activewear-piece-fabric/,yes,Lightweight Fabric for Activewear Fabric Notes,"For activewear, “lightweight” only matters when it serves the garment. Learn lightweight activewear piece fabric, then compare real FabStitch fabrics.",Lightweight Fabric for Activewear,,253,213,lightweight activewear piece fabric,commercial_investigation,,,,8,,,supporting,C,
/discover/heavyweight-activewear-piece-fabric/,,,yes,no,/discover/heavyweight-activewear-piece-fabric/,yes,Heavyweight Fabric for Activewear Fabric Notes,"For activewear, “heavyweight” only matters when it serves the garment. Learn heavyweight activewear piece fabric, then compare real FabStitch fabrics.",Heavyweight Fabric for Activewear,,232,192,heavyweight activewear piece fabric,commercial_investigation,,,,8,,,supporting,C,
/discover/breathable-activewear-piece-fabric/,,,yes,no,/discover/breathable-activewear-piece-fabric/,yes,Breathable Fabric for Activewear Fabric Notes,"For activewear, “breathable” only matters when it serves the garment. Learn breathable activewear piece fabric, then compare real FabStitch fabrics.",Breathable Fabric for Activewear,,235,195,breathable activewear piece fabric,commercial_investigation,,,,7,,,supporting,C,
/discover/stretch-activewear-piece-fabric/,,,yes,no,/discover/stretch-activewear-piece-fabric/,yes,Stretch Fabric for Activewear Fabric Notes,"For activewear, “stretch” only matters when it serves the garment. Learn stretch activewear piece fabric, then compare real FabStitch fabrics.",Stretch Fabric for Activewear,,234,194,stretch activewear piece fabric,commercial_investigation,,,,7,,,supporting,C,
/discover/soft-activewear-piece-fabric/,,,yes,no,/discover/soft-activewear-piece-fabric/,yes,Soft Fabric for Activewear Fabric Notes Use Notes,"For activewear, “soft” only matters when it serves the garment. Learn soft activewear piece fabric, then compare real FabStitch fabrics.",Soft Fabric for Activewear,,227,187,soft activewear piece fabric,commercial_investigation,,,,7,,,supporting,C,
/discover/durable-activewear-piece-fabric/,,,yes,no,/discover/durable-activewear-piece-fabric/,yes,Durable Fabric for Activewear Fabric Notes,"For activewear, “durable” only matters when it serves the garment. Learn durable activewear piece fabric, then compare real FabStitch fabrics.",Durable Fabric for Activewear,,223,183,durable activewear piece fabric,commercial_investigation,,,,7,,,supporting,C,
/discover/premium-activewear-piece-fabric/,,,yes,no,/discover/premium-activewear-piece-fabric/,yes,Premium Fabric for Activewear Fabric Notes,"For activewear, “premium” only matters when it serves the garment. Learn premium activewear piece fabric, then compare real FabStitch fabrics.",Premium Fabric for Activewear,,228,188,premium activewear piece fabric,commercial_investigation,,,,7,,,supporting,C,
/discover/structured-activewear-piece-fabric/,,,yes,no,/discover/structured-activewear-piece-fabric/,yes,Structured Fabric for Activewear Fabric Notes,"For activewear, “structured” only matters when it serves the garment. Learn structured activewear piece fabric, then compare real FabStitch fabrics.",Structured Fabric for Activewear,,243,203,structured activewear piece fabric,commercial_investigation,,,,7,,,supporting,C,
/discover/flowy-activewear-piece-fabric/,,,yes,no,/discover/flowy-activewear-piece-fabric/,yes,Flowy Fabric for Activewear Fabric Notes,"For activewear, “flowy” only matters when it serves the garment. Learn flowy activewear piece fabric, then compare real FabStitch fabrics.",Flowy Fabric for Activewear,,228,188,flowy activewear piece fabric,commercial_investigation,,,,8,,,supporting,C,
/discover/sheer-activewear-piece-fabric/,,,yes,no,/discover/sheer-activewear-piece-fabric/,yes,Sheer Fabric for Activewear Fabric Notes,"For activewear, “sheer” only matters when it serves the garment. Learn sheer activewear piece fabric, then compare real FabStitch fabrics.",Sheer Fabric for Activewear,,256,216,sheer activewear piece fabric,commercial_investigation,,,,8,,,supporting,C,
/discover/opaque-activewear-piece-fabric/,,,yes,no,/discover/opaque-activewear-piece-fabric/,yes,Opaque Fabric for Activewear Fabric Notes,"For activewear, “opaque” only matters when it serves the garment. Learn opaque activewear piece fabric, then compare real FabStitch fabrics.",Opaque Fabric for Activewear,,259,219,opaque activewear piece fabric,commercial_investigation,,,,8,,,supporting,C,
/discover/performance-activewear-piece-fabric/,,,yes,no,/discover/performance-activewear-piece-fabric/,yes,Performance Fabric for Activewear Fabric Notes,"For activewear, “performance” only matters when it serves the garment. Learn performance activewear piece fabric, then compare real FabStitch fabrics.",Performance Fabric for Activewear,,237,197,performance activewear piece fabric,commercial_investigation,,,,7,,,supporting,C,
/discover/lightweight-workwear-piece-fabric/,,,yes,no,/discover/lightweight-workwear-piece-fabric/,yes,Lightweight Fabric for Workwear Fabric Notes,"For workwear, “lightweight” only matters when it serves the garment. Learn lightweight workwear piece fabric, then compare real FabStitch fabrics.",Lightweight Fabric for Workwear,,228,188,lightweight workwear piece fabric,commercial_investigation,,,,8,,,supporting,C,
/discover/heavyweight-workwear-piece-fabric/,,,yes,no,/discover/heavyweight-workwear-piece-fabric/,yes,Heavyweight Fabric for Workwear Fabric Notes,"For workwear, “heavyweight” only matters when it serves the garment. Learn heavyweight workwear piece fabric, then compare real FabStitch fabrics.",Heavyweight Fabric for Workwear,,210,170,heavyweight workwear piece fabric,commercial_investigation,,,,8,,,supporting,C,
/discover/breathable-workwear-piece-fabric/,,,yes,no,/discover/breathable-workwear-piece-fabric/,yes,Breathable Fabric for Workwear Fabric Notes,"For workwear, “breathable” only matters when it serves the garment. Learn breathable workwear piece fabric, then compare real FabStitch fabrics.",Breathable Fabric for Workwear,,210,170,breathable workwear piece fabric,commercial_investigation,,,,7,,,supporting,C,
/discover/stretch-workwear-piece-fabric/,,,yes,no,/discover/stretch-workwear-piece-fabric/,yes,Stretch Fabric for Workwear Fabric Notes,"For workwear, “stretch” only matters when it serves the garment. Learn stretch workwear piece fabric, then compare real FabStitch fabrics.",Stretch Fabric for Workwear,,215,175,stretch workwear piece fabric,commercial_investigation,,,,7,,,supporting,C,
/discover/soft-workwear-piece-fabric/,,,yes,no,/discover/soft-workwear-piece-fabric/,yes,Soft Fabric for Workwear Fabric Notes for Apparel,"For workwear, “soft” only matters when it serves the garment. Learn soft workwear piece fabric, then compare real FabStitch fabrics.",Soft Fabric for Workwear,,211,171,soft workwear piece fabric,commercial_investigation,,,,7,,,supporting,C,
/discover/durable-workwear-piece-fabric/,,,yes,no,/discover/durable-workwear-piece-fabric/,yes,Durable Fabric for Workwear Fabric Notes,"For workwear, “durable” only matters when it serves the garment. Learn durable workwear piece fabric, then compare real FabStitch fabrics.",Durable Fabric for Workwear,,220,180,durable workwear piece fabric,commercial_investigation,,,,7,,,supporting,C,
/discover/premium-workwear-piece-fabric/,,,yes,no,/discover/premium-workwear-piece-fabric/,yes,Premium Fabric for Workwear Fabric Notes,"For workwear, “premium” only matters when it serves the garment. Learn premium workwear piece fabric, then compare real FabStitch fabrics.",Premium Fabric for Workwear,,209,169,premium workwear piece fabric,commercial_investigation,,,,7,,,supporting,C,
/discover/structured-workwear-piece-fabric/,,,yes,no,/discover/structured-workwear-piece-fabric/,yes,Structured Fabric for Workwear Fabric Notes,"For workwear, “structured” only matters when it serves the garment. Learn structured workwear piece fabric, then compare real FabStitch fabrics.",Structured Fabric for Workwear,,214,174,structured workwear piece fabric,commercial_investigation,,,,7,,,supporting,C,
/discover/opaque-workwear-piece-fabric/,,,yes,no,/discover/opaque-workwear-piece-fabric/,yes,Opaque Fabric for Workwear Fabric Notes Use Notes,"For workwear, “opaque” only matters when it serves the garment. Learn opaque workwear piece fabric, then compare real FabStitch fabrics.",Opaque Fabric for Workwear,,240,200,opaque workwear piece fabric,commercial_investigation,,,,8,,,supporting,C,
/discover/performance-workwear-piece-fabric/,,,yes,no,/discover/performance-workwear-piece-fabric/,yes,Performance Fabric for Workwear Fabric Notes,"For workwear, “performance” only matters when it serves the garment. Learn performance workwear piece fabric, then compare real FabStitch fabrics.",Performance Fabric for Workwear,,211,171,performance workwear piece fabric,commercial_investigation,,,,7,,,supporting,C,
/discover/lightweight-blouse-fabric/,,,yes,no,/discover/lightweight-blouse-fabric/,yes,Lightweight Fabric for Blouses Fabric Notes,"For blouses, “lightweight” only matters when it serves the garment. Learn lightweight blouse fabric, then compare real FabStitch fabrics.",Lightweight Fabric for Blouses,,242,202,lightweight blouse fabric,commercial_investigation,,,,8,,,supporting,C,
/discover/heavyweight-blouse-fabric/,,,yes,no,/discover/heavyweight-blouse-fabric/,yes,Heavyweight Fabric for Blouses Fabric Notes,"For blouses, “heavyweight” only matters when it serves the garment. Learn heavyweight blouse fabric, then compare real FabStitch fabrics.",Heavyweight Fabric for Blouses,,222,182,heavyweight blouse fabric,commercial_investigation,,,,8,,,supporting,C,
/discover/breathable-blouse-fabric/,,,yes,no,/discover/breathable-blouse-fabric/,yes,Breathable Fabric for Blouses Fabric Notes,"For blouses, “breathable” only matters when it serves the garment. Learn breathable blouse fabric, then compare real FabStitch fabrics.",Breathable Fabric for Blouses,,224,184,breathable blouse fabric,commercial_investigation,,,,7,,,supporting,C,
/discover/stretch-blouse-fabric/,,,yes,no,/discover/stretch-blouse-fabric/,yes,Stretch Fabric for Blouses Fabric Notes Use Notes,"For blouses, “stretch” only matters when it serves the garment. Learn stretch blouse fabric, then compare real FabStitch fabrics.",Stretch Fabric for Blouses,,235,195,stretch blouse fabric,commercial_investigation,,,,7,,,supporting,C,
/discover/soft-blouse-fabric/,,,yes,no,/discover/soft-blouse-fabric/,yes,Soft Fabric for Blouses Fabric Notes for Apparel,"For blouses, “soft” only matters when it serves the garment. Learn soft blouse fabric, then compare real FabStitch fabrics.",Soft Fabric for Blouses,,229,189,soft blouse fabric,commercial_investigation,,,,7,,,supporting,C,
/discover/durable-blouse-fabric/,,,yes,no,/discover/durable-blouse-fabric/,yes,Durable Fabric for Blouses Fabric Notes Use Notes,"For blouses, “durable” only matters when it serves the garment. Learn durable blouse fabric, then compare real FabStitch fabrics.",Durable Fabric for Blouses,,239,199,durable blouse fabric,commercial_investigation,,,,7,,,supporting,C,
/discover/premium-blouse-fabric/,,,yes,no,/discover/premium-blouse-fabric/,yes,Premium Fabric for Blouses Fabric Notes Use Notes,"For blouses, “premium” only matters when it serves the garment. Learn premium blouse fabric, then compare real FabStitch fabrics.",Premium Fabric for Blouses,,229,189,premium blouse fabric,commercial_investigation,,,,7,,,supporting,C,
/discover/structured-blouse-fabric/,,,yes,no,/discover/structured-blouse-fabric/,yes,Structured Fabric for Blouses Fabric Notes,"For blouses, “structured” only matters when it serves the garment. Learn structured blouse fabric, then compare real FabStitch fabrics.",Structured Fabric for Blouses,,215,175,structured blouse fabric,commercial_investigation,,,,7,,,supporting,C,
/discover/flowy-blouse-fabric/,,,yes,no,/discover/flowy-blouse-fabric/,yes,Flowy Fabric for Blouses Fabric Notes for Apparel,"For blouses, “flowy” only matters when it serves the garment. Learn flowy blouse fabric, then compare real FabStitch fabrics.",Flowy Fabric for Blouses,,218,178,flowy blouse fabric,commercial_investigation,,,,8,,,supporting,C,
/discover/sheer-blouse-fabric/,,,yes,no,/discover/sheer-blouse-fabric/,yes,Sheer Fabric for Blouses Fabric Notes for Apparel,"For blouses, “sheer” only matters when it serves the garment. Learn sheer blouse fabric, then compare real FabStitch fabrics.",Sheer Fabric for Blouses,,257,217,sheer blouse fabric,commercial_investigation,,,,8,,,supporting,C,
/discover/opaque-blouse-fabric/,,,yes,no,/discover/opaque-blouse-fabric/,yes,Opaque Fabric for Blouses Fabric Notes Use Notes,"For blouses, “opaque” only matters when it serves the garment. Learn opaque blouse fabric, then compare real FabStitch fabrics.",Opaque Fabric for Blouses,,260,220,opaque blouse fabric,commercial_investigation,,,,8,,,supporting,C,
/discover/performance-blouse-fabric/,,,yes,no,/discover/performance-blouse-fabric/,yes,Performance Fabric for Blouses Fabric Notes,"For blouses, “performance” only matters when it serves the garment. Learn performance blouse fabric, then compare real FabStitch fabrics.",Performance Fabric for Blouses,,210,170,performance blouse fabric,commercial_investigation,,,,7,,,supporting,C,
/discover/lightweight-skirt-fabric/,,,yes,no,/discover/lightweight-skirt-fabric/,yes,Lightweight Fabric for Skirts Fabric Notes,"For skirts, “lightweight” only matters when it serves the garment. Learn lightweight skirt fabric, then compare real FabStitch fabrics.",Lightweight Fabric for Skirts,,233,193,lightweight skirt fabric,commercial_investigation,,,,8,,,supporting,C,
/discover/heavyweight-skirt-fabric/,,,yes,no,/discover/heavyweight-skirt-fabric/,yes,Heavyweight Fabric for Skirts Fabric Notes,"For skirts, “heavyweight” only matters when it serves the garment. Learn heavyweight skirt fabric, then compare real FabStitch fabrics.",Heavyweight Fabric for Skirts,,220,180,heavyweight skirt fabric,commercial_investigation,,,,8,,,supporting,C,
/discover/breathable-skirt-fabric/,,,yes,no,/discover/breathable-skirt-fabric/,yes,Breathable Fabric for Skirts Fabric Notes,"For skirts, “breathable” only matters when it serves the garment. Learn breathable skirt fabric, then compare real FabStitch fabrics.",Breathable Fabric for Skirts,,215,175,breathable skirt fabric,commercial_investigation,,,,7,,,supporting,C,
/discover/stretch-skirt-fabric/,,,yes,no,/discover/stretch-skirt-fabric/,yes,Stretch Fabric for Skirts Fabric Notes Use Notes,"For skirts, “stretch” only matters when it serves the garment. Learn stretch skirt fabric, then compare real FabStitch fabrics.",Stretch Fabric for Skirts,,225,185,stretch skirt fabric,commercial_investigation,,,,7,,,supporting,C,
/discover/soft-skirt-fabric/,,,yes,no,/discover/soft-skirt-fabric/,yes,Soft Fabric for Skirts Fabric Notes Fabric Notes,"For skirts, “soft” only matters when it serves the garment. Learn soft skirt fabric, then compare real FabStitch fabrics.",Soft Fabric for Skirts,,226,186,soft skirt fabric,commercial_investigation,,,,7,,,supporting,C,
/discover/durable-skirt-fabric/,,,yes,no,/discover/durable-skirt-fabric/,yes,Durable Fabric for Skirts Fabric Notes Use Notes,"For skirts, “durable” only matters when it serves the garment. Learn durable skirt fabric, then compare real FabStitch fabrics.",Durable Fabric for Skirts,,211,171,durable skirt fabric,commercial_investigation,,,,7,,,supporting,C,
/discover/premium-skirt-fabric/,,,yes,no,/discover/premium-skirt-fabric/,yes,Premium Fabric for Skirts Fabric Notes Use Notes,"For skirts, “premium” only matters when it serves the garment. Learn premium skirt fabric, then compare real FabStitch fabrics.",Premium Fabric for Skirts,,219,179,premium skirt fabric,commercial_investigation,,,,7,,,supporting,C,
/discover/structured-skirt-fabric/,,,yes,no,/discover/structured-skirt-fabric/,yes,Structured Fabric for Skirts Fabric Notes,"For skirts, “structured” only matters when it serves the garment. Learn structured skirt fabric, then compare real FabStitch fabrics.",Structured Fabric for Skirts,,226,186,structured skirt fabric,commercial_investigation,,,,7,,,supporting,C,
/discover/flowy-skirt-fabric/,,,yes,no,/discover/flowy-skirt-fabric/,yes,Flowy Fabric for Skirts Fabric Notes for Apparel,"For skirts, “flowy” only matters when it serves the garment. Learn flowy skirt fabric, then compare real FabStitch fabrics.",Flowy Fabric for Skirts,,216,176,flowy skirt fabric,commercial_investigation,,,,8,,,supporting,C,
/discover/sheer-skirt-fabric/,,,yes,no,/discover/sheer-skirt-fabric/,yes,Sheer Fabric for Skirts Fabric Notes for Apparel,"For skirts, “sheer” only matters when it serves the garment. Learn sheer skirt fabric, then compare real FabStitch fabrics.",Sheer Fabric for Skirts,,247,207,sheer skirt fabric,commercial_investigation,,,,8,,,supporting,C,
/discover/opaque-skirt-fabric/,,,yes,no,/discover/opaque-skirt-fabric/,yes,Opaque Fabric for Skirts Fabric Notes for Apparel,"For skirts, “opaque” only matters when it serves the garment. Learn opaque skirt fabric, then compare real FabStitch fabrics.",Opaque Fabric for Skirts,,250,210,opaque skirt fabric,commercial_investigation,,,,8,,,supporting,C,
/discover/performance-skirt-fabric/,,,yes,no,/discover/performance-skirt-fabric/,yes,Performance Fabric for Skirts Fabric Notes,"For skirts, “performance” only matters when it serves the garment. Learn performance skirt fabric, then compare real FabStitch fabrics.",Performance Fabric for Skirts,,207,167,performance skirt fabric,commercial_investigation,,,,7,,,supporting,C,
/discover/lightweight-outerwear-piece-fabric/,,,yes,no,/discover/lightweight-outerwear-piece-fabric/,yes,Lightweight Fabric for Outerwear Fabric Notes,"For outerwear, “lightweight” only matters when it serves the garment. Learn lightweight outerwear piece fabric, then compare real FabStitch fabrics.",Lightweight Fabric for Outerwear,,225,185,lightweight outerwear piece fabric,commercial_investigation,,,,8,,,supporting,C,
/discover/heavyweight-outerwear-piece-fabric/,,,yes,no,/discover/heavyweight-outerwear-piece-fabric/,yes,Heavyweight Fabric for Outerwear Fabric Notes,"For outerwear, “heavyweight” only matters when it serves the garment. Learn heavyweight outerwear piece fabric, then compare real FabStitch fabrics.",Heavyweight Fabric for Outerwear,,207,167,heavyweight outerwear piece fabric,commercial_investigation,,,,8,,,supporting,C,
/discover/breathable-outerwear-piece-fabric/,,,yes,no,/discover/breathable-outerwear-piece-fabric/,yes,Breathable Fabric for Outerwear Fabric Notes,"For outerwear, “breathable” only matters when it serves the garment. Learn breathable outerwear piece fabric, then compare real FabStitch fabrics.",Breathable Fabric for Outerwear,,225,185,breathable outerwear piece fabric,commercial_investigation,,,,7,,,supporting,C,
/discover/stretch-outerwear-piece-fabric/,,,yes,no,/discover/stretch-outerwear-piece-fabric/,yes,Stretch Fabric for Outerwear Fabric Notes,"For outerwear, “stretch” only matters when it serves the garment. Learn stretch outerwear piece fabric, then compare real FabStitch fabrics.",Stretch Fabric for Outerwear,,227,187,stretch outerwear piece fabric,commercial_investigation,,,,7,,,supporting,C,
/discover/soft-outerwear-piece-fabric/,,,yes,no,/discover/soft-outerwear-piece-fabric/,yes,Soft Fabric for Outerwear Fabric Notes Use Notes,"For outerwear, “soft” only matters when it serves the garment. Learn soft outerwear piece fabric, then compare real FabStitch fabrics.",Soft Fabric for Outerwear,,205,165,soft outerwear piece fabric,commercial_investigation,,,,7,,,supporting,C,
/discover/durable-outerwear-piece-fabric/,,,yes,no,/discover/durable-outerwear-piece-fabric/,yes,Durable Fabric for Outerwear Fabric Notes,"For outerwear, “durable” only matters when it serves the garment. Learn durable outerwear piece fabric, then compare real FabStitch fabrics.",Durable Fabric for Outerwear,,216,176,durable outerwear piece fabric,commercial_investigation,,,,7,,,supporting,C,
/discover/premium-outerwear-piece-fabric/,,,yes,no,/discover/premium-outerwear-piece-fabric/,yes,Premium Fabric for Outerwear Fabric Notes,"For outerwear, “premium” only matters when it serves the garment. Learn premium outerwear piece fabric, then compare real FabStitch fabrics.",Premium Fabric for Outerwear,,221,181,premium outerwear piece fabric,commercial_investigation,,,,7,,,supporting,C,
/discover/structured-outerwear-piece-fabric/,,,yes,no,/discover/structured-outerwear-piece-fabric/,yes,Structured Fabric for Outerwear Fabric Notes,"For outerwear, “structured” only matters when it serves the garment. Learn structured outerwear piece fabric, then compare real FabStitch fabrics.",Structured Fabric for Outerwear,,207,167,structured outerwear piece fabric,commercial_investigation,,,,7,,,supporting,C,
/discover/flowy-outerwear-piece-fabric/,,,yes,no,/discover/flowy-outerwear-piece-fabric/,yes,Flowy Fabric for Outerwear Fabric Notes Use Notes,"For outerwear, “flowy” only matters when it serves the garment. Learn flowy outerwear piece fabric, then compare real FabStitch fabrics.",Flowy Fabric for Outerwear,,221,181,flowy outerwear piece fabric,commercial_investigation,,,,8,,,supporting,C,
/discover/sheer-outerwear-piece-fabric/,,,yes,no,/discover/sheer-outerwear-piece-fabric/,yes,Sheer Fabric for Outerwear Fabric Notes Use Notes,"For outerwear, “sheer” only matters when it serves the garment. Learn sheer outerwear piece fabric, then compare real FabStitch fabrics.",Sheer Fabric for Outerwear,,231,191,sheer outerwear piece fabric,commercial_investigation,,,,8,,,supporting,C,
/discover/opaque-outerwear-piece-fabric/,,,yes,no,/discover/opaque-outerwear-piece-fabric/,yes,Opaque Fabric for Outerwear Fabric Notes,"For outerwear, “opaque” only matters when it serves the garment. Learn opaque outerwear piece fabric, then compare real FabStitch fabrics.",Opaque Fabric for Outerwear,,234,194,opaque outerwear piece fabric,commercial_investigation,,,,8,,,supporting,C,
/discover/performance-outerwear-piece-fabric/,,,yes,no,/discover/performance-outerwear-piece-fabric/,yes,Performance Fabric for Outerwear Fabric Notes,"For outerwear, “performance” only matters when it serves the garment. Learn performance outerwear piece fabric, then compare real FabStitch fabrics.",Performance Fabric for Outerwear,,204,164,performance outerwear piece fabric,commercial_investigation,,,,7,,,supporting,C,
/discover/lightweight-loungewear-piece-fabric/,,,yes,no,/discover/lightweight-loungewear-piece-fabric/,yes,Lightweight Fabric for Loungewear Fabric Notes,"For loungewear, “lightweight” only matters when it serves the garment. Learn lightweight loungewear piece fabric, then compare real FabStitch fabrics.",Lightweight Fabric for Loungewear,,224,184,lightweight loungewear piece fabric,commercial_investigation,,,,7,,,supporting,C,
/discover/heavyweight-loungewear-piece-fabric/,,,yes,no,/discover/heavyweight-loungewear-piece-fabric/,yes,Heavyweight Fabric for Loungewear Fabric Notes,"For loungewear, “heavyweight” only matters when it serves the garment. Learn heavyweight loungewear piece fabric, then compare real FabStitch fabrics.",Heavyweight Fabric for Loungewear,,205,165,heavyweight loungewear piece fabric,commercial_investigation,,,,7,,,supporting,C,
/discover/breathable-loungewear-piece-fabric/,,,yes,no,/discover/breathable-loungewear-piece-fabric/,yes,Breathable Fabric for Loungewear Fabric Notes,"For loungewear, “breathable” only matters when it serves the garment. Learn breathable loungewear piece fabric, then compare real FabStitch fabrics.",Breathable Fabric for Loungewear,,226,186,breathable loungewear piece fabric,commercial_investigation,,,,6,,,supporting,C,
/discover/stretch-loungewear-piece-fabric/,,,yes,no,/discover/stretch-loungewear-piece-fabric/,yes,Stretch Fabric for Loungewear Fabric Notes,"For loungewear, “stretch” only matters when it serves the garment. Learn stretch loungewear piece fabric, then compare real FabStitch fabrics.",Stretch Fabric for Loungewear,,212,172,stretch loungewear piece fabric,commercial_investigation,,,,6,,,supporting,C,
/discover/soft-loungewear-piece-fabric/,,,yes,no,/discover/soft-loungewear-piece-fabric/,yes,Soft Fabric for Loungewear Fabric Notes Use Notes,"For loungewear, “soft” only matters when it serves the garment. Learn soft loungewear piece fabric, then compare real FabStitch fabrics.",Soft Fabric for Loungewear,,207,167,soft loungewear piece fabric,commercial_investigation,,,,6,,,supporting,C,
/discover/durable-loungewear-piece-fabric/,,,yes,no,/discover/durable-loungewear-piece-fabric/,yes,Durable Fabric for Loungewear Fabric Notes,"For loungewear, “durable” only matters when it serves the garment. Learn durable loungewear piece fabric, then compare real FabStitch fabrics.",Durable Fabric for Loungewear,,216,176,durable loungewear piece fabric,commercial_investigation,,,,6,,,supporting,C,
/discover/premium-loungewear-piece-fabric/,,,yes,no,/discover/premium-loungewear-piece-fabric/,yes,Premium Fabric for Loungewear Fabric Notes,"For loungewear, “premium” only matters when it serves the garment. Learn premium loungewear piece fabric, then compare real FabStitch fabrics.",Premium Fabric for Loungewear,,206,166,premium loungewear piece fabric,commercial_investigation,,,,6,,,supporting,C,
/discover/structured-loungewear-piece-fabric/,,,yes,no,/discover/structured-loungewear-piece-fabric/,yes,Structured Fabric for Loungewear Fabric Notes,"For loungewear, “structured” only matters when it serves the garment. Learn structured loungewear piece fabric, then compare real FabStitch fabrics.",Structured Fabric for Loungewear,,212,172,structured loungewear piece fabric,commercial_investigation,,,,6,,,supporting,C,
/discover/flowy-loungewear-piece-fabric/,,,yes,no,/discover/flowy-loungewear-piece-fabric/,yes,Flowy Fabric for Loungewear Fabric Notes,"For loungewear, “flowy” only matters when it serves the garment. Learn flowy loungewear piece fabric, then compare real FabStitch fabrics.",Flowy Fabric for Loungewear,,221,181,flowy loungewear piece fabric,commercial_investigation,,,,7,,,supporting,C,
/discover/sheer-loungewear-piece-fabric/,,,yes,no,/discover/sheer-loungewear-piece-fabric/,yes,Sheer Fabric for Loungewear Fabric Notes,"For loungewear, “sheer” only matters when it serves the garment. Learn sheer loungewear piece fabric, then compare real FabStitch fabrics.",Sheer Fabric for Loungewear,,234,194,sheer loungewear piece fabric,commercial_investigation,,,,7,,,supporting,C,
/discover/opaque-loungewear-piece-fabric/,,,yes,no,/discover/opaque-loungewear-piece-fabric/,yes,Opaque Fabric for Loungewear Fabric Notes,"For loungewear, “opaque” only matters when it serves the garment. Learn opaque loungewear piece fabric, then compare real FabStitch fabrics.",Opaque Fabric for Loungewear,,237,197,opaque loungewear piece fabric,commercial_investigation,,,,7,,,supporting,C,
/discover/performance-loungewear-piece-fabric/,,,yes,no,/discover/performance-loungewear-piece-fabric/,yes,Performance Fabric for Loungewear Fabric Notes,"For loungewear, “performance” only matters when it serves the garment. Learn performance loungewear piece fabric, then compare real FabStitch fabrics.",Performance Fabric for Loungewear,,208,168,performance loungewear piece fabric,commercial_investigation,,,,6,,,supporting,C,
/discover/lightweight-knitwear-piece-fabric/,,,yes,no,/discover/lightweight-knitwear-piece-fabric/,yes,Lightweight Fabric for Knitwear Fabric Notes,"For knitwear, “lightweight” only matters when it serves the garment. Learn lightweight knitwear piece fabric, then compare real FabStitch fabrics.",Lightweight Fabric for Knitwear,,234,194,lightweight knitwear piece fabric,commercial_investigation,,,,8,,,supporting,C,
/discover/heavyweight-knitwear-piece-fabric/,,,yes,no,/discover/heavyweight-knitwear-piece-fabric/,yes,Heavyweight Fabric for Knitwear Fabric Notes,"For knitwear, “heavyweight” only matters when it serves the garment. Learn heavyweight knitwear piece fabric, then compare real FabStitch fabrics.",Heavyweight Fabric for Knitwear,,214,174,heavyweight knitwear piece fabric,commercial_investigation,,,,8,,,supporting,C,
/discover/breathable-knitwear-piece-fabric/,,,yes,no,/discover/breathable-knitwear-piece-fabric/,yes,Breathable Fabric for Knitwear Fabric Notes,"For knitwear, “breathable” only matters when it serves the garment. Learn breathable knitwear piece fabric, then compare real FabStitch fabrics.",Breathable Fabric for Knitwear,,216,176,breathable knitwear piece fabric,commercial_investigation,,,,7,,,supporting,C,
/discover/stretch-knitwear-piece-fabric/,,,yes,no,/discover/stretch-knitwear-piece-fabric/,yes,Stretch Fabric for Knitwear Fabric Notes,"For knitwear, “stretch” only matters when it serves the garment. Learn stretch knitwear piece fabric, then compare real FabStitch fabrics.",Stretch Fabric for Knitwear,,219,179,stretch knitwear piece fabric,commercial_investigation,,,,7,,,supporting,C,
/discover/soft-knitwear-piece-fabric/,,,yes,no,/discover/soft-knitwear-piece-fabric/,yes,Soft Fabric for Knitwear Fabric Notes for Apparel,"For knitwear, “soft” only matters when it serves the garment. Learn soft knitwear piece fabric, then compare real FabStitch fabrics.",Soft Fabric for Knitwear,,213,173,soft knitwear piece fabric,commercial_investigation,,,,7,,,supporting,C,
/discover/durable-knitwear-piece-fabric/,,,yes,no,/discover/durable-knitwear-piece-fabric/,yes,Durable Fabric for Knitwear Fabric Notes,"For knitwear, “durable” only matters when it serves the garment. Learn durable knitwear piece fabric, then compare real FabStitch fabrics.",Durable Fabric for Knitwear,,228,188,durable knitwear piece fabric,commercial_investigation,,,,7,,,supporting,C,
/discover/premium-knitwear-piece-fabric/,,,yes,no,/discover/premium-knitwear-piece-fabric/,yes,Premium Fabric for Knitwear Fabric Notes,"For knitwear, “premium” only matters when it serves the garment. Learn premium knitwear piece fabric, then compare real FabStitch fabrics.",Premium Fabric for Knitwear,,213,173,premium knitwear piece fabric,commercial_investigation,,,,7,,,supporting,C,
/discover/structured-knitwear-piece-fabric/,,,yes,no,/discover/structured-knitwear-piece-fabric/,yes,Structured Fabric for Knitwear Fabric Notes,"For knitwear, “structured” only matters when it serves the garment. Learn structured knitwear piece fabric, then compare real FabStitch fabrics.",Structured Fabric for Knitwear,,222,182,structured knitwear piece fabric,commercial_investigation,,,,7,,,supporting,C,
/discover/flowy-knitwear-piece-fabric/,,,yes,no,/discover/flowy-knitwear-piece-fabric/,yes,Flowy Fabric for Knitwear Fabric Notes Use Notes,"For knitwear, “flowy” only matters when it serves the garment. Learn flowy knitwear piece fabric, then compare real FabStitch fabrics.",Flowy Fabric for Knitwear,,233,193,flowy knitwear piece fabric,commercial_investigation,,,,8,,,supporting,C,
/discover/sheer-knitwear-piece-fabric/,,,yes,no,/discover/sheer-knitwear-piece-fabric/,yes,Sheer Fabric for Knitwear Fabric Notes Use Notes,"For knitwear, “sheer” only matters when it serves the garment. Learn sheer knitwear piece fabric, then compare real FabStitch fabrics.",Sheer Fabric for Knitwear,,241,201,sheer knitwear piece fabric,commercial_investigation,,,,8,,,supporting,C,
/discover/opaque-knitwear-piece-fabric/,,,yes,no,/discover/opaque-knitwear-piece-fabric/,yes,Opaque Fabric for Knitwear Fabric Notes Use Notes,"For knitwear, “opaque” only matters when it serves the garment. Learn opaque knitwear piece fabric, then compare real FabStitch fabrics.",Opaque Fabric for Knitwear,,244,204,opaque knitwear piece fabric,commercial_investigation,,,,8,,,supporting,C,
/discover/performance-knitwear-piece-fabric/,,,yes,no,/discover/performance-knitwear-piece-fabric/,yes,Performance Fabric for Knitwear Fabric Notes,"For knitwear, “performance” only matters when it serves the garment. Learn performance knitwear piece fabric, then compare real FabStitch fabrics.",Performance Fabric for Knitwear,,217,177,performance knitwear piece fabric,commercial_investigation,,,,7,,,supporting,C,
/discover/understanding-lightweight-fabric/,,,yes,no,/discover/understanding-lightweight-fabric/,yes,Understanding Lightweight Fabric Fabric Notes,"Lightweight fabric usually means a lower published weight that supports breathability, softer drape or warm-climate comfort — but ‘light’ is relative.",Understanding Lightweight Fabric,,213,173,what is lightweight fabric,informational,,,,6,,,supporting,C,
/discover/understanding-heavyweight-fabric/,,,yes,no,/discover/understanding-heavyweight-fabric/,yes,Understanding Heavyweight Fabric Fabric Notes,"Heavyweight fabric typically provides structure, coverage or insulation through higher mass per area. Learn what is heavyweight fabric, then compare.",Understanding Heavyweight Fabric,,165,125,what is heavyweight fabric,informational,,,,6,,,thin,D,
/discover/understanding-stretch-fabric/,,,yes,no,/discover/understanding-stretch-fabric/,yes,Understanding Stretch Fabric Fabric Notes,"Stretch fabric extends under load and should recover. Learn what is stretch fabric, then compare real FabStitch fabrics.",Understanding Stretch Fabric,,175,135,what is stretch fabric,informational,,,,5,,,thin,D,
/discover/understanding-soft-fabric/,,,yes,no,/discover/understanding-soft-fabric/,yes,Understanding Soft Fabric Fabric Notes Use Notes,"Soft fabric prioritises a pleasant next-to-skin hand through fibre, yarn, construction and finish. Learn what is soft fabric, then compare real.",Understanding Soft Fabric,,165,125,what is soft fabric,informational,,,,5,,,thin,D,
/discover/understanding-durable-fabric/,,,yes,no,/discover/understanding-durable-fabric/,yes,Understanding Durable Fabric Fabric Notes,"Durable fabric maintains integrity through wear, abrasion and repeated care cycles relative to its intended use. Learn what is durable fabric, then.",Understanding Durable Fabric,,164,124,what is durable fabric,informational,,,,5,,,thin,D,
/discover/understanding-premium-fabric/,,,yes,no,/discover/understanding-premium-fabric/,yes,Understanding Premium Fabric Fabric Notes,"Premium fabric is a commercial quality signal — finer yarns, careful finishing, distinctive character — not a. Note 1: understanding premium fabric.",Understanding Premium Fabric,,174,134,what is premium fabric,informational,,,,5,,,thin,D,
/discover/understanding-structured-fabric/,,,yes,no,/discover/understanding-structured-fabric/,yes,Understanding Structured Fabric Fabric Notes,"Structured fabric holds shape and supports clean lines for tailoring, trousers and jackets. Learn what is structured fabric, then compare real.",Understanding Structured Fabric,,143,103,what is structured fabric,informational,,,,5,,,thin,D,
/discover/understanding-flowy-fabric/,,,yes,no,/discover/understanding-flowy-fabric/,yes,"What Is Flowy Fabric? Drape, Weight & Uses","Flowy fabric drapes and moves readily for dresses, blouses and overlays. Learn how drape, weight, fibre and construction create fluid cloth — then.",What Is Flowy Fabric?,,678,638,what is flowy fabric,informational,,,,11,,curated,medium,B,
/discover/understanding-sheer-fabric/,,,yes,no,/discover/understanding-sheer-fabric/,yes,Understanding Sheer Fabric Fabric Notes Use Notes,"Sheer fabric transmits light and silhouette. Learn what is sheer fabric, then compare real FabStitch fabrics. See how Understanding Sheer Fabric.",Understanding Sheer Fabric,,210,170,what is sheer fabric,informational,,,,6,,,supporting,C,
/discover/understanding-opaque-fabric/,,,yes,no,/discover/understanding-opaque-fabric/,yes,What Is Opaque Fabric? How to Check Before Buying,"Opaque fabric hides light and skin enough for the garment without relying on lining. Learn how GSM, weave, knit, colour and finish change coverage.",What Is Opaque Fabric?,,1400,1360,what is opaque fabric,informational,,,,13,,curated,high,A,
/discover/understanding-performance-fabric/,,,yes,no,/discover/understanding-performance-fabric/,yes,Understanding Performance Fabric Fabric Notes,"Performance fabric is specified for functional traits such as stretch recovery, moisture management or. Note 1: understanding performance fabric.",Understanding Performance Fabric,,150,110,what is performance fabric,informational,,,,5,,,thin,D,
/discover/cotton-vs-viscose/,,,yes,no,/discover/cotton-vs-viscose/,yes,Cotton vs Viscose Fabric: Differences & Uses,"Comparing cotton and viscose only helps when you anchor the decision in garment constraints — silhouette, climate, opacity and care — then read.",Cotton vs Viscose Fabric: Differences & Uses,,557,517,cotton vs viscose,informational,,,,7,,,medium,B,
/discover/cotton-vs-poplin/,,,yes,no,/discover/cotton-vs-poplin/,yes,Cotton vs Poplin Fabric: Differences & Uses,"Comparing cotton and poplin only helps when you anchor the decision in garment constraints — silhouette, climate, opacity and care — then read.",Cotton vs Poplin Fabric: Differences & Uses,,545,505,cotton vs poplin,informational,,,,7,,,medium,B,
/discover/cotton-vs-denim/,,,yes,no,/discover/cotton-vs-denim/,yes,Cotton vs Denim Fabric: Differences & Uses,"Cotton vs Denim is a frequent sourcing question. Learn cotton vs denim, then compare real FabStitch fabrics. See how Cotton vs Denim Fabric.",Cotton vs Denim Fabric: Differences & Uses,,555,515,cotton vs denim,informational,,,,7,,,medium,B,
/discover/linen-vs-viscose/,,,yes,no,/discover/linen-vs-viscose/,yes,Linen vs Viscose Fabric: Differences & Uses,"Linen vs Viscose is a frequent sourcing question. Learn linen vs viscose, then compare real FabStitch fabrics. See how Linen vs Viscose Fabric.",Linen vs Viscose Fabric: Differences & Uses,,526,486,linen vs viscose,informational,,,,7,,,medium,B,
/discover/linen-vs-silk/,,,yes,no,/discover/linen-vs-silk/,yes,Linen vs Silk Fabric: Differences & Uses,"Comparing linen and silk only helps when you anchor the decision in garment constraints — silhouette, climate, opacity and care — then read published….",Linen vs Silk Fabric: Differences & Uses,,557,517,linen vs silk,informational,,,,7,,,medium,B,
/discover/silk-vs-viscose/,,,yes,no,/discover/silk-vs-viscose/,yes,Silk vs Viscose Fabric: Differences & Uses,"Comparing silk and viscose only helps when you anchor the decision in garment constraints — silhouette, climate, opacity and care — then read.",Silk vs Viscose Fabric: Differences & Uses,,542,502,silk vs viscose,informational,,,,7,,,medium,B,
/discover/denim-vs-twill/,,,yes,no,/discover/denim-vs-twill/,yes,Denim vs Twill Fabric: Differences & Uses,"Comparing denim and twill only helps when you anchor the decision in garment constraints — silhouette, climate, opacity and care — then read published…",Denim vs Twill Fabric: Differences & Uses,,525,485,denim vs twill,informational,,,,7,,,medium,B,
/discover/polyester-vs-viscose/,,,yes,no,/discover/polyester-vs-viscose/,yes,Polyester vs Viscose Fabric: Differences & Uses,"Comparing polyester and viscose only helps when you anchor the decision in garment constraints — silhouette, climate, opacity and care — then read.",Polyester vs Viscose Fabric: Differences & Uses,,533,493,polyester vs viscose,informational,,,,7,,,medium,B,
/discover/rayon-vs-viscose/,,,yes,no,/discover/rayon-vs-viscose/,yes,Rayon vs Viscose Fabric: Differences & Uses,"Comparing rayon and viscose only helps when you anchor the decision in garment constraints — silhouette, climate, opacity and care — then read.",Rayon vs Viscose Fabric: Differences & Uses,,526,486,rayon vs viscose,informational,,,,7,,,medium,B,
/discover/rayon-vs-silk/,,,yes,no,/discover/rayon-vs-silk/,yes,Rayon vs Silk Fabric: Differences & Uses,"Rayon vs Silk is a frequent sourcing question. Learn rayon vs silk, then compare real FabStitch fabrics. See how Rayon vs Silk Fabric: Differences &.",Rayon vs Silk Fabric: Differences & Uses,,525,485,rayon vs silk,informational,,,,7,,,medium,B,
/discover/jersey-vs-polyester/,,,yes,no,/discover/jersey-vs-polyester/,yes,Jersey vs Polyester Fabric: Differences & Uses,"Comparing jersey and polyester only helps when you anchor the decision in garment constraints — silhouette, climate, opacity and care — then read.",Jersey vs Polyester Fabric: Differences & Uses,,512,472,jersey vs polyester,informational,,,,8,,,medium,B,
/discover/jersey-vs-wool/,,,yes,no,/discover/jersey-vs-wool/,yes,Jersey vs Wool Fabric: Differences & Uses,"Comparing jersey and wool only helps when you anchor the decision in garment constraints — silhouette, climate, opacity and care — then read published…",Jersey vs Wool Fabric: Differences & Uses,,515,475,jersey vs wool,informational,,,,8,,,medium,B,
/discover/chiffon-vs-silk/,,,yes,no,/discover/chiffon-vs-silk/,yes,Chiffon vs Silk Fabric: Differences & Uses,"Chiffon vs Silk is a frequent sourcing question. Learn chiffon vs silk, then compare real FabStitch fabrics. See how Chiffon vs Silk Fabric.",Chiffon vs Silk Fabric: Differences & Uses,,496,456,chiffon vs silk,informational,,,,7,,,medium,B,
/discover/chiffon-vs-polyester/,,,yes,no,/discover/chiffon-vs-polyester/,yes,Chiffon vs Polyester Fabric: Differences & Uses,"Chiffon vs Polyester is a frequent sourcing question. Learn chiffon vs polyester, then compare real FabStitch fabrics. See how Chiffon vs Polyester.",Chiffon vs Polyester Fabric: Differences & Uses,,487,447,chiffon vs polyester,informational,,,,8,,,medium,B,
/discover/georgette-vs-silk/,,,yes,no,/discover/georgette-vs-silk/,yes,Georgette vs Silk Fabric: Differences & Uses,"Comparing georgette and silk only helps when you anchor the decision in garment constraints — silhouette, climate, opacity and care — then read.",Georgette vs Silk Fabric: Differences & Uses,,521,481,georgette vs silk,informational,,,,7,,,medium,B,
/discover/poplin-vs-twill/,,,yes,no,/discover/poplin-vs-twill/,yes,Poplin vs Twill Fabric: Differences & Uses,"Poplin vs Twill is a frequent sourcing question. Learn poplin vs twill, then compare real FabStitch fabrics. See how Poplin vs Twill Fabric.",Poplin vs Twill Fabric: Differences & Uses,,479,439,poplin vs twill,informational,,,,8,,,medium,B,
/discover/satin-vs-silk/,,,yes,no,/discover/satin-vs-silk/,yes,Satin vs Silk Fabric: Differences & Uses,"Satin vs Silk is a frequent sourcing question. Learn satin vs silk, then compare real FabStitch fabrics. See how Satin vs Silk Fabric: Differences &.",Satin vs Silk Fabric: Differences & Uses,,507,467,satin vs silk,informational,,,,7,,,medium,B,
/discover/crepe-vs-silk/,,,yes,no,/discover/crepe-vs-silk/,yes,Crepe vs Silk Fabric: Differences & Uses,"Crepe vs Silk is a frequent sourcing question. Learn crepe vs silk, then compare real FabStitch fabrics. See how Crepe vs Silk Fabric: Differences &.",Crepe vs Silk Fabric: Differences & Uses,,507,467,crepe vs silk,informational,,,,7,,,medium,B,
/discover/crepe-vs-wool/,,,yes,no,/discover/crepe-vs-wool/,yes,Crepe vs Wool Fabric: Differences & Uses,"Crepe vs Wool is a frequent sourcing question. Learn crepe vs wool, then compare real FabStitch fabrics. See how Crepe vs Wool Fabric: Differences &.",Crepe vs Wool Fabric: Differences & Uses,,501,461,crepe vs wool,informational,,,,7,,,medium,B,
/discover/crepe-vs-georgette/,,,yes,no,/discover/crepe-vs-georgette/,yes,Crepe vs Georgette Fabric: Differences & Uses,"Comparing crepe and georgette only helps when you anchor the decision in garment constraints — silhouette, climate, opacity and care — then read.",Crepe vs Georgette Fabric: Differences & Uses,,491,451,crepe vs georgette,informational,,,,8,,,medium,B,
/discover/canvas-vs-cotton/,,,yes,no,/discover/canvas-vs-cotton/,yes,Canvas vs Cotton Fabric: Differences & Uses,"Comparing canvas and cotton only helps when you anchor the decision in garment constraints — silhouette, climate, opacity and care — then read.",Canvas vs Cotton Fabric: Differences & Uses,,525,485,canvas vs cotton,informational,,,,7,,,medium,B,
/discover/canvas-vs-denim/,,,yes,no,/discover/canvas-vs-denim/,yes,Canvas vs Denim Fabric: Differences & Uses,"Comparing canvas and denim only helps when you anchor the decision in garment constraints — silhouette, climate, opacity and care — then read.",Canvas vs Denim Fabric: Differences & Uses,,515,475,canvas vs denim,informational,,,,7,,,medium,B,
/discover/canvas-vs-twill/,,,yes,no,/discover/canvas-vs-twill/,yes,Canvas vs Twill Fabric: Differences & Uses,"Canvas vs Twill is a frequent sourcing question. Learn canvas vs twill, then compare real FabStitch fabrics. See how Canvas vs Twill Fabric.",Canvas vs Twill Fabric: Differences & Uses,,471,431,canvas vs twill,informational,,,,7,,,medium,B,
/discover/oxford-vs-poplin/,,,yes,no,/discover/oxford-vs-poplin/,yes,Oxford vs Poplin Fabric: Differences & Uses,"Oxford vs Poplin is a frequent sourcing question. Learn oxford vs poplin, then compare real FabStitch fabrics. See how Oxford vs Poplin Fabric.",Oxford vs Poplin Fabric: Differences & Uses,,466,426,oxford vs poplin,informational,,,,8,,,medium,B,
/discover/oxford-vs-twill/,,,yes,no,/discover/oxford-vs-twill/,yes,Oxford vs Twill Fabric: Differences & Uses,"Oxford vs Twill is a frequent sourcing question. Learn oxford vs twill, then compare real FabStitch fabrics. See how Oxford vs Twill Fabric.",Oxford vs Twill Fabric: Differences & Uses,,464,424,oxford vs twill,informational,,,,8,,,medium,B,
/discover/twill-vs-wool/,,,yes,no,/discover/twill-vs-wool/,yes,Twill vs Wool Fabric: Key Differences,"Twill is a weave structure; wool is a fibre family. Compare how each shapes hand, drape, GSM reading and garment choice before you shortlist FabStitch.",Twill vs Wool Fabric: Differences & Uses,,623,583,twill vs wool,informational,,,,9,,curated,medium,B,
/discover/french-terry-vs-jersey/,,,yes,no,/discover/french-terry-vs-jersey/,yes,French terry vs Jersey Fabric: Differences & Uses,"Comparing french terry and jersey only helps when you anchor the decision in garment constraints — silhouette, climate, opacity and care — then read….",French terry vs Jersey Fabric: Differences & Uses,,507,467,french terry vs jersey,informational,,,,8,,,medium,B,
/discover/french-terry-vs-polyester/,,,yes,no,/discover/french-terry-vs-polyester/,yes,French terry vs Polyester Fabric: Differences &,"French terry vs Polyester is a frequent sourcing question. Learn french terry vs polyester, then compare real FabStitch fabrics.",French terry vs Polyester Fabric: Differences & Uses,,504,464,french terry vs polyester,informational,,,,8,,,medium,B,
/discover/lyocell-vs-viscose/,,,yes,no,/discover/lyocell-vs-viscose/,yes,Lyocell vs Viscose Fabric: Differences & Uses,"Lyocell vs Viscose is a frequent sourcing question. Learn lyocell vs viscose, then compare real FabStitch fabrics. See how Lyocell vs Viscose Fabric.",Lyocell vs Viscose Fabric: Differences & Uses,,487,447,lyocell vs viscose,informational,,,,7,,,medium,B,
/discover/lightweight-cotton-shirts/,,,yes,no,/discover/lightweight-cotton-shirts/,yes,Lightweight Cotton for Shirts Fabric Notes,"This page focuses on lightweight cotton options for shirts. Learn lightweight cotton fabric for shirts, then compare real FabStitch fabrics.",Lightweight Cotton for Shirts,,370,330,lightweight cotton fabric for shirts,commercial_investigation,,,,10,,,supporting,C,
/discover/breathable-cotton-shirts/,,,yes,no,/discover/breathable-cotton-shirts/,yes,Breathable Cotton for Shirts Fabric Notes,"This page focuses on breathable cotton options for shirts. Learn breathable cotton fabric for shirts, then compare real FabStitch fabrics.",Breathable Cotton for Shirts,,358,318,breathable cotton fabric for shirts,commercial_investigation,,,,10,,,supporting,C,
/discover/soft-cotton-shirts/,,,yes,no,/discover/soft-cotton-shirts/,yes,Soft Cotton for Shirts Fabric Notes Fabric Notes,"This page focuses on soft cotton options for shirts. Learn soft cotton fabric for shirts, then compare real FabStitch fabrics.",Soft Cotton for Shirts,,357,317,soft cotton fabric for shirts,commercial_investigation,,,,10,,,supporting,C,
/discover/stretch-cotton-shirts/,,,yes,no,/discover/stretch-cotton-shirts/,yes,Stretch Cotton for Shirts Fabric Notes Use Notes,"This page focuses on stretch cotton options for shirts. Learn stretch cotton fabric for shirts, then compare real FabStitch fabrics.",Stretch Cotton for Shirts,,361,321,stretch cotton fabric for shirts,commercial_investigation,,,,10,,,supporting,C,
/discover/durable-cotton-shirts/,,,yes,no,/discover/durable-cotton-shirts/,yes,Durable Cotton for Shirts Fabric Notes Use Notes,"This page focuses on durable cotton options for shirts. Learn durable cotton fabric for shirts, then compare real FabStitch fabrics.",Durable Cotton for Shirts,,356,316,durable cotton fabric for shirts,commercial_investigation,,,,10,,,supporting,C,
/discover/structured-cotton-shirts/,,,yes,no,/discover/structured-cotton-shirts/,yes,Structured Cotton for Shirts Fabric Notes,"This page focuses on structured cotton options for shirts. Learn structured cotton fabric for shirts, then compare real FabStitch fabrics.",Structured Cotton for Shirts,,347,307,structured cotton fabric for shirts,commercial_investigation,,,,10,,,supporting,C,
/discover/premium-cotton-shirts/,,,yes,no,/discover/premium-cotton-shirts/,yes,Premium Cotton for Shirts Fabric Notes Use Notes,"This page focuses on premium cotton options for shirts. Learn premium cotton fabric for shirts, then compare real FabStitch fabrics.",Premium Cotton for Shirts,,351,311,premium cotton fabric for shirts,commercial_investigation,,,,10,,,supporting,C,
/discover/lightweight-cotton-dresses/,,,yes,no,/discover/lightweight-cotton-dresses/,yes,Lightweight Cotton for Dresses Fabric Notes,"This page focuses on lightweight cotton options for dresses. Learn lightweight cotton fabric for dresses, then compare real FabStitch fabrics.",Lightweight Cotton for Dresses,,361,321,lightweight cotton fabric for dresses,commercial_investigation,,,,10,,,supporting,C,
/discover/breathable-cotton-dresses/,,,yes,no,/discover/breathable-cotton-dresses/,yes,Breathable Cotton for Dresses Fabric Notes,"This page focuses on breathable cotton options for dresses. Learn breathable cotton fabric for dresses, then compare real FabStitch fabrics.",Breathable Cotton for Dresses,,352,312,breathable cotton fabric for dresses,commercial_investigation,,,,10,,,supporting,C,
/discover/soft-cotton-dresses/,,,yes,no,/discover/soft-cotton-dresses/,yes,Soft Cotton for Dresses Fabric Notes for Apparel,"This page focuses on soft cotton options for dresses. Learn soft cotton fabric for dresses, then compare real FabStitch fabrics.",Soft Cotton for Dresses,,351,311,soft cotton fabric for dresses,commercial_investigation,,,,10,,,supporting,C,
/discover/stretch-cotton-dresses/,,,yes,no,/discover/stretch-cotton-dresses/,yes,Stretch Cotton for Dresses Fabric Notes Use Notes,"This page focuses on stretch cotton options for dresses. Learn stretch cotton fabric for dresses, then compare real FabStitch fabrics.",Stretch Cotton for Dresses,,352,312,stretch cotton fabric for dresses,commercial_investigation,,,,10,,,supporting,C,
/discover/durable-cotton-dresses/,,,yes,no,/discover/durable-cotton-dresses/,yes,Durable Cotton for Dresses Fabric Notes Use Notes,"This page focuses on durable cotton options for dresses. Learn durable cotton fabric for dresses, then compare real FabStitch fabrics.",Durable Cotton for Dresses,,347,307,durable cotton fabric for dresses,commercial_investigation,,,,10,,,supporting,C,
/discover/structured-cotton-dresses/,,,yes,no,/discover/structured-cotton-dresses/,yes,Structured Cotton for Dresses Fabric Notes,"This page focuses on structured cotton options for dresses. Learn structured cotton fabric for dresses, then compare real FabStitch fabrics.",Structured Cotton for Dresses,,341,301,structured cotton fabric for dresses,commercial_investigation,,,,10,,,supporting,C,
/discover/premium-cotton-dresses/,,,yes,no,/discover/premium-cotton-dresses/,yes,Premium Cotton for Dresses Fabric Notes Use Notes,"This page focuses on premium cotton options for dresses. Learn premium cotton fabric for dresses, then compare real FabStitch fabrics.",Premium Cotton for Dresses,,342,302,premium cotton fabric for dresses,commercial_investigation,,,,10,,,supporting,C,
/discover/lightweight-cotton-trousers/,,,yes,no,/discover/lightweight-cotton-trousers/,yes,Lightweight Cotton for Trousers Fabric Notes,"This page focuses on lightweight cotton options for trousers. Learn lightweight cotton fabric for trousers, then compare real FabStitch fabrics.",Lightweight Cotton for Trousers,,375,335,lightweight cotton fabric for trousers,commercial_investigation,,,,9,,,supporting,C,
/discover/breathable-cotton-trousers/,,,yes,no,/discover/breathable-cotton-trousers/,yes,Breathable Cotton for Trousers Fabric Notes,"This page focuses on breathable cotton options for trousers. Learn breathable cotton fabric for trousers, then compare real FabStitch fabrics.",Breathable Cotton for Trousers,,355,315,breathable cotton fabric for trousers,commercial_investigation,,,,8,,,supporting,C,
/discover/soft-cotton-trousers/,,,yes,no,/discover/soft-cotton-trousers/,yes,Soft Cotton for Trousers Fabric Notes for Apparel,"This page focuses on soft cotton options for trousers. Learn soft cotton fabric for trousers, then compare real FabStitch fabrics.",Soft Cotton for Trousers,,354,314,soft cotton fabric for trousers,commercial_investigation,,,,8,,,supporting,C,
/discover/stretch-cotton-trousers/,,,yes,no,/discover/stretch-cotton-trousers/,yes,Stretch Cotton for Trousers Fabric Notes,"This page focuses on stretch cotton options for trousers. Learn stretch cotton fabric for trousers, then compare real FabStitch fabrics.",Stretch Cotton for Trousers,,360,320,stretch cotton fabric for trousers,commercial_investigation,,,,8,,,supporting,C,
/discover/durable-cotton-trousers/,,,yes,no,/discover/durable-cotton-trousers/,yes,Durable Cotton for Trousers Fabric Notes,"This page focuses on durable cotton options for trousers. Learn durable cotton fabric for trousers, then compare real FabStitch fabrics.",Durable Cotton for Trousers,,355,315,durable cotton fabric for trousers,commercial_investigation,,,,8,,,supporting,C,
/discover/structured-cotton-trousers/,,,yes,no,/discover/structured-cotton-trousers/,yes,Structured Cotton for Trousers Fabric Notes,"This page focuses on structured cotton options for trousers. Learn structured cotton fabric for trousers, then compare real FabStitch fabrics.",Structured Cotton for Trousers,,344,304,structured cotton fabric for trousers,commercial_investigation,,,,8,,,supporting,C,
/discover/premium-cotton-trousers/,,,yes,no,/discover/premium-cotton-trousers/,yes,Premium Cotton for Trousers Fabric Notes,"This page focuses on premium cotton options for trousers. Learn premium cotton fabric for trousers, then compare real FabStitch fabrics.",Premium Cotton for Trousers,,356,316,premium cotton fabric for trousers,commercial_investigation,,,,8,,,supporting,C,
/discover/lightweight-cotton-blouses/,,,yes,no,/discover/lightweight-cotton-blouses/,yes,Lightweight Cotton for Blouses Fabric Notes,"This page focuses on lightweight cotton options for blouses. Learn lightweight cotton fabric for blouses, then compare real FabStitch fabrics.",Lightweight Cotton for Blouses,,344,304,lightweight cotton fabric for blouses,commercial_investigation,,,,9,,,supporting,C,
/discover/breathable-cotton-blouses/,,,yes,no,/discover/breathable-cotton-blouses/,yes,Breathable Cotton for Blouses Fabric Notes,"This page focuses on breathable cotton options for blouses. Learn breathable cotton fabric for blouses, then compare real FabStitch fabrics.",Breathable Cotton for Blouses,,336,296,breathable cotton fabric for blouses,commercial_investigation,,,,8,,,supporting,C,
/discover/soft-cotton-blouses/,,,yes,no,/discover/soft-cotton-blouses/,yes,Soft Cotton for Blouses Fabric Notes for Apparel,"This page focuses on soft cotton options for blouses. Learn soft cotton fabric for blouses, then compare real FabStitch fabrics.",Soft Cotton for Blouses,,335,295,soft cotton fabric for blouses,commercial_investigation,,,,8,,,supporting,C,
/discover/stretch-cotton-blouses/,,,yes,no,/discover/stretch-cotton-blouses/,yes,Stretch Cotton for Blouses Fabric Notes Use Notes,"This page focuses on stretch cotton options for blouses. Learn stretch cotton fabric for blouses, then compare real FabStitch fabrics.",Stretch Cotton for Blouses,,344,304,stretch cotton fabric for blouses,commercial_investigation,,,,8,,,supporting,C,
/discover/durable-cotton-blouses/,,,yes,no,/discover/durable-cotton-blouses/,yes,Durable Cotton for Blouses Fabric Notes Use Notes,"This page focuses on durable cotton options for blouses. Learn durable cotton fabric for blouses, then compare real FabStitch fabrics.",Durable Cotton for Blouses,,339,299,durable cotton fabric for blouses,commercial_investigation,,,,8,,,supporting,C,
/discover/structured-cotton-blouses/,,,yes,no,/discover/structured-cotton-blouses/,yes,Structured Cotton for Blouses Fabric Notes,"This page focuses on structured cotton options for blouses. Learn structured cotton fabric for blouses, then compare real FabStitch fabrics.",Structured Cotton for Blouses,,325,285,structured cotton fabric for blouses,commercial_investigation,,,,8,,,supporting,C,
/discover/premium-cotton-blouses/,,,yes,no,/discover/premium-cotton-blouses/,yes,Premium Cotton for Blouses Fabric Notes Use Notes,"This page focuses on premium cotton options for blouses. Learn premium cotton fabric for blouses, then compare real FabStitch fabrics.",Premium Cotton for Blouses,,325,285,premium cotton fabric for blouses,commercial_investigation,,,,8,,,supporting,C,
/discover/lightweight-cotton-uniforms/,,,yes,no,/discover/lightweight-cotton-uniforms/,yes,Lightweight Cotton for Uniforms Fabric Notes,"This page focuses on lightweight cotton options for uniforms. Learn lightweight cotton fabric for uniforms, then compare real FabStitch fabrics.",Lightweight Cotton for Uniforms,,339,299,lightweight cotton fabric for uniforms,commercial_investigation,,,,8,,,supporting,C,
/discover/breathable-cotton-uniforms/,,,yes,no,/discover/breathable-cotton-uniforms/,yes,Breathable Cotton for Uniforms Fabric Notes,"This page focuses on breathable cotton options for uniforms. Learn breathable cotton fabric for uniforms, then compare real FabStitch fabrics.",Breathable Cotton for Uniforms,,329,289,breathable cotton fabric for uniforms,commercial_investigation,,,,7,,,supporting,C,
/discover/soft-cotton-uniforms/,,,yes,no,/discover/soft-cotton-uniforms/,yes,Soft Cotton for Uniforms Fabric Notes for Apparel,"This page focuses on soft cotton options for uniforms. Learn soft cotton fabric for uniforms, then compare real FabStitch fabrics.",Soft Cotton for Uniforms,,328,288,soft cotton fabric for uniforms,commercial_investigation,,,,7,,,supporting,C,
/discover/stretch-cotton-uniforms/,,,yes,no,/discover/stretch-cotton-uniforms/,yes,Stretch Cotton for Uniforms Fabric Notes,"This page focuses on stretch cotton options for uniforms. Learn stretch cotton fabric for uniforms, then compare real FabStitch fabrics.",Stretch Cotton for Uniforms,,331,291,stretch cotton fabric for uniforms,commercial_investigation,,,,7,,,supporting,C,
/discover/durable-cotton-uniforms/,,,yes,no,/discover/durable-cotton-uniforms/,yes,Durable Cotton for Uniforms Fabric Notes,"This page focuses on durable cotton options for uniforms. Learn durable cotton fabric for uniforms, then compare real FabStitch fabrics.",Durable Cotton for Uniforms,,326,286,durable cotton fabric for uniforms,commercial_investigation,,,,7,,,supporting,C,
/discover/structured-cotton-uniforms/,,,yes,no,/discover/structured-cotton-uniforms/,yes,Structured Cotton for Uniforms Fabric Notes,"This page focuses on structured cotton options for uniforms. Learn structured cotton fabric for uniforms, then compare real FabStitch fabrics.",Structured Cotton for Uniforms,,318,278,structured cotton fabric for uniforms,commercial_investigation,,,,7,,,supporting,C,
/discover/premium-cotton-uniforms/,,,yes,no,/discover/premium-cotton-uniforms/,yes,Premium Cotton for Uniforms Fabric Notes,"This page focuses on premium cotton options for uniforms. Learn premium cotton fabric for uniforms, then compare real FabStitch fabrics.",Premium Cotton for Uniforms,,320,280,premium cotton fabric for uniforms,commercial_investigation,,,,7,,,supporting,C,
/discover/lightweight-linen-shirts/,,,yes,no,/discover/lightweight-linen-shirts/,yes,Lightweight Linen for Shirts Fabric Notes,"This page focuses on lightweight linen options for shirts. Learn lightweight linen fabric for shirts, then compare real FabStitch fabrics.",Lightweight Linen for Shirts,,359,319,lightweight linen fabric for shirts,commercial_investigation,,,,10,,,supporting,C,
/discover/breathable-linen-shirts/,,,yes,no,/discover/breathable-linen-shirts/,yes,Breathable Linen for Shirts Fabric Notes,"This page focuses on breathable linen options for shirts. Learn breathable linen fabric for shirts, then compare real FabStitch fabrics.",Breathable Linen for Shirts,,346,306,breathable linen fabric for shirts,commercial_investigation,,,,10,,,supporting,C,
/discover/soft-linen-shirts/,,,yes,no,/discover/soft-linen-shirts/,yes,Soft Linen for Shirts Fabric Notes Fabric Notes,"This page focuses on soft linen options for shirts. Learn soft linen fabric for shirts, then compare real FabStitch fabrics.",Soft Linen for Shirts,,348,308,soft linen fabric for shirts,commercial_investigation,,,,10,,,supporting,C,
/discover/stretch-linen-shirts/,,,yes,no,/discover/stretch-linen-shirts/,yes,Stretch Linen for Shirts Fabric Notes for Apparel,"This page focuses on stretch linen options for shirts. Learn stretch linen fabric for shirts, then compare real FabStitch fabrics.",Stretch Linen for Shirts,,349,309,stretch linen fabric for shirts,commercial_investigation,,,,10,,,supporting,C,
/discover/durable-linen-shirts/,,,yes,no,/discover/durable-linen-shirts/,yes,Durable Linen for Shirts Fabric Notes for Apparel,"This page focuses on durable linen options for shirts. Learn durable linen fabric for shirts, then compare real FabStitch fabrics.",Durable Linen for Shirts,,346,306,durable linen fabric for shirts,commercial_investigation,,,,10,,,supporting,C,
/discover/structured-linen-shirts/,,,yes,no,/discover/structured-linen-shirts/,yes,Structured Linen for Shirts Fabric Notes,"This page focuses on structured linen options for shirts. Learn structured linen fabric for shirts, then compare real FabStitch fabrics.",Structured Linen for Shirts,,338,298,structured linen fabric for shirts,commercial_investigation,,,,10,,,supporting,C,
/discover/premium-linen-shirts/,,,yes,no,/discover/premium-linen-shirts/,yes,Premium Linen for Shirts Fabric Notes for Apparel,"This page focuses on premium linen options for shirts. Learn premium linen fabric for shirts, then compare real FabStitch fabrics.",Premium Linen for Shirts,,338,298,premium linen fabric for shirts,commercial_investigation,,,,10,,,supporting,C,
/discover/lightweight-linen-dresses/,,,yes,no,/discover/lightweight-linen-dresses/,yes,Lightweight Linen for Dresses Fabric Notes,"This page focuses on lightweight linen options for dresses. Learn lightweight linen fabric for dresses, then compare real FabStitch fabrics.",Lightweight Linen for Dresses,,353,313,lightweight linen fabric for dresses,commercial_investigation,,,,10,,,supporting,C,
/discover/breathable-linen-dresses/,,,yes,no,/discover/breathable-linen-dresses/,yes,Breathable Linen for Dresses Fabric Notes,"This page focuses on breathable linen options for dresses. Learn breathable linen fabric for dresses, then compare real FabStitch fabrics.",Breathable Linen for Dresses,,340,300,breathable linen fabric for dresses,commercial_investigation,,,,10,,,supporting,C,
/discover/soft-linen-dresses/,,,yes,no,/discover/soft-linen-dresses/,yes,Soft Linen for Dresses Fabric Notes Fabric Notes,"This page focuses on soft linen options for dresses. Learn soft linen fabric for dresses, then compare real FabStitch fabrics.",Soft Linen for Dresses,,339,299,soft linen fabric for dresses,commercial_investigation,,,,10,,,supporting,C,
/discover/stretch-linen-dresses/,,,yes,no,/discover/stretch-linen-dresses/,yes,Stretch Linen for Dresses Fabric Notes Use Notes,"This page focuses on stretch linen options for dresses. Learn stretch linen fabric for dresses, then compare real FabStitch fabrics.",Stretch Linen for Dresses,,343,303,stretch linen fabric for dresses,commercial_investigation,,,,10,,,supporting,C,
/discover/durable-linen-dresses/,,,yes,no,/discover/durable-linen-dresses/,yes,Durable Linen for Dresses Fabric Notes Use Notes,"This page focuses on durable linen options for dresses. Learn durable linen fabric for dresses, then compare real FabStitch fabrics.",Durable Linen for Dresses,,337,297,durable linen fabric for dresses,commercial_investigation,,,,10,,,supporting,C,
/discover/structured-linen-dresses/,,,yes,no,/discover/structured-linen-dresses/,yes,Structured Linen for Dresses Fabric Notes,"This page focuses on structured linen options for dresses. Learn structured linen fabric for dresses, then compare real FabStitch fabrics.",Structured Linen for Dresses,,329,289,structured linen fabric for dresses,commercial_investigation,,,,10,,,supporting,C,
/discover/premium-linen-dresses/,,,yes,no,/discover/premium-linen-dresses/,yes,Premium Linen for Dresses Fabric Notes Use Notes,"This page focuses on premium linen options for dresses. Learn premium linen fabric for dresses, then compare real FabStitch fabrics.",Premium Linen for Dresses,,332,292,premium linen fabric for dresses,commercial_investigation,,,,10,,,supporting,C,
/discover/lightweight-linen-trousers/,,,yes,no,/discover/lightweight-linen-trousers/,yes,Lightweight Linen for Trousers Fabric Notes,"This page focuses on lightweight linen options for trousers. Learn lightweight linen fabric for trousers, then compare real FabStitch fabrics.",Lightweight Linen for Trousers,,356,316,lightweight linen fabric for trousers,commercial_investigation,,,,9,,,supporting,C,
/discover/breathable-linen-trousers/,,,yes,no,/discover/breathable-linen-trousers/,yes,Breathable Linen for Trousers Fabric Notes,"This page focuses on breathable linen options for trousers. Learn breathable linen fabric for trousers, then compare real FabStitch fabrics.",Breathable Linen for Trousers,,343,303,breathable linen fabric for trousers,commercial_investigation,,,,8,,,supporting,C,
/discover/soft-linen-trousers/,,,yes,no,/discover/soft-linen-trousers/,yes,Soft Linen for Trousers Fabric Notes for Apparel,"This page focuses on soft linen options for trousers. Learn soft linen fabric for trousers, then compare real FabStitch fabrics.",Soft Linen for Trousers,,353,313,soft linen fabric for trousers,commercial_investigation,,,,8,,,supporting,C,
/discover/stretch-linen-trousers/,,,yes,no,/discover/stretch-linen-trousers/,yes,Stretch Linen for Trousers Fabric Notes Use Notes,"This page focuses on stretch linen options for trousers. Learn stretch linen fabric for trousers, then compare real FabStitch fabrics.",Stretch Linen for Trousers,,346,306,stretch linen fabric for trousers,commercial_investigation,,,,8,,,supporting,C,
/discover/durable-linen-trousers/,,,yes,no,/discover/durable-linen-trousers/,yes,Durable Linen for Trousers Fabric Notes Use Notes,"This page focuses on durable linen options for trousers. Learn durable linen fabric for trousers, then compare real FabStitch fabrics.",Durable Linen for Trousers,,345,305,durable linen fabric for trousers,commercial_investigation,,,,8,,,supporting,C,
/discover/structured-linen-trousers/,,,yes,no,/discover/structured-linen-trousers/,yes,Structured Linen for Trousers Fabric Notes,"This page focuses on structured linen options for trousers. Learn structured linen fabric for trousers, then compare real FabStitch fabrics.",Structured Linen for Trousers,,343,303,structured linen fabric for trousers,commercial_investigation,,,,8,,,supporting,C,
/discover/premium-linen-trousers/,,,yes,no,/discover/premium-linen-trousers/,yes,Premium Linen for Trousers Fabric Notes Use Notes,"This page focuses on premium linen options for trousers. Learn premium linen fabric for trousers, then compare real FabStitch fabrics.",Premium Linen for Trousers,,335,295,premium linen fabric for trousers,commercial_investigation,,,,8,,,supporting,C,
/discover/lightweight-linen-blouses/,,,yes,no,/discover/lightweight-linen-blouses/,yes,Lightweight Linen for Blouses Fabric Notes,"This page focuses on lightweight linen options for blouses. Learn lightweight linen fabric for blouses, then compare real FabStitch fabrics.",Lightweight Linen for Blouses,,337,297,lightweight linen fabric for blouses,commercial_investigation,,,,9,,,supporting,C,
/discover/breathable-linen-blouses/,,,yes,no,/discover/breathable-linen-blouses/,yes,Breathable Linen for Blouses Fabric Notes,"This page focuses on breathable linen options for blouses. Learn breathable linen fabric for blouses, then compare real FabStitch fabrics.",Breathable Linen for Blouses,,324,284,breathable linen fabric for blouses,commercial_investigation,,,,8,,,supporting,C,
/discover/soft-linen-blouses/,,,yes,no,/discover/soft-linen-blouses/,yes,Soft Linen for Blouses Fabric Notes Fabric Notes,"This page focuses on soft linen options for blouses. Learn soft linen fabric for blouses, then compare real FabStitch fabrics.",Soft Linen for Blouses,,322,282,soft linen fabric for blouses,commercial_investigation,,,,8,,,supporting,C,
/discover/stretch-linen-blouses/,,,yes,no,/discover/stretch-linen-blouses/,yes,Stretch Linen for Blouses Fabric Notes Use Notes,"This page focuses on stretch linen options for blouses. Learn stretch linen fabric for blouses, then compare real FabStitch fabrics.",Stretch Linen for Blouses,,327,287,stretch linen fabric for blouses,commercial_investigation,,,,8,,,supporting,C,
/discover/durable-linen-blouses/,,,yes,no,/discover/durable-linen-blouses/,yes,Durable Linen for Blouses Fabric Notes Use Notes,"This page focuses on durable linen options for blouses. Learn durable linen fabric for blouses, then compare real FabStitch fabrics.",Durable Linen for Blouses,,329,289,durable linen fabric for blouses,commercial_investigation,,,,8,,,supporting,C,
/discover/structured-linen-blouses/,,,yes,no,/discover/structured-linen-blouses/,yes,Structured Linen for Blouses Fabric Notes,"This page focuses on structured linen options for blouses. Learn structured linen fabric for blouses, then compare real FabStitch fabrics.",Structured Linen for Blouses,,312,272,structured linen fabric for blouses,commercial_investigation,,,,8,,,supporting,C,
/discover/premium-linen-blouses/,,,yes,no,/discover/premium-linen-blouses/,yes,Premium Linen for Blouses Fabric Notes Use Notes,"This page focuses on premium linen options for blouses. Learn premium linen fabric for blouses, then compare real FabStitch fabrics.",Premium Linen for Blouses,,316,276,premium linen fabric for blouses,commercial_investigation,,,,8,,,supporting,C,
/discover/lightweight-silk-dresses/,,,yes,no,/discover/lightweight-silk-dresses/,yes,Lightweight Silk for Dresses Fabric Notes,"This page focuses on lightweight silk options for dresses. Learn lightweight silk fabric for dresses, then compare real FabStitch fabrics.",Lightweight Silk for Dresses,,355,315,lightweight silk fabric for dresses,commercial_investigation,,,,10,,,supporting,C,
/discover/breathable-silk-dresses/,,,yes,no,/discover/breathable-silk-dresses/,yes,Breathable Silk for Dresses Fabric Notes,"This page focuses on breathable silk options for dresses. Learn breathable silk fabric for dresses, then compare real FabStitch fabrics.",Breathable Silk for Dresses,,344,304,breathable silk fabric for dresses,commercial_investigation,,,,10,,,supporting,C,
/discover/soft-silk-dresses/,,,yes,no,/discover/soft-silk-dresses/,yes,Soft Silk for Dresses Fabric Notes Fabric Notes,"This page focuses on soft silk options for dresses. Learn soft silk fabric for dresses, then compare real FabStitch fabrics.",Soft Silk for Dresses,,340,300,soft silk fabric for dresses,commercial_investigation,,,,10,,,supporting,C,
/discover/stretch-silk-dresses/,,,yes,no,/discover/stretch-silk-dresses/,yes,Stretch Silk for Dresses Fabric Notes for Apparel,"This page focuses on stretch silk options for dresses. Learn stretch silk fabric for dresses, then compare real FabStitch fabrics.",Stretch Silk for Dresses,,346,306,stretch silk fabric for dresses,commercial_investigation,,,,10,,,supporting,C,
/discover/durable-silk-dresses/,,,yes,no,/discover/durable-silk-dresses/,yes,Durable Silk for Dresses Fabric Notes for Apparel,"This page focuses on durable silk options for dresses. Learn durable silk fabric for dresses, then compare real FabStitch fabrics.",Durable Silk for Dresses,,338,298,durable silk fabric for dresses,commercial_investigation,,,,10,,,supporting,C,
/discover/structured-silk-dresses/,,,yes,no,/discover/structured-silk-dresses/,yes,Structured Silk for Dresses Fabric Notes,"This page focuses on structured silk options for dresses. Learn structured silk fabric for dresses, then compare real FabStitch fabrics.",Structured Silk for Dresses,,329,289,structured silk fabric for dresses,commercial_investigation,,,,10,,,supporting,C,
/discover/premium-silk-dresses/,,,yes,no,/discover/premium-silk-dresses/,yes,Premium Silk for Dresses Fabric Notes for Apparel,"This page focuses on premium silk options for dresses. Learn premium silk fabric for dresses, then compare real FabStitch fabrics.",Premium Silk for Dresses,,336,296,premium silk fabric for dresses,commercial_investigation,,,,10,,,supporting,C,
/discover/lightweight-silk-blouses/,,,yes,no,/discover/lightweight-silk-blouses/,yes,Lightweight Silk for Blouses Fabric Notes,"This page focuses on lightweight silk options for blouses. Learn lightweight silk fabric for blouses, then compare real FabStitch fabrics.",Lightweight Silk for Blouses,,339,299,lightweight silk fabric for blouses,commercial_investigation,,,,9,,,supporting,C,
/discover/breathable-silk-blouses/,,,yes,no,/discover/breathable-silk-blouses/,yes,Breathable Silk for Blouses Fabric Notes,"This page focuses on breathable silk options for blouses. Learn breathable silk fabric for blouses, then compare real FabStitch fabrics.",Breathable Silk for Blouses,,328,288,breathable silk fabric for blouses,commercial_investigation,,,,8,,,supporting,C,
/discover/soft-silk-blouses/,,,yes,no,/discover/soft-silk-blouses/,yes,Soft Silk for Blouses Fabric Notes Fabric Notes,"This page focuses on soft silk options for blouses. Learn soft silk fabric for blouses, then compare real FabStitch fabrics.",Soft Silk for Blouses,,332,292,soft silk fabric for blouses,commercial_investigation,,,,8,,,supporting,C,
/discover/stretch-silk-blouses/,,,yes,no,/discover/stretch-silk-blouses/,yes,Stretch Silk for Blouses Fabric Notes for Apparel,"This page focuses on stretch silk options for blouses. Learn stretch silk fabric for blouses, then compare real FabStitch fabrics.",Stretch Silk for Blouses,,338,298,stretch silk fabric for blouses,commercial_investigation,,,,8,,,supporting,C,
/discover/durable-silk-blouses/,,,yes,no,/discover/durable-silk-blouses/,yes,Durable Silk for Blouses Fabric Notes for Apparel,"This page focuses on durable silk options for blouses. Learn durable silk fabric for blouses, then compare real FabStitch fabrics.",Durable Silk for Blouses,,321,281,durable silk fabric for blouses,commercial_investigation,,,,8,,,supporting,C,
/discover/structured-silk-blouses/,,,yes,no,/discover/structured-silk-blouses/,yes,Structured Silk for Blouses Fabric Notes,"This page focuses on structured silk options for blouses. Learn structured silk fabric for blouses, then compare real FabStitch fabrics.",Structured Silk for Blouses,,312,272,structured silk fabric for blouses,commercial_investigation,,,,8,,,supporting,C,
/discover/premium-silk-blouses/,,,yes,no,/discover/premium-silk-blouses/,yes,Premium Silk for Blouses Fabric Notes for Apparel,"This page focuses on premium silk options for blouses. Learn premium silk fabric for blouses, then compare real FabStitch fabrics.",Premium Silk for Blouses,,319,279,premium silk fabric for blouses,commercial_investigation,,,,8,,,supporting,C,
/discover/lightweight-wool-suits/,,,yes,no,/discover/lightweight-wool-suits/,yes,Lightweight Wool for Suits Fabric Notes Use Notes,"This page focuses on lightweight wool options for suits. Learn lightweight wool fabric for suits, then compare real FabStitch fabrics.",Lightweight Wool for Suits,,329,289,lightweight wool fabric for suits,commercial_investigation,,,,9,,,supporting,C,
/discover/breathable-wool-suits/,,,yes,no,/discover/breathable-wool-suits/,yes,Breathable Wool for Suits Fabric Notes Use Notes,"This page focuses on breathable wool options for suits. Learn breathable wool fabric for suits, then compare real FabStitch fabrics.",Breathable Wool for Suits,,320,280,breathable wool fabric for suits,commercial_investigation,,,,8,,,supporting,C,
/discover/soft-wool-suits/,,,yes,no,/discover/soft-wool-suits/,yes,Soft Wool for Suits for apparel sourcing,"This page focuses on soft wool options for suits. Learn soft wool fabric for suits, then compare real FabStitch fabrics.",Soft Wool for Suits,,312,272,soft wool fabric for suits,commercial_investigation,,,,8,,,supporting,C,
/discover/stretch-wool-suits/,,,yes,no,/discover/stretch-wool-suits/,yes,Stretch Wool for Suits Fabric Notes Fabric Notes,"This page focuses on stretch wool options for suits. Learn stretch wool fabric for suits, then compare real FabStitch fabrics.",Stretch Wool for Suits,,312,272,stretch wool fabric for suits,commercial_investigation,,,,8,,,supporting,C,
/discover/durable-wool-suits/,,,yes,no,/discover/durable-wool-suits/,yes,Durable Wool for Suits Fabric Notes Fabric Notes,"This page focuses on durable wool options for suits. Learn durable wool fabric for suits, then compare real FabStitch fabrics.",Durable Wool for Suits,,315,275,durable wool fabric for suits,commercial_investigation,,,,8,,,supporting,C,
/discover/structured-wool-suits/,,,yes,no,/discover/structured-wool-suits/,yes,Structured Wool for Suits Fabric Notes Use Notes,"This page focuses on structured wool options for suits. Learn structured wool fabric for suits, then compare real FabStitch fabrics.",Structured Wool for Suits,,301,261,structured wool fabric for suits,commercial_investigation,,,,8,,,supporting,C,
/discover/premium-wool-suits/,,,yes,no,/discover/premium-wool-suits/,yes,Premium Wool for Suits Fabric Notes Fabric Notes,"This page focuses on premium wool options for suits. Learn premium wool fabric for suits, then compare real FabStitch fabrics.",Premium Wool for Suits,,301,261,premium wool fabric for suits,commercial_investigation,,,,8,,,supporting,C,
/discover/lightweight-wool-jackets/,,,yes,no,/discover/lightweight-wool-jackets/,yes,Lightweight Wool for Jackets Fabric Notes,"This page focuses on lightweight wool options for jackets. Learn lightweight wool fabric for jackets, then compare real FabStitch fabrics.",Lightweight Wool for Jackets,,346,306,lightweight wool fabric for jackets,commercial_investigation,,,,9,,,supporting,C,
/discover/breathable-wool-jackets/,,,yes,no,/discover/breathable-wool-jackets/,yes,Breathable Wool for Jackets Fabric Notes,"This page focuses on breathable wool options for jackets. Learn breathable wool fabric for jackets, then compare real FabStitch fabrics.",Breathable Wool for Jackets,,326,286,breathable wool fabric for jackets,commercial_investigation,,,,8,,,supporting,C,
/discover/soft-wool-jackets/,,,yes,no,/discover/soft-wool-jackets/,yes,Soft Wool for Jackets Fabric Notes Fabric Notes,"This page focuses on soft wool options for jackets. Learn soft wool fabric for jackets, then compare real FabStitch fabrics.",Soft Wool for Jackets,,333,293,soft wool fabric for jackets,commercial_investigation,,,,8,,,supporting,C,
/discover/stretch-wool-jackets/,,,yes,no,/discover/stretch-wool-jackets/,yes,Stretch Wool for Jackets Fabric Notes for Apparel,"This page focuses on stretch wool options for jackets. Learn stretch wool fabric for jackets, then compare real FabStitch fabrics.",Stretch Wool for Jackets,,328,288,stretch wool fabric for jackets,commercial_investigation,,,,8,,,supporting,C,
/discover/durable-wool-jackets/,,,yes,no,/discover/durable-wool-jackets/,yes,Durable Wool for Jackets Fabric Notes for Apparel,"This page focuses on durable wool options for jackets. Learn durable wool fabric for jackets, then compare real FabStitch fabrics.",Durable Wool for Jackets,,332,292,durable wool fabric for jackets,commercial_investigation,,,,8,,,supporting,C,
/discover/structured-wool-jackets/,,,yes,no,/discover/structured-wool-jackets/,yes,Structured Wool for Jackets Fabric Notes,"This page focuses on structured wool options for jackets. Learn structured wool fabric for jackets, then compare real FabStitch fabrics.",Structured Wool for Jackets,,322,282,structured wool fabric for jackets,commercial_investigation,,,,8,,,supporting,C,
/discover/premium-wool-jackets/,,,yes,no,/discover/premium-wool-jackets/,yes,Premium Wool for Jackets Fabric Notes for Apparel,"This page focuses on premium wool options for jackets. Learn premium wool fabric for jackets, then compare real FabStitch fabrics.",Premium Wool for Jackets,,317,277,premium wool fabric for jackets,commercial_investigation,,,,8,,,supporting,C,
/discover/lightweight-wool-coats/,,,yes,no,/discover/lightweight-wool-coats/,yes,Lightweight Wool for Coats Fabric Notes Use Notes,"This page focuses on lightweight wool options for coats. Learn lightweight wool fabric for coats, then compare real FabStitch fabrics.",Lightweight Wool for Coats,,327,287,lightweight wool fabric for coats,commercial_investigation,,,,9,,,supporting,C,
/discover/breathable-wool-coats/,,,yes,no,/discover/breathable-wool-coats/,yes,Breathable Wool for Coats Fabric Notes Use Notes,"This page focuses on breathable wool options for coats. Learn breathable wool fabric for coats, then compare real FabStitch fabrics.",Breathable Wool for Coats,,318,278,breathable wool fabric for coats,commercial_investigation,,,,8,,,supporting,C,
/discover/soft-wool-coats/,,,yes,no,/discover/soft-wool-coats/,yes,Soft Wool for Coats for apparel sourcing,"This page focuses on soft wool options for coats. Learn soft wool fabric for coats, then compare real FabStitch fabrics.",Soft Wool for Coats,,329,289,soft wool fabric for coats,commercial_investigation,,,,8,,,supporting,C,
/discover/stretch-wool-coats/,,,yes,no,/discover/stretch-wool-coats/,yes,Stretch Wool for Coats Fabric Notes Fabric Notes,"This page focuses on stretch wool options for coats. Learn stretch wool fabric for coats, then compare real FabStitch fabrics.",Stretch Wool for Coats,,333,293,stretch wool fabric for coats,commercial_investigation,,,,8,,,supporting,C,
/discover/durable-wool-coats/,,,yes,no,/discover/durable-wool-coats/,yes,Durable Wool for Coats Fabric Notes Fabric Notes,"This page focuses on durable wool options for coats. Learn durable wool fabric for coats, then compare real FabStitch fabrics.",Durable Wool for Coats,,313,273,durable wool fabric for coats,commercial_investigation,,,,8,,,supporting,C,
/discover/structured-wool-coats/,,,yes,no,/discover/structured-wool-coats/,yes,Structured Wool for Coats Fabric Notes Use Notes,"This page focuses on structured wool options for coats. Learn structured wool fabric for coats, then compare real FabStitch fabrics.",Structured Wool for Coats,,318,278,structured wool fabric for coats,commercial_investigation,,,,8,,,supporting,C,
/discover/premium-wool-coats/,,,yes,no,/discover/premium-wool-coats/,yes,Premium Wool for Coats Fabric Notes Fabric Notes,"This page focuses on premium wool options for coats. Learn premium wool fabric for coats, then compare real FabStitch fabrics.",Premium Wool for Coats,,322,282,premium wool fabric for coats,commercial_investigation,,,,8,,,supporting,C,
/discover/lightweight-wool-trousers/,,,yes,no,/discover/lightweight-wool-trousers/,yes,Lightweight Wool for Trousers Fabric Notes,"This page focuses on lightweight wool options for trousers. Learn lightweight wool fabric for trousers, then compare real FabStitch fabrics.",Lightweight Wool for Trousers,,349,309,lightweight wool fabric for trousers,commercial_investigation,,,,9,,,supporting,C,
/discover/breathable-wool-trousers/,,,yes,no,/discover/breathable-wool-trousers/,yes,Breathable Wool for Trousers Fabric Notes,"This page focuses on breathable wool options for trousers. Learn breathable wool fabric for trousers, then compare real FabStitch fabrics.",Breathable Wool for Trousers,,329,289,breathable wool fabric for trousers,commercial_investigation,,,,8,,,supporting,C,
/discover/soft-wool-trousers/,,,yes,no,/discover/soft-wool-trousers/,yes,Soft Wool for Trousers Fabric Notes Fabric Notes,"This page focuses on soft wool options for trousers. Learn soft wool fabric for trousers, then compare real FabStitch fabrics.",Soft Wool for Trousers,,346,306,soft wool fabric for trousers,commercial_investigation,,,,8,,,supporting,C,
/discover/stretch-wool-trousers/,,,yes,no,/discover/stretch-wool-trousers/,yes,Stretch Wool for Trousers Fabric Notes Use Notes,"This page focuses on stretch wool options for trousers. Learn stretch wool fabric for trousers, then compare real FabStitch fabrics.",Stretch Wool for Trousers,,335,295,stretch wool fabric for trousers,commercial_investigation,,,,8,,,supporting,C,
/discover/durable-wool-trousers/,,,yes,no,/discover/durable-wool-trousers/,yes,Durable Wool for Trousers Fabric Notes Use Notes,"This page focuses on durable wool options for trousers. Learn durable wool fabric for trousers, then compare real FabStitch fabrics.",Durable Wool for Trousers,,335,295,durable wool fabric for trousers,commercial_investigation,,,,8,,,supporting,C,
/discover/structured-wool-trousers/,,,yes,no,/discover/structured-wool-trousers/,yes,Structured Wool for Trousers Fabric Notes,"This page focuses on structured wool options for trousers. Learn structured wool fabric for trousers, then compare real FabStitch fabrics.",Structured Wool for Trousers,,335,295,structured wool fabric for trousers,commercial_investigation,,,,8,,,supporting,C,
/discover/premium-wool-trousers/,,,yes,no,/discover/premium-wool-trousers/,yes,Premium Wool for Trousers Fabric Notes Use Notes,"This page focuses on premium wool options for trousers. Learn premium wool fabric for trousers, then compare real FabStitch fabrics.",Premium Wool for Trousers,,324,284,premium wool fabric for trousers,commercial_investigation,,,,8,,,supporting,C,
/discover/lightweight-wool-blazers/,,,yes,no,/discover/lightweight-wool-blazers/,yes,Lightweight Wool for Blazers Fabric Notes,"This page focuses on lightweight wool options for blazers. Learn lightweight wool fabric for blazers, then compare real FabStitch fabrics.",Lightweight Wool for Blazers,,338,298,lightweight wool fabric for blazers,commercial_investigation,,,,9,,,supporting,C,
/discover/breathable-wool-blazers/,,,yes,no,/discover/breathable-wool-blazers/,yes,Breathable Wool for Blazers Fabric Notes,"This page focuses on breathable wool options for blazers. Learn breathable wool fabric for blazers, then compare real FabStitch fabrics.",Breathable Wool for Blazers,,318,278,breathable wool fabric for blazers,commercial_investigation,,,,8,,,supporting,C,
/discover/soft-wool-blazers/,,,yes,no,/discover/soft-wool-blazers/,yes,Soft Wool for Blazers Fabric Notes Fabric Notes,"This page focuses on soft wool options for blazers. Learn soft wool fabric for blazers, then compare real FabStitch fabrics.",Soft Wool for Blazers,,321,281,soft wool fabric for blazers,commercial_investigation,,,,8,,,supporting,C,
/discover/stretch-wool-blazers/,,,yes,no,/discover/stretch-wool-blazers/,yes,Stretch Wool for Blazers Fabric Notes for Apparel,"This page focuses on stretch wool options for blazers. Learn stretch wool fabric for blazers, then compare real FabStitch fabrics.",Stretch Wool for Blazers,,320,280,stretch wool fabric for blazers,commercial_investigation,,,,8,,,supporting,C,
/discover/durable-wool-blazers/,,,yes,no,/discover/durable-wool-blazers/,yes,Durable Wool for Blazers Fabric Notes for Apparel,"This page focuses on durable wool options for blazers. Learn durable wool fabric for blazers, then compare real FabStitch fabrics.",Durable Wool for Blazers,,324,284,durable wool fabric for blazers,commercial_investigation,,,,8,,,supporting,C,
/discover/structured-wool-blazers/,,,yes,no,/discover/structured-wool-blazers/,yes,Structured Wool for Blazers Fabric Notes,"This page focuses on structured wool options for blazers. Learn structured wool fabric for blazers, then compare real FabStitch fabrics.",Structured Wool for Blazers,,310,270,structured wool fabric for blazers,commercial_investigation,,,,8,,,supporting,C,
/discover/premium-wool-blazers/,,,yes,no,/discover/premium-wool-blazers/,yes,Premium Wool for Blazers Fabric Notes for Apparel,"This page focuses on premium wool options for blazers. Learn premium wool fabric for blazers, then compare real FabStitch fabrics.",Premium Wool for Blazers,,309,269,premium wool fabric for blazers,commercial_investigation,,,,8,,,supporting,C,
/discover/lightweight-denim-trousers/,,,yes,no,/discover/lightweight-denim-trousers/,yes,Lightweight Denim for Trousers Fabric Notes,"This page focuses on lightweight denim options for trousers. Learn lightweight denim fabric for trousers, then compare real FabStitch fabrics.",Lightweight Denim for Trousers,,364,324,lightweight denim fabric for trousers,commercial_investigation,,,,9,,,supporting,C,
/discover/breathable-denim-trousers/,,,yes,no,/discover/breathable-denim-trousers/,yes,Breathable Denim for Trousers Fabric Notes,"This page focuses on breathable denim options for trousers. Learn breathable denim fabric for trousers, then compare real FabStitch fabrics.",Breathable Denim for Trousers,,357,317,breathable denim fabric for trousers,commercial_investigation,,,,8,,,supporting,C,
/discover/soft-denim-trousers/,,,yes,no,/discover/soft-denim-trousers/,yes,Soft Denim for Trousers Fabric Notes for Apparel,"This page focuses on soft denim options for trousers. Learn soft denim fabric for trousers, then compare real FabStitch fabrics.",Soft Denim for Trousers,,343,303,soft denim fabric for trousers,commercial_investigation,,,,8,,,supporting,C,
/discover/stretch-denim-trousers/,,,yes,no,/discover/stretch-denim-trousers/,yes,Stretch Denim for Trousers Fabric Notes Use Notes,"This page focuses on stretch denim options for trousers. Learn stretch denim fabric for trousers, then compare real FabStitch fabrics.",Stretch Denim for Trousers,,349,309,stretch denim fabric for trousers,commercial_investigation,,,,8,,,supporting,C,
/discover/durable-denim-trousers/,,,yes,no,/discover/durable-denim-trousers/,yes,Durable Denim for Trousers Fabric Notes Use Notes,"This page focuses on durable denim options for trousers. Learn durable denim fabric for trousers, then compare real FabStitch fabrics.",Durable Denim for Trousers,,346,306,durable denim fabric for trousers,commercial_investigation,,,,8,,,supporting,C,
/discover/structured-denim-trousers/,,,yes,no,/discover/structured-denim-trousers/,yes,Structured Denim for Trousers Fabric Notes,"This page focuses on structured denim options for trousers. Learn structured denim fabric for trousers, then compare real FabStitch fabrics.",Structured Denim for Trousers,,344,304,structured denim fabric for trousers,commercial_investigation,,,,8,,,supporting,C,
/discover/premium-denim-trousers/,,,yes,no,/discover/premium-denim-trousers/,yes,Premium Denim for Trousers Fabric Notes Use Notes,"This page focuses on premium denim options for trousers. Learn premium denim fabric for trousers, then compare real FabStitch fabrics.",Premium Denim for Trousers,,340,300,premium denim fabric for trousers,commercial_investigation,,,,8,,,supporting,C,
/discover/lightweight-denim-jackets/,,,yes,no,/discover/lightweight-denim-jackets/,yes,Lightweight Denim for Jackets Fabric Notes,"This page focuses on lightweight denim options for jackets. Learn lightweight denim fabric for jackets, then compare real FabStitch fabrics.",Lightweight Denim for Jackets,,351,311,lightweight denim fabric for jackets,commercial_investigation,,,,9,,,supporting,C,
/discover/breathable-denim-jackets/,,,yes,no,/discover/breathable-denim-jackets/,yes,Breathable Denim for Jackets Fabric Notes,"This page focuses on breathable denim options for jackets. Learn breathable denim fabric for jackets, then compare real FabStitch fabrics.",Breathable Denim for Jackets,,344,304,breathable denim fabric for jackets,commercial_investigation,,,,8,,,supporting,C,
/discover/soft-denim-jackets/,,,yes,no,/discover/soft-denim-jackets/,yes,Soft Denim for Jackets Fabric Notes Fabric Notes,"This page focuses on soft denim options for jackets. Learn soft denim fabric for jackets, then compare real FabStitch fabrics.",Soft Denim for Jackets,,340,300,soft denim fabric for jackets,commercial_investigation,,,,8,,,supporting,C,
/discover/stretch-denim-jackets/,,,yes,no,/discover/stretch-denim-jackets/,yes,Stretch Denim for Jackets Fabric Notes Use Notes,"This page focuses on stretch denim options for jackets. Learn stretch denim fabric for jackets, then compare real FabStitch fabrics.",Stretch Denim for Jackets,,346,306,stretch denim fabric for jackets,commercial_investigation,,,,8,,,supporting,C,
/discover/durable-denim-jackets/,,,yes,no,/discover/durable-denim-jackets/,yes,Durable Denim for Jackets Fabric Notes Use Notes,"This page focuses on durable denim options for jackets. Learn durable denim fabric for jackets, then compare real FabStitch fabrics.",Durable Denim for Jackets,,339,299,durable denim fabric for jackets,commercial_investigation,,,,8,,,supporting,C,
/discover/structured-denim-jackets/,,,yes,no,/discover/structured-denim-jackets/,yes,Structured Denim for Jackets Fabric Notes,"This page focuses on structured denim options for jackets. Learn structured denim fabric for jackets, then compare real FabStitch fabrics.",Structured Denim for Jackets,,331,291,structured denim fabric for jackets,commercial_investigation,,,,8,,,supporting,C,
/discover/premium-denim-jackets/,,,yes,no,/discover/premium-denim-jackets/,yes,Premium Denim for Jackets Fabric Notes Use Notes,"This page focuses on premium denim options for jackets. Learn premium denim fabric for jackets, then compare real FabStitch fabrics.",Premium Denim for Jackets,,333,293,premium denim fabric for jackets,commercial_investigation,,,,8,,,supporting,C,
/discover/lightweight-denim-workwear/,,,yes,no,/discover/lightweight-denim-workwear/,yes,Lightweight Denim for Workwear Fabric Notes,"This page focuses on lightweight denim options for workwear. Learn lightweight denim fabric for workwear, then compare real FabStitch fabrics.",Lightweight Denim for Workwear,,322,282,lightweight denim fabric for workwear,commercial_investigation,,,,9,,,supporting,C,
/discover/breathable-denim-workwear/,,,yes,no,/discover/breathable-denim-workwear/,yes,Breathable Denim for Workwear Fabric Notes,"This page focuses on breathable denim options for workwear. Learn breathable denim fabric for workwear, then compare real FabStitch fabrics.",Breathable Denim for Workwear,,313,273,breathable denim fabric for workwear,commercial_investigation,,,,8,,,supporting,C,
/discover/soft-denim-workwear/,,,yes,no,/discover/soft-denim-workwear/,yes,Soft Denim for Workwear Fabric Notes for Apparel,"This page focuses on soft denim options for workwear. Learn soft denim fabric for workwear, then compare real FabStitch fabrics.",Soft Denim for Workwear,,320,280,soft denim fabric for workwear,commercial_investigation,,,,8,,,supporting,C,
/discover/stretch-denim-workwear/,,,yes,no,/discover/stretch-denim-workwear/,yes,Stretch Denim for Workwear Fabric Notes Use Notes,"This page focuses on stretch denim options for workwear. Learn stretch denim fabric for workwear, then compare real FabStitch fabrics.",Stretch Denim for Workwear,,324,284,stretch denim fabric for workwear,commercial_investigation,,,,8,,,supporting,C,
/discover/durable-denim-workwear/,,,yes,no,/discover/durable-denim-workwear/,yes,Durable Denim for Workwear Fabric Notes Use Notes,"This page focuses on durable denim options for workwear. Learn durable denim fabric for workwear, then compare real FabStitch fabrics.",Durable Denim for Workwear,,313,273,durable denim fabric for workwear,commercial_investigation,,,,8,,,supporting,C,
/discover/structured-denim-workwear/,,,yes,no,/discover/structured-denim-workwear/,yes,Structured Denim for Workwear Fabric Notes,"This page focuses on structured denim options for workwear. Learn structured denim fabric for workwear, then compare real FabStitch fabrics.",Structured Denim for Workwear,,300,260,structured denim fabric for workwear,commercial_investigation,,,,8,,,supporting,C,
/discover/premium-denim-workwear/,,,yes,no,/discover/premium-denim-workwear/,yes,Premium Denim for Workwear Fabric Notes Use Notes,"This page focuses on premium denim options for workwear. Learn premium denim fabric for workwear, then compare real FabStitch fabrics.",Premium Denim for Workwear,,309,269,premium denim fabric for workwear,commercial_investigation,,,,8,,,supporting,C,
/discover/lightweight-polyester-activewear/,,,yes,no,/discover/lightweight-polyester-activewear/,yes,Lightweight Polyester for Activewear for Apparel,"This page focuses on lightweight polyester options for activewear. Learn lightweight polyester fabric for activewear, then compare real FabStitch.",Lightweight Polyester for Activewear,,338,298,lightweight polyester fabric for activewear,commercial_investigation,,,,9,,,supporting,C,
/discover/breathable-polyester-activewear/,,,yes,no,/discover/breathable-polyester-activewear/,yes,Breathable Polyester for Activewear Fabric Notes,"This page focuses on breathable polyester options for activewear. Learn breathable polyester fabric for activewear, then compare real FabStitch.",Breathable Polyester for Activewear,,332,292,breathable polyester fabric for activewear,commercial_investigation,,,,8,,,supporting,C,
/discover/soft-polyester-activewear/,,,yes,no,/discover/soft-polyester-activewear/,yes,Soft Polyester for Activewear Fabric Notes,"This page focuses on soft polyester options for activewear. Learn soft polyester fabric for activewear, then compare real FabStitch fabrics.",Soft Polyester for Activewear,,331,291,soft polyester fabric for activewear,commercial_investigation,,,,8,,,supporting,C,
/discover/stretch-polyester-activewear/,,,yes,no,/discover/stretch-polyester-activewear/,yes,Stretch Polyester for Activewear Fabric Notes,"This page focuses on stretch polyester options for activewear. Learn stretch polyester fabric for activewear, then compare real FabStitch fabrics.",Stretch Polyester for Activewear,,330,290,stretch polyester fabric for activewear,commercial_investigation,,,,8,,,supporting,C,
/discover/durable-polyester-activewear/,,,yes,no,/discover/durable-polyester-activewear/,yes,Durable Polyester for Activewear Fabric Notes,"This page focuses on durable polyester options for activewear. Learn durable polyester fabric for activewear, then compare real FabStitch fabrics.",Durable Polyester for Activewear,,330,290,durable polyester fabric for activewear,commercial_investigation,,,,8,,,supporting,C,
/discover/structured-polyester-activewear/,,,yes,no,/discover/structured-polyester-activewear/,yes,Structured Polyester for Activewear Fabric Notes,"This page focuses on structured polyester options for activewear. Learn structured polyester fabric for activewear, then compare real FabStitch.",Structured Polyester for Activewear,,320,280,structured polyester fabric for activewear,commercial_investigation,,,,8,,,supporting,C,
/discover/premium-polyester-activewear/,,,yes,no,/discover/premium-polyester-activewear/,yes,Premium Polyester for Activewear Fabric Notes,"This page focuses on premium polyester options for activewear. Learn premium polyester fabric for activewear, then compare real FabStitch fabrics.",Premium Polyester for Activewear,,319,279,premium polyester fabric for activewear,commercial_investigation,,,,8,,,supporting,C,
/discover/lightweight-polyester-uniforms/,,,yes,no,/discover/lightweight-polyester-uniforms/,yes,Lightweight Polyester for Uniforms Fabric Notes,"This page focuses on lightweight polyester options for uniforms. Learn lightweight polyester fabric for uniforms, then compare real FabStitch fabrics.",Lightweight Polyester for Uniforms,,326,286,lightweight polyester fabric for uniforms,commercial_investigation,,,,8,,,supporting,C,
/discover/breathable-polyester-uniforms/,,,yes,no,/discover/breathable-polyester-uniforms/,yes,Breathable Polyester for Uniforms Fabric Notes,"This page focuses on breathable polyester options for uniforms. Learn breathable polyester fabric for uniforms, then compare real FabStitch fabrics.",Breathable Polyester for Uniforms,,318,278,breathable polyester fabric for uniforms,commercial_investigation,,,,7,,,supporting,C,
/discover/soft-polyester-uniforms/,,,yes,no,/discover/soft-polyester-uniforms/,yes,Soft Polyester for Uniforms Fabric Notes,"This page focuses on soft polyester options for uniforms. Learn soft polyester fabric for uniforms, then compare real FabStitch fabrics.",Soft Polyester for Uniforms,,313,273,soft polyester fabric for uniforms,commercial_investigation,,,,7,,,supporting,C,
/discover/stretch-polyester-uniforms/,,,yes,no,/discover/stretch-polyester-uniforms/,yes,Stretch Polyester for Uniforms Fabric Notes,"This page focuses on stretch polyester options for uniforms. Learn stretch polyester fabric for uniforms, then compare real FabStitch fabrics.",Stretch Polyester for Uniforms,,318,278,stretch polyester fabric for uniforms,commercial_investigation,,,,7,,,supporting,C,
/discover/durable-polyester-uniforms/,,,yes,no,/discover/durable-polyester-uniforms/,yes,Durable Polyester for Uniforms Fabric Notes,"This page focuses on durable polyester options for uniforms. Learn durable polyester fabric for uniforms, then compare real FabStitch fabrics.",Durable Polyester for Uniforms,,316,276,durable polyester fabric for uniforms,commercial_investigation,,,,7,,,supporting,C,
/discover/structured-polyester-uniforms/,,,yes,no,/discover/structured-polyester-uniforms/,yes,Structured Polyester for Uniforms Fabric Notes,"This page focuses on structured polyester options for uniforms. Learn structured polyester fabric for uniforms, then compare real FabStitch fabrics.",Structured Polyester for Uniforms,,308,268,structured polyester fabric for uniforms,commercial_investigation,,,,7,,,supporting,C,
/discover/premium-polyester-uniforms/,,,yes,no,/discover/premium-polyester-uniforms/,yes,Premium Polyester for Uniforms Fabric Notes,"This page focuses on premium polyester options for uniforms. Learn premium polyester fabric for uniforms, then compare real FabStitch fabrics.",Premium Polyester for Uniforms,,307,267,premium polyester fabric for uniforms,commercial_investigation,,,,7,,,supporting,C,
/discover/lightweight-polyester-outerwear/,,,yes,no,/discover/lightweight-polyester-outerwear/,yes,Lightweight Polyester for Outerwear Fabric Notes,"This page focuses on lightweight polyester options for outerwear. Learn lightweight polyester fabric for outerwear, then compare real FabStitch.",Lightweight Polyester for Outerwear,,323,283,lightweight polyester fabric for outerwear,commercial_investigation,,,,9,,,supporting,C,
/discover/breathable-polyester-outerwear/,,,yes,no,/discover/breathable-polyester-outerwear/,yes,Breathable Polyester for Outerwear Fabric Notes,"This page focuses on breathable polyester options for outerwear. Learn breathable polyester fabric for outerwear, then compare real FabStitch fabrics.",Breathable Polyester for Outerwear,,310,270,breathable polyester fabric for outerwear,commercial_investigation,,,,8,,,supporting,C,
/discover/soft-polyester-outerwear/,,,yes,no,/discover/soft-polyester-outerwear/,yes,Soft Polyester for Outerwear Fabric Notes,"This page focuses on soft polyester options for outerwear. Learn soft polyester fabric for outerwear, then compare real FabStitch fabrics.",Soft Polyester for Outerwear,,316,276,soft polyester fabric for outerwear,commercial_investigation,,,,8,,,supporting,C,
/discover/stretch-polyester-outerwear/,,,yes,no,/discover/stretch-polyester-outerwear/,yes,Stretch Polyester for Outerwear Fabric Notes,"This page focuses on stretch polyester options for outerwear. Learn stretch polyester fabric for outerwear, then compare real FabStitch fabrics.",Stretch Polyester for Outerwear,,321,281,stretch polyester fabric for outerwear,commercial_investigation,,,,8,,,supporting,C,
/discover/durable-polyester-outerwear/,,,yes,no,/discover/durable-polyester-outerwear/,yes,Durable Polyester for Outerwear Fabric Notes,"This page focuses on durable polyester options for outerwear. Learn durable polyester fabric for outerwear, then compare real FabStitch fabrics.",Durable Polyester for Outerwear,,310,270,durable polyester fabric for outerwear,commercial_investigation,,,,8,,,supporting,C,
/discover/structured-polyester-outerwear/,,,yes,no,/discover/structured-polyester-outerwear/,yes,Structured Polyester for Outerwear Fabric Notes,"This page focuses on structured polyester options for outerwear. Learn structured polyester fabric for outerwear, then compare real FabStitch fabrics.",Structured Polyester for Outerwear,,303,263,structured polyester fabric for outerwear,commercial_investigation,,,,8,,,supporting,C,
/discover/premium-polyester-outerwear/,,,yes,no,/discover/premium-polyester-outerwear/,yes,Premium Polyester for Outerwear Fabric Notes,"This page focuses on premium polyester options for outerwear. Learn premium polyester fabric for outerwear, then compare real FabStitch fabrics.",Premium Polyester for Outerwear,,310,270,premium polyester fabric for outerwear,commercial_investigation,,,,8,,,supporting,C,
/discover/lightweight-viscose-dresses/,,,yes,no,/discover/lightweight-viscose-dresses/,yes,Lightweight Viscose for Dresses Fabric Notes,"This page focuses on lightweight viscose options for dresses. Learn lightweight viscose fabric for dresses, then compare real FabStitch fabrics.",Lightweight Viscose for Dresses,,336,296,lightweight viscose fabric for dresses,commercial_investigation,,,,10,,,supporting,C,
/discover/breathable-viscose-dresses/,,,yes,no,/discover/breathable-viscose-dresses/,yes,Breathable Viscose for Dresses Fabric Notes,"This page focuses on breathable viscose options for dresses. Learn breathable viscose fabric for dresses, then compare real FabStitch fabrics.",Breathable Viscose for Dresses,,326,286,breathable viscose fabric for dresses,commercial_investigation,,,,10,,,supporting,C,
/discover/soft-viscose-dresses/,,,yes,no,/discover/soft-viscose-dresses/,yes,Soft Viscose for Dresses Fabric Notes for Apparel,"This page focuses on soft viscose options for dresses. Learn soft viscose fabric for dresses, then compare real FabStitch fabrics.",Soft Viscose for Dresses,,326,286,soft viscose fabric for dresses,commercial_investigation,,,,10,,,supporting,C,
/discover/stretch-viscose-dresses/,,,yes,no,/discover/stretch-viscose-dresses/,yes,Stretch Viscose for Dresses Fabric Notes,"This page focuses on stretch viscose options for dresses. Learn stretch viscose fabric for dresses, then compare real FabStitch fabrics.",Stretch Viscose for Dresses,,334,294,stretch viscose fabric for dresses,commercial_investigation,,,,10,,,supporting,C,
/discover/durable-viscose-dresses/,,,yes,no,/discover/durable-viscose-dresses/,yes,Durable Viscose for Dresses Fabric Notes,"This page focuses on durable viscose options for dresses. Learn durable viscose fabric for dresses, then compare real FabStitch fabrics.",Durable Viscose for Dresses,,319,279,durable viscose fabric for dresses,commercial_investigation,,,,10,,,supporting,C,
/discover/structured-viscose-dresses/,,,yes,no,/discover/structured-viscose-dresses/,yes,Structured Viscose for Dresses Fabric Notes,"This page focuses on structured viscose options for dresses. Learn structured viscose fabric for dresses, then compare real FabStitch fabrics.",Structured Viscose for Dresses,,313,273,structured viscose fabric for dresses,commercial_investigation,,,,10,,,supporting,C,
/discover/premium-viscose-dresses/,,,yes,no,/discover/premium-viscose-dresses/,yes,Premium Viscose for Dresses Fabric Notes,"This page focuses on premium viscose options for dresses. Learn premium viscose fabric for dresses, then compare real FabStitch fabrics.",Premium Viscose for Dresses,,320,280,premium viscose fabric for dresses,commercial_investigation,,,,10,,,supporting,C,
/discover/lightweight-viscose-blouses/,,,yes,no,/discover/lightweight-viscose-blouses/,yes,Lightweight Viscose for Blouses Fabric Notes,"This page focuses on lightweight viscose options for blouses. Learn lightweight viscose fabric for blouses, then compare real FabStitch fabrics.",Lightweight Viscose for Blouses,,319,279,lightweight viscose fabric for blouses,commercial_investigation,,,,9,,,supporting,C,
/discover/breathable-viscose-blouses/,,,yes,no,/discover/breathable-viscose-blouses/,yes,Breathable Viscose for Blouses Fabric Notes,"This page focuses on breathable viscose options for blouses. Learn breathable viscose fabric for blouses, then compare real FabStitch fabrics.",Breathable Viscose for Blouses,,309,269,breathable viscose fabric for blouses,commercial_investigation,,,,8,,,supporting,C,
/discover/soft-viscose-blouses/,,,yes,no,/discover/soft-viscose-blouses/,yes,Soft Viscose for Blouses Fabric Notes for Apparel,"This page focuses on soft viscose options for blouses. Learn soft viscose fabric for blouses, then compare real FabStitch fabrics.",Soft Viscose for Blouses,,310,270,soft viscose fabric for blouses,commercial_investigation,,,,8,,,supporting,C,
/discover/stretch-viscose-blouses/,,,yes,no,/discover/stretch-viscose-blouses/,yes,Stretch Viscose for Blouses Fabric Notes,"This page focuses on stretch viscose options for blouses. Learn stretch viscose fabric for blouses, then compare real FabStitch fabrics.",Stretch Viscose for Blouses,,318,278,stretch viscose fabric for blouses,commercial_investigation,,,,8,,,supporting,C,
/discover/durable-viscose-blouses/,,,yes,no,/discover/durable-viscose-blouses/,yes,Durable Viscose for Blouses Fabric Notes,"This page focuses on durable viscose options for blouses. Learn durable viscose fabric for blouses, then compare real FabStitch fabrics.",Durable Viscose for Blouses,,311,271,durable viscose fabric for blouses,commercial_investigation,,,,8,,,supporting,C,
/discover/structured-viscose-blouses/,,,yes,no,/discover/structured-viscose-blouses/,yes,Structured Viscose for Blouses Fabric Notes,"This page focuses on structured viscose options for blouses. Learn structured viscose fabric for blouses, then compare real FabStitch fabrics.",Structured Viscose for Blouses,,297,257,structured viscose fabric for blouses,commercial_investigation,,,,8,,,supporting,C,
/discover/premium-viscose-blouses/,,,yes,no,/discover/premium-viscose-blouses/,yes,Premium Viscose for Blouses Fabric Notes,"This page focuses on premium viscose options for blouses. Learn premium viscose fabric for blouses, then compare real FabStitch fabrics.",Premium Viscose for Blouses,,312,272,premium viscose fabric for blouses,commercial_investigation,,,,8,,,supporting,C,
/discover/lightweight-viscose-shirts/,,,yes,no,/discover/lightweight-viscose-shirts/,yes,Lightweight Viscose for Shirts Fabric Notes,"This page focuses on lightweight viscose options for shirts. Learn lightweight viscose fabric for shirts, then compare real FabStitch fabrics.",Lightweight Viscose for Shirts,,345,305,lightweight viscose fabric for shirts,commercial_investigation,,,,10,,,supporting,C,
/discover/breathable-viscose-shirts/,,,yes,no,/discover/breathable-viscose-shirts/,yes,Breathable Viscose for Shirts Fabric Notes,"This page focuses on breathable viscose options for shirts. Learn breathable viscose fabric for shirts, then compare real FabStitch fabrics.",Breathable Viscose for Shirts,,335,295,breathable viscose fabric for shirts,commercial_investigation,,,,10,,,supporting,C,
/discover/soft-viscose-shirts/,,,yes,no,/discover/soft-viscose-shirts/,yes,Soft Viscose for Shirts Fabric Notes for Apparel,"This page focuses on soft viscose options for shirts. Learn soft viscose fabric for shirts, then compare real FabStitch fabrics.",Soft Viscose for Shirts,,332,292,soft viscose fabric for shirts,commercial_investigation,,,,10,,,supporting,C,
/discover/stretch-viscose-shirts/,,,yes,no,/discover/stretch-viscose-shirts/,yes,Stretch Viscose for Shirts Fabric Notes Use Notes,"This page focuses on stretch viscose options for shirts. Learn stretch viscose fabric for shirts, then compare real FabStitch fabrics.",Stretch Viscose for Shirts,,340,300,stretch viscose fabric for shirts,commercial_investigation,,,,10,,,supporting,C,
/discover/durable-viscose-shirts/,,,yes,no,/discover/durable-viscose-shirts/,yes,Durable Viscose for Shirts Fabric Notes Use Notes,"This page focuses on durable viscose options for shirts. Learn durable viscose fabric for shirts, then compare real FabStitch fabrics.",Durable Viscose for Shirts,,328,288,durable viscose fabric for shirts,commercial_investigation,,,,10,,,supporting,C,
/discover/structured-viscose-shirts/,,,yes,no,/discover/structured-viscose-shirts/,yes,Structured Viscose for Shirts Fabric Notes,"This page focuses on structured viscose options for shirts. Learn structured viscose fabric for shirts, then compare real FabStitch fabrics.",Structured Viscose for Shirts,,319,279,structured viscose fabric for shirts,commercial_investigation,,,,10,,,supporting,C,
/discover/premium-viscose-shirts/,,,yes,no,/discover/premium-viscose-shirts/,yes,Premium Viscose for Shirts Fabric Notes Use Notes,"This page focuses on premium viscose options for shirts. Learn premium viscose fabric for shirts, then compare real FabStitch fabrics.",Premium Viscose for Shirts,,329,289,premium viscose fabric for shirts,commercial_investigation,,,,10,,,supporting,C,
/discover/lightweight-rayon-dresses/,,,yes,no,/discover/lightweight-rayon-dresses/,yes,Lightweight Rayon for Dresses Fabric Notes,"This page focuses on lightweight rayon options for dresses. Learn lightweight rayon fabric for dresses, then compare real FabStitch fabrics.",Lightweight Rayon for Dresses,,344,304,lightweight rayon fabric for dresses,commercial_investigation,,,,10,,,supporting,C,
/discover/breathable-rayon-dresses/,,,yes,no,/discover/breathable-rayon-dresses/,yes,Breathable Rayon for Dresses Fabric Notes,"This page focuses on breathable rayon options for dresses. Learn breathable rayon fabric for dresses, then compare real FabStitch fabrics.",Breathable Rayon for Dresses,,330,290,breathable rayon fabric for dresses,commercial_investigation,,,,10,,,supporting,C,
/discover/soft-rayon-dresses/,,,yes,no,/discover/soft-rayon-dresses/,yes,Soft Rayon for Dresses Fabric Notes Fabric Notes,"This page focuses on soft rayon options for dresses. Learn soft rayon fabric for dresses, then compare real FabStitch fabrics.",Soft Rayon for Dresses,,332,292,soft rayon fabric for dresses,commercial_investigation,,,,10,,,supporting,C,
/discover/stretch-rayon-dresses/,,,yes,no,/discover/stretch-rayon-dresses/,yes,Stretch Rayon for Dresses Fabric Notes Use Notes,"This page focuses on stretch rayon options for dresses. Learn stretch rayon fabric for dresses, then compare real FabStitch fabrics.",Stretch Rayon for Dresses,,336,296,stretch rayon fabric for dresses,commercial_investigation,,,,10,,,supporting,C,
/discover/durable-rayon-dresses/,,,yes,no,/discover/durable-rayon-dresses/,yes,Durable Rayon for Dresses Fabric Notes Use Notes,"This page focuses on durable rayon options for dresses. Learn durable rayon fabric for dresses, then compare real FabStitch fabrics.",Durable Rayon for Dresses,,326,286,durable rayon fabric for dresses,commercial_investigation,,,,10,,,supporting,C,
/discover/structured-rayon-dresses/,,,yes,no,/discover/structured-rayon-dresses/,yes,Structured Rayon for Dresses Fabric Notes,"This page focuses on structured rayon options for dresses. Learn structured rayon fabric for dresses, then compare real FabStitch fabrics.",Structured Rayon for Dresses,,319,279,structured rayon fabric for dresses,commercial_investigation,,,,10,,,supporting,C,
/discover/premium-rayon-dresses/,,,yes,no,/discover/premium-rayon-dresses/,yes,Premium Rayon for Dresses Fabric Notes Use Notes,"This page focuses on premium rayon options for dresses. Learn premium rayon fabric for dresses, then compare real FabStitch fabrics.",Premium Rayon for Dresses,,324,284,premium rayon fabric for dresses,commercial_investigation,,,,10,,,supporting,C,
/discover/lightweight-rayon-blouses/,,,yes,no,/discover/lightweight-rayon-blouses/,yes,Lightweight Rayon for Blouses Fabric Notes,"This page focuses on lightweight rayon options for blouses. Learn lightweight rayon fabric for blouses, then compare real FabStitch fabrics.",Lightweight Rayon for Blouses,,328,288,lightweight rayon fabric for blouses,commercial_investigation,,,,9,,,supporting,C,
/discover/breathable-rayon-blouses/,,,yes,no,/discover/breathable-rayon-blouses/,yes,Breathable Rayon for Blouses Fabric Notes,"This page focuses on breathable rayon options for blouses. Learn breathable rayon fabric for blouses, then compare real FabStitch fabrics.",Breathable Rayon for Blouses,,313,273,breathable rayon fabric for blouses,commercial_investigation,,,,8,,,supporting,C,
/discover/soft-rayon-blouses/,,,yes,no,/discover/soft-rayon-blouses/,yes,Soft Rayon for Blouses Fabric Notes Fabric Notes,"This page focuses on soft rayon options for blouses. Learn soft rayon fabric for blouses, then compare real FabStitch fabrics.",Soft Rayon for Blouses,,316,276,soft rayon fabric for blouses,commercial_investigation,,,,8,,,supporting,C,
/discover/stretch-rayon-blouses/,,,yes,no,/discover/stretch-rayon-blouses/,yes,Stretch Rayon for Blouses Fabric Notes Use Notes,"This page focuses on stretch rayon options for blouses. Learn stretch rayon fabric for blouses, then compare real FabStitch fabrics.",Stretch Rayon for Blouses,,319,279,stretch rayon fabric for blouses,commercial_investigation,,,,8,,,supporting,C,
/discover/durable-rayon-blouses/,,,yes,no,/discover/durable-rayon-blouses/,yes,Durable Rayon for Blouses Fabric Notes Use Notes,"This page focuses on durable rayon options for blouses. Learn durable rayon fabric for blouses, then compare real FabStitch fabrics.",Durable Rayon for Blouses,,309,269,durable rayon fabric for blouses,commercial_investigation,,,,8,,,supporting,C,
/discover/structured-rayon-blouses/,,,yes,no,/discover/structured-rayon-blouses/,yes,Structured Rayon for Blouses Fabric Notes,"This page focuses on structured rayon options for blouses. Learn structured rayon fabric for blouses, then compare real FabStitch fabrics.",Structured Rayon for Blouses,,303,263,structured rayon fabric for blouses,commercial_investigation,,,,8,,,supporting,C,
/discover/premium-rayon-blouses/,,,yes,no,/discover/premium-rayon-blouses/,yes,Premium Rayon for Blouses Fabric Notes Use Notes,"This page focuses on premium rayon options for blouses. Learn premium rayon fabric for blouses, then compare real FabStitch fabrics.",Premium Rayon for Blouses,,316,276,premium rayon fabric for blouses,commercial_investigation,,,,8,,,supporting,C,
/discover/lightweight-jersey-shirts/,,,yes,no,/discover/lightweight-jersey-shirts/,yes,Lightweight Jersey for Shirts Fabric Notes,"This page focuses on lightweight jersey options for shirts. Learn lightweight jersey fabric for shirts, then compare real FabStitch fabrics.",Lightweight Jersey for Shirts,,335,295,lightweight jersey fabric for shirts,commercial_investigation,,,,10,,,supporting,C,
/discover/breathable-jersey-shirts/,,,yes,no,/discover/breathable-jersey-shirts/,yes,Breathable Jersey for Shirts Fabric Notes,"This page focuses on breathable jersey options for shirts. Learn breathable jersey fabric for shirts, then compare real FabStitch fabrics.",Breathable Jersey for Shirts,,324,284,breathable jersey fabric for shirts,commercial_investigation,,,,10,,,supporting,C,
/discover/soft-jersey-shirts/,,,yes,no,/discover/soft-jersey-shirts/,yes,Soft Jersey for Shirts Fabric Notes Fabric Notes,"This page focuses on soft jersey options for shirts. Learn soft jersey fabric for shirts, then compare real FabStitch fabrics.",Soft Jersey for Shirts,,323,283,soft jersey fabric for shirts,commercial_investigation,,,,10,,,supporting,C,
/discover/stretch-jersey-shirts/,,,yes,no,/discover/stretch-jersey-shirts/,yes,Stretch Jersey for Shirts Fabric Notes Use Notes,"This page focuses on stretch jersey options for shirts. Learn stretch jersey fabric for shirts, then compare real FabStitch fabrics.",Stretch Jersey for Shirts,,331,291,stretch jersey fabric for shirts,commercial_investigation,,,,10,,,supporting,C,
/discover/durable-jersey-shirts/,,,yes,no,/discover/durable-jersey-shirts/,yes,Durable Jersey for Shirts Fabric Notes Use Notes,"This page focuses on durable jersey options for shirts. Learn durable jersey fabric for shirts, then compare real FabStitch fabrics.",Durable Jersey for Shirts,,317,277,durable jersey fabric for shirts,commercial_investigation,,,,10,,,supporting,C,
/discover/structured-jersey-shirts/,,,yes,no,/discover/structured-jersey-shirts/,yes,Structured Jersey for Shirts Fabric Notes,"This page focuses on structured jersey options for shirts. Learn structured jersey fabric for shirts, then compare real FabStitch fabrics.",Structured Jersey for Shirts,,308,268,structured jersey fabric for shirts,commercial_investigation,,,,10,,,supporting,C,
/discover/premium-jersey-shirts/,,,yes,no,/discover/premium-jersey-shirts/,yes,Premium Jersey for Shirts Fabric Notes Use Notes,"This page focuses on premium jersey options for shirts. Learn premium jersey fabric for shirts, then compare real FabStitch fabrics.",Premium Jersey for Shirts,,321,281,premium jersey fabric for shirts,commercial_investigation,,,,10,,,supporting,C,
/discover/lightweight-jersey-activewear/,,,yes,no,/discover/lightweight-jersey-activewear/,yes,Lightweight Jersey for Activewear Fabric Notes,"This page focuses on lightweight jersey options for activewear. Learn lightweight jersey fabric for activewear, then compare real FabStitch fabrics.",Lightweight Jersey for Activewear,,319,279,lightweight jersey fabric for activewear,commercial_investigation,,,,10,,,supporting,C,
/discover/breathable-jersey-activewear/,,,yes,no,/discover/breathable-jersey-activewear/,yes,Breathable Jersey for Activewear Fabric Notes,"This page focuses on breathable jersey options for activewear. Learn breathable jersey fabric for activewear, then compare real FabStitch fabrics.",Breathable Jersey for Activewear,,311,271,breathable jersey fabric for activewear,commercial_investigation,,,,9,,,supporting,C,
/discover/soft-jersey-activewear/,,,yes,no,/discover/soft-jersey-activewear/,yes,Soft Jersey for Activewear Fabric Notes Use Notes,"This page focuses on soft jersey options for activewear. Learn soft jersey fabric for activewear, then compare real FabStitch fabrics.",Soft Jersey for Activewear,,306,266,soft jersey fabric for activewear,commercial_investigation,,,,9,,,supporting,C,
/discover/stretch-jersey-activewear/,,,yes,no,/discover/stretch-jersey-activewear/,yes,Stretch Jersey for Activewear Fabric Notes,"This page focuses on stretch jersey options for activewear. Learn stretch jersey fabric for activewear, then compare real FabStitch fabrics.",Stretch Jersey for Activewear,,315,275,stretch jersey fabric for activewear,commercial_investigation,,,,9,,,supporting,C,
/discover/durable-jersey-activewear/,,,yes,no,/discover/durable-jersey-activewear/,yes,Durable Jersey for Activewear Fabric Notes,"This page focuses on durable jersey options for activewear. Learn durable jersey fabric for activewear, then compare real FabStitch fabrics.",Durable Jersey for Activewear,,301,261,durable jersey fabric for activewear,commercial_investigation,,,,9,,,supporting,C,
/discover/structured-jersey-activewear/,,,yes,no,/discover/structured-jersey-activewear/,yes,Structured Jersey for Activewear Fabric Notes,"This page focuses on structured jersey options for activewear. Learn structured jersey fabric for activewear, then compare real FabStitch fabrics.",Structured Jersey for Activewear,,291,251,structured jersey fabric for activewear,commercial_investigation,,,,9,,,supporting,C,
/discover/premium-jersey-activewear/,,,yes,no,/discover/premium-jersey-activewear/,yes,Premium Jersey for Activewear Fabric Notes,"This page focuses on premium jersey options for activewear. Learn premium jersey fabric for activewear, then compare real FabStitch fabrics.",Premium Jersey for Activewear,,308,268,premium jersey fabric for activewear,commercial_investigation,,,,9,,,supporting,C,
/discover/lightweight-jersey-dresses/,,,yes,no,/discover/lightweight-jersey-dresses/,yes,Lightweight Jersey for Dresses Fabric Notes,"This page focuses on lightweight jersey options for dresses. Learn lightweight jersey fabric for dresses, then compare real FabStitch fabrics.",Lightweight Jersey for Dresses,,326,286,lightweight jersey fabric for dresses,commercial_investigation,,,,10,,,supporting,C,
/discover/breathable-jersey-dresses/,,,yes,no,/discover/breathable-jersey-dresses/,yes,Breathable Jersey for Dresses Fabric Notes,"This page focuses on breathable jersey options for dresses. Learn breathable jersey fabric for dresses, then compare real FabStitch fabrics.",Breathable Jersey for Dresses,,315,275,breathable jersey fabric for dresses,commercial_investigation,,,,10,,,supporting,C,
/discover/soft-jersey-dresses/,,,yes,no,/discover/soft-jersey-dresses/,yes,Soft Jersey for Dresses Fabric Notes for Apparel,"This page focuses on soft jersey options for dresses. Learn soft jersey fabric for dresses, then compare real FabStitch fabrics.",Soft Jersey for Dresses,,317,277,soft jersey fabric for dresses,commercial_investigation,,,,10,,,supporting,C,
/discover/stretch-jersey-dresses/,,,yes,no,/discover/stretch-jersey-dresses/,yes,Stretch Jersey for Dresses Fabric Notes Use Notes,"This page focuses on stretch jersey options for dresses. Learn stretch jersey fabric for dresses, then compare real FabStitch fabrics.",Stretch Jersey for Dresses,,322,282,stretch jersey fabric for dresses,commercial_investigation,,,,10,,,supporting,C,
/discover/durable-jersey-dresses/,,,yes,no,/discover/durable-jersey-dresses/,yes,Durable Jersey for Dresses Fabric Notes Use Notes,"This page focuses on durable jersey options for dresses. Learn durable jersey fabric for dresses, then compare real FabStitch fabrics.",Durable Jersey for Dresses,,308,268,durable jersey fabric for dresses,commercial_investigation,,,,10,,,supporting,C,
/discover/structured-jersey-dresses/,,,yes,no,/discover/structured-jersey-dresses/,yes,Structured Jersey for Dresses Fabric Notes,"This page focuses on structured jersey options for dresses. Learn structured jersey fabric for dresses, then compare real FabStitch fabrics.",Structured Jersey for Dresses,,302,262,structured jersey fabric for dresses,commercial_investigation,,,,10,,,supporting,C,
/discover/premium-jersey-dresses/,,,yes,no,/discover/premium-jersey-dresses/,yes,Premium Jersey for Dresses Fabric Notes Use Notes,"This page focuses on premium jersey options for dresses. Learn premium jersey fabric for dresses, then compare real FabStitch fabrics.",Premium Jersey for Dresses,,312,272,premium jersey fabric for dresses,commercial_investigation,,,,10,,,supporting,C,
/discover/lightweight-jersey-loungewear/,,,yes,no,/discover/lightweight-jersey-loungewear/,yes,Lightweight Jersey for Loungewear Fabric Notes,"This page focuses on lightweight jersey options for loungewear. Learn lightweight jersey fabric for loungewear, then compare real FabStitch fabrics.",Lightweight Jersey for Loungewear,,305,265,lightweight jersey fabric for loungewear,commercial_investigation,,,,9,,,supporting,C,
/discover/breathable-jersey-loungewear/,,,yes,no,/discover/breathable-jersey-loungewear/,yes,Breathable Jersey for Loungewear Fabric Notes,"This page focuses on breathable jersey options for loungewear. Learn breathable jersey fabric for loungewear, then compare real FabStitch fabrics.",Breathable Jersey for Loungewear,,290,250,breathable jersey fabric for loungewear,commercial_investigation,,,,8,,,supporting,C,
/discover/soft-jersey-loungewear/,,,yes,no,/discover/soft-jersey-loungewear/,yes,Soft Jersey for Loungewear Fabric Notes Use Notes,"This page focuses on soft jersey options for loungewear. Learn soft jersey fabric for loungewear, then compare real FabStitch fabrics.",Soft Jersey for Loungewear,,290,250,soft jersey fabric for loungewear,commercial_investigation,,,,8,,,supporting,C,
/discover/stretch-jersey-loungewear/,,,yes,no,/discover/stretch-jersey-loungewear/,yes,Stretch Jersey for Loungewear Fabric Notes,"This page focuses on stretch jersey options for loungewear. Learn stretch jersey fabric for loungewear, then compare real FabStitch fabrics.",Stretch Jersey for Loungewear,,301,261,stretch jersey fabric for loungewear,commercial_investigation,,,,8,,,supporting,C,
/discover/durable-jersey-loungewear/,,,yes,no,/discover/durable-jersey-loungewear/,yes,Durable Jersey for Loungewear Fabric Notes,"This page focuses on durable jersey options for loungewear. Learn durable jersey fabric for loungewear, then compare real FabStitch fabrics.",Durable Jersey for Loungewear,,287,247,durable jersey fabric for loungewear,commercial_investigation,,,,8,,,supporting,C,
/discover/structured-jersey-loungewear/,,,yes,no,/discover/structured-jersey-loungewear/,yes,Structured Jersey for Loungewear Fabric Notes,"This page focuses on structured jersey options for loungewear. Learn structured jersey fabric for loungewear, then compare real FabStitch fabrics.",Structured Jersey for Loungewear,,275,235,structured jersey fabric for loungewear,commercial_investigation,,,,8,,,supporting,C,
/discover/premium-jersey-loungewear/,,,yes,no,/discover/premium-jersey-loungewear/,yes,Premium Jersey for Loungewear Fabric Notes,"This page focuses on premium jersey options for loungewear. Learn premium jersey fabric for loungewear, then compare real FabStitch fabrics.",Premium Jersey for Loungewear,,287,247,premium jersey fabric for loungewear,commercial_investigation,,,,8,,,supporting,C,
/discover/lightweight-velvet-dresses/,,,yes,no,/discover/lightweight-velvet-dresses/,yes,Lightweight Velvet for Dresses Fabric Notes,"This page focuses on lightweight velvet options for dresses. Learn lightweight velvet fabric for dresses, then compare real FabStitch fabrics.",Lightweight Velvet for Dresses,,322,282,lightweight velvet fabric for dresses,commercial_investigation,,,,10,,,supporting,C,
/discover/breathable-velvet-dresses/,,,yes,no,/discover/breathable-velvet-dresses/,yes,Breathable Velvet for Dresses Fabric Notes,"This page focuses on breathable velvet options for dresses. Learn breathable velvet fabric for dresses, then compare real FabStitch fabrics.",Breathable Velvet for Dresses,,312,272,breathable velvet fabric for dresses,commercial_investigation,,,,10,,,supporting,C,
/discover/soft-velvet-dresses/,,,yes,no,/discover/soft-velvet-dresses/,yes,Soft Velvet for Dresses Fabric Notes for Apparel,"This page focuses on soft velvet options for dresses. Learn soft velvet fabric for dresses, then compare real FabStitch fabrics.",Soft Velvet for Dresses,,311,271,soft velvet fabric for dresses,commercial_investigation,,,,10,,,supporting,C,
/discover/stretch-velvet-dresses/,,,yes,no,/discover/stretch-velvet-dresses/,yes,Stretch Velvet for Dresses Fabric Notes Use Notes,"This page focuses on stretch velvet options for dresses. Learn stretch velvet fabric for dresses, then compare real FabStitch fabrics.",Stretch Velvet for Dresses,,318,278,stretch velvet fabric for dresses,commercial_investigation,,,,10,,,supporting,C,
/discover/durable-velvet-dresses/,,,yes,no,/discover/durable-velvet-dresses/,yes,Durable Velvet for Dresses Fabric Notes Use Notes,"This page focuses on durable velvet options for dresses. Learn durable velvet fabric for dresses, then compare real FabStitch fabrics.",Durable Velvet for Dresses,,307,267,durable velvet fabric for dresses,commercial_investigation,,,,10,,,supporting,C,
/discover/structured-velvet-dresses/,,,yes,no,/discover/structured-velvet-dresses/,yes,Structured Velvet for Dresses Fabric Notes,"This page focuses on structured velvet options for dresses. Learn structured velvet fabric for dresses, then compare real FabStitch fabrics.",Structured Velvet for Dresses,,298,258,structured velvet fabric for dresses,commercial_investigation,,,,10,,,supporting,C,
/discover/premium-velvet-dresses/,,,yes,no,/discover/premium-velvet-dresses/,yes,Premium Velvet for Dresses Fabric Notes Use Notes,"This page focuses on premium velvet options for dresses. Learn premium velvet fabric for dresses, then compare real FabStitch fabrics.",Premium Velvet for Dresses,,307,267,premium velvet fabric for dresses,commercial_investigation,,,,10,,,supporting,C,
/discover/lightweight-velvet-jackets/,,,yes,no,/discover/lightweight-velvet-jackets/,yes,Lightweight Velvet for Jackets Fabric Notes,"This page focuses on lightweight velvet options for jackets. Learn lightweight velvet fabric for jackets, then compare real FabStitch fabrics.",Lightweight Velvet for Jackets,,323,283,lightweight velvet fabric for jackets,commercial_investigation,,,,10,,,supporting,C,
/discover/breathable-velvet-jackets/,,,yes,no,/discover/breathable-velvet-jackets/,yes,Breathable Velvet for Jackets Fabric Notes,"This page focuses on breathable velvet options for jackets. Learn breathable velvet fabric for jackets, then compare real FabStitch fabrics.",Breathable Velvet for Jackets,,312,272,breathable velvet fabric for jackets,commercial_investigation,,,,9,,,supporting,C,
/discover/soft-velvet-jackets/,,,yes,no,/discover/soft-velvet-jackets/,yes,Soft Velvet for Jackets Fabric Notes for Apparel,"This page focuses on soft velvet options for jackets. Learn soft velvet fabric for jackets, then compare real FabStitch fabrics.",Soft Velvet for Jackets,,312,272,soft velvet fabric for jackets,commercial_investigation,,,,9,,,supporting,C,
/discover/stretch-velvet-jackets/,,,yes,no,/discover/stretch-velvet-jackets/,yes,Stretch Velvet for Jackets Fabric Notes Use Notes,"This page focuses on stretch velvet options for jackets. Learn stretch velvet fabric for jackets, then compare real FabStitch fabrics.",Stretch Velvet for Jackets,,318,278,stretch velvet fabric for jackets,commercial_investigation,,,,9,,,supporting,C,
/discover/durable-velvet-jackets/,,,yes,no,/discover/durable-velvet-jackets/,yes,Durable Velvet for Jackets Fabric Notes Use Notes,"This page focuses on durable velvet options for jackets. Learn durable velvet fabric for jackets, then compare real FabStitch fabrics.",Durable Velvet for Jackets,,308,268,durable velvet fabric for jackets,commercial_investigation,,,,9,,,supporting,C,
/discover/structured-velvet-jackets/,,,yes,no,/discover/structured-velvet-jackets/,yes,Structured Velvet for Jackets Fabric Notes,"This page focuses on structured velvet options for jackets. Learn structured velvet fabric for jackets, then compare real FabStitch fabrics.",Structured Velvet for Jackets,,299,259,structured velvet fabric for jackets,commercial_investigation,,,,9,,,supporting,C,
/discover/premium-velvet-jackets/,,,yes,no,/discover/premium-velvet-jackets/,yes,Premium Velvet for Jackets Fabric Notes Use Notes,"This page focuses on premium velvet options for jackets. Learn premium velvet fabric for jackets, then compare real FabStitch fabrics.",Premium Velvet for Jackets,,307,267,premium velvet fabric for jackets,commercial_investigation,,,,9,,,supporting,C,
/discover/lightweight-chiffon-dresses/,,,yes,no,/discover/lightweight-chiffon-dresses/,yes,Lightweight Chiffon for Dresses Fabric Notes,"This page focuses on lightweight chiffon options for dresses. Learn lightweight chiffon fabric for dresses, then compare real FabStitch fabrics.",Lightweight Chiffon for Dresses,,330,290,lightweight chiffon fabric for dresses,commercial_investigation,,,,10,,,supporting,C,
/discover/breathable-chiffon-dresses/,,,yes,no,/discover/breathable-chiffon-dresses/,yes,Breathable Chiffon for Dresses Fabric Notes,"This page focuses on breathable chiffon options for dresses. Learn breathable chiffon fabric for dresses, then compare real FabStitch fabrics.",Breathable Chiffon for Dresses,,320,280,breathable chiffon fabric for dresses,commercial_investigation,,,,10,,,supporting,C,
/discover/soft-chiffon-dresses/,,,yes,no,/discover/soft-chiffon-dresses/,yes,Soft Chiffon for Dresses Fabric Notes for Apparel,"This page focuses on soft chiffon options for dresses. Learn soft chiffon fabric for dresses, then compare real FabStitch fabrics.",Soft Chiffon for Dresses,,316,276,soft chiffon fabric for dresses,commercial_investigation,,,,10,,,supporting,C,
/discover/stretch-chiffon-dresses/,,,yes,no,/discover/stretch-chiffon-dresses/,yes,Stretch Chiffon for Dresses Fabric Notes,"This page focuses on stretch chiffon options for dresses. Learn stretch chiffon fabric for dresses, then compare real FabStitch fabrics.",Stretch Chiffon for Dresses,,320,280,stretch chiffon fabric for dresses,commercial_investigation,,,,10,,,supporting,C,
/discover/durable-chiffon-dresses/,,,yes,no,/discover/durable-chiffon-dresses/,yes,Durable Chiffon for Dresses Fabric Notes,"This page focuses on durable chiffon options for dresses. Learn durable chiffon fabric for dresses, then compare real FabStitch fabrics.",Durable Chiffon for Dresses,,319,279,durable chiffon fabric for dresses,commercial_investigation,,,,10,,,supporting,C,
/discover/structured-chiffon-dresses/,,,yes,no,/discover/structured-chiffon-dresses/,yes,Structured Chiffon for Dresses Fabric Notes,"This page focuses on structured chiffon options for dresses. Learn structured chiffon fabric for dresses, then compare real FabStitch fabrics.",Structured Chiffon for Dresses,,308,268,structured chiffon fabric for dresses,commercial_investigation,,,,10,,,supporting,C,
/discover/premium-chiffon-dresses/,,,yes,no,/discover/premium-chiffon-dresses/,yes,Premium Chiffon for Dresses Fabric Notes,"This page focuses on premium chiffon options for dresses. Learn premium chiffon fabric for dresses, then compare real FabStitch fabrics.",Premium Chiffon for Dresses,,312,272,premium chiffon fabric for dresses,commercial_investigation,,,,10,,,supporting,C,
/discover/lightweight-chiffon-blouses/,,,yes,no,/discover/lightweight-chiffon-blouses/,yes,Lightweight Chiffon for Blouses Fabric Notes,"This page focuses on lightweight chiffon options for blouses. Learn lightweight chiffon fabric for blouses, then compare real FabStitch fabrics.",Lightweight Chiffon for Blouses,,314,274,lightweight chiffon fabric for blouses,commercial_investigation,,,,10,,,supporting,C,
/discover/breathable-chiffon-blouses/,,,yes,no,/discover/breathable-chiffon-blouses/,yes,Breathable Chiffon for Blouses Fabric Notes,"This page focuses on breathable chiffon options for blouses. Learn breathable chiffon fabric for blouses, then compare real FabStitch fabrics.",Breathable Chiffon for Blouses,,303,263,breathable chiffon fabric for blouses,commercial_investigation,,,,9,,,supporting,C,
/discover/soft-chiffon-blouses/,,,yes,no,/discover/soft-chiffon-blouses/,yes,Soft Chiffon for Blouses Fabric Notes for Apparel,"This page focuses on soft chiffon options for blouses. Learn soft chiffon fabric for blouses, then compare real FabStitch fabrics.",Soft Chiffon for Blouses,,299,259,soft chiffon fabric for blouses,commercial_investigation,,,,9,,,supporting,C,
/discover/stretch-chiffon-blouses/,,,yes,no,/discover/stretch-chiffon-blouses/,yes,Stretch Chiffon for Blouses Fabric Notes,"This page focuses on stretch chiffon options for blouses. Learn stretch chiffon fabric for blouses, then compare real FabStitch fabrics.",Stretch Chiffon for Blouses,,312,272,stretch chiffon fabric for blouses,commercial_investigation,,,,9,,,supporting,C,
/discover/durable-chiffon-blouses/,,,yes,no,/discover/durable-chiffon-blouses/,yes,Durable Chiffon for Blouses Fabric Notes,"This page focuses on durable chiffon options for blouses. Learn durable chiffon fabric for blouses, then compare real FabStitch fabrics.",Durable Chiffon for Blouses,,303,263,durable chiffon fabric for blouses,commercial_investigation,,,,9,,,supporting,C,
/discover/structured-chiffon-blouses/,,,yes,no,/discover/structured-chiffon-blouses/,yes,Structured Chiffon for Blouses Fabric Notes,"This page focuses on structured chiffon options for blouses. Learn structured chiffon fabric for blouses, then compare real FabStitch fabrics.",Structured Chiffon for Blouses,,291,251,structured chiffon fabric for blouses,commercial_investigation,,,,9,,,supporting,C,
/discover/premium-chiffon-blouses/,,,yes,no,/discover/premium-chiffon-blouses/,yes,Premium Chiffon for Blouses Fabric Notes,"This page focuses on premium chiffon options for blouses. Learn premium chiffon fabric for blouses, then compare real FabStitch fabrics.",Premium Chiffon for Blouses,,296,256,premium chiffon fabric for blouses,commercial_investigation,,,,9,,,supporting,C,
/discover/lightweight-georgette-dresses/,,,yes,no,/discover/lightweight-georgette-dresses/,yes,Lightweight Georgette for Dresses Fabric Notes,"This page focuses on lightweight georgette options for dresses. Learn lightweight georgette fabric for dresses, then compare real FabStitch fabrics.",Lightweight Georgette for Dresses,,332,292,lightweight georgette fabric for dresses,commercial_investigation,,,,10,,,supporting,C,
/discover/breathable-georgette-dresses/,,,yes,no,/discover/breathable-georgette-dresses/,yes,Breathable Georgette for Dresses Fabric Notes,"This page focuses on breathable georgette options for dresses. Learn breathable georgette fabric for dresses, then compare real FabStitch fabrics.",Breathable Georgette for Dresses,,330,290,breathable georgette fabric for dresses,commercial_investigation,,,,10,,,supporting,C,
/discover/soft-georgette-dresses/,,,yes,no,/discover/soft-georgette-dresses/,yes,Soft Georgette for Dresses Fabric Notes Use Notes,"This page focuses on soft georgette options for dresses. Learn soft georgette fabric for dresses, then compare real FabStitch fabrics.",Soft Georgette for Dresses,,323,283,soft georgette fabric for dresses,commercial_investigation,,,,10,,,supporting,C,
/discover/stretch-georgette-dresses/,,,yes,no,/discover/stretch-georgette-dresses/,yes,Stretch Georgette for Dresses Fabric Notes,"This page focuses on stretch georgette options for dresses. Learn stretch georgette fabric for dresses, then compare real FabStitch fabrics.",Stretch Georgette for Dresses,,327,287,stretch georgette fabric for dresses,commercial_investigation,,,,10,,,supporting,C,
/discover/durable-georgette-dresses/,,,yes,no,/discover/durable-georgette-dresses/,yes,Durable Georgette for Dresses Fabric Notes,"This page focuses on durable georgette options for dresses. Learn durable georgette fabric for dresses, then compare real FabStitch fabrics.",Durable Georgette for Dresses,,325,285,durable georgette fabric for dresses,commercial_investigation,,,,10,,,supporting,C,
/discover/structured-georgette-dresses/,,,yes,no,/discover/structured-georgette-dresses/,yes,Structured Georgette for Dresses Fabric Notes,"This page focuses on structured georgette options for dresses. Learn structured georgette fabric for dresses, then compare real FabStitch fabrics.",Structured Georgette for Dresses,,316,276,structured georgette fabric for dresses,commercial_investigation,,,,10,,,supporting,C,
/discover/premium-georgette-dresses/,,,yes,no,/discover/premium-georgette-dresses/,yes,Premium Georgette for Dresses Fabric Notes,"This page focuses on premium georgette options for dresses. Learn premium georgette fabric for dresses, then compare real FabStitch fabrics.",Premium Georgette for Dresses,,313,273,premium georgette fabric for dresses,commercial_investigation,,,,10,,,supporting,C,
/discover/lightweight-georgette-blouses/,,,yes,no,/discover/lightweight-georgette-blouses/,yes,Lightweight Georgette for Blouses Fabric Notes,"This page focuses on lightweight georgette options for blouses. Learn lightweight georgette fabric for blouses, then compare real FabStitch fabrics.",Lightweight Georgette for Blouses,,324,284,lightweight georgette fabric for blouses,commercial_investigation,,,,10,,,supporting,C,
/discover/breathable-georgette-blouses/,,,yes,no,/discover/breathable-georgette-blouses/,yes,Breathable Georgette for Blouses Fabric Notes,"This page focuses on breathable georgette options for blouses. Learn breathable georgette fabric for blouses, then compare real FabStitch fabrics.",Breathable Georgette for Blouses,,314,274,breathable georgette fabric for blouses,commercial_investigation,,,,9,,,supporting,C,
/discover/soft-georgette-blouses/,,,yes,no,/discover/soft-georgette-blouses/,yes,Soft Georgette for Blouses Fabric Notes Use Notes,"This page focuses on soft georgette options for blouses. Learn soft georgette fabric for blouses, then compare real FabStitch fabrics.",Soft Georgette for Blouses,,307,267,soft georgette fabric for blouses,commercial_investigation,,,,9,,,supporting,C,
/discover/stretch-georgette-blouses/,,,yes,no,/discover/stretch-georgette-blouses/,yes,Stretch Georgette for Blouses Fabric Notes,"This page focuses on stretch georgette options for blouses. Learn stretch georgette fabric for blouses, then compare real FabStitch fabrics.",Stretch Georgette for Blouses,,311,271,stretch georgette fabric for blouses,commercial_investigation,,,,9,,,supporting,C,
/discover/durable-georgette-blouses/,,,yes,no,/discover/durable-georgette-blouses/,yes,Durable Georgette for Blouses Fabric Notes,"This page focuses on durable georgette options for blouses. Learn durable georgette fabric for blouses, then compare real FabStitch fabrics.",Durable Georgette for Blouses,,317,277,durable georgette fabric for blouses,commercial_investigation,,,,9,,,supporting,C,
/discover/structured-georgette-blouses/,,,yes,no,/discover/structured-georgette-blouses/,yes,Structured Georgette for Blouses Fabric Notes,"This page focuses on structured georgette options for blouses. Learn structured georgette fabric for blouses, then compare real FabStitch fabrics.",Structured Georgette for Blouses,,308,268,structured georgette fabric for blouses,commercial_investigation,,,,9,,,supporting,C,
/discover/premium-georgette-blouses/,,,yes,no,/discover/premium-georgette-blouses/,yes,Premium Georgette for Blouses Fabric Notes,"This page focuses on premium georgette options for blouses. Learn premium georgette fabric for blouses, then compare real FabStitch fabrics.",Premium Georgette for Blouses,,305,265,premium georgette fabric for blouses,commercial_investigation,,,,9,,,supporting,C,
/discover/lightweight-poplin-shirts/,,,yes,no,/discover/lightweight-poplin-shirts/,yes,Lightweight Poplin for Shirts Fabric Notes,"This page focuses on lightweight poplin options for shirts. Learn lightweight poplin fabric for shirts, then compare real FabStitch fabrics.",Lightweight Poplin for Shirts,,345,305,lightweight poplin fabric for shirts,commercial_investigation,,,,10,,,supporting,C,
/discover/breathable-poplin-shirts/,,,yes,no,/discover/breathable-poplin-shirts/,yes,Breathable Poplin for Shirts Fabric Notes,"This page focuses on breathable poplin options for shirts. Learn breathable poplin fabric for shirts, then compare real FabStitch fabrics.",Breathable Poplin for Shirts,,335,295,breathable poplin fabric for shirts,commercial_investigation,,,,10,,,supporting,C,
/discover/soft-poplin-shirts/,,,yes,no,/discover/soft-poplin-shirts/,yes,Soft Poplin for Shirts Fabric Notes Fabric Notes,"This page focuses on soft poplin options for shirts. Learn soft poplin fabric for shirts, then compare real FabStitch fabrics.",Soft Poplin for Shirts,,334,294,soft poplin fabric for shirts,commercial_investigation,,,,10,,,supporting,C,
/discover/stretch-poplin-shirts/,,,yes,no,/discover/stretch-poplin-shirts/,yes,Stretch Poplin for Shirts Fabric Notes Use Notes,"This page focuses on stretch poplin options for shirts. Learn stretch poplin fabric for shirts, then compare real FabStitch fabrics.",Stretch Poplin for Shirts,,334,294,stretch poplin fabric for shirts,commercial_investigation,,,,10,,,supporting,C,
/discover/durable-poplin-shirts/,,,yes,no,/discover/durable-poplin-shirts/,yes,Durable Poplin for Shirts Fabric Notes Use Notes,"This page focuses on durable poplin options for shirts. Learn durable poplin fabric for shirts, then compare real FabStitch fabrics.",Durable Poplin for Shirts,,336,296,durable poplin fabric for shirts,commercial_investigation,,,,10,,,supporting,C,
/discover/structured-poplin-shirts/,,,yes,no,/discover/structured-poplin-shirts/,yes,Structured Poplin for Shirts Fabric Notes,"This page focuses on structured poplin options for shirts. Learn structured poplin fabric for shirts, then compare real FabStitch fabrics.",Structured Poplin for Shirts,,328,288,structured poplin fabric for shirts,commercial_investigation,,,,10,,,supporting,C,
/discover/premium-poplin-shirts/,,,yes,no,/discover/premium-poplin-shirts/,yes,Premium Poplin for Shirts Fabric Notes Use Notes,"This page focuses on premium poplin options for shirts. Learn premium poplin fabric for shirts, then compare real FabStitch fabrics.",Premium Poplin for Shirts,,323,283,premium poplin fabric for shirts,commercial_investigation,,,,10,,,supporting,C,
/discover/lightweight-poplin-blouses/,,,yes,no,/discover/lightweight-poplin-blouses/,yes,Lightweight Poplin for Blouses Fabric Notes,"This page focuses on lightweight poplin options for blouses. Learn lightweight poplin fabric for blouses, then compare real FabStitch fabrics.",Lightweight Poplin for Blouses,,328,288,lightweight poplin fabric for blouses,commercial_investigation,,,,10,,,supporting,C,
/discover/breathable-poplin-blouses/,,,yes,no,/discover/breathable-poplin-blouses/,yes,Breathable Poplin for Blouses Fabric Notes,"This page focuses on breathable poplin options for blouses. Learn breathable poplin fabric for blouses, then compare real FabStitch fabrics.",Breathable Poplin for Blouses,,313,273,breathable poplin fabric for blouses,commercial_investigation,,,,9,,,supporting,C,
/discover/soft-poplin-blouses/,,,yes,no,/discover/soft-poplin-blouses/,yes,Soft Poplin for Blouses Fabric Notes for Apparel,"This page focuses on soft poplin options for blouses. Learn soft poplin fabric for blouses, then compare real FabStitch fabrics.",Soft Poplin for Blouses,,308,268,soft poplin fabric for blouses,commercial_investigation,,,,9,,,supporting,C,
/discover/stretch-poplin-blouses/,,,yes,no,/discover/stretch-poplin-blouses/,yes,Stretch Poplin for Blouses Fabric Notes Use Notes,"This page focuses on stretch poplin options for blouses. Learn stretch poplin fabric for blouses, then compare real FabStitch fabrics.",Stretch Poplin for Blouses,,317,277,stretch poplin fabric for blouses,commercial_investigation,,,,9,,,supporting,C,
/discover/durable-poplin-blouses/,,,yes,no,/discover/durable-poplin-blouses/,yes,Durable Poplin for Blouses Fabric Notes Use Notes,"This page focuses on durable poplin options for blouses. Learn durable poplin fabric for blouses, then compare real FabStitch fabrics.",Durable Poplin for Blouses,,314,274,durable poplin fabric for blouses,commercial_investigation,,,,9,,,supporting,C,
/discover/structured-poplin-blouses/,,,yes,no,/discover/structured-poplin-blouses/,yes,Structured Poplin for Blouses Fabric Notes,"This page focuses on structured poplin options for blouses. Learn structured poplin fabric for blouses, then compare real FabStitch fabrics.",Structured Poplin for Blouses,,302,262,structured poplin fabric for blouses,commercial_investigation,,,,9,,,supporting,C,
/discover/premium-poplin-blouses/,,,yes,no,/discover/premium-poplin-blouses/,yes,Premium Poplin for Blouses Fabric Notes Use Notes,"This page focuses on premium poplin options for blouses. Learn premium poplin fabric for blouses, then compare real FabStitch fabrics.",Premium Poplin for Blouses,,306,266,premium poplin fabric for blouses,commercial_investigation,,,,9,,,supporting,C,
/discover/lightweight-poplin-uniforms/,,,yes,no,/discover/lightweight-poplin-uniforms/,yes,Lightweight Poplin for Uniforms Fabric Notes,"This page focuses on lightweight poplin options for uniforms. Learn lightweight poplin fabric for uniforms, then compare real FabStitch fabrics.",Lightweight Poplin for Uniforms,,315,275,lightweight poplin fabric for uniforms,commercial_investigation,,,,9,,,supporting,C,
/discover/breathable-poplin-uniforms/,,,yes,no,/discover/breathable-poplin-uniforms/,yes,Breathable Poplin for Uniforms Fabric Notes,"This page focuses on breathable poplin options for uniforms. Learn breathable poplin fabric for uniforms, then compare real FabStitch fabrics.",Breathable Poplin for Uniforms,,306,266,breathable poplin fabric for uniforms,commercial_investigation,,,,8,,,supporting,C,
/discover/soft-poplin-uniforms/,,,yes,no,/discover/soft-poplin-uniforms/,yes,Soft Poplin for Uniforms Fabric Notes for Apparel,"This page focuses on soft poplin options for uniforms. Learn soft poplin fabric for uniforms, then compare real FabStitch fabrics.",Soft Poplin for Uniforms,,303,263,soft poplin fabric for uniforms,commercial_investigation,,,,8,,,supporting,C,
/discover/stretch-poplin-uniforms/,,,yes,no,/discover/stretch-poplin-uniforms/,yes,Stretch Poplin for Uniforms Fabric Notes,"This page focuses on stretch poplin options for uniforms. Learn stretch poplin fabric for uniforms, then compare real FabStitch fabrics.",Stretch Poplin for Uniforms,,304,264,stretch poplin fabric for uniforms,commercial_investigation,,,,8,,,supporting,C,
/discover/durable-poplin-uniforms/,,,yes,no,/discover/durable-poplin-uniforms/,yes,Durable Poplin for Uniforms Fabric Notes,"This page focuses on durable poplin options for uniforms. Learn durable poplin fabric for uniforms, then compare real FabStitch fabrics.",Durable Poplin for Uniforms,,307,267,durable poplin fabric for uniforms,commercial_investigation,,,,8,,,supporting,C,
/discover/structured-poplin-uniforms/,,,yes,no,/discover/structured-poplin-uniforms/,yes,Structured Poplin for Uniforms Fabric Notes,"This page focuses on structured poplin options for uniforms. Learn structured poplin fabric for uniforms, then compare real FabStitch fabrics.",Structured Poplin for Uniforms,,297,257,structured poplin fabric for uniforms,commercial_investigation,,,,8,,,supporting,C,
/discover/premium-poplin-uniforms/,,,yes,no,/discover/premium-poplin-uniforms/,yes,Premium Poplin for Uniforms Fabric Notes,"This page focuses on premium poplin options for uniforms. Learn premium poplin fabric for uniforms, then compare real FabStitch fabrics.",Premium Poplin for Uniforms,,293,253,premium poplin fabric for uniforms,commercial_investigation,,,,8,,,supporting,C,
/discover/lightweight-satin-dresses/,,,yes,no,/discover/lightweight-satin-dresses/,yes,Lightweight Satin for Dresses Fabric Notes,"This page focuses on lightweight satin options for dresses. Learn lightweight satin fabric for dresses, then compare real FabStitch fabrics.",Lightweight Satin for Dresses,,328,288,lightweight satin fabric for dresses,commercial_investigation,,,,10,,,supporting,C,
/discover/breathable-satin-dresses/,,,yes,no,/discover/breathable-satin-dresses/,yes,Breathable Satin for Dresses Fabric Notes,"This page focuses on breathable satin options for dresses. Learn breathable satin fabric for dresses, then compare real FabStitch fabrics.",Breathable Satin for Dresses,,321,281,breathable satin fabric for dresses,commercial_investigation,,,,10,,,supporting,C,
/discover/soft-satin-dresses/,,,yes,no,/discover/soft-satin-dresses/,yes,Soft Satin for Dresses Fabric Notes Fabric Notes,"This page focuses on soft satin options for dresses. Learn soft satin fabric for dresses, then compare real FabStitch fabrics.",Soft Satin for Dresses,,316,276,soft satin fabric for dresses,commercial_investigation,,,,10,,,supporting,C,
/discover/stretch-satin-dresses/,,,yes,no,/discover/stretch-satin-dresses/,yes,Stretch Satin for Dresses Fabric Notes Use Notes,"This page focuses on stretch satin options for dresses. Learn stretch satin fabric for dresses, then compare real FabStitch fabrics.",Stretch Satin for Dresses,,326,286,stretch satin fabric for dresses,commercial_investigation,,,,10,,,supporting,C,
/discover/durable-satin-dresses/,,,yes,no,/discover/durable-satin-dresses/,yes,Durable Satin for Dresses Fabric Notes Use Notes,"This page focuses on durable satin options for dresses. Learn durable satin fabric for dresses, then compare real FabStitch fabrics.",Durable Satin for Dresses,,314,274,durable satin fabric for dresses,commercial_investigation,,,,10,,,supporting,C,
/discover/structured-satin-dresses/,,,yes,no,/discover/structured-satin-dresses/,yes,Structured Satin for Dresses Fabric Notes,"This page focuses on structured satin options for dresses. Learn structured satin fabric for dresses, then compare real FabStitch fabrics.",Structured Satin for Dresses,,305,265,structured satin fabric for dresses,commercial_investigation,,,,10,,,supporting,C,
/discover/premium-satin-dresses/,,,yes,no,/discover/premium-satin-dresses/,yes,Premium Satin for Dresses Fabric Notes Use Notes,"This page focuses on premium satin options for dresses. Learn premium satin fabric for dresses, then compare real FabStitch fabrics.",Premium Satin for Dresses,,315,275,premium satin fabric for dresses,commercial_investigation,,,,10,,,supporting,C,
/discover/lightweight-satin-blouses/,,,yes,no,/discover/lightweight-satin-blouses/,yes,Lightweight Satin for Blouses Fabric Notes,"This page focuses on lightweight satin options for blouses. Learn lightweight satin fabric for blouses, then compare real FabStitch fabrics.",Lightweight Satin for Blouses,,311,271,lightweight satin fabric for blouses,commercial_investigation,,,,9,,,supporting,C,
/discover/breathable-satin-blouses/,,,yes,no,/discover/breathable-satin-blouses/,yes,Breathable Satin for Blouses Fabric Notes,"This page focuses on breathable satin options for blouses. Learn breathable satin fabric for blouses, then compare real FabStitch fabrics.",Breathable Satin for Blouses,,313,273,breathable satin fabric for blouses,commercial_investigation,,,,8,,,supporting,C,
/discover/soft-satin-blouses/,,,yes,no,/discover/soft-satin-blouses/,yes,Soft Satin for Blouses Fabric Notes Fabric Notes,"This page focuses on soft satin options for blouses. Learn soft satin fabric for blouses, then compare real FabStitch fabrics.",Soft Satin for Blouses,,299,259,soft satin fabric for blouses,commercial_investigation,,,,8,,,supporting,C,
/discover/stretch-satin-blouses/,,,yes,no,/discover/stretch-satin-blouses/,yes,Stretch Satin for Blouses Fabric Notes Use Notes,"This page focuses on stretch satin options for blouses. Learn stretch satin fabric for blouses, then compare real FabStitch fabrics.",Stretch Satin for Blouses,,309,269,stretch satin fabric for blouses,commercial_investigation,,,,8,,,supporting,C,
/discover/durable-satin-blouses/,,,yes,no,/discover/durable-satin-blouses/,yes,Durable Satin for Blouses Fabric Notes Use Notes,"This page focuses on durable satin options for blouses. Learn durable satin fabric for blouses, then compare real FabStitch fabrics.",Durable Satin for Blouses,,297,257,durable satin fabric for blouses,commercial_investigation,,,,8,,,supporting,C,
/discover/structured-satin-blouses/,,,yes,no,/discover/structured-satin-blouses/,yes,Structured Satin for Blouses Fabric Notes,"This page focuses on structured satin options for blouses. Learn structured satin fabric for blouses, then compare real FabStitch fabrics.",Structured Satin for Blouses,,288,248,structured satin fabric for blouses,commercial_investigation,,,,8,,,supporting,C,
/discover/premium-satin-blouses/,,,yes,no,/discover/premium-satin-blouses/,yes,Premium Satin for Blouses Fabric Notes Use Notes,"This page focuses on premium satin options for blouses. Learn premium satin fabric for blouses, then compare real FabStitch fabrics.",Premium Satin for Blouses,,298,258,premium satin fabric for blouses,commercial_investigation,,,,8,,,supporting,C,
/discover/lightweight-crepe-dresses/,,,yes,no,/discover/lightweight-crepe-dresses/,yes,Lightweight Crepe for Dresses Fabric Notes,"This page focuses on lightweight crepe options for dresses. Learn lightweight crepe fabric for dresses, then compare real FabStitch fabrics.",Lightweight Crepe for Dresses,,330,290,lightweight crepe fabric for dresses,commercial_investigation,,,,10,,,supporting,C,
/discover/breathable-crepe-dresses/,,,yes,no,/discover/breathable-crepe-dresses/,yes,Breathable Crepe for Dresses Fabric Notes,"This page focuses on breathable crepe options for dresses. Learn breathable crepe fabric for dresses, then compare real FabStitch fabrics.",Breathable Crepe for Dresses,,322,282,breathable crepe fabric for dresses,commercial_investigation,,,,10,,,supporting,C,
/discover/soft-crepe-dresses/,,,yes,no,/discover/soft-crepe-dresses/,yes,Soft Crepe for Dresses Fabric Notes Fabric Notes,"This page focuses on soft crepe options for dresses. Learn soft crepe fabric for dresses, then compare real FabStitch fabrics.",Soft Crepe for Dresses,,320,280,soft crepe fabric for dresses,commercial_investigation,,,,10,,,supporting,C,
/discover/stretch-crepe-dresses/,,,yes,no,/discover/stretch-crepe-dresses/,yes,Stretch Crepe for Dresses Fabric Notes Use Notes,"This page focuses on stretch crepe options for dresses. Learn stretch crepe fabric for dresses, then compare real FabStitch fabrics.",Stretch Crepe for Dresses,,327,287,stretch crepe fabric for dresses,commercial_investigation,,,,10,,,supporting,C,
/discover/durable-crepe-dresses/,,,yes,no,/discover/durable-crepe-dresses/,yes,Durable Crepe for Dresses Fabric Notes Use Notes,"This page focuses on durable crepe options for dresses. Learn durable crepe fabric for dresses, then compare real FabStitch fabrics.",Durable Crepe for Dresses,,316,276,durable crepe fabric for dresses,commercial_investigation,,,,10,,,supporting,C,
/discover/structured-crepe-dresses/,,,yes,no,/discover/structured-crepe-dresses/,yes,Structured Crepe for Dresses Fabric Notes,"This page focuses on structured crepe options for dresses. Learn structured crepe fabric for dresses, then compare real FabStitch fabrics.",Structured Crepe for Dresses,,309,269,structured crepe fabric for dresses,commercial_investigation,,,,10,,,supporting,C,
/discover/premium-crepe-dresses/,,,yes,no,/discover/premium-crepe-dresses/,yes,Premium Crepe for Dresses Fabric Notes Use Notes,"This page focuses on premium crepe options for dresses. Learn premium crepe fabric for dresses, then compare real FabStitch fabrics.",Premium Crepe for Dresses,,315,275,premium crepe fabric for dresses,commercial_investigation,,,,10,,,supporting,C,
/discover/lightweight-crepe-blouses/,,,yes,no,/discover/lightweight-crepe-blouses/,yes,Lightweight Crepe for Blouses Fabric Notes,"This page focuses on lightweight crepe options for blouses. Learn lightweight crepe fabric for blouses, then compare real FabStitch fabrics.",Lightweight Crepe for Blouses,,313,273,lightweight crepe fabric for blouses,commercial_investigation,,,,9,,,supporting,C,
/discover/breathable-crepe-blouses/,,,yes,no,/discover/breathable-crepe-blouses/,yes,Breathable Crepe for Blouses Fabric Notes,"This page focuses on breathable crepe options for blouses. Learn breathable crepe fabric for blouses, then compare real FabStitch fabrics.",Breathable Crepe for Blouses,,314,274,breathable crepe fabric for blouses,commercial_investigation,,,,8,,,supporting,C,
/discover/soft-crepe-blouses/,,,yes,no,/discover/soft-crepe-blouses/,yes,Soft Crepe for Blouses Fabric Notes Fabric Notes,"This page focuses on soft crepe options for blouses. Learn soft crepe fabric for blouses, then compare real FabStitch fabrics.",Soft Crepe for Blouses,,304,264,soft crepe fabric for blouses,commercial_investigation,,,,8,,,supporting,C,
/discover/stretch-crepe-blouses/,,,yes,no,/discover/stretch-crepe-blouses/,yes,Stretch Crepe for Blouses Fabric Notes Use Notes,"This page focuses on stretch crepe options for blouses. Learn stretch crepe fabric for blouses, then compare real FabStitch fabrics.",Stretch Crepe for Blouses,,310,270,stretch crepe fabric for blouses,commercial_investigation,,,,8,,,supporting,C,
/discover/durable-crepe-blouses/,,,yes,no,/discover/durable-crepe-blouses/,yes,Durable Crepe for Blouses Fabric Notes Use Notes,"This page focuses on durable crepe options for blouses. Learn durable crepe fabric for blouses, then compare real FabStitch fabrics.",Durable Crepe for Blouses,,299,259,durable crepe fabric for blouses,commercial_investigation,,,,8,,,supporting,C,
/discover/structured-crepe-blouses/,,,yes,no,/discover/structured-crepe-blouses/,yes,Structured Crepe for Blouses Fabric Notes,"This page focuses on structured crepe options for blouses. Learn structured crepe fabric for blouses, then compare real FabStitch fabrics.",Structured Crepe for Blouses,,293,253,structured crepe fabric for blouses,commercial_investigation,,,,8,,,supporting,C,
/discover/premium-crepe-blouses/,,,yes,no,/discover/premium-crepe-blouses/,yes,Premium Crepe for Blouses Fabric Notes Use Notes,"This page focuses on premium crepe options for blouses. Learn premium crepe fabric for blouses, then compare real FabStitch fabrics.",Premium Crepe for Blouses,,307,267,premium crepe fabric for blouses,commercial_investigation,,,,8,,,supporting,C,
/discover/lightweight-crepe-trousers/,,,yes,no,/discover/lightweight-crepe-trousers/,yes,Lightweight Crepe for Trousers Fabric Notes,"This page focuses on lightweight crepe options for trousers. Learn lightweight crepe fabric for trousers, then compare real FabStitch fabrics.",Lightweight Crepe for Trousers,,344,304,lightweight crepe fabric for trousers,commercial_investigation,,,,9,,,supporting,C,
/discover/breathable-crepe-trousers/,,,yes,no,/discover/breathable-crepe-trousers/,yes,Breathable Crepe for Trousers Fabric Notes,"This page focuses on breathable crepe options for trousers. Learn breathable crepe fabric for trousers, then compare real FabStitch fabrics.",Breathable Crepe for Trousers,,330,290,breathable crepe fabric for trousers,commercial_investigation,,,,8,,,supporting,C,
/discover/soft-crepe-trousers/,,,yes,no,/discover/soft-crepe-trousers/,yes,Soft Crepe for Trousers Fabric Notes for Apparel,"This page focuses on soft crepe options for trousers. Learn soft crepe fabric for trousers, then compare real FabStitch fabrics.",Soft Crepe for Trousers,,323,283,soft crepe fabric for trousers,commercial_investigation,,,,8,,,supporting,C,
/discover/stretch-crepe-trousers/,,,yes,no,/discover/stretch-crepe-trousers/,yes,Stretch Crepe for Trousers Fabric Notes Use Notes,"This page focuses on stretch crepe options for trousers. Learn stretch crepe fabric for trousers, then compare real FabStitch fabrics.",Stretch Crepe for Trousers,,341,301,stretch crepe fabric for trousers,commercial_investigation,,,,8,,,supporting,C,
/discover/durable-crepe-trousers/,,,yes,no,/discover/durable-crepe-trousers/,yes,Durable Crepe for Trousers Fabric Notes Use Notes,"This page focuses on durable crepe options for trousers. Learn durable crepe fabric for trousers, then compare real FabStitch fabrics.",Durable Crepe for Trousers,,330,290,durable crepe fabric for trousers,commercial_investigation,,,,8,,,supporting,C,
/discover/structured-crepe-trousers/,,,yes,no,/discover/structured-crepe-trousers/,yes,Structured Crepe for Trousers Fabric Notes,"This page focuses on structured crepe options for trousers. Learn structured crepe fabric for trousers, then compare real FabStitch fabrics.",Structured Crepe for Trousers,,312,272,structured crepe fabric for trousers,commercial_investigation,,,,8,,,supporting,C,
/discover/premium-crepe-trousers/,,,yes,no,/discover/premium-crepe-trousers/,yes,Premium Crepe for Trousers Fabric Notes Use Notes,"This page focuses on premium crepe options for trousers. Learn premium crepe fabric for trousers, then compare real FabStitch fabrics.",Premium Crepe for Trousers,,323,283,premium crepe fabric for trousers,commercial_investigation,,,,8,,,supporting,C,
/discover/lightweight-crepe-suits/,,,yes,no,/discover/lightweight-crepe-suits/,yes,Lightweight Crepe for Suits Fabric Notes,"This page focuses on lightweight crepe options for suits. Learn lightweight crepe fabric for suits, then compare real FabStitch fabrics.",Lightweight Crepe for Suits,,321,281,lightweight crepe fabric for suits,commercial_investigation,,,,9,,,supporting,C,
/discover/breathable-crepe-suits/,,,yes,no,/discover/breathable-crepe-suits/,yes,Breathable Crepe for Suits Fabric Notes Use Notes,"This page focuses on breathable crepe options for suits. Learn breathable crepe fabric for suits, then compare real FabStitch fabrics.",Breathable Crepe for Suits,,305,265,breathable crepe fabric for suits,commercial_investigation,,,,8,,,supporting,C,
/discover/soft-crepe-suits/,,,yes,no,/discover/soft-crepe-suits/,yes,Soft Crepe for Suits Fabric Notes Fabric Notes,"This page focuses on soft crepe options for suits. Learn soft crepe fabric for suits, then compare real FabStitch fabrics.",Soft Crepe for Suits,,305,265,soft crepe fabric for suits,commercial_investigation,,,,8,,,supporting,C,
/discover/stretch-crepe-suits/,,,yes,no,/discover/stretch-crepe-suits/,yes,Stretch Crepe for Suits Fabric Notes for Apparel,"This page focuses on stretch crepe options for suits. Learn stretch crepe fabric for suits, then compare real FabStitch fabrics.",Stretch Crepe for Suits,,318,278,stretch crepe fabric for suits,commercial_investigation,,,,8,,,supporting,C,
/discover/durable-crepe-suits/,,,yes,no,/discover/durable-crepe-suits/,yes,Durable Crepe for Suits Fabric Notes for Apparel,"This page focuses on durable crepe options for suits. Learn durable crepe fabric for suits, then compare real FabStitch fabrics.",Durable Crepe for Suits,,307,267,durable crepe fabric for suits,commercial_investigation,,,,8,,,supporting,C,
/discover/structured-crepe-suits/,,,yes,no,/discover/structured-crepe-suits/,yes,Structured Crepe for Suits Fabric Notes Use Notes,"This page focuses on structured crepe options for suits. Learn structured crepe fabric for suits, then compare real FabStitch fabrics.",Structured Crepe for Suits,,294,254,structured crepe fabric for suits,commercial_investigation,,,,8,,,supporting,C,
/discover/premium-crepe-suits/,,,yes,no,/discover/premium-crepe-suits/,yes,Premium Crepe for Suits Fabric Notes for Apparel,"This page focuses on premium crepe options for suits. Learn premium crepe fabric for suits, then compare real FabStitch fabrics.",Premium Crepe for Suits,,300,260,premium crepe fabric for suits,commercial_investigation,,,,8,,,supporting,C,
/discover/lightweight-canvas-workwear/,,,yes,no,/discover/lightweight-canvas-workwear/,yes,Lightweight Canvas for Workwear Fabric Notes,"This page focuses on lightweight canvas options for workwear. Learn lightweight canvas fabric for workwear, then compare real FabStitch fabrics.",Lightweight Canvas for Workwear,,297,257,lightweight canvas fabric for workwear,commercial_investigation,,,,9,,,supporting,C,
/discover/breathable-canvas-workwear/,,,yes,no,/discover/breathable-canvas-workwear/,yes,Breathable Canvas for Workwear Fabric Notes,"This page focuses on breathable canvas options for workwear. Learn breathable canvas fabric for workwear, then compare real FabStitch fabrics.",Breathable Canvas for Workwear,,288,248,breathable canvas fabric for workwear,commercial_investigation,,,,8,,,supporting,C,
/discover/soft-canvas-workwear/,,,yes,no,/discover/soft-canvas-workwear/,yes,Soft Canvas for Workwear Fabric Notes for Apparel,"This page focuses on soft canvas options for workwear. Learn soft canvas fabric for workwear, then compare real FabStitch fabrics.",Soft Canvas for Workwear,,300,260,soft canvas fabric for workwear,commercial_investigation,,,,8,,,supporting,C,
/discover/stretch-canvas-workwear/,,,yes,no,/discover/stretch-canvas-workwear/,yes,Stretch Canvas for Workwear Fabric Notes,"This page focuses on stretch canvas options for workwear. Learn stretch canvas fabric for workwear, then compare real FabStitch fabrics.",Stretch Canvas for Workwear,,304,264,stretch canvas fabric for workwear,commercial_investigation,,,,8,,,supporting,C,
/discover/durable-canvas-workwear/,,,yes,no,/discover/durable-canvas-workwear/,yes,Durable Canvas for Workwear Fabric Notes,"This page focuses on durable canvas options for workwear. Learn durable canvas fabric for workwear, then compare real FabStitch fabrics.",Durable Canvas for Workwear,,296,256,durable canvas fabric for workwear,commercial_investigation,,,,8,,,supporting,C,
/discover/structured-canvas-workwear/,,,yes,no,/discover/structured-canvas-workwear/,yes,Structured Canvas for Workwear Fabric Notes,"This page focuses on structured canvas options for workwear. Learn structured canvas fabric for workwear, then compare real FabStitch fabrics.",Structured Canvas for Workwear,,286,246,structured canvas fabric for workwear,commercial_investigation,,,,8,,,supporting,C,
/discover/premium-canvas-workwear/,,,yes,no,/discover/premium-canvas-workwear/,yes,Premium Canvas for Workwear Fabric Notes,"This page focuses on premium canvas options for workwear. Learn premium canvas fabric for workwear, then compare real FabStitch fabrics.",Premium Canvas for Workwear,,287,247,premium canvas fabric for workwear,commercial_investigation,,,,8,,,supporting,C,
/discover/lightweight-canvas-jackets/,,,yes,no,/discover/lightweight-canvas-jackets/,yes,Lightweight Canvas for Jackets Fabric Notes,"This page focuses on lightweight canvas options for jackets. Learn lightweight canvas fabric for jackets, then compare real FabStitch fabrics.",Lightweight Canvas for Jackets,,331,291,lightweight canvas fabric for jackets,commercial_investigation,,,,9,,,supporting,C,
/discover/breathable-canvas-jackets/,,,yes,no,/discover/breathable-canvas-jackets/,yes,Breathable Canvas for Jackets Fabric Notes,"This page focuses on breathable canvas options for jackets. Learn breathable canvas fabric for jackets, then compare real FabStitch fabrics.",Breathable Canvas for Jackets,,323,283,breathable canvas fabric for jackets,commercial_investigation,,,,8,,,supporting,C,
/discover/soft-canvas-jackets/,,,yes,no,/discover/soft-canvas-jackets/,yes,Soft Canvas for Jackets Fabric Notes for Apparel,"This page focuses on soft canvas options for jackets. Learn soft canvas fabric for jackets, then compare real FabStitch fabrics.",Soft Canvas for Jackets,,318,278,soft canvas fabric for jackets,commercial_investigation,,,,8,,,supporting,C,
/discover/stretch-canvas-jackets/,,,yes,no,/discover/stretch-canvas-jackets/,yes,Stretch Canvas for Jackets Fabric Notes Use Notes,"This page focuses on stretch canvas options for jackets. Learn stretch canvas fabric for jackets, then compare real FabStitch fabrics.",Stretch Canvas for Jackets,,321,281,stretch canvas fabric for jackets,commercial_investigation,,,,8,,,supporting,C,
/discover/durable-canvas-jackets/,,,yes,no,/discover/durable-canvas-jackets/,yes,Durable Canvas for Jackets Fabric Notes Use Notes,"This page focuses on durable canvas options for jackets. Learn durable canvas fabric for jackets, then compare real FabStitch fabrics.",Durable Canvas for Jackets,,325,285,durable canvas fabric for jackets,commercial_investigation,,,,8,,,supporting,C,
/discover/structured-canvas-jackets/,,,yes,no,/discover/structured-canvas-jackets/,yes,Structured Canvas for Jackets Fabric Notes,"This page focuses on structured canvas options for jackets. Learn structured canvas fabric for jackets, then compare real FabStitch fabrics.",Structured Canvas for Jackets,,316,276,structured canvas fabric for jackets,commercial_investigation,,,,8,,,supporting,C,
/discover/premium-canvas-jackets/,,,yes,no,/discover/premium-canvas-jackets/,yes,Premium Canvas for Jackets Fabric Notes Use Notes,"This page focuses on premium canvas options for jackets. Learn premium canvas fabric for jackets, then compare real FabStitch fabrics.",Premium Canvas for Jackets,,309,269,premium canvas fabric for jackets,commercial_investigation,,,,8,,,supporting,C,
/discover/lightweight-canvas-trousers/,,,yes,no,/discover/lightweight-canvas-trousers/,yes,Lightweight Canvas for Trousers Fabric Notes,"This page focuses on lightweight canvas options for trousers. Learn lightweight canvas fabric for trousers, then compare real FabStitch fabrics.",Lightweight Canvas for Trousers,,344,304,lightweight canvas fabric for trousers,commercial_investigation,,,,9,,,supporting,C,
/discover/breathable-canvas-trousers/,,,yes,no,/discover/breathable-canvas-trousers/,yes,Breathable Canvas for Trousers Fabric Notes,"This page focuses on breathable canvas options for trousers. Learn breathable canvas fabric for trousers, then compare real FabStitch fabrics.",Breathable Canvas for Trousers,,336,296,breathable canvas fabric for trousers,commercial_investigation,,,,8,,,supporting,C,
/discover/soft-canvas-trousers/,,,yes,no,/discover/soft-canvas-trousers/,yes,Soft Canvas for Trousers Fabric Notes for Apparel,"This page focuses on soft canvas options for trousers. Learn soft canvas fabric for trousers, then compare real FabStitch fabrics.",Soft Canvas for Trousers,,325,285,soft canvas fabric for trousers,commercial_investigation,,,,8,,,supporting,C,
/discover/stretch-canvas-trousers/,,,yes,no,/discover/stretch-canvas-trousers/,yes,Stretch Canvas for Trousers Fabric Notes,"This page focuses on stretch canvas options for trousers. Learn stretch canvas fabric for trousers, then compare real FabStitch fabrics.",Stretch Canvas for Trousers,,324,284,stretch canvas fabric for trousers,commercial_investigation,,,,8,,,supporting,C,
/discover/durable-canvas-trousers/,,,yes,no,/discover/durable-canvas-trousers/,yes,Durable Canvas for Trousers Fabric Notes,"This page focuses on durable canvas options for trousers. Learn durable canvas fabric for trousers, then compare real FabStitch fabrics.",Durable Canvas for Trousers,,328,288,durable canvas fabric for trousers,commercial_investigation,,,,8,,,supporting,C,
/discover/structured-canvas-trousers/,,,yes,no,/discover/structured-canvas-trousers/,yes,Structured Canvas for Trousers Fabric Notes,"This page focuses on structured canvas options for trousers. Learn structured canvas fabric for trousers, then compare real FabStitch fabrics.",Structured Canvas for Trousers,,319,279,structured canvas fabric for trousers,commercial_investigation,,,,8,,,supporting,C,
/discover/premium-canvas-trousers/,,,yes,no,/discover/premium-canvas-trousers/,yes,Premium Canvas for Trousers Fabric Notes,"This page focuses on premium canvas options for trousers. Learn premium canvas fabric for trousers, then compare real FabStitch fabrics.",Premium Canvas for Trousers,,322,282,premium canvas fabric for trousers,commercial_investigation,,,,8,,,supporting,C,
/discover/lightweight-oxford-shirts/,,,yes,no,/discover/lightweight-oxford-shirts/,yes,Lightweight Oxford for Shirts Fabric Notes,"This page focuses on lightweight oxford options for shirts. Learn lightweight oxford fabric for shirts, then compare real FabStitch fabrics.",Lightweight Oxford for Shirts,,340,300,lightweight oxford fabric for shirts,commercial_investigation,,,,10,,,supporting,C,
/discover/breathable-oxford-shirts/,,,yes,no,/discover/breathable-oxford-shirts/,yes,Breathable Oxford for Shirts Fabric Notes,"This page focuses on breathable oxford options for shirts. Learn breathable oxford fabric for shirts, then compare real FabStitch fabrics.",Breathable Oxford for Shirts,,324,284,breathable oxford fabric for shirts,commercial_investigation,,,,10,,,supporting,C,
/discover/soft-oxford-shirts/,,,yes,no,/discover/soft-oxford-shirts/,yes,Soft Oxford for Shirts Fabric Notes Fabric Notes,"This page focuses on soft oxford options for shirts. Learn soft oxford fabric for shirts, then compare real FabStitch fabrics.",Soft Oxford for Shirts,,327,287,soft oxford fabric for shirts,commercial_investigation,,,,10,,,supporting,C,
/discover/stretch-oxford-shirts/,,,yes,no,/discover/stretch-oxford-shirts/,yes,Stretch Oxford for Shirts Fabric Notes Use Notes,"This page focuses on stretch oxford options for shirts. Learn stretch oxford fabric for shirts, then compare real FabStitch fabrics.",Stretch Oxford for Shirts,,325,285,stretch oxford fabric for shirts,commercial_investigation,,,,10,,,supporting,C,
/discover/durable-oxford-shirts/,,,yes,no,/discover/durable-oxford-shirts/,yes,Durable Oxford for Shirts Fabric Notes Use Notes,"This page focuses on durable oxford options for shirts. Learn durable oxford fabric for shirts, then compare real FabStitch fabrics.",Durable Oxford for Shirts,,328,288,durable oxford fabric for shirts,commercial_investigation,,,,10,,,supporting,C,
/discover/structured-oxford-shirts/,,,yes,no,/discover/structured-oxford-shirts/,yes,Structured Oxford for Shirts Fabric Notes,"This page focuses on structured oxford options for shirts. Learn structured oxford fabric for shirts, then compare real FabStitch fabrics.",Structured Oxford for Shirts,,320,280,structured oxford fabric for shirts,commercial_investigation,,,,10,,,supporting,C,
/discover/premium-oxford-shirts/,,,yes,no,/discover/premium-oxford-shirts/,yes,Premium Oxford for Shirts Fabric Notes Use Notes,"This page focuses on premium oxford options for shirts. Learn premium oxford fabric for shirts, then compare real FabStitch fabrics.",Premium Oxford for Shirts,,314,274,premium oxford fabric for shirts,commercial_investigation,,,,10,,,supporting,C,
/discover/lightweight-oxford-blouses/,,,yes,no,/discover/lightweight-oxford-blouses/,yes,Lightweight Oxford for Blouses Fabric Notes,"This page focuses on lightweight oxford options for blouses. Learn lightweight oxford fabric for blouses, then compare real FabStitch fabrics.",Lightweight Oxford for Blouses,,314,274,lightweight oxford fabric for blouses,commercial_investigation,,,,10,,,supporting,C,
/discover/breathable-oxford-blouses/,,,yes,no,/discover/breathable-oxford-blouses/,yes,Breathable Oxford for Blouses Fabric Notes,"This page focuses on breathable oxford options for blouses. Learn breathable oxford fabric for blouses, then compare real FabStitch fabrics.",Breathable Oxford for Blouses,,302,262,breathable oxford fabric for blouses,commercial_investigation,,,,9,,,supporting,C,
/discover/soft-oxford-blouses/,,,yes,no,/discover/soft-oxford-blouses/,yes,Soft Oxford for Blouses Fabric Notes for Apparel,"This page focuses on soft oxford options for blouses. Learn soft oxford fabric for blouses, then compare real FabStitch fabrics.",Soft Oxford for Blouses,,310,270,soft oxford fabric for blouses,commercial_investigation,,,,9,,,supporting,C,
/discover/stretch-oxford-blouses/,,,yes,no,/discover/stretch-oxford-blouses/,yes,Stretch Oxford for Blouses Fabric Notes Use Notes,"This page focuses on stretch oxford options for blouses. Learn stretch oxford fabric for blouses, then compare real FabStitch fabrics.",Stretch Oxford for Blouses,,303,263,stretch oxford fabric for blouses,commercial_investigation,,,,9,,,supporting,C,
/discover/durable-oxford-blouses/,,,yes,no,/discover/durable-oxford-blouses/,yes,Durable Oxford for Blouses Fabric Notes Use Notes,"This page focuses on durable oxford options for blouses. Learn durable oxford fabric for blouses, then compare real FabStitch fabrics.",Durable Oxford for Blouses,,306,266,durable oxford fabric for blouses,commercial_investigation,,,,9,,,supporting,C,
/discover/structured-oxford-blouses/,,,yes,no,/discover/structured-oxford-blouses/,yes,Structured Oxford for Blouses Fabric Notes,"This page focuses on structured oxford options for blouses. Learn structured oxford fabric for blouses, then compare real FabStitch fabrics.",Structured Oxford for Blouses,,294,254,structured oxford fabric for blouses,commercial_investigation,,,,9,,,supporting,C,
/discover/premium-oxford-blouses/,,,yes,no,/discover/premium-oxford-blouses/,yes,Premium Oxford for Blouses Fabric Notes Use Notes,"This page focuses on premium oxford options for blouses. Learn premium oxford fabric for blouses, then compare real FabStitch fabrics.",Premium Oxford for Blouses,,292,252,premium oxford fabric for blouses,commercial_investigation,,,,9,,,supporting,C,
/discover/lightweight-oxford-uniforms/,,,yes,no,/discover/lightweight-oxford-uniforms/,yes,Lightweight Oxford for Uniforms Fabric Notes,"This page focuses on lightweight oxford options for uniforms. Learn lightweight oxford fabric for uniforms, then compare real FabStitch fabrics.",Lightweight Oxford for Uniforms,,309,269,lightweight oxford fabric for uniforms,commercial_investigation,,,,9,,,supporting,C,
/discover/breathable-oxford-uniforms/,,,yes,no,/discover/breathable-oxford-uniforms/,yes,Breathable Oxford for Uniforms Fabric Notes,"This page focuses on breathable oxford options for uniforms. Learn breathable oxford fabric for uniforms, then compare real FabStitch fabrics.",Breathable Oxford for Uniforms,,295,255,breathable oxford fabric for uniforms,commercial_investigation,,,,8,,,supporting,C,
/discover/soft-oxford-uniforms/,,,yes,no,/discover/soft-oxford-uniforms/,yes,Soft Oxford for Uniforms Fabric Notes for Apparel,"This page focuses on soft oxford options for uniforms. Learn soft oxford fabric for uniforms, then compare real FabStitch fabrics.",Soft Oxford for Uniforms,,297,257,soft oxford fabric for uniforms,commercial_investigation,,,,8,,,supporting,C,
/discover/stretch-oxford-uniforms/,,,yes,no,/discover/stretch-oxford-uniforms/,yes,Stretch Oxford for Uniforms Fabric Notes,"This page focuses on stretch oxford options for uniforms. Learn stretch oxford fabric for uniforms, then compare real FabStitch fabrics.",Stretch Oxford for Uniforms,,296,256,stretch oxford fabric for uniforms,commercial_investigation,,,,8,,,supporting,C,
/discover/durable-oxford-uniforms/,,,yes,no,/discover/durable-oxford-uniforms/,yes,Durable Oxford for Uniforms Fabric Notes,"This page focuses on durable oxford options for uniforms. Learn durable oxford fabric for uniforms, then compare real FabStitch fabrics.",Durable Oxford for Uniforms,,299,259,durable oxford fabric for uniforms,commercial_investigation,,,,8,,,supporting,C,
/discover/structured-oxford-uniforms/,,,yes,no,/discover/structured-oxford-uniforms/,yes,Structured Oxford for Uniforms Fabric Notes,"This page focuses on structured oxford options for uniforms. Learn structured oxford fabric for uniforms, then compare real FabStitch fabrics.",Structured Oxford for Uniforms,,289,249,structured oxford fabric for uniforms,commercial_investigation,,,,8,,,supporting,C,
/discover/premium-oxford-uniforms/,,,yes,no,/discover/premium-oxford-uniforms/,yes,Premium Oxford for Uniforms Fabric Notes,"This page focuses on premium oxford options for uniforms. Learn premium oxford fabric for uniforms, then compare real FabStitch fabrics.",Premium Oxford for Uniforms,,285,245,premium oxford fabric for uniforms,commercial_investigation,,,,8,,,supporting,C,
/discover/lightweight-twill-trousers/,,,yes,no,/discover/lightweight-twill-trousers/,yes,Lightweight Twill for Trousers Fabric Notes,"This page focuses on lightweight twill options for trousers. Learn lightweight twill fabric for trousers, then compare real FabStitch fabrics.",Lightweight Twill for Trousers,,340,300,lightweight twill fabric for trousers,commercial_investigation,,,,9,,,supporting,C,
/discover/breathable-twill-trousers/,,,yes,no,/discover/breathable-twill-trousers/,yes,Breathable Twill for Trousers Fabric Notes,"This page focuses on breathable twill options for trousers. Learn breathable twill fabric for trousers, then compare real FabStitch fabrics.",Breathable Twill for Trousers,,327,287,breathable twill fabric for trousers,commercial_investigation,,,,8,,,supporting,C,
/discover/soft-twill-trousers/,,,yes,no,/discover/soft-twill-trousers/,yes,Soft Twill for Trousers Fabric Notes for Apparel,"This page focuses on soft twill options for trousers. Learn soft twill fabric for trousers, then compare real FabStitch fabrics.",Soft Twill for Trousers,,330,290,soft twill fabric for trousers,commercial_investigation,,,,8,,,supporting,C,
/discover/stretch-twill-trousers/,,,yes,no,/discover/stretch-twill-trousers/,yes,Stretch Twill for Trousers Fabric Notes Use Notes,"This page focuses on stretch twill options for trousers. Learn stretch twill fabric for trousers, then compare real FabStitch fabrics.",Stretch Twill for Trousers,,336,296,stretch twill fabric for trousers,commercial_investigation,,,,8,,,supporting,C,
/discover/durable-twill-trousers/,,,yes,no,/discover/durable-twill-trousers/,yes,Durable Twill for Trousers Fabric Notes Use Notes,"This page focuses on durable twill options for trousers. Learn durable twill fabric for trousers, then compare real FabStitch fabrics.",Durable Twill for Trousers,,328,288,durable twill fabric for trousers,commercial_investigation,,,,8,,,supporting,C,
/discover/structured-twill-trousers/,,,yes,no,/discover/structured-twill-trousers/,yes,Structured Twill for Trousers Fabric Notes,"This page focuses on structured twill options for trousers. Learn structured twill fabric for trousers, then compare real FabStitch fabrics.",Structured Twill for Trousers,,319,279,structured twill fabric for trousers,commercial_investigation,,,,8,,,supporting,C,
/discover/premium-twill-trousers/,,,yes,no,/discover/premium-twill-trousers/,yes,Premium Twill for Trousers Fabric Notes Use Notes,"This page focuses on premium twill options for trousers. Learn premium twill fabric for trousers, then compare real FabStitch fabrics.",Premium Twill for Trousers,,318,278,premium twill fabric for trousers,commercial_investigation,,,,8,,,supporting,C,
/discover/lightweight-twill-jackets/,,,yes,no,/discover/lightweight-twill-jackets/,yes,Lightweight Twill for Jackets Fabric Notes,"This page focuses on lightweight twill options for jackets. Learn lightweight twill fabric for jackets, then compare real FabStitch fabrics.",Lightweight Twill for Jackets,,337,297,lightweight twill fabric for jackets,commercial_investigation,,,,9,,,supporting,C,
/discover/breathable-twill-jackets/,,,yes,no,/discover/breathable-twill-jackets/,yes,Breathable Twill for Jackets Fabric Notes,"This page focuses on breathable twill options for jackets. Learn breathable twill fabric for jackets, then compare real FabStitch fabrics.",Breathable Twill for Jackets,,320,280,breathable twill fabric for jackets,commercial_investigation,,,,8,,,supporting,C,
/discover/soft-twill-jackets/,,,yes,no,/discover/soft-twill-jackets/,yes,Soft Twill for Jackets Fabric Notes Fabric Notes,"This page focuses on soft twill options for jackets. Learn soft twill fabric for jackets, then compare real FabStitch fabrics.",Soft Twill for Jackets,,323,283,soft twill fabric for jackets,commercial_investigation,,,,8,,,supporting,C,
/discover/stretch-twill-jackets/,,,yes,no,/discover/stretch-twill-jackets/,yes,Stretch Twill for Jackets Fabric Notes Use Notes,"This page focuses on stretch twill options for jackets. Learn stretch twill fabric for jackets, then compare real FabStitch fabrics.",Stretch Twill for Jackets,,323,283,stretch twill fabric for jackets,commercial_investigation,,,,8,,,supporting,C,
/discover/durable-twill-jackets/,,,yes,no,/discover/durable-twill-jackets/,yes,Durable Twill for Jackets Fabric Notes Use Notes,"This page focuses on durable twill options for jackets. Learn durable twill fabric for jackets, then compare real FabStitch fabrics.",Durable Twill for Jackets,,325,285,durable twill fabric for jackets,commercial_investigation,,,,8,,,supporting,C,
/discover/structured-twill-jackets/,,,yes,no,/discover/structured-twill-jackets/,yes,Structured Twill for Jackets Fabric Notes,"This page focuses on structured twill options for jackets. Learn structured twill fabric for jackets, then compare real FabStitch fabrics.",Structured Twill for Jackets,,316,276,structured twill fabric for jackets,commercial_investigation,,,,8,,,supporting,C,
/discover/premium-twill-jackets/,,,yes,no,/discover/premium-twill-jackets/,yes,Premium Twill for Jackets Fabric Notes Use Notes,"This page focuses on premium twill options for jackets. Learn premium twill fabric for jackets, then compare real FabStitch fabrics.",Premium Twill for Jackets,,311,271,premium twill fabric for jackets,commercial_investigation,,,,8,,,supporting,C,
/discover/lightweight-twill-uniforms/,,,yes,no,/discover/lightweight-twill-uniforms/,yes,Lightweight Twill for Uniforms Fabric Notes,"This page focuses on lightweight twill options for uniforms. Learn lightweight twill fabric for uniforms, then compare real FabStitch fabrics.",Lightweight Twill for Uniforms,,314,274,lightweight twill fabric for uniforms,commercial_investigation,,,,8,,,supporting,C,
/discover/breathable-twill-uniforms/,,,yes,no,/discover/breathable-twill-uniforms/,yes,Breathable Twill for Uniforms Fabric Notes,"This page focuses on breathable twill options for uniforms. Learn breathable twill fabric for uniforms, then compare real FabStitch fabrics.",Breathable Twill for Uniforms,,298,258,breathable twill fabric for uniforms,commercial_investigation,,,,7,,,supporting,C,
/discover/soft-twill-uniforms/,,,yes,no,/discover/soft-twill-uniforms/,yes,Soft Twill for Uniforms Fabric Notes for Apparel,"This page focuses on soft twill options for uniforms. Learn soft twill fabric for uniforms, then compare real FabStitch fabrics.",Soft Twill for Uniforms,,301,261,soft twill fabric for uniforms,commercial_investigation,,,,7,,,supporting,C,
/discover/stretch-twill-uniforms/,,,yes,no,/discover/stretch-twill-uniforms/,yes,Stretch Twill for Uniforms Fabric Notes Use Notes,"This page focuses on stretch twill options for uniforms. Learn stretch twill fabric for uniforms, then compare real FabStitch fabrics.",Stretch Twill for Uniforms,,300,260,stretch twill fabric for uniforms,commercial_investigation,,,,7,,,supporting,C,
/discover/durable-twill-uniforms/,,,yes,no,/discover/durable-twill-uniforms/,yes,Durable Twill for Uniforms Fabric Notes Use Notes,"This page focuses on durable twill options for uniforms. Learn durable twill fabric for uniforms, then compare real FabStitch fabrics.",Durable Twill for Uniforms,,302,262,durable twill fabric for uniforms,commercial_investigation,,,,7,,,supporting,C,
/discover/structured-twill-uniforms/,,,yes,no,/discover/structured-twill-uniforms/,yes,Structured Twill for Uniforms Fabric Notes,"This page focuses on structured twill options for uniforms. Learn structured twill fabric for uniforms, then compare real FabStitch fabrics.",Structured Twill for Uniforms,,293,253,structured twill fabric for uniforms,commercial_investigation,,,,7,,,supporting,C,
/discover/premium-twill-uniforms/,,,yes,no,/discover/premium-twill-uniforms/,yes,Premium Twill for Uniforms Fabric Notes Use Notes,"This page focuses on premium twill options for uniforms. Learn premium twill fabric for uniforms, then compare real FabStitch fabrics.",Premium Twill for Uniforms,,289,249,premium twill fabric for uniforms,commercial_investigation,,,,7,,,supporting,C,
/discover/lightweight-twill-workwear/,,,yes,no,/discover/lightweight-twill-workwear/,yes,Lightweight Twill for Workwear Fabric Notes,"This page focuses on lightweight twill options for workwear. Learn lightweight twill fabric for workwear, then compare real FabStitch fabrics.",Lightweight Twill for Workwear,,306,266,lightweight twill fabric for workwear,commercial_investigation,,,,9,,,supporting,C,
/discover/breathable-twill-workwear/,,,yes,no,/discover/breathable-twill-workwear/,yes,Breathable Twill for Workwear Fabric Notes,"This page focuses on breathable twill options for workwear. Learn breathable twill fabric for workwear, then compare real FabStitch fabrics.",Breathable Twill for Workwear,,293,253,breathable twill fabric for workwear,commercial_investigation,,,,8,,,supporting,C,
/discover/soft-twill-workwear/,,,yes,no,/discover/soft-twill-workwear/,yes,Soft Twill for Workwear Fabric Notes for Apparel,"This page focuses on soft twill options for workwear. Learn soft twill fabric for workwear, then compare real FabStitch fabrics.",Soft Twill for Workwear,,300,260,soft twill fabric for workwear,commercial_investigation,,,,8,,,supporting,C,
/discover/stretch-twill-workwear/,,,yes,no,/discover/stretch-twill-workwear/,yes,Stretch Twill for Workwear Fabric Notes Use Notes,"This page focuses on stretch twill options for workwear. Learn stretch twill fabric for workwear, then compare real FabStitch fabrics.",Stretch Twill for Workwear,,303,263,stretch twill fabric for workwear,commercial_investigation,,,,8,,,supporting,C,
/discover/durable-twill-workwear/,,,yes,no,/discover/durable-twill-workwear/,yes,Durable Twill for Workwear Fabric Notes Use Notes,"This page focuses on durable twill options for workwear. Learn durable twill fabric for workwear, then compare real FabStitch fabrics.",Durable Twill for Workwear,,294,254,durable twill fabric for workwear,commercial_investigation,,,,8,,,supporting,C,
/discover/structured-twill-workwear/,,,yes,no,/discover/structured-twill-workwear/,yes,Structured Twill for Workwear Fabric Notes,"This page focuses on structured twill options for workwear. Learn structured twill fabric for workwear, then compare real FabStitch fabrics.",Structured Twill for Workwear,,291,251,structured twill fabric for workwear,commercial_investigation,,,,8,,,supporting,C,
/discover/premium-twill-workwear/,,,yes,no,/discover/premium-twill-workwear/,yes,Premium Twill for Workwear Fabric Notes Use Notes,"This page focuses on premium twill options for workwear. Learn premium twill fabric for workwear, then compare real FabStitch fabrics.",Premium Twill for Workwear,,294,254,premium twill fabric for workwear,commercial_investigation,,,,8,,,supporting,C,
/discover/lightweight-french-terry-activewear/,,,yes,no,/discover/lightweight-french-terry-activewear/,yes,Lightweight French terry for Activewear Use Notes,"This page focuses on lightweight french terry options for activewear. Learn lightweight french terry fabric for activewear, then compare real.",Lightweight French terry for Activewear,,333,293,lightweight french terry fabric for activewear,commercial_investigation,,,,10,,,supporting,C,
/discover/breathable-french-terry-activewear/,,,yes,no,/discover/breathable-french-terry-activewear/,yes,Breathable French terry for Activewear Use Notes,"This page focuses on breathable french terry options for activewear. Learn breathable french terry fabric for activewear, then compare real FabStitch.",Breathable French terry for Activewear,,319,279,breathable french terry fabric for activewear,commercial_investigation,,,,9,,,supporting,C,
/discover/soft-french-terry-activewear/,,,yes,no,/discover/soft-french-terry-activewear/,yes,Soft French terry for Activewear Fabric Notes,"This page focuses on soft french terry options for activewear. Learn soft french terry fabric for activewear, then compare real FabStitch fabrics.",Soft French terry for Activewear,,317,277,soft french terry fabric for activewear,commercial_investigation,,,,9,,,supporting,C,
/discover/stretch-french-terry-activewear/,,,yes,no,/discover/stretch-french-terry-activewear/,yes,Stretch French terry for Activewear Fabric Notes,"This page focuses on stretch french terry options for activewear. Learn stretch french terry fabric for activewear, then compare real FabStitch.",Stretch French terry for Activewear,,325,285,stretch french terry fabric for activewear,commercial_investigation,,,,9,,,supporting,C,
/discover/durable-french-terry-activewear/,,,yes,no,/discover/durable-french-terry-activewear/,yes,Durable French terry for Activewear Fabric Notes,"This page focuses on durable french terry options for activewear. Learn durable french terry fabric for activewear, then compare real FabStitch.",Durable French terry for Activewear,,318,278,durable french terry fabric for activewear,commercial_investigation,,,,9,,,supporting,C,
/discover/structured-french-terry-activewear/,,,yes,no,/discover/structured-french-terry-activewear/,yes,Structured French terry for Activewear Use Notes,"This page focuses on structured french terry options for activewear. Learn structured french terry fabric for activewear, then compare real FabStitch.",Structured French terry for Activewear,,309,269,structured french terry fabric for activewear,commercial_investigation,,,,9,,,supporting,C,
/discover/premium-french-terry-activewear/,,,yes,no,/discover/premium-french-terry-activewear/,yes,Premium French terry for Activewear Fabric Notes,"This page focuses on premium french terry options for activewear. Learn premium french terry fabric for activewear, then compare real FabStitch.",Premium French terry for Activewear,,314,274,premium french terry fabric for activewear,commercial_investigation,,,,9,,,supporting,C,
/discover/lightweight-french-terry-loungewear/,,,yes,no,/discover/lightweight-french-terry-loungewear/,yes,Lightweight French terry for Loungewear Use Notes,"This page focuses on lightweight french terry options for loungewear. Learn lightweight french terry fabric for loungewear, then compare real.",Lightweight French terry for Loungewear,,312,272,lightweight french terry fabric for loungewear,commercial_investigation,,,,9,,,supporting,C,
/discover/breathable-french-terry-loungewear/,,,yes,no,/discover/breathable-french-terry-loungewear/,yes,Breathable French terry for Loungewear Use Notes,"This page focuses on breathable french terry options for loungewear. Learn breathable french terry fabric for loungewear, then compare real FabStitch.",Breathable French terry for Loungewear,,305,265,breathable french terry fabric for loungewear,commercial_investigation,,,,8,,,supporting,C,
/discover/soft-french-terry-loungewear/,,,yes,no,/discover/soft-french-terry-loungewear/,yes,Soft French terry for Loungewear Fabric Notes,"This page focuses on soft french terry options for loungewear. Learn soft french terry fabric for loungewear, then compare real FabStitch fabrics.",Soft French terry for Loungewear,,301,261,soft french terry fabric for loungewear,commercial_investigation,,,,8,,,supporting,C,
/discover/stretch-french-terry-loungewear/,,,yes,no,/discover/stretch-french-terry-loungewear/,yes,Stretch French terry for Loungewear Fabric Notes,"This page focuses on stretch french terry options for loungewear. Learn stretch french terry fabric for loungewear, then compare real FabStitch.",Stretch French terry for Loungewear,,311,271,stretch french terry fabric for loungewear,commercial_investigation,,,,8,,,supporting,C,
/discover/durable-french-terry-loungewear/,,,yes,no,/discover/durable-french-terry-loungewear/,yes,Durable French terry for Loungewear Fabric Notes,"This page focuses on durable french terry options for loungewear. Learn durable french terry fabric for loungewear, then compare real FabStitch.",Durable French terry for Loungewear,,297,257,durable french terry fabric for loungewear,commercial_investigation,,,,8,,,supporting,C,
/discover/structured-french-terry-loungewear/,,,yes,no,/discover/structured-french-terry-loungewear/,yes,Structured French terry for Loungewear Use Notes,"This page focuses on structured french terry options for loungewear. Learn structured french terry fabric for loungewear, then compare real FabStitch.",Structured French terry for Loungewear,,288,248,structured french terry fabric for loungewear,commercial_investigation,,,,8,,,supporting,C,
/discover/premium-french-terry-loungewear/,,,yes,no,/discover/premium-french-terry-loungewear/,yes,Premium French terry for Loungewear Fabric Notes,"This page focuses on premium french terry options for loungewear. Learn premium french terry fabric for loungewear, then compare real FabStitch.",Premium French terry for Loungewear,,300,260,premium french terry fabric for loungewear,commercial_investigation,,,,8,,,supporting,C,
/discover/lightweight-french-terry-workwear/,,,yes,no,/discover/lightweight-french-terry-workwear/,yes,Lightweight French terry for Workwear for Apparel,"This page focuses on lightweight french terry options for workwear. Learn lightweight french terry fabric for workwear, then compare real FabStitch.",Lightweight French terry for Workwear,,311,271,lightweight french terry fabric for workwear,commercial_investigation,,,,10,,,supporting,C,
/discover/breathable-french-terry-workwear/,,,yes,no,/discover/breathable-french-terry-workwear/,yes,Breathable French terry for Workwear for Apparel,"This page focuses on breathable french terry options for workwear. Learn breathable french terry fabric for workwear, then compare real FabStitch.",Breathable French terry for Workwear,,304,264,breathable french terry fabric for workwear,commercial_investigation,,,,9,,,supporting,C,
/discover/soft-french-terry-workwear/,,,yes,no,/discover/soft-french-terry-workwear/,yes,Soft French terry for Workwear Fabric Notes,"This page focuses on soft french terry options for workwear. Learn soft french terry fabric for workwear, then compare real FabStitch fabrics.",Soft French terry for Workwear,,303,263,soft french terry fabric for workwear,commercial_investigation,,,,9,,,supporting,C,
/discover/stretch-french-terry-workwear/,,,yes,no,/discover/stretch-french-terry-workwear/,yes,Stretch French terry for Workwear Fabric Notes,"This page focuses on stretch french terry options for workwear. Learn stretch french terry fabric for workwear, then compare real FabStitch fabrics.",Stretch French terry for Workwear,,308,268,stretch french terry fabric for workwear,commercial_investigation,,,,9,,,supporting,C,
/discover/durable-french-terry-workwear/,,,yes,no,/discover/durable-french-terry-workwear/,yes,Durable French terry for Workwear Fabric Notes,"This page focuses on durable french terry options for workwear. Learn durable french terry fabric for workwear, then compare real FabStitch fabrics.",Durable French terry for Workwear,,295,255,durable french terry fabric for workwear,commercial_investigation,,,,9,,,supporting,C,
/discover/structured-french-terry-workwear/,,,yes,no,/discover/structured-french-terry-workwear/,yes,Structured French terry for Workwear for Apparel,"This page focuses on structured french terry options for workwear. Learn structured french terry fabric for workwear, then compare real FabStitch.",Structured French terry for Workwear,,288,248,structured french terry fabric for workwear,commercial_investigation,,,,9,,,supporting,C,
/discover/premium-french-terry-workwear/,,,yes,no,/discover/premium-french-terry-workwear/,yes,Premium French terry for Workwear Fabric Notes,"This page focuses on premium french terry options for workwear. Learn premium french terry fabric for workwear, then compare real FabStitch fabrics.",Premium French terry for Workwear,,297,257,premium french terry fabric for workwear,commercial_investigation,,,,9,,,supporting,C,
/discover/lightweight-lyocell-shirts/,,,yes,no,/discover/lightweight-lyocell-shirts/,yes,Lightweight Lyocell for Shirts Fabric Notes,"This page focuses on lightweight lyocell options for shirts. Learn lightweight lyocell fabric for shirts, then compare real FabStitch fabrics.",Lightweight Lyocell for Shirts,,342,302,lightweight lyocell fabric for shirts,commercial_investigation,,,,10,,,supporting,C,
/discover/breathable-lyocell-shirts/,,,yes,no,/discover/breathable-lyocell-shirts/,yes,Breathable Lyocell for Shirts Fabric Notes,"This page focuses on breathable lyocell options for shirts. Learn breathable lyocell fabric for shirts, then compare real FabStitch fabrics.",Breathable Lyocell for Shirts,,330,290,breathable lyocell fabric for shirts,commercial_investigation,,,,10,,,supporting,C,
/discover/soft-lyocell-shirts/,,,yes,no,/discover/soft-lyocell-shirts/,yes,Soft Lyocell for Shirts Fabric Notes for Apparel,"This page focuses on soft lyocell options for shirts. Learn soft lyocell fabric for shirts, then compare real FabStitch fabrics.",Soft Lyocell for Shirts,,329,289,soft lyocell fabric for shirts,commercial_investigation,,,,10,,,supporting,C,
/discover/stretch-lyocell-shirts/,,,yes,no,/discover/stretch-lyocell-shirts/,yes,Stretch Lyocell for Shirts Fabric Notes Use Notes,"This page focuses on stretch lyocell options for shirts. Learn stretch lyocell fabric for shirts, then compare real FabStitch fabrics.",Stretch Lyocell for Shirts,,330,290,stretch lyocell fabric for shirts,commercial_investigation,,,,10,,,supporting,C,
/discover/durable-lyocell-shirts/,,,yes,no,/discover/durable-lyocell-shirts/,yes,Durable Lyocell for Shirts Fabric Notes Use Notes,"This page focuses on durable lyocell options for shirts. Learn durable lyocell fabric for shirts, then compare real FabStitch fabrics.",Durable Lyocell for Shirts,,331,291,durable lyocell fabric for shirts,commercial_investigation,,,,10,,,supporting,C,
/discover/structured-lyocell-shirts/,,,yes,no,/discover/structured-lyocell-shirts/,yes,Structured Lyocell for Shirts Fabric Notes,"This page focuses on structured lyocell options for shirts. Learn structured lyocell fabric for shirts, then compare real FabStitch fabrics.",Structured Lyocell for Shirts,,322,282,structured lyocell fabric for shirts,commercial_investigation,,,,10,,,supporting,C,
/discover/premium-lyocell-shirts/,,,yes,no,/discover/premium-lyocell-shirts/,yes,Premium Lyocell for Shirts Fabric Notes Use Notes,"This page focuses on premium lyocell options for shirts. Learn premium lyocell fabric for shirts, then compare real FabStitch fabrics.",Premium Lyocell for Shirts,,319,279,premium lyocell fabric for shirts,commercial_investigation,,,,10,,,supporting,C,
/discover/lightweight-lyocell-dresses/,,,yes,no,/discover/lightweight-lyocell-dresses/,yes,Lightweight Lyocell for Dresses Fabric Notes,"This page focuses on lightweight lyocell options for dresses. Learn lightweight lyocell fabric for dresses, then compare real FabStitch fabrics.",Lightweight Lyocell for Dresses,,333,293,lightweight lyocell fabric for dresses,commercial_investigation,,,,10,,,supporting,C,
/discover/breathable-lyocell-dresses/,,,yes,no,/discover/breathable-lyocell-dresses/,yes,Breathable Lyocell for Dresses Fabric Notes,"This page focuses on breathable lyocell options for dresses. Learn breathable lyocell fabric for dresses, then compare real FabStitch fabrics.",Breathable Lyocell for Dresses,,321,281,breathable lyocell fabric for dresses,commercial_investigation,,,,10,,,supporting,C,
/discover/soft-lyocell-dresses/,,,yes,no,/discover/soft-lyocell-dresses/,yes,Soft Lyocell for Dresses Fabric Notes for Apparel,"This page focuses on soft lyocell options for dresses. Learn soft lyocell fabric for dresses, then compare real FabStitch fabrics.",Soft Lyocell for Dresses,,323,283,soft lyocell fabric for dresses,commercial_investigation,,,,10,,,supporting,C,
/discover/stretch-lyocell-dresses/,,,yes,no,/discover/stretch-lyocell-dresses/,yes,Stretch Lyocell for Dresses Fabric Notes,"This page focuses on stretch lyocell options for dresses. Learn stretch lyocell fabric for dresses, then compare real FabStitch fabrics.",Stretch Lyocell for Dresses,,321,281,stretch lyocell fabric for dresses,commercial_investigation,,,,10,,,supporting,C,
/discover/durable-lyocell-dresses/,,,yes,no,/discover/durable-lyocell-dresses/,yes,Durable Lyocell for Dresses Fabric Notes,"This page focuses on durable lyocell options for dresses. Learn durable lyocell fabric for dresses, then compare real FabStitch fabrics.",Durable Lyocell for Dresses,,325,285,durable lyocell fabric for dresses,commercial_investigation,,,,10,,,supporting,C,
/discover/structured-lyocell-dresses/,,,yes,no,/discover/structured-lyocell-dresses/,yes,Structured Lyocell for Dresses Fabric Notes,"This page focuses on structured lyocell options for dresses. Learn structured lyocell fabric for dresses, then compare real FabStitch fabrics.",Structured Lyocell for Dresses,,313,273,structured lyocell fabric for dresses,commercial_investigation,,,,10,,,supporting,C,
/discover/premium-lyocell-dresses/,,,yes,no,/discover/premium-lyocell-dresses/,yes,Premium Lyocell for Dresses Fabric Notes,"This page focuses on premium lyocell options for dresses. Learn premium lyocell fabric for dresses, then compare real FabStitch fabrics.",Premium Lyocell for Dresses,,313,273,premium lyocell fabric for dresses,commercial_investigation,,,,10,,,supporting,C,
/discover/lightweight-lyocell-blouses/,,,yes,no,/discover/lightweight-lyocell-blouses/,yes,Lightweight Lyocell for Blouses Fabric Notes,"This page focuses on lightweight lyocell options for blouses. Learn lightweight lyocell fabric for blouses, then compare real FabStitch fabrics.",Lightweight Lyocell for Blouses,,316,276,lightweight lyocell fabric for blouses,commercial_investigation,,,,9,,,supporting,C,
/discover/breathable-lyocell-blouses/,,,yes,no,/discover/breathable-lyocell-blouses/,yes,Breathable Lyocell for Blouses Fabric Notes,"This page focuses on breathable lyocell options for blouses. Learn breathable lyocell fabric for blouses, then compare real FabStitch fabrics.",Breathable Lyocell for Blouses,,313,273,breathable lyocell fabric for blouses,commercial_investigation,,,,8,,,supporting,C,
/discover/soft-lyocell-blouses/,,,yes,no,/discover/soft-lyocell-blouses/,yes,Soft Lyocell for Blouses Fabric Notes for Apparel,"This page focuses on soft lyocell options for blouses. Learn soft lyocell fabric for blouses, then compare real FabStitch fabrics.",Soft Lyocell for Blouses,,307,267,soft lyocell fabric for blouses,commercial_investigation,,,,8,,,supporting,C,
/discover/stretch-lyocell-blouses/,,,yes,no,/discover/stretch-lyocell-blouses/,yes,Stretch Lyocell for Blouses Fabric Notes,"This page focuses on stretch lyocell options for blouses. Learn stretch lyocell fabric for blouses, then compare real FabStitch fabrics.",Stretch Lyocell for Blouses,,313,273,stretch lyocell fabric for blouses,commercial_investigation,,,,8,,,supporting,C,
/discover/durable-lyocell-blouses/,,,yes,no,/discover/durable-lyocell-blouses/,yes,Durable Lyocell for Blouses Fabric Notes,"This page focuses on durable lyocell options for blouses. Learn durable lyocell fabric for blouses, then compare real FabStitch fabrics.",Durable Lyocell for Blouses,,309,269,durable lyocell fabric for blouses,commercial_investigation,,,,8,,,supporting,C,
/discover/structured-lyocell-blouses/,,,yes,no,/discover/structured-lyocell-blouses/,yes,Structured Lyocell for Blouses Fabric Notes,"This page focuses on structured lyocell options for blouses. Learn structured lyocell fabric for blouses, then compare real FabStitch fabrics.",Structured Lyocell for Blouses,,305,265,structured lyocell fabric for blouses,commercial_investigation,,,,8,,,supporting,C,
/discover/premium-lyocell-blouses/,,,yes,no,/discover/premium-lyocell-blouses/,yes,Premium Lyocell for Blouses Fabric Notes,"This page focuses on premium lyocell options for blouses. Learn premium lyocell fabric for blouses, then compare real FabStitch fabrics.",Premium Lyocell for Blouses,,297,257,premium lyocell fabric for blouses,commercial_investigation,,,,8,,,supporting,C,
/discover/woven-cotton-fabric/,,,yes,no,/discover/woven-cotton-fabric/,yes,Woven Cotton Fabric for apparel sourcing,"woven cotton is a construction decision. Learn woven cotton fabric, then compare real FabStitch fabrics. See how Woven Cotton Fabric relates to.",Woven Cotton Fabric,,353,313,woven cotton fabric,informational,,,,7,,,supporting,C,
/discover/knit-cotton-fabric/,,,yes,no,/discover/knit-cotton-fabric/,yes,Knit Cotton Fabric for apparel sourcing Use Notes,"knit cotton is a construction decision. Learn knit cotton fabric, then compare real FabStitch fabrics. See how Knit Cotton Fabric relates to.",Knit Cotton Fabric,,354,314,knit cotton fabric,informational,,,,7,,,supporting,C,
/discover/woven-linen-fabric/,,,yes,no,/discover/woven-linen-fabric/,yes,Woven Linen Fabric for apparel sourcing Use Notes,"woven linen is a construction decision. Learn woven linen fabric, then compare real FabStitch fabrics. See how Woven Linen Fabric relates to.",Woven Linen Fabric,,339,299,woven linen fabric,informational,,,,7,,,supporting,C,
/discover/knit-linen-fabric/,,,yes,no,/discover/knit-linen-fabric/,yes,Knit Linen Fabric for apparel sourcing Use Notes,"knit linen is a construction decision. Learn knit linen fabric, then compare real FabStitch fabrics. See how Knit Linen Fabric relates to construction.",Knit Linen Fabric,,340,300,knit linen fabric,informational,,,,7,,,supporting,C,
/discover/woven-silk-fabric/,,,yes,no,/discover/woven-silk-fabric/,yes,Woven Silk Fabric for apparel sourcing Use Notes,"woven silk is a construction decision. Learn woven silk fabric, then compare real FabStitch fabrics. See how Woven Silk Fabric relates to construction.",Woven Silk Fabric,,335,295,woven silk fabric,informational,,,,7,,,supporting,C,
/discover/knit-silk-fabric/,,,yes,no,/discover/knit-silk-fabric/,yes,Knit Silk Fabric for apparel sourcing for Apparel,"knit silk is a construction decision. Learn knit silk fabric, then compare real FabStitch fabrics. See how Knit Silk Fabric relates to construction.",Knit Silk Fabric,,336,296,knit silk fabric,informational,,,,7,,,supporting,C,
/discover/woven-wool-fabric/,,,yes,no,/discover/woven-wool-fabric/,yes,Woven Wool Fabric for apparel sourcing Use Notes,"woven wool is a construction decision. Learn woven wool fabric, then compare real FabStitch fabrics. See how Woven Wool Fabric relates to construction.",Woven Wool Fabric,,320,280,woven wool fabric,informational,,,,7,,,supporting,C,
/discover/knit-wool-fabric/,,,yes,no,/discover/knit-wool-fabric/,yes,Knit Wool Fabric for apparel sourcing for Apparel,"knit wool is a construction decision. Learn knit wool fabric, then compare real FabStitch fabrics. See how Knit Wool Fabric relates to construction.",Knit Wool Fabric,,321,281,knit wool fabric,informational,,,,7,,,supporting,C,
/discover/woven-denim-fabric/,,,yes,no,/discover/woven-denim-fabric/,yes,Woven Denim Fabric for apparel sourcing Use Notes,"woven denim is a construction decision. Learn woven denim fabric, then compare real FabStitch fabrics. See how Woven Denim Fabric relates to.",Woven Denim Fabric,,332,292,woven denim fabric,informational,,,,7,,,supporting,C,
/discover/woven-polyester-fabric/,,,yes,no,/discover/woven-polyester-fabric/,yes,Woven Polyester Fabric Fabric Notes Fabric Notes,"woven polyester is a construction decision. Learn woven polyester fabric, then compare real FabStitch fabrics. See how Woven Polyester Fabric relates.",Woven Polyester Fabric,,328,288,woven polyester fabric,informational,,,,7,,,supporting,C,
/discover/knit-polyester-fabric/,,,yes,no,/discover/knit-polyester-fabric/,yes,Knit Polyester Fabric Fabric Notes Fabric Notes,"knit polyester is a construction decision. Learn knit polyester fabric, then compare real FabStitch fabrics. See how Knit Polyester Fabric relates to.",Knit Polyester Fabric,,329,289,knit polyester fabric,informational,,,,7,,,supporting,C,
/discover/woven-viscose-fabric/,,,yes,no,/discover/woven-viscose-fabric/,yes,Woven Viscose Fabric Fabric Notes Fabric Notes,"woven viscose is a construction decision. Learn woven viscose fabric, then compare real FabStitch fabrics. See how Woven Viscose Fabric relates to.",Woven Viscose Fabric,,309,269,woven viscose fabric,informational,,,,7,,,supporting,C,
/discover/knit-viscose-fabric/,,,yes,no,/discover/knit-viscose-fabric/,yes,Knit Viscose Fabric for apparel sourcing,"knit viscose is a construction decision. Learn knit viscose fabric, then compare real FabStitch fabrics. See how Knit Viscose Fabric relates to.",Knit Viscose Fabric,,310,270,knit viscose fabric,informational,,,,7,,,supporting,C,
/discover/woven-rayon-fabric/,,,yes,no,/discover/woven-rayon-fabric/,yes,Woven Rayon Fabric for apparel sourcing Use Notes,"woven rayon is a construction decision. Learn woven rayon fabric, then compare real FabStitch fabrics. See how Woven Rayon Fabric relates to.",Woven Rayon Fabric,,324,284,woven rayon fabric,informational,,,,7,,,supporting,C,
/discover/knit-rayon-fabric/,,,yes,no,/discover/knit-rayon-fabric/,yes,Knit Rayon Fabric for apparel sourcing Use Notes,"knit rayon is a construction decision. Learn knit rayon fabric, then compare real FabStitch fabrics. See how Knit Rayon Fabric relates to construction.",Knit Rayon Fabric,,325,285,knit rayon fabric,informational,,,,7,,,supporting,C,
/discover/knit-jersey-fabric/,,,yes,no,/discover/knit-jersey-fabric/,yes,Knit Jersey Fabric for apparel sourcing Use Notes,"knit jersey is a construction decision. Learn knit jersey fabric, then compare real FabStitch fabrics. See how Knit Jersey Fabric relates to.",Knit Jersey Fabric,,302,262,knit jersey fabric,informational,,,,8,,,supporting,C,
/discover/woven-velvet-fabric/,,,yes,no,/discover/woven-velvet-fabric/,yes,Woven Velvet Fabric for apparel sourcing,"woven velvet is a construction decision. Learn woven velvet fabric, then compare real FabStitch fabrics. See how Woven Velvet Fabric relates to.",Woven Velvet Fabric,,287,247,woven velvet fabric,informational,,,,8,,,supporting,C,
/discover/knit-velvet-fabric/,,,yes,no,/discover/knit-velvet-fabric/,yes,Knit Velvet Fabric for apparel sourcing Use Notes,"knit velvet is a construction decision. Learn knit velvet fabric, then compare real FabStitch fabrics. See how Knit Velvet Fabric relates to.",Knit Velvet Fabric,,288,248,knit velvet fabric,informational,,,,8,,,supporting,C,
/discover/woven-chiffon-fabric/,,,yes,no,/discover/woven-chiffon-fabric/,yes,Woven Chiffon Fabric Fabric Notes Fabric Notes,"woven chiffon is a construction decision. Learn woven chiffon fabric, then compare real FabStitch fabrics. See how Woven Chiffon Fabric relates to.",Woven Chiffon Fabric,,295,255,woven chiffon fabric,informational,,,,8,,,supporting,C,
/discover/knit-chiffon-fabric/,,,yes,no,/discover/knit-chiffon-fabric/,yes,Knit Chiffon Fabric for apparel sourcing,"knit chiffon is a construction decision. Learn knit chiffon fabric, then compare real FabStitch fabrics. See how Knit Chiffon Fabric relates to.",Knit Chiffon Fabric,,296,256,knit chiffon fabric,informational,,,,8,,,supporting,C,
/discover/woven-georgette-fabric/,,,yes,no,/discover/woven-georgette-fabric/,yes,Woven Georgette Fabric Fabric Notes Fabric Notes,"woven georgette is a construction decision. Learn woven georgette fabric, then compare real FabStitch fabrics. See how Woven Georgette Fabric relates.",Woven Georgette Fabric,,305,265,woven georgette fabric,informational,,,,8,,,supporting,C,
/discover/knit-georgette-fabric/,,,yes,no,/discover/knit-georgette-fabric/,yes,Knit Georgette Fabric Fabric Notes Fabric Notes,"knit georgette is a construction decision. Learn knit georgette fabric, then compare real FabStitch fabrics. See how Knit Georgette Fabric relates to.",Knit Georgette Fabric,,306,266,knit georgette fabric,informational,,,,8,,,supporting,C,
/discover/woven-poplin-fabric/,,,yes,no,/discover/woven-poplin-fabric/,yes,Woven Poplin Fabric for apparel sourcing,"woven poplin is a construction decision. Learn woven poplin fabric, then compare real FabStitch fabrics. See how Woven Poplin Fabric relates to.",Woven Poplin Fabric,,309,269,woven poplin fabric,informational,,,,8,,,supporting,C,
/discover/woven-satin-fabric/,,,yes,no,/discover/woven-satin-fabric/,yes,Woven Satin Fabric for apparel sourcing Use Notes,"woven satin is a construction decision. Learn woven satin fabric, then compare real FabStitch fabrics. See how Woven Satin Fabric relates to.",Woven Satin Fabric,,298,258,woven satin fabric,informational,,,,7,,,supporting,C,
/discover/knit-satin-fabric/,,,yes,no,/discover/knit-satin-fabric/,yes,Knit Satin Fabric for apparel sourcing Use Notes,"knit satin is a construction decision. Learn knit satin fabric, then compare real FabStitch fabrics. See how Knit Satin Fabric relates to construction.",Knit Satin Fabric,,299,259,knit satin fabric,informational,,,,7,,,supporting,C,
/discover/woven-crepe-fabric/,,,yes,no,/discover/woven-crepe-fabric/,yes,Woven Crepe Fabric for apparel sourcing Use Notes,"woven crepe is a construction decision. Learn woven crepe fabric, then compare real FabStitch fabrics. See how Woven Crepe Fabric relates to.",Woven Crepe Fabric,,304,264,woven crepe fabric,informational,,,,7,,,supporting,C,
/discover/knit-crepe-fabric/,,,yes,no,/discover/knit-crepe-fabric/,yes,Knit Crepe Fabric for apparel sourcing Use Notes,"knit crepe is a construction decision. Learn knit crepe fabric, then compare real FabStitch fabrics. See how Knit Crepe Fabric relates to construction.",Knit Crepe Fabric,,305,265,knit crepe fabric,informational,,,,7,,,supporting,C,
/discover/woven-canvas-fabric/,,,yes,no,/discover/woven-canvas-fabric/,yes,Woven Canvas Fabric for apparel sourcing,"woven canvas is a construction decision. Learn woven canvas fabric, then compare real FabStitch fabrics. See how Woven Canvas Fabric relates to.",Woven Canvas Fabric,,300,260,woven canvas fabric,informational,,,,7,,,supporting,C,
/discover/woven-oxford-fabric/,,,yes,no,/discover/woven-oxford-fabric/,yes,Woven Oxford Fabric for apparel sourcing,"woven oxford is a construction decision. Learn woven oxford fabric, then compare real FabStitch fabrics. See how Woven Oxford Fabric relates to.",Woven Oxford Fabric,,290,250,woven oxford fabric,informational,,,,8,,,supporting,C,
/discover/woven-twill-fabric/,,,yes,no,/discover/woven-twill-fabric/,yes,Woven Twill Fabric for apparel sourcing Use Notes,"woven twill is a construction decision. Learn woven twill fabric, then compare real FabStitch fabrics. See how Woven Twill Fabric relates to.",Woven Twill Fabric,,299,259,woven twill fabric,informational,,,,7,,,supporting,C,
/discover/knit-french-terry-fabric/,,,yes,no,/discover/knit-french-terry-fabric/,yes,Knit French terry Fabric Fabric Notes for Apparel,"knit french terry is a construction decision. Learn knit french terry fabric, then compare real FabStitch fabrics. See how Knit French terry Fabric.",Knit French terry Fabric,,306,266,knit french terry fabric,informational,,,,8,,,supporting,C,
/discover/woven-lyocell-fabric/,,,yes,no,/discover/woven-lyocell-fabric/,yes,Woven Lyocell Fabric Fabric Notes Fabric Notes,"woven lyocell is a construction decision. Learn woven lyocell fabric, then compare real FabStitch fabrics. See how Woven Lyocell Fabric relates to.",Woven Lyocell Fabric,,302,262,woven lyocell fabric,informational,,,,7,,,supporting,C,
/discover/knit-lyocell-fabric/,,,yes,no,/discover/knit-lyocell-fabric/,yes,Knit Lyocell Fabric for apparel sourcing,"knit lyocell is a construction decision. Learn knit lyocell fabric, then compare real FabStitch fabrics. See how Knit Lyocell Fabric relates to.",Knit Lyocell Fabric,,303,263,knit lyocell fabric,informational,,,,7,,,supporting,C,
/discover/what-fabric-gsm-means/,,,yes,no,/discover/what-fabric-gsm-means/,yes,What Fabric GSM Means Fabric Notes Fabric Notes,"GSM is grams per square metre. Learn how fabric weight changes drape, opacity and suitability before you shortlist cloth on FabStitch.",What fabric GSM means for a garment brief,,444,404,fabric GSM,informational,,,,4,,,medium,B,
/discover/fabric-width-for-cutting/,,,yes,no,/discover/fabric-width-for-cutting/,yes,Fabric Width for Cutting Fabric Notes for Apparel,Fabric width changes marker yield and seam planning. See how buyers should read width before estimating cloth for a make.,How fabric width affects cutting and yield,,348,308,fabric width,informational,,,,4,,,supporting,C,
/discover/thread-count-versus-construction/,,,yes,no,/discover/thread-count-versus-construction/,yes,Thread Count Versus Construction Fabric Notes,Thread count describes yarn density in a weave. Learn when it helps a buyer and when construction and GSM matter more. See how Thread Count Versus.,Why thread count is not a quality score,,323,283,thread count,informational,,,,4,,,supporting,C,
/discover/what-a-weave-changes/,,,yes,no,/discover/what-a-weave-changes/,yes,What a Weave Changes Fabric Notes Fabric Notes,"Plain, twill and satin weaves change drape, strength and surface. Learn how to read weave before choosing a woven fabric.",What a weave changes in woven cloth,,327,287,fabric weave,informational,,,,4,,,supporting,C,
/discover/how-knit-fabric-is-built/,,,yes,no,/discover/how-knit-fabric-is-built/,yes,How Knit Fabric Is Built Fabric Notes for Apparel,"Knits are looped yarns, not woven grids. See how that structure changes stretch, recovery and when a knit belongs in a brief.",How knit fabric is built,,319,279,knit fabric,informational,,,,4,,,supporting,C,
/discover/understanding-fabric-drape/,,,yes,no,/discover/understanding-fabric-drape/,yes,Understanding Fabric Drape Fabric Notes Use Notes,Drape is how cloth falls from a fold or a body. Learn how to judge it without confusing it with weight or softness. See how Understanding Fabric Drape.,Understanding fabric drape,,298,258,fabric drape,informational,,,,4,,,supporting,C,
/discover/what-hand-feel-describes/,,,yes,no,/discover/what-hand-feel-describes/,yes,What Hand Feel Describes Fabric Notes for Apparel,Hand feel is the tactile impression of cloth. Learn which words are useful in a brief and which ones are too vague to source against.,What hand feel describes,,306,266,fabric hand feel,informational,,,,4,,,supporting,C,
/discover/fabric-opacity-for-garments/,,,yes,no,/discover/fabric-opacity-for-garments/,yes,Fabric Opacity for Garments Fabric Notes,"Judge fabric opacity for shirts, dresses and trousers by colour, construction and light — not by fibre name or GSM alone.",How to judge fabric opacity on a garment brief,,440,400,fabric opacity,informational,,,,7,,,medium,B,
/discover/fabric-stretch-and-recovery/,,,yes,no,/discover/fabric-stretch-and-recovery/,yes,Fabric Stretch and Recovery Fabric Notes,Stretch is how far cloth gives. Recovery is whether it returns. Learn why both belong in an activewear or comfort brief.,Fabric stretch and recovery,,288,248,fabric stretch,informational,,,,4,,,supporting,C,
/discover/reading-fiber-content/,,,yes,no,/discover/reading-fiber-content/,yes,Reading Fiber Content Fabric Notes Fabric Notes,Fiber content lists what a cloth is made from. Learn how to use composition on FabStitch without guessing missing percentages.,How to read fiber content,,287,247,fiber content,informational,,,,4,,,supporting,C,
/discover/what-a-fabric-finish-does/,,,yes,no,/discover/what-a-fabric-finish-does/,yes,What a Fabric Finish Does Fabric Notes Use Notes,A finish is a treatment after the cloth is built. Learn which finish claims to trust and which ones need the page to say so.,What a fabric finish does,,304,264,fabric finish,informational,,,,4,,,supporting,C,
/discover/fabric-shrinkage-before-bulk/,,,yes,no,/discover/fabric-shrinkage-before-bulk/,yes,Fabric Shrinkage Before Bulk Fabric Notes,Shrinkage changes fit after a first wash or steam. Learn what buyers can check on FabStitch and what they should ask before bulk.,Thinking about fabric shrinkage before bulk,,301,261,fabric shrinkage,informational,,,,4,,,supporting,C,
/discover/b2b-fabric-sourcing-on-fabstitch/,,,yes,no,/discover/b2b-fabric-sourcing-on-fabstitch/,yes,B2B Fabric Sourcing on FabStitch Fabric Notes,"FabStitch helps businesses discover fabrics by material, use and spec, then inquire. See what the storefront actually supports.",B2B fabric sourcing on FabStitch,,340,300,B2B fabric sourcing,commercial,,,,4,,,supporting,C,
/discover/wholesale-fabric-sourcing-basics/,,,yes,no,/discover/wholesale-fabric-sourcing-basics/,yes,Wholesale Fabric Sourcing Basics Fabric Notes,"Wholesale sourcing starts with spec, quantity and a comparable shortlist. See how that maps to FabStitch collections and inquiries.",Wholesale fabric sourcing basics,,293,253,wholesale fabric sourcing,commercial,,,,4,,,supporting,C,
/discover/sourcing-fabric-for-clothing-brands/,,,yes,no,/discover/sourcing-fabric-for-clothing-brands/,yes,Sourcing Fabric for Clothing Brands Fabric Notes,"Clothing brands can shortlist FabStitch fabrics by collection, use and spec before they inquire. Here is a practical path.",Sourcing fabric for clothing brands,,312,272,fabric for clothing brands,commercial,,,,4,,,supporting,C,
/discover/sourcing-fabric-for-manufacturers/,,,yes,no,/discover/sourcing-fabric-for-manufacturers/,yes,Sourcing Fabric for Manufacturers Fabric Notes,Manufacturers need repeatable specs more than inspiration. See how to use FabStitch fabric pages before a production inquiry.,Sourcing fabric for manufacturers,,289,249,fabric for manufacturers,commercial,,,,4,,,supporting,C,
/discover/fabric-sourcing-workflow/,,,yes,no,/discover/fabric-sourcing-workflow/,yes,A Fabric Sourcing Workflow Fabric Notes Use Notes,Move from garment need to a FabStitch shortlist and inquiry without skipping spec. This is the workflow the storefront supports.,A practical fabric sourcing workflow,,294,254,fabric sourcing workflow,commercial,,,,4,,,supporting,C,
/discover/evaluating-fabric-before-bulk/,,,yes,no,/discover/evaluating-fabric-before-bulk/,yes,Evaluating Fabric Before Bulk Fabric Notes,"Before you inquire for bulk, check composition, construction, weight and use. Here is a factual checklist using FabStitch pages.",Evaluating fabric before a bulk inquiry,,285,245,evaluate fabric before bulk,commercial,,,,4,,,supporting,C,
/discover/preparing-a-fabric-inquiry/,,,yes,no,/discover/preparing-a-fabric-inquiry/,yes,Preparing a Fabric Inquiry Fabric Notes Use Notes,"A useful FabStitch inquiry names the fabric, the quantity and the end use. See which details help and which claims to leave out.",Preparing a fabric inquiry,,298,258,fabric inquiry,commercial,,,,4,,,supporting,C,
/discover/fabric-specifications-for-production/,,,yes,no,/discover/fabric-specifications-for-production/,yes,Fabric Specifications for Production for Apparel,"Production specs are composition, construction, weight and width. Learn how to collect them from FabStitch without inventing the rest.",Fabric specifications that matter in production,,274,234,fabric specifications,commercial,,,,4,,,supporting,C,
/discover/how-to-choose-fabric-weight/,,,yes,no,/discover/how-to-choose-fabric-weight/,yes,How to Choose Fabric Weight Fabric Notes,"Choose fabric weight from the garment and the construction, not from a single GSM slogan. A practical FabStitch approach.",How to choose fabric weight,,317,277,choose fabric weight,informational,,,,4,,,supporting,C,
/discover/how-gsm-affects-clothing/,,,yes,no,/discover/how-gsm-affects-clothing/,yes,How GSM Affects Clothing Fabric Notes for Apparel,"GSM changes cover, drape and season more than it changes prestige. See how clothing categories use weight differently. See how How GSM Affects Clothing",How GSM affects clothing,,303,263,GSM and clothing,informational,,,,4,,,supporting,C,
/discover/how-to-compare-two-fabrics/,,,yes,no,/discover/how-to-compare-two-fabrics/,yes,How to Compare Two Fabrics Fabric Notes Use Notes,"Compare two fabrics on fibre, construction, weight and use. Skip universal winners. Here is a side-by-side method for FabStitch pages.",How to compare two fabrics,,272,232,compare fabrics,informational,,,,4,,,supporting,C,
/discover/how-to-evaluate-fabric-quality/,,,yes,no,/discover/how-to-evaluate-fabric-quality/,yes,How to Evaluate Fabric Quality Fabric Notes,"Quality is fitness for the brief: even construction, honest composition and a hand that matches the garment. No invented scores.",How to evaluate fabric quality,,275,235,fabric quality,informational,,,,4,,,supporting,C,
/discover/lightweight-versus-heavyweight-cloth/,,,yes,no,/discover/lightweight-versus-heavyweight-cloth/,yes,Lightweight Versus Heavyweight Cloth for Apparel,Lightweight and heavyweight are relative labels. Learn how to use them inside one construction instead of across the whole catalog.,Lightweight versus heavyweight cloth,,285,245,lightweight vs heavyweight fabric,informational,,,,4,,,supporting,C,
/discover/woven-versus-knit-selection/,,,yes,no,/discover/woven-versus-knit-selection/,yes,Woven Versus Knit Selection Fabric Notes,Choose woven or knit from the pattern's need for stability or stretch. This selection note sits beside the woven versus knit guide.,Choosing between woven and knit,,290,250,woven vs knit selection,informational,,,,4,,,supporting,C,
/discover/estimating-fabric-for-a-make/,,,yes,no,/discover/estimating-fabric-for-a-make/,yes,Estimating Fabric for a Make Fabric Notes,"Estimate cloth from pattern size, width and waste, not from a universal metre count. How to keep that estimate honest. See how Estimating Fabric for a.",Estimating fabric for a make,,282,242,estimate fabric quantity,informational,,,,4,,,supporting,C,
/discover/choosing-fabric-for-manufacturing/,,,yes,no,/discover/choosing-fabric-for-manufacturing/,yes,Choosing Fabric for Manufacturing Fabric Notes,Manufacturing choices favour repeatable construction and a spec you can re-order. See how to narrow FabStitch options. See how Choosing Fabric for.,Choosing fabric for manufacturing,,274,234,fabric for manufacturing,informational,,,,4,,,supporting,C,
/discover/why-businesses-use-fabstitch/,,,yes,no,/discover/why-businesses-use-fabstitch/,yes,Why Businesses Use FabStitch Fabric Notes,"Businesses use FabStitch to browse documented fabrics, compare uses and start an inquiry. No unsupported superlatives. See how Why Businesses Use.",Why businesses use FabStitch for fabric discovery,,290,250,why FabStitch,commercial,,,,4,,,supporting,C,
/discover/what-fabstitch-helps-you-discover/,,,yes,no,/discover/what-fabstitch-helps-you-discover/,yes,What FabStitch Helps You Discover Fabric Notes,"FabStitch helps buyers discover fabrics by material, construction, use and collection. See the public paths that already exist.",What FabStitch helps buyers discover,,287,247,FabStitch fabric discovery,commercial,,,,3,,,supporting,C,
/discover/using-fabstitch-for-production-research/,,,yes,no,/discover/using-fabstitch-for-production-research/,yes,Using FabStitch for Production Research Use Notes,"Use FabStitch to research production options from published specs, then inquire. A factual description of the storefront.",Using FabStitch to research fabrics for production,,245,205,FabStitch production research,commercial,,,,4,,,supporting,C,
/discover/cotton-versus-polyester/,,,yes,no,/discover/cotton-versus-polyester/,yes,Cotton Versus Polyester Fabric Notes for Apparel,"Cotton and polyester solve different briefs. Compare hand, moisture, durability and when to choose each, without a universal winner.",Cotton versus polyester,,295,255,cotton vs polyester,informational,,,,4,,,supporting,C,
/discover/silk-versus-satin/,,,yes,no,/discover/silk-versus-satin/,yes,Silk Versus Satin for apparel sourcing Use Notes,Silk is a fibre. Satin is a weave. Learn the difference before you treat them as the same luxury cloth. See how Silk Versus Satin relates to.,Silk versus satin,,282,242,silk vs satin,informational,,,,4,,,supporting,C,
/discover/denim-versus-twill/,,,yes,no,/discover/denim-versus-twill/,yes,Denim Versus Twill for apparel sourcing Use Notes,Denim is a specific cotton twill tradition. Twill is the wider weave. See how to tell the two apart on FabStitch. See how Denim Versus Twill relates to,Denim versus twill,,271,231,denim vs twill,informational,,,,4,,,supporting,C,
/discover/viscose-versus-rayon/,,,yes,no,/discover/viscose-versus-rayon/,yes,Viscose Versus Rayon Fabric Notes Fabric Notes,Rayon is a family name and viscose is a common process inside it. Learn how FabStitch expects you to read the label. See how Viscose Versus Rayon.,Viscose versus rayon,,268,228,viscose vs rayon,informational,,,,4,,,supporting,C,
/discover/linen-versus-cotton-for-shirts/,,,yes,no,/discover/linen-versus-cotton-for-shirts/,yes,Linen Versus Cotton for Shirts Fabric Notes,"Linen and cotton both make shirts and feel different in heat, crease and structure. Choose by the shirt you are actually cutting.",Linen versus cotton for shirts,,289,249,linen vs cotton shirts,informational,,,,4,,,supporting,C,
/discover/summer-fabric-selection/,,,yes,no,/discover/summer-fabric-selection/,yes,Summer Fabric Selection Fabric Notes for Apparel,"Warm-weather cloth needs airflow, honest opacity and a wearable hand. See how to shortlist summer options on FabStitch. See how Summer Fabric Selection",Selecting fabrics for warm weather,,281,241,summer fabrics,informational,,,,4,,,supporting,C,
/discover/winter-fabric-selection/,,,yes,no,/discover/winter-fabric-selection/,yes,Winter Fabric Selection Fabric Notes for Apparel,"Colder-weather cloth needs cover, weight and a construction that blocks air. See how to look through FabStitch without guessing warmth.",Selecting fabrics for colder weather,,269,229,winter fabrics,informational,,,,4,,,supporting,C,
/marketplace/what-is-a-fabric-marketplace/,,,yes,no,/marketplace/what-is-a-fabric-marketplace/,yes,What Is a Fabric Marketplace Fabric Notes,A fabric marketplace is a place to compare documented cloths and start an inquiry. See how that works on FabStitch. See how What Is a Fabric.,What a fabric marketplace is,,434,394,what is a fabric marketplace,commercial_investigation,,,,4,,,medium,B,
/marketplace/how-a-fabric-marketplace-works/,,,yes,no,/marketplace/how-a-fabric-marketplace-works/,yes,How a Fabric Marketplace Works Fabric Notes,"Search, filter, open a fabric, and inquire. A plain account of the FabStitch marketplace path. See how How a Fabric Marketplace Works relates to.",How the FabStitch marketplace works,,369,329,how a fabric marketplace works,commercial_investigation,,,,4,,,supporting,C,
/marketplace/how-to-buy-fabric/,,,yes,no,/marketplace/how-to-buy-fabric/,yes,How to Buy Fabric for apparel sourcing Use Notes,"Buying fabric on FabStitch means finding a documented cloth and sending an inquiry. The public path is discovery, not a guessed checkout.",How to buy fabric on FabStitch,,397,357,how to buy fabric on FabStitch,commercial_investigation,,,,4,,,medium,B,
/marketplace/how-to-source-fabric/,,,yes,no,/marketplace/how-to-source-fabric/,yes,How to Source Fabric Fabric Notes Fabric Notes,"Sourcing on FabStitch starts in the marketplace, then moves to a fabric page and an inquiry. Here is that sequence. See how How to Source Fabric.",How to source fabric in the marketplace,,346,306,how to source fabric in the marketplace,commercial_investigation,,,,4,,,supporting,C,
/marketplace/how-to-compare-fabrics/,,,yes,no,/marketplace/how-to-compare-fabrics/,yes,How to Compare Fabrics Fabric Notes Fabric Notes,"Compare fabrics on the same fields: fibre, construction, weight, and use. Do not crown a universal winner. See how How to Compare Fabrics relates to.",How to compare fabrics in the marketplace,,355,315,how to compare fabrics in the marketplace,commercial_investigation,,,,4,,,supporting,C,
/marketplace/how-to-choose-fabric/,,,yes,no,/marketplace/how-to-choose-fabric/,yes,How to Choose Fabric Fabric Notes Fabric Notes,"Choose fabric from the garment, then the construction, then the marketplace result. A practical FabStitch sequence. See how How to Choose Fabric.",How to choose a fabric from the marketplace,,364,324,how to choose fabric from the marketplace,commercial_investigation,,,,4,,,supporting,C,
/marketplace/how-to-find-fabric-for-production/,,,yes,no,/marketplace/how-to-find-fabric-for-production/,yes,How to Find Fabric for Production Fabric Notes,"Production sourcing needs a repeatable spec. Use the marketplace to find it, then inquire with quantity. See how How to Find Fabric for Production.",How to find fabric for production,,339,299,find fabric for production,commercial_investigation,,,,4,,,supporting,C,
/marketplace/how-to-source-fabric-for-a-clothing-brand/,,,yes,no,/marketplace/how-to-source-fabric-for-a-clothing-brand/,yes,Fabric Sourcing for Clothing Brands Fabric Notes,Clothing brands can shortlist marketplace fabrics by use and spec before they inquire. A brand-specific path. See how Fabric Sourcing for Clothing.,How clothing brands source fabric on FabStitch,,367,327,fabric marketplace for clothing brands,commercial_investigation,,,,4,,,supporting,C,
/marketplace/how-to-source-fabric-for-manufacturing/,,,yes,no,/marketplace/how-to-source-fabric-for-manufacturing/,yes,Fabric Sourcing for Manufacturers Fabric Notes,"Manufacturers need repeatable marketplace specs, not inspiration alone. How to search FabStitch before an inquiry. See how Fabric Sourcing for.",How manufacturers use the fabric marketplace,,313,273,fabric marketplace for manufacturers,commercial_investigation,,,,4,,,supporting,C,
/marketplace/b2b-fabric-marketplace/,,,yes,no,/marketplace/b2b-fabric-marketplace/,yes,B2B Fabric Marketplace Fabric Notes Fabric Notes,FabStitch is a B2B fabric marketplace for discovering documented cloth and inquiring. What that does and does not mean. See how B2B Fabric Marketplace.,Using FabStitch as a B2B fabric marketplace,,336,296,B2B fabric marketplace,commercial_investigation,,,,4,,,supporting,C,
/marketplace/fabric-sourcing-for-apparel-production/,,,yes,no,/marketplace/fabric-sourcing-for-apparel-production/,yes,Fabric Sourcing for Apparel Production Use Notes,Apparel production sourcing needs a marketplace shortlist you can repeat. How to get there on FabStitch. See how Fabric Sourcing for Apparel Production,Sourcing fabric for apparel production,,343,303,fabric sourcing for apparel production,commercial_investigation,,,,4,,,supporting,C,
/marketplace/how-to-evaluate-fabric/,,,yes,no,/marketplace/how-to-evaluate-fabric/,yes,How to Evaluate Fabric Fabric Notes Fabric Notes,"Evaluate a marketplace fabric by whether its page is consistent: composition, construction, weight, and photo. See how How to Evaluate Fabric relates.",How to evaluate a fabric before you inquire,,322,282,how to evaluate fabric,commercial_investigation,,,,4,,,supporting,C,
/marketplace/how-to-select-fabric-by-gsm/,,,yes,no,/marketplace/how-to-select-fabric-by-gsm/,yes,How to Select Fabric by GSM Fabric Notes,Use GSM inside one construction when you filter the marketplace. The number is not a quality score. See how How to Select Fabric by GSM relates to.,How to select fabric by GSM,,333,293,select fabric by GSM,commercial_investigation,,,,4,,,supporting,C,
/marketplace/how-to-select-fabric-for-shirts/,,,yes,no,/marketplace/how-to-select-fabric-for-shirts/,yes,How to Select Shirt Fabric Fabric Notes Use Notes,"Shirt fabric needs a stable collar cloth and honest opacity. Start from Best For shirts, then the marketplace. See how How to Select Shirt Fabric.",How to select shirt fabric,,335,295,select shirt fabric,commercial_investigation,,,,4,,,supporting,C,
/marketplace/how-to-select-fabric-for-dresses/,,,yes,no,/marketplace/how-to-select-fabric-for-dresses/,yes,How to Select Dress Fabric Fabric Notes Use Notes,"Dress fabric depends on drape and lining. Use the dress pages, then confirm the cloth in the marketplace. See how How to Select Dress Fabric relates to",How to select dress fabric,,317,277,select dress fabric,commercial_investigation,,,,4,,,supporting,C,
/marketplace/how-to-select-fabric-for-uniforms/,,,yes,no,/marketplace/how-to-select-fabric-for-uniforms/,yes,How to Select Uniform Fabric Fabric Notes,"Uniform cloth needs durability and a spec you can repeat. Search the marketplace with that constraint, not a trend word.",How to select uniform fabric,,337,297,select uniform fabric,commercial_investigation,,,,4,,,supporting,C,
/marketplace/how-to-select-fabric-for-workwear/,,,yes,no,/marketplace/how-to-select-fabric-for-workwear/,yes,How to Select Workwear Fabric Fabric Notes,"Workwear fabric is chosen for abrasion and repeatability. Use marketplace specs, not a fashion collection alone. See how How to Select Workwear Fabric.",How to select workwear fabric,,312,272,select workwear fabric,commercial_investigation,,,,4,,,supporting,C,
/marketplace/how-to-discover-fabrics/,,,yes,no,/marketplace/how-to-discover-fabrics/,yes,How to Discover Fabrics Fabric Notes for Apparel,"Discover fabrics through the marketplace, collections, and Best For pages. Each path answers a different question. See how How to Discover Fabrics.",How to discover fabrics,,319,279,how to discover fabrics,commercial_investigation,,,,4,,,supporting,C,
/marketplace/how-to-filter-fabrics/,,,yes,no,/marketplace/how-to-filter-fabrics/,yes,How to Filter Fabrics Fabric Notes Fabric Notes,Marketplace filters narrow published fabrics. Learn which filters help and why filtered URLs are not extra SEO pages. See how How to Filter Fabrics.,How to filter fabrics,,329,289,how to filter fabrics,commercial_investigation,,,,4,,,supporting,C,
/marketplace/how-to-prepare-a-fabric-inquiry/,,,yes,no,/marketplace/how-to-prepare-a-fabric-inquiry/,yes,How to Prepare a Fabric Inquiry Fabric Notes,"A useful inquiry names the marketplace fabric, the quantity, and the end use. Leave unpublished claims out. See how How to Prepare a Fabric Inquiry.",How to prepare a fabric inquiry,,341,301,prepare a fabric inquiry,commercial_investigation,,,,4,,,supporting,C,
/marketplace/why-use-fabstitch/,,,yes,no,/marketplace/why-use-fabstitch/,yes,Why Use FabStitch for apparel sourcing Use Notes,"Businesses use FabStitch to browse documented fabrics and inquire. A factual reason, without unsupported superlatives. See how Why Use FabStitch.",Why businesses use the FabStitch marketplace,,303,263,why use FabStitch marketplace,commercial_investigation,,,,4,,,supporting,C,
/marketplace/how-fabstitch-helps-buyers/,,,yes,no,/marketplace/how-fabstitch-helps-buyers/,yes,How FabStitch Helps Buyers Fabric Notes Use Notes,FabStitch helps buyers move from a garment question to a published fabric and an inquiry. The paths that exist today. See how How FabStitch Helps.,How FabStitch helps buyers discover fabrics,,332,292,how FabStitch helps buyers,commercial_investigation,,,,4,,,supporting,C,
/marketplace/topic-education/,,,yes,no,/marketplace/topic-education/,yes,Marketplace education Topics Fabric Notes,These notes explain how to read a FabStitch marketplace result. They do not replace the catalog at /marketplace/. See how Marketplace education Topics.,Marketplace education,,1056,1016,marketplace education marketplace topics,commercial_investigation,,,,91,,,high,A,
/marketplace/topic-b2b/,,,yes,no,/marketplace/topic-b2b/,yes,B2B sourcing Topics for apparel sourcing,"Business sourcing notes for teams who need a fabric URL, not a private mood board. The commercial catalog stays on the marketplace.",B2B sourcing,,994,954,b2b sourcing marketplace topics,commercial_investigation,,,,80,,,high,A,
/marketplace/topic-buying/,,,yes,no,/marketplace/topic-buying/,yes,Buying guides Topics Fabric Notes Fabric Notes,Buying notes for choosing cloth on FabStitch before an inquiry. Each page is one garment-and-attribute question. See how Buying guides Topics relates.,Buying guides,,1805,1765,buying guides marketplace topics,commercial_investigation,,,,184,,,high,A,
/marketplace/topic-sourcing/,,,yes,no,/marketplace/topic-sourcing/,yes,Sourcing guides Topics Fabric Notes Fabric Notes,"Sourcing notes for building a marketplace shortlist. Start here when the question is where to look, not what a fibre is called.",Sourcing guides,,1084,1044,sourcing guides marketplace topics,commercial_investigation,,,,95,,,high,A,
/marketplace/topic-materials/,,,yes,no,/marketplace/topic-materials/,yes,Materials Topics for apparel sourcing for Apparel,Material notes tied to woven or knit construction on the marketplace. Fibre essays on discover stay the reference; these pages are the search step.,Materials,,727,687,materials marketplace topics,commercial_investigation,,,,44,,,medium,B,
/marketplace/topic-comparisons/,,,yes,no,/marketplace/topic-comparisons/,yes,Comparisons Topics for apparel sourcing Use Notes,Side-by-side notes for two real FabStitch materials. Neither page crowns a universal winner. See how Comparisons Topics relates to construction.,Comparisons,,688,648,comparisons marketplace topics,commercial_investigation,,,,50,,,medium,B,
/marketplace/topic-attributes/,,,yes,no,/marketplace/topic-attributes/,yes,Attributes Topics for apparel sourcing Use Notes,"Attribute notes for marketplace filters such as weight class, hand and cover. The attribute is a constraint, not a ranking.",Attributes,,1227,1187,attributes marketplace topics,commercial_investigation,,,,244,,,high,A,
/marketplace/topic-weight/,,,yes,no,/marketplace/topic-weight/,yes,GSM and weight Topics Fabric Notes Fabric Notes,"Weight notes for planning a marketplace search. GSM bands are planning ranges, not a quality score and not a promise that every cloth publishes that.",GSM and weight,,1152,1112,gsm and weight marketplace topics,commercial_investigation,,,,94,,,high,A,
/marketplace/topic-use-cases/,,,yes,no,/marketplace/topic-use-cases/,yes,Use cases Topics for apparel sourcing for Apparel,"Use-case notes for matching construction to a garment family on the marketplace. See how Use cases Topics relates to construction, weight, and apparel.",Use cases,,665,625,use cases marketplace topics,commercial_investigation,,,,34,,,medium,B,
/marketplace/topic-buyers/,,,yes,no,/marketplace/topic-buyers/,yes,Buyer types Topics for apparel sourcing Use Notes,"Notes for real buying roles. They describe how that role can use the marketplace. They do not invent certifications, minimums or prices.",Buyer types,,1163,1123,buyer types marketplace topics,commercial_investigation,,,,114,,,high,A,
/marketplace/source-cotton-for-shirts/,,,yes,no,/marketplace/source-cotton-for-shirts/,yes,Source Cotton for Shirts Fabric Notes for Apparel,"Search the FabStitch marketplace for cotton shirts. Read construction before GSM, then inquire on one fabric URL. See how Source Cotton for Shirts.",How to source cotton for shirts,,228,188,source cotton for shirts,commercial_investigation,,,,7,,,supporting,C,
/marketplace/source-cotton-for-dresses/,,,yes,no,/marketplace/source-cotton-for-dresses/,yes,Source Cotton for Dresses Fabric Notes Use Notes,"Search the FabStitch marketplace for cotton dresses. Read construction before GSM, then inquire on one fabric URL. See how Source Cotton for Dresses.",How to source cotton for dresses,,230,190,source cotton for dresses,commercial_investigation,,,,7,,,supporting,C,
/marketplace/source-cotton-for-trousers/,,,yes,no,/marketplace/source-cotton-for-trousers/,yes,Source Cotton for Trousers Fabric Notes Use Notes,"Search the FabStitch marketplace for cotton trousers. Read construction before GSM, then inquire on one fabric URL. See how Source Cotton for Trousers.",How to source cotton for trousers,,232,192,source cotton for trousers,commercial_investigation,,,,7,,,supporting,C,
/marketplace/source-cotton-for-jackets/,,,yes,no,/marketplace/source-cotton-for-jackets/,yes,Source Cotton for Jackets Fabric Notes Use Notes,"Search the FabStitch marketplace for cotton jackets. Read construction before GSM, then inquire on one fabric URL. See how Source Cotton for Jackets.",How to source cotton for jackets,,218,178,source cotton for jackets,commercial_investigation,,,,6,,,supporting,C,
/marketplace/source-cotton-for-coats/,,,yes,no,/marketplace/source-cotton-for-coats/,yes,Source Cotton for Coats Fabric Notes for Apparel,"Search the FabStitch marketplace for cotton coats. Read construction before GSM, then inquire on one fabric URL. See how Source Cotton for Coats.",How to source cotton for coats,,229,189,source cotton for coats,commercial_investigation,,,,6,,,supporting,C,
/marketplace/source-cotton-for-suits/,,,yes,no,/marketplace/source-cotton-for-suits/,yes,Source Cotton for Suits Fabric Notes for Apparel,"Search the FabStitch marketplace for cotton suits. Read construction before GSM, then inquire on one fabric URL. See how Source Cotton for Suits.",How to source cotton for suits,,221,181,source cotton for suits,commercial_investigation,,,,6,,,supporting,C,
/marketplace/source-cotton-for-blazers/,,,yes,no,/marketplace/source-cotton-for-blazers/,yes,Source Cotton for Blazers Fabric Notes Use Notes,"Search the FabStitch marketplace for cotton blazers. Read construction before GSM, then inquire on one fabric URL. See how Source Cotton for Blazers.",How to source cotton for blazers,,232,192,source cotton for blazers,commercial_investigation,,,,6,,,supporting,C,
/marketplace/source-cotton-for-uniforms/,,,yes,no,/marketplace/source-cotton-for-uniforms/,yes,Source Cotton for Uniforms Fabric Notes Use Notes,"Search the FabStitch marketplace for cotton uniforms. Read construction before GSM, then inquire on one fabric URL. See how Source Cotton for Uniforms.",How to source cotton for uniforms,,211,171,source cotton for uniforms,commercial_investigation,,,,6,,,supporting,C,
/marketplace/source-cotton-for-activewear/,,,yes,no,/marketplace/source-cotton-for-activewear/,yes,Source Cotton for Activewear Fabric Notes,"Search the FabStitch marketplace for cotton activewear. Read construction before GSM, then inquire on one fabric URL. See how Source Cotton for.",How to source cotton for activewear,,227,187,source cotton for activewear,commercial_investigation,,,,7,,,supporting,C,
/marketplace/source-cotton-for-workwear/,,,yes,no,/marketplace/source-cotton-for-workwear/,yes,Source Cotton for Workwear Fabric Notes Use Notes,"Search the FabStitch marketplace for cotton workwear. Read construction before GSM, then inquire on one fabric URL. See how Source Cotton for Workwear.",How to source cotton for workwear,,228,188,source cotton for workwear,commercial_investigation,,,,6,,,supporting,C,
/marketplace/source-cotton-for-blouses/,,,yes,no,/marketplace/source-cotton-for-blouses/,yes,Source Cotton for Blouses Fabric Notes Use Notes,"Search the FabStitch marketplace for cotton blouses. Read construction before GSM, then inquire on one fabric URL. See how Source Cotton for Blouses.",How to source cotton for blouses,,225,185,source cotton for blouses,commercial_investigation,,,,6,,,supporting,C,
/marketplace/source-cotton-for-skirts/,,,yes,no,/marketplace/source-cotton-for-skirts/,yes,Source Cotton for Skirts Fabric Notes for Apparel,"Search the FabStitch marketplace for cotton skirts. Read construction before GSM, then inquire on one fabric URL. See how Source Cotton for Skirts.",How to source cotton for skirts,,238,198,source cotton for skirts,commercial_investigation,,,,6,,,supporting,C,
/marketplace/source-cotton-for-outerwear/,,,yes,no,/marketplace/source-cotton-for-outerwear/,yes,Source Cotton for Outerwear Fabric Notes,"Search the FabStitch marketplace for cotton outerwear. Read construction before GSM, then inquire on one fabric URL. See how Source Cotton for.",How to source cotton for outerwear,,229,189,source cotton for outerwear,commercial_investigation,,,,7,,,supporting,C,
/marketplace/source-cotton-for-loungewear/,,,yes,no,/marketplace/source-cotton-for-loungewear/,yes,Source Cotton for Loungewear Fabric Notes,"Search the FabStitch marketplace for cotton loungewear. Read construction before GSM, then inquire on one fabric URL. See how Source Cotton for.",How to source cotton for loungewear,,213,173,source cotton for loungewear,commercial_investigation,,,,6,,,supporting,C,
/marketplace/source-cotton-for-knitwear/,,,yes,no,/marketplace/source-cotton-for-knitwear/,yes,Source Cotton for Knitwear Fabric Notes Use Notes,"Search the FabStitch marketplace for cotton knitwear. Read construction before GSM, then inquire on one fabric URL. See how Source Cotton for Knitwear.",How to source cotton for knitwear,,216,176,source cotton for knitwear,commercial_investigation,,,,7,,,supporting,C,
/marketplace/source-linen-for-shirts/,,,yes,no,/marketplace/source-linen-for-shirts/,yes,Source Linen for Shirts Fabric Notes for Apparel,"Search the FabStitch marketplace for linen shirts. Read construction before GSM, then inquire on one fabric URL. See how Source Linen for Shirts.",How to source linen for shirts,,235,195,source linen for shirts,commercial_investigation,,,,7,,,supporting,C,
/marketplace/source-linen-for-dresses/,,,yes,no,/marketplace/source-linen-for-dresses/,yes,Source Linen for Dresses Fabric Notes for Apparel,"Search the FabStitch marketplace for linen dresses. Read construction before GSM, then inquire on one fabric URL. See how Source Linen for Dresses.",How to source linen for dresses,,222,182,source linen for dresses,commercial_investigation,,,,7,,,supporting,C,
/marketplace/source-linen-for-trousers/,,,yes,no,/marketplace/source-linen-for-trousers/,yes,Source Linen for Trousers Fabric Notes Use Notes,"Search the FabStitch marketplace for linen trousers. Read construction before GSM, then inquire on one fabric URL. See how Source Linen for Trousers.",How to source linen for trousers,,223,183,source linen for trousers,commercial_investigation,,,,7,,,supporting,C,
/marketplace/source-linen-for-jackets/,,,yes,no,/marketplace/source-linen-for-jackets/,yes,Source Linen for Jackets Fabric Notes for Apparel,"Search the FabStitch marketplace for linen jackets. Read construction before GSM, then inquire on one fabric URL. See how Source Linen for Jackets.",How to source linen for jackets,,226,186,source linen for jackets,commercial_investigation,,,,6,,,supporting,C,
/marketplace/source-linen-for-coats/,,,yes,no,/marketplace/source-linen-for-coats/,yes,Source Linen for Coats Fabric Notes Fabric Notes,"Search the FabStitch marketplace for linen coats. Read construction before GSM, then inquire on one fabric URL. See how Source Linen for Coats relates.",How to source linen for coats,,221,181,source linen for coats,commercial_investigation,,,,6,,,supporting,C,
/marketplace/source-linen-for-suits/,,,yes,no,/marketplace/source-linen-for-suits/,yes,Source Linen for Suits Fabric Notes Fabric Notes,"Search the FabStitch marketplace for linen suits. Read construction before GSM, then inquire on one fabric URL. See how Source Linen for Suits relates.",How to source linen for suits,,221,181,source linen for suits,commercial_investigation,,,,6,,,supporting,C,
/marketplace/source-linen-for-blazers/,,,yes,no,/marketplace/source-linen-for-blazers/,yes,Source Linen for Blazers Fabric Notes for Apparel,"Search the FabStitch marketplace for linen blazers. Read construction before GSM, then inquire on one fabric URL. See how Source Linen for Blazers.",How to source linen for blazers,,228,188,source linen for blazers,commercial_investigation,,,,6,,,supporting,C,
/marketplace/source-linen-for-uniforms/,,,yes,no,/marketplace/source-linen-for-uniforms/,yes,Source Linen for Uniforms Fabric Notes Use Notes,"Search the FabStitch marketplace for linen uniforms. Read construction before GSM, then inquire on one fabric URL. See how Source Linen for Uniforms.",How to source linen for uniforms,,220,180,source linen for uniforms,commercial_investigation,,,,6,,,supporting,C,
/marketplace/source-linen-for-activewear/,,,yes,no,/marketplace/source-linen-for-activewear/,yes,Source Linen for Activewear Fabric Notes,"Search the FabStitch marketplace for linen activewear. Read construction before GSM, then inquire on one fabric URL. See how Source Linen for.",How to source linen for activewear,,223,183,source linen for activewear,commercial_investigation,,,,7,,,supporting,C,
/marketplace/source-linen-for-workwear/,,,yes,no,/marketplace/source-linen-for-workwear/,yes,Source Linen for Workwear Fabric Notes Use Notes,"Search the FabStitch marketplace for linen workwear. Read construction before GSM, then inquire on one fabric URL. See how Source Linen for Workwear.",How to source linen for workwear,,223,183,source linen for workwear,commercial_investigation,,,,6,,,supporting,C,
/marketplace/source-linen-for-blouses/,,,yes,no,/marketplace/source-linen-for-blouses/,yes,Source Linen for Blouses Fabric Notes for Apparel,"Search the FabStitch marketplace for linen blouses. Read construction before GSM, then inquire on one fabric URL. See how Source Linen for Blouses.",How to source linen for blouses,,233,193,source linen for blouses,commercial_investigation,,,,6,,,supporting,C,
/marketplace/source-linen-for-skirts/,,,yes,no,/marketplace/source-linen-for-skirts/,yes,Source Linen for Skirts Fabric Notes for Apparel,"Search the FabStitch marketplace for linen skirts. Read construction before GSM, then inquire on one fabric URL. See how Source Linen for Skirts.",How to source linen for skirts,,214,174,source linen for skirts,commercial_investigation,,,,6,,,supporting,C,
/marketplace/source-linen-for-outerwear/,,,yes,no,/marketplace/source-linen-for-outerwear/,yes,Source Linen for Outerwear Fabric Notes Use Notes,"Search the FabStitch marketplace for linen outerwear. Read construction before GSM, then inquire on one fabric URL. See how Source Linen for Outerwear.",How to source linen for outerwear,,207,167,source linen for outerwear,commercial_investigation,,,,7,,,supporting,C,
/marketplace/source-linen-for-loungewear/,,,yes,no,/marketplace/source-linen-for-loungewear/,yes,Source Linen for Loungewear Fabric Notes,"Search the FabStitch marketplace for linen loungewear. Read construction before GSM, then inquire on one fabric URL. See how Source Linen for.",How to source linen for loungewear,,220,180,source linen for loungewear,commercial_investigation,,,,6,,,supporting,C,
/marketplace/source-linen-for-knitwear/,,,yes,no,/marketplace/source-linen-for-knitwear/,yes,Source Linen for Knitwear Fabric Notes Use Notes,"Search the FabStitch marketplace for linen knitwear. Read construction before GSM, then inquire on one fabric URL. See how Source Linen for Knitwear.",How to source linen for knitwear,,224,184,source linen for knitwear,commercial_investigation,,,,7,,,supporting,C,
/marketplace/source-silk-for-shirts/,,,yes,no,/marketplace/source-silk-for-shirts/,yes,Source Silk for Shirts Fabric Notes Fabric Notes,"Search the FabStitch marketplace for silk shirts. Read construction before GSM, then inquire on one fabric URL. See how Source Silk for Shirts relates.",How to source silk for shirts,,226,186,source silk for shirts,commercial_investigation,,,,7,,,supporting,C,
/marketplace/source-silk-for-dresses/,,,yes,no,/marketplace/source-silk-for-dresses/,yes,Source Silk for Dresses Fabric Notes for Apparel,"Search the FabStitch marketplace for silk dresses. Read construction before GSM, then inquire on one fabric URL. See how Source Silk for Dresses.",How to source silk for dresses,,225,185,source silk for dresses,commercial_investigation,,,,7,,,supporting,C,
/marketplace/source-silk-for-trousers/,,,yes,no,/marketplace/source-silk-for-trousers/,yes,Source Silk for Trousers Fabric Notes for Apparel,"Search the FabStitch marketplace for silk trousers. Read construction before GSM, then inquire on one fabric URL. See how Source Silk for Trousers.",How to source silk for trousers,,227,187,source silk for trousers,commercial_investigation,,,,7,,,supporting,C,
/marketplace/source-silk-for-jackets/,,,yes,no,/marketplace/source-silk-for-jackets/,yes,Source Silk for Jackets Fabric Notes for Apparel,"Search the FabStitch marketplace for silk jackets. Read construction before GSM, then inquire on one fabric URL. See how Source Silk for Jackets.",How to source silk for jackets,,216,176,source silk for jackets,commercial_investigation,,,,6,,,supporting,C,
/marketplace/source-silk-for-coats/,,,yes,no,/marketplace/source-silk-for-coats/,yes,Source Silk for Coats Fabric Notes Fabric Notes,"Search the FabStitch marketplace for silk coats. Read construction before GSM, then inquire on one fabric URL. See how Source Silk for Coats relates to",How to source silk for coats,,221,181,source silk for coats,commercial_investigation,,,,6,,,supporting,C,
/marketplace/source-silk-for-suits/,,,yes,no,/marketplace/source-silk-for-suits/,yes,Source Silk for Suits Fabric Notes Fabric Notes,"Search the FabStitch marketplace for silk suits. Read construction before GSM, then inquire on one fabric URL. See how Source Silk for Suits relates to",How to source silk for suits,,226,186,source silk for suits,commercial_investigation,,,,6,,,supporting,C,
/marketplace/source-silk-for-blazers/,,,yes,no,/marketplace/source-silk-for-blazers/,yes,Source Silk for Blazers Fabric Notes for Apparel,"Search the FabStitch marketplace for silk blazers. Read construction before GSM, then inquire on one fabric URL. See how Source Silk for Blazers.",How to source silk for blazers,,223,183,source silk for blazers,commercial_investigation,,,,6,,,supporting,C,
/marketplace/source-silk-for-uniforms/,,,yes,no,/marketplace/source-silk-for-uniforms/,yes,Source Silk for Uniforms Fabric Notes for Apparel,"Search the FabStitch marketplace for silk uniforms. Read construction before GSM, then inquire on one fabric URL. See how Source Silk for Uniforms.",How to source silk for uniforms,,209,169,source silk for uniforms,commercial_investigation,,,,6,,,supporting,C,
/marketplace/source-silk-for-activewear/,,,yes,no,/marketplace/source-silk-for-activewear/,yes,Source Silk for Activewear Fabric Notes Use Notes,"Search the FabStitch marketplace for silk activewear. Read construction before GSM, then inquire on one fabric URL. See how Source Silk for Activewear.",How to source silk for activewear,,218,178,source silk for activewear,commercial_investigation,,,,7,,,supporting,C,
/marketplace/source-silk-for-workwear/,,,yes,no,/marketplace/source-silk-for-workwear/,yes,Source Silk for Workwear Fabric Notes for Apparel,"Search the FabStitch marketplace for silk workwear. Read construction before GSM, then inquire on one fabric URL. See how Source Silk for Workwear.",How to source silk for workwear,,218,178,source silk for workwear,commercial_investigation,,,,6,,,supporting,C,
/marketplace/source-silk-for-blouses/,,,yes,no,/marketplace/source-silk-for-blouses/,yes,Source Silk for Blouses Fabric Notes for Apparel,"Search the FabStitch marketplace for silk blouses. Read construction before GSM, then inquire on one fabric URL. See how Source Silk for Blouses.",How to source silk for blouses,,213,173,source silk for blouses,commercial_investigation,,,,6,,,supporting,C,
/marketplace/source-silk-for-skirts/,,,yes,no,/marketplace/source-silk-for-skirts/,yes,Source Silk for Skirts Fabric Notes Fabric Notes,"Search the FabStitch marketplace for silk skirts. Read construction before GSM, then inquire on one fabric URL. See how Source Silk for Skirts relates.",How to source silk for skirts,,230,190,source silk for skirts,commercial_investigation,,,,6,,,supporting,C,
/marketplace/source-silk-for-outerwear/,,,yes,no,/marketplace/source-silk-for-outerwear/,yes,Source Silk for Outerwear Fabric Notes Use Notes,"Search the FabStitch marketplace for silk outerwear. Read construction before GSM, then inquire on one fabric URL. See how Source Silk for Outerwear.",How to source silk for outerwear,,214,174,source silk for outerwear,commercial_investigation,,,,7,,,supporting,C,
/marketplace/source-silk-for-loungewear/,,,yes,no,/marketplace/source-silk-for-loungewear/,yes,Source Silk for Loungewear Fabric Notes Use Notes,"Search the FabStitch marketplace for silk loungewear. Read construction before GSM, then inquire on one fabric URL. See how Source Silk for Loungewear.",How to source silk for loungewear,,204,164,source silk for loungewear,commercial_investigation,,,,6,,,supporting,C,
/marketplace/source-silk-for-knitwear/,,,yes,no,/marketplace/source-silk-for-knitwear/,yes,Source Silk for Knitwear Fabric Notes for Apparel,"Search the FabStitch marketplace for silk knitwear. Read construction before GSM, then inquire on one fabric URL. See how Source Silk for Knitwear.",How to source silk for knitwear,,208,168,source silk for knitwear,commercial_investigation,,,,7,,,supporting,C,
/marketplace/source-wool-for-shirts/,,,yes,no,/marketplace/source-wool-for-shirts/,yes,Source Wool for Shirts Fabric Notes Fabric Notes,"Search the FabStitch marketplace for wool shirts. Read construction before GSM, then inquire on one fabric URL. See how Source Wool for Shirts relates.",How to source wool for shirts,,233,193,source wool for shirts,commercial_investigation,,,,7,,,supporting,C,
/marketplace/source-wool-for-dresses/,,,yes,no,/marketplace/source-wool-for-dresses/,yes,Source Wool for Dresses Fabric Notes for Apparel,"Search the FabStitch marketplace for wool dresses. Read construction before GSM, then inquire on one fabric URL. See how Source Wool for Dresses.",How to source wool for dresses,,229,189,source wool for dresses,commercial_investigation,,,,7,,,supporting,C,
/marketplace/source-wool-for-trousers/,,,yes,no,/marketplace/source-wool-for-trousers/,yes,Source Wool for Trousers Fabric Notes for Apparel,"Search the FabStitch marketplace for wool trousers. Read construction before GSM, then inquire on one fabric URL. See how Source Wool for Trousers.",How to source wool for trousers,,237,197,source wool for trousers,commercial_investigation,,,,7,,,supporting,C,
/marketplace/source-wool-for-jackets/,,,yes,no,/marketplace/source-wool-for-jackets/,yes,Source Wool for Jackets Fabric Notes for Apparel,"Search the FabStitch marketplace for wool jackets. Read construction before GSM, then inquire on one fabric URL. See how Source Wool for Jackets.",How to source wool for jackets,,231,191,source wool for jackets,commercial_investigation,,,,6,,,supporting,C,
/marketplace/source-wool-for-coats/,,,yes,no,/marketplace/source-wool-for-coats/,yes,Source Wool for Coats Fabric Notes Fabric Notes,"Search the FabStitch marketplace for wool coats. Read construction before GSM, then inquire on one fabric URL. See how Source Wool for Coats relates to",How to source wool for coats,,213,173,source wool for coats,commercial_investigation,,,,6,,,supporting,C,
/marketplace/source-wool-for-suits/,,,yes,no,/marketplace/source-wool-for-suits/,yes,Source Wool for Suits Fabric Notes Fabric Notes,"Search the FabStitch marketplace for wool suits. Read construction before GSM, then inquire on one fabric URL. See how Source Wool for Suits relates to",How to source wool for suits,,214,174,source wool for suits,commercial_investigation,,,,6,,,supporting,C,
/marketplace/source-wool-for-blazers/,,,yes,no,/marketplace/source-wool-for-blazers/,yes,Source Wool for Blazers Fabric Notes for Apparel,"Search the FabStitch marketplace for wool blazers. Read construction before GSM, then inquire on one fabric URL. See how Source Wool for Blazers.",How to source wool for blazers,,223,183,source wool for blazers,commercial_investigation,,,,6,,,supporting,C,
/marketplace/source-wool-for-uniforms/,,,yes,no,/marketplace/source-wool-for-uniforms/,yes,Source Wool for Uniforms Fabric Notes for Apparel,"Search the FabStitch marketplace for wool uniforms. Read construction before GSM, then inquire on one fabric URL. See how Source Wool for Uniforms.",How to source wool for uniforms,,209,169,source wool for uniforms,commercial_investigation,,,,6,,,supporting,C,
/marketplace/source-wool-for-activewear/,,,yes,no,/marketplace/source-wool-for-activewear/,yes,Source Wool for Activewear Fabric Notes Use Notes,"Search the FabStitch marketplace for wool activewear. Read construction before GSM, then inquire on one fabric URL. See how Source Wool for Activewear.",How to source wool for activewear,,226,186,source wool for activewear,commercial_investigation,,,,7,,,supporting,C,
/marketplace/source-wool-for-workwear/,,,yes,no,/marketplace/source-wool-for-workwear/,yes,Source Wool for Workwear Fabric Notes for Apparel,"Search the FabStitch marketplace for wool workwear. Read construction before GSM, then inquire on one fabric URL. See how Source Wool for Workwear.",How to source wool for workwear,,215,175,source wool for workwear,commercial_investigation,,,,6,,,supporting,C,
/marketplace/source-wool-for-blouses/,,,yes,no,/marketplace/source-wool-for-blouses/,yes,Source Wool for Blouses Fabric Notes for Apparel,"Search the FabStitch marketplace for wool blouses. Read construction before GSM, then inquire on one fabric URL. See how Source Wool for Blouses.",How to source wool for blouses,,222,182,source wool for blouses,commercial_investigation,,,,6,,,supporting,C,
/marketplace/source-wool-for-skirts/,,,yes,no,/marketplace/source-wool-for-skirts/,yes,Source Wool for Skirts Fabric Notes Fabric Notes,"Search the FabStitch marketplace for wool skirts. Read construction before GSM, then inquire on one fabric URL. See how Source Wool for Skirts relates.",How to source wool for skirts,,225,185,source wool for skirts,commercial_investigation,,,,6,,,supporting,C,
/marketplace/source-wool-for-outerwear/,,,yes,no,/marketplace/source-wool-for-outerwear/,yes,Source Wool for Outerwear Fabric Notes Use Notes,"Search the FabStitch marketplace for wool outerwear. Read construction before GSM, then inquire on one fabric URL. See how Source Wool for Outerwear.",How to source wool for outerwear,,202,162,source wool for outerwear,commercial_investigation,,,,7,,,supporting,C,
/marketplace/source-wool-for-loungewear/,,,yes,no,/marketplace/source-wool-for-loungewear/,yes,Source Wool for Loungewear Fabric Notes Use Notes,"Search the FabStitch marketplace for wool loungewear. Read construction before GSM, then inquire on one fabric URL. See how Source Wool for Loungewear.",How to source wool for loungewear,,212,172,source wool for loungewear,commercial_investigation,,,,6,,,supporting,C,
/marketplace/source-wool-for-knitwear/,,,yes,no,/marketplace/source-wool-for-knitwear/,yes,Source Wool for Knitwear Fabric Notes for Apparel,"Search the FabStitch marketplace for wool knitwear. Read construction before GSM, then inquire on one fabric URL. See how Source Wool for Knitwear.",How to source wool for knitwear,,218,178,source wool for knitwear,commercial_investigation,,,,7,,,supporting,C,
/marketplace/source-denim-for-shirts/,,,yes,no,/marketplace/source-denim-for-shirts/,yes,Source Denim for Shirts Fabric Notes for Apparel,"Search the FabStitch marketplace for denim shirts. Read construction before GSM, then inquire on one fabric URL. See how Source Denim for Shirts.",How to source denim for shirts,,229,189,source denim for shirts,commercial_investigation,,,,7,,,supporting,C,
/marketplace/source-denim-for-dresses/,,,yes,no,/marketplace/source-denim-for-dresses/,yes,Source Denim for Dresses Fabric Notes for Apparel,"Search the FabStitch marketplace for denim dresses. Read construction before GSM, then inquire on one fabric URL. See how Source Denim for Dresses.",How to source denim for dresses,,229,189,source denim for dresses,commercial_investigation,,,,7,,,supporting,C,
/marketplace/source-denim-for-trousers/,,,yes,no,/marketplace/source-denim-for-trousers/,yes,Source Denim for Trousers Fabric Notes Use Notes,"Search the FabStitch marketplace for denim trousers. Read construction before GSM, then inquire on one fabric URL. See how Source Denim for Trousers.",How to source denim for trousers,,231,191,source denim for trousers,commercial_investigation,,,,7,,,supporting,C,
/marketplace/source-denim-for-jackets/,,,yes,no,/marketplace/source-denim-for-jackets/,yes,Source Denim for Jackets Fabric Notes for Apparel,"Search the FabStitch marketplace for denim jackets. Read construction before GSM, then inquire on one fabric URL. See how Source Denim for Jackets.",How to source denim for jackets,,223,183,source denim for jackets,commercial_investigation,,,,6,,,supporting,C,
/marketplace/source-denim-for-coats/,,,yes,no,/marketplace/source-denim-for-coats/,yes,Source Denim for Coats Fabric Notes Fabric Notes,"Search the FabStitch marketplace for denim coats. Read construction before GSM, then inquire on one fabric URL. See how Source Denim for Coats relates.",How to source denim for coats,,222,182,source denim for coats,commercial_investigation,,,,6,,,supporting,C,
/marketplace/source-denim-for-suits/,,,yes,no,/marketplace/source-denim-for-suits/,yes,Source Denim for Suits Fabric Notes Fabric Notes,"Search the FabStitch marketplace for denim suits. Read construction before GSM, then inquire on one fabric URL. See how Source Denim for Suits relates.",How to source denim for suits,,216,176,source denim for suits,commercial_investigation,,,,6,,,supporting,C,
/marketplace/source-denim-for-blazers/,,,yes,no,/marketplace/source-denim-for-blazers/,yes,Source Denim for Blazers Fabric Notes for Apparel,"Search the FabStitch marketplace for denim blazers. Read construction before GSM, then inquire on one fabric URL. See how Source Denim for Blazers.",How to source denim for blazers,,231,191,source denim for blazers,commercial_investigation,,,,6,,,supporting,C,
/marketplace/source-denim-for-uniforms/,,,yes,no,/marketplace/source-denim-for-uniforms/,yes,Source Denim for Uniforms Fabric Notes Use Notes,"Search the FabStitch marketplace for denim uniforms. Read construction before GSM, then inquire on one fabric URL. See how Source Denim for Uniforms.",How to source denim for uniforms,,212,172,source denim for uniforms,commercial_investigation,,,,6,,,supporting,C,
/marketplace/source-denim-for-activewear/,,,yes,no,/marketplace/source-denim-for-activewear/,yes,Source Denim for Activewear Fabric Notes,"Search the FabStitch marketplace for denim activewear. Read construction before GSM, then inquire on one fabric URL. See how Source Denim for.",How to source denim for activewear,,223,183,source denim for activewear,commercial_investigation,,,,7,,,supporting,C,
/marketplace/source-denim-for-workwear/,,,yes,no,/marketplace/source-denim-for-workwear/,yes,Source Denim for Workwear Fabric Notes Use Notes,"Search the FabStitch marketplace for denim workwear. Read construction before GSM, then inquire on one fabric URL. See how Source Denim for Workwear.",How to source denim for workwear,,219,179,source denim for workwear,commercial_investigation,,,,6,,,supporting,C,
/marketplace/source-denim-for-blouses/,,,yes,no,/marketplace/source-denim-for-blouses/,yes,Source Denim for Blouses Fabric Notes for Apparel,"Search the FabStitch marketplace for denim blouses. Read construction before GSM, then inquire on one fabric URL. See how Source Denim for Blouses.",How to source denim for blouses,,223,183,source denim for blouses,commercial_investigation,,,,6,,,supporting,C,
/marketplace/source-denim-for-skirts/,,,yes,no,/marketplace/source-denim-for-skirts/,yes,Source Denim for Skirts Fabric Notes for Apparel,"Search the FabStitch marketplace for denim skirts. Read construction before GSM, then inquire on one fabric URL. See how Source Denim for Skirts.",How to source denim for skirts,,229,189,source denim for skirts,commercial_investigation,,,,6,,,supporting,C,
/marketplace/source-denim-for-outerwear/,,,yes,no,/marketplace/source-denim-for-outerwear/,yes,Source Denim for Outerwear Fabric Notes Use Notes,"Search the FabStitch marketplace for denim outerwear. Read construction before GSM, then inquire on one fabric URL. See how Source Denim for Outerwear.",How to source denim for outerwear,,218,178,source denim for outerwear,commercial_investigation,,,,7,,,supporting,C,
/marketplace/source-denim-for-loungewear/,,,yes,no,/marketplace/source-denim-for-loungewear/,yes,Source Denim for Loungewear Fabric Notes,"Search the FabStitch marketplace for denim loungewear. Read construction before GSM, then inquire on one fabric URL. See how Source Denim for.",How to source denim for loungewear,,211,171,source denim for loungewear,commercial_investigation,,,,6,,,supporting,C,
/marketplace/source-denim-for-knitwear/,,,yes,no,/marketplace/source-denim-for-knitwear/,yes,Source Denim for Knitwear Fabric Notes Use Notes,"Search the FabStitch marketplace for denim knitwear. Read construction before GSM, then inquire on one fabric URL. See how Source Denim for Knitwear.",How to source denim for knitwear,,218,178,source denim for knitwear,commercial_investigation,,,,7,,,supporting,C,
/marketplace/source-polyester-for-shirts/,,,yes,no,/marketplace/source-polyester-for-shirts/,yes,Source Polyester for Shirts Fabric Notes,"Search the FabStitch marketplace for polyester shirts. Read construction before GSM, then inquire on one fabric URL. See how Source Polyester for.",How to source polyester for shirts,,222,182,source polyester for shirts,commercial_investigation,,,,7,,,supporting,C,
/marketplace/source-polyester-for-dresses/,,,yes,no,/marketplace/source-polyester-for-dresses/,yes,Source Polyester for Dresses Fabric Notes,"Search the FabStitch marketplace for polyester dresses. Read construction before GSM, then inquire on one fabric URL. See how Source Polyester for.",How to source polyester for dresses,,226,186,source polyester for dresses,commercial_investigation,,,,7,,,supporting,C,
/marketplace/source-polyester-for-trousers/,,,yes,no,/marketplace/source-polyester-for-trousers/,yes,Source Polyester for Trousers Fabric Notes,"Search the FabStitch marketplace for polyester trousers. Read construction before GSM, then inquire on one fabric URL. See how Source Polyester for.",How to source polyester for trousers,,226,186,source polyester for trousers,commercial_investigation,,,,7,,,supporting,C,
/marketplace/source-polyester-for-jackets/,,,yes,no,/marketplace/source-polyester-for-jackets/,yes,Source Polyester for Jackets Fabric Notes,"Search the FabStitch marketplace for polyester jackets. Read construction before GSM, then inquire on one fabric URL. See how Source Polyester for.",How to source polyester for jackets,,219,179,source polyester for jackets,commercial_investigation,,,,6,,,supporting,C,
/marketplace/source-polyester-for-coats/,,,yes,no,/marketplace/source-polyester-for-coats/,yes,Source Polyester for Coats Fabric Notes Use Notes,"Search the FabStitch marketplace for polyester coats. Read construction before GSM, then inquire on one fabric URL. See how Source Polyester for Coats.",How to source polyester for coats,,215,175,source polyester for coats,commercial_investigation,,,,6,,,supporting,C,
/marketplace/source-polyester-for-suits/,,,yes,no,/marketplace/source-polyester-for-suits/,yes,Source Polyester for Suits Fabric Notes Use Notes,"Search the FabStitch marketplace for polyester suits. Read construction before GSM, then inquire on one fabric URL. See how Source Polyester for Suits.",How to source polyester for suits,,209,169,source polyester for suits,commercial_investigation,,,,6,,,supporting,C,
/marketplace/source-polyester-for-blazers/,,,yes,no,/marketplace/source-polyester-for-blazers/,yes,Source Polyester for Blazers Fabric Notes,"Search the FabStitch marketplace for polyester blazers. Read construction before GSM, then inquire on one fabric URL. See how Source Polyester for.",How to source polyester for blazers,,223,183,source polyester for blazers,commercial_investigation,,,,6,,,supporting,C,
/marketplace/source-polyester-for-uniforms/,,,yes,no,/marketplace/source-polyester-for-uniforms/,yes,Source Polyester for Uniforms Fabric Notes,"Search the FabStitch marketplace for polyester uniforms. Read construction before GSM, then inquire on one fabric URL. See how Source Polyester for.",How to source polyester for uniforms,,206,166,source polyester for uniforms,commercial_investigation,,,,6,,,supporting,C,
/marketplace/source-polyester-for-activewear/,,,yes,no,/marketplace/source-polyester-for-activewear/,yes,Source Polyester for Activewear Fabric Notes,"Search the FabStitch marketplace for polyester activewear. Read construction before GSM, then inquire on one fabric URL.",How to source polyester for activewear,,220,180,source polyester for activewear,commercial_investigation,,,,7,,,supporting,C,
/marketplace/source-polyester-for-workwear/,,,yes,no,/marketplace/source-polyester-for-workwear/,yes,Source Polyester for Workwear Fabric Notes,"Search the FabStitch marketplace for polyester workwear. Read construction before GSM, then inquire on one fabric URL. See how Source Polyester for.",How to source polyester for workwear,,211,171,source polyester for workwear,commercial_investigation,,,,6,,,supporting,C,
/marketplace/source-polyester-for-blouses/,,,yes,no,/marketplace/source-polyester-for-blouses/,yes,Source Polyester for Blouses Fabric Notes,"Search the FabStitch marketplace for polyester blouses. Read construction before GSM, then inquire on one fabric URL. See how Source Polyester for.",How to source polyester for blouses,,217,177,source polyester for blouses,commercial_investigation,,,,6,,,supporting,C,
/marketplace/source-polyester-for-skirts/,,,yes,no,/marketplace/source-polyester-for-skirts/,yes,Source Polyester for Skirts Fabric Notes,"Search the FabStitch marketplace for polyester skirts. Read construction before GSM, then inquire on one fabric URL. See how Source Polyester for.",How to source polyester for skirts,,219,179,source polyester for skirts,commercial_investigation,,,,6,,,supporting,C,
/marketplace/source-polyester-for-outerwear/,,,yes,no,/marketplace/source-polyester-for-outerwear/,yes,Source Polyester for Outerwear Fabric Notes,"Search the FabStitch marketplace for polyester outerwear. Read construction before GSM, then inquire on one fabric URL. See how Source Polyester for.",How to source polyester for outerwear,,214,174,source polyester for outerwear,commercial_investigation,,,,7,,,supporting,C,
/marketplace/source-polyester-for-loungewear/,,,yes,no,/marketplace/source-polyester-for-loungewear/,yes,Source Polyester for Loungewear Fabric Notes,"Search the FabStitch marketplace for polyester loungewear. Read construction before GSM, then inquire on one fabric URL.",How to source polyester for loungewear,,211,171,source polyester for loungewear,commercial_investigation,,,,6,,,supporting,C,
/marketplace/source-polyester-for-knitwear/,,,yes,no,/marketplace/source-polyester-for-knitwear/,yes,Source Polyester for Knitwear Fabric Notes,"Search the FabStitch marketplace for polyester knitwear. Read construction before GSM, then inquire on one fabric URL. See how Source Polyester for.",How to source polyester for knitwear,,206,166,source polyester for knitwear,commercial_investigation,,,,7,,,supporting,C,
/marketplace/source-viscose-for-shirts/,,,yes,no,/marketplace/source-viscose-for-shirts/,yes,Source Viscose for Shirts Fabric Notes Use Notes,"Search the FabStitch marketplace for viscose shirts. Read construction before GSM, then inquire on one fabric URL. See how Source Viscose for Shirts.",How to source viscose for shirts,,228,188,source viscose for shirts,commercial_investigation,,,,7,,,supporting,C,
/marketplace/source-viscose-for-dresses/,,,yes,no,/marketplace/source-viscose-for-dresses/,yes,Source Viscose for Dresses Fabric Notes Use Notes,"Search the FabStitch marketplace for viscose dresses. Read construction before GSM, then inquire on one fabric URL. See how Source Viscose for Dresses.",How to source viscose for dresses,,218,178,source viscose for dresses,commercial_investigation,,,,7,,,supporting,C,
/marketplace/source-viscose-for-trousers/,,,yes,no,/marketplace/source-viscose-for-trousers/,yes,Source Viscose for Trousers Fabric Notes,"Search the FabStitch marketplace for viscose trousers. Read construction before GSM, then inquire on one fabric URL. See how Source Viscose for.",How to source viscose for trousers,,214,174,source viscose for trousers,commercial_investigation,,,,7,,,supporting,C,
/marketplace/source-viscose-for-jackets/,,,yes,no,/marketplace/source-viscose-for-jackets/,yes,Source Viscose for Jackets Fabric Notes Use Notes,"Search the FabStitch marketplace for viscose jackets. Read construction before GSM, then inquire on one fabric URL. See how Source Viscose for Jackets.",How to source viscose for jackets,,215,175,source viscose for jackets,commercial_investigation,,,,6,,,supporting,C,
/marketplace/source-viscose-for-coats/,,,yes,no,/marketplace/source-viscose-for-coats/,yes,Source Viscose for Coats Fabric Notes for Apparel,"Search the FabStitch marketplace for viscose coats. Read construction before GSM, then inquire on one fabric URL. See how Source Viscose for Coats.",How to source viscose for coats,,218,178,source viscose for coats,commercial_investigation,,,,6,,,supporting,C,
/marketplace/source-viscose-for-suits/,,,yes,no,/marketplace/source-viscose-for-suits/,yes,Source Viscose for Suits Fabric Notes for Apparel,"Search the FabStitch marketplace for viscose suits. Read construction before GSM, then inquire on one fabric URL. See how Source Viscose for Suits.",How to source viscose for suits,,211,171,source viscose for suits,commercial_investigation,,,,6,,,supporting,C,
/marketplace/source-viscose-for-blazers/,,,yes,no,/marketplace/source-viscose-for-blazers/,yes,Source Viscose for Blazers Fabric Notes Use Notes,"Search the FabStitch marketplace for viscose blazers. Read construction before GSM, then inquire on one fabric URL. See how Source Viscose for Blazers.",How to source viscose for blazers,,219,179,source viscose for blazers,commercial_investigation,,,,6,,,supporting,C,
/marketplace/source-viscose-for-uniforms/,,,yes,no,/marketplace/source-viscose-for-uniforms/,yes,Source Viscose for Uniforms Fabric Notes,"Search the FabStitch marketplace for viscose uniforms. Read construction before GSM, then inquire on one fabric URL. See how Source Viscose for.",How to source viscose for uniforms,,214,174,source viscose for uniforms,commercial_investigation,,,,6,,,supporting,C,
/marketplace/source-viscose-for-activewear/,,,yes,no,/marketplace/source-viscose-for-activewear/,yes,Source Viscose for Activewear Fabric Notes,"Search the FabStitch marketplace for viscose activewear. Read construction before GSM, then inquire on one fabric URL. See how Source Viscose for.",How to source viscose for activewear,,210,170,source viscose for activewear,commercial_investigation,,,,7,,,supporting,C,
/marketplace/source-viscose-for-workwear/,,,yes,no,/marketplace/source-viscose-for-workwear/,yes,Source Viscose for Workwear Fabric Notes,"Search the FabStitch marketplace for viscose workwear. Read construction before GSM, then inquire on one fabric URL. See how Source Viscose for.",How to source viscose for workwear,,209,169,source viscose for workwear,commercial_investigation,,,,6,,,supporting,C,
/marketplace/source-viscose-for-blouses/,,,yes,no,/marketplace/source-viscose-for-blouses/,yes,Source Viscose for Blouses Fabric Notes Use Notes,"Search the FabStitch marketplace for viscose blouses. Read construction before GSM, then inquire on one fabric URL. See how Source Viscose for Blouses.",How to source viscose for blouses,,224,184,source viscose for blouses,commercial_investigation,,,,6,,,supporting,C,
/marketplace/source-viscose-for-skirts/,,,yes,no,/marketplace/source-viscose-for-skirts/,yes,Source Viscose for Skirts Fabric Notes Use Notes,"Search the FabStitch marketplace for viscose skirts. Read construction before GSM, then inquire on one fabric URL. See how Source Viscose for Skirts.",How to source viscose for skirts,,217,177,source viscose for skirts,commercial_investigation,,,,6,,,supporting,C,
/marketplace/source-viscose-for-outerwear/,,,yes,no,/marketplace/source-viscose-for-outerwear/,yes,Source Viscose for Outerwear Fabric Notes,"Search the FabStitch marketplace for viscose outerwear. Read construction before GSM, then inquire on one fabric URL. See how Source Viscose for.",How to source viscose for outerwear,,211,171,source viscose for outerwear,commercial_investigation,,,,7,,,supporting,C,
/marketplace/source-viscose-for-loungewear/,,,yes,no,/marketplace/source-viscose-for-loungewear/,yes,Source Viscose for Loungewear Fabric Notes,"Search the FabStitch marketplace for viscose loungewear. Read construction before GSM, then inquire on one fabric URL. See how Source Viscose for.",How to source viscose for loungewear,,213,173,source viscose for loungewear,commercial_investigation,,,,6,,,supporting,C,
/marketplace/source-viscose-for-knitwear/,,,yes,no,/marketplace/source-viscose-for-knitwear/,yes,Source Viscose for Knitwear Fabric Notes,"Search the FabStitch marketplace for viscose knitwear. Read construction before GSM, then inquire on one fabric URL. See how Source Viscose for.",How to source viscose for knitwear,,212,172,source viscose for knitwear,commercial_investigation,,,,7,,,supporting,C,
/marketplace/source-rayon-for-shirts/,,,yes,no,/marketplace/source-rayon-for-shirts/,yes,Source Rayon for Shirts Fabric Notes for Apparel,"Search the FabStitch marketplace for rayon shirts. Read construction before GSM, then inquire on one fabric URL. See how Source Rayon for Shirts.",How to source rayon for shirts,,221,181,source rayon for shirts,commercial_investigation,,,,7,,,supporting,C,
/marketplace/source-rayon-for-dresses/,,,yes,no,/marketplace/source-rayon-for-dresses/,yes,Source Rayon for Dresses Fabric Notes for Apparel,"Search the FabStitch marketplace for rayon dresses. Read construction before GSM, then inquire on one fabric URL. See how Source Rayon for Dresses.",How to source rayon for dresses,,227,187,source rayon for dresses,commercial_investigation,,,,7,,,supporting,C,
/marketplace/source-rayon-for-trousers/,,,yes,no,/marketplace/source-rayon-for-trousers/,yes,Source Rayon for Trousers Fabric Notes Use Notes,"Search the FabStitch marketplace for rayon trousers. Read construction before GSM, then inquire on one fabric URL. See how Source Rayon for Trousers.",How to source rayon for trousers,,228,188,source rayon for trousers,commercial_investigation,,,,7,,,supporting,C,
/marketplace/source-rayon-for-jackets/,,,yes,no,/marketplace/source-rayon-for-jackets/,yes,Source Rayon for Jackets Fabric Notes for Apparel,"Search the FabStitch marketplace for rayon jackets. Read construction before GSM, then inquire on one fabric URL. See how Source Rayon for Jackets.",How to source rayon for jackets,,221,181,source rayon for jackets,commercial_investigation,,,,6,,,supporting,C,
/marketplace/source-rayon-for-coats/,,,yes,no,/marketplace/source-rayon-for-coats/,yes,Source Rayon for Coats Fabric Notes Fabric Notes,"Search the FabStitch marketplace for rayon coats. Read construction before GSM, then inquire on one fabric URL. See how Source Rayon for Coats relates.",How to source rayon for coats,,220,180,source rayon for coats,commercial_investigation,,,,6,,,supporting,C,
/marketplace/source-rayon-for-suits/,,,yes,no,/marketplace/source-rayon-for-suits/,yes,Source Rayon for Suits Fabric Notes Fabric Notes,"Search the FabStitch marketplace for rayon suits. Read construction before GSM, then inquire on one fabric URL. See how Source Rayon for Suits relates.",How to source rayon for suits,,210,170,source rayon for suits,commercial_investigation,,,,6,,,supporting,C,
/marketplace/source-rayon-for-blazers/,,,yes,no,/marketplace/source-rayon-for-blazers/,yes,Source Rayon for Blazers Fabric Notes for Apparel,"Search the FabStitch marketplace for rayon blazers. Read construction before GSM, then inquire on one fabric URL. See how Source Rayon for Blazers.",How to source rayon for blazers,,221,181,source rayon for blazers,commercial_investigation,,,,6,,,supporting,C,
/marketplace/source-rayon-for-uniforms/,,,yes,no,/marketplace/source-rayon-for-uniforms/,yes,Source Rayon for Uniforms Fabric Notes Use Notes,"Search the FabStitch marketplace for rayon uniforms. Read construction before GSM, then inquire on one fabric URL. See how Source Rayon for Uniforms.",How to source rayon for uniforms,,211,171,source rayon for uniforms,commercial_investigation,,,,6,,,supporting,C,
/marketplace/source-rayon-for-activewear/,,,yes,no,/marketplace/source-rayon-for-activewear/,yes,Source Rayon for Activewear Fabric Notes,"Search the FabStitch marketplace for rayon activewear. Read construction before GSM, then inquire on one fabric URL. See how Source Rayon for.",How to source rayon for activewear,,214,174,source rayon for activewear,commercial_investigation,,,,7,,,supporting,C,
/marketplace/source-rayon-for-workwear/,,,yes,no,/marketplace/source-rayon-for-workwear/,yes,Source Rayon for Workwear Fabric Notes Use Notes,"Search the FabStitch marketplace for rayon workwear. Read construction before GSM, then inquire on one fabric URL. See how Source Rayon for Workwear.",How to source rayon for workwear,,218,178,source rayon for workwear,commercial_investigation,,,,6,,,supporting,C,
/marketplace/source-rayon-for-blouses/,,,yes,no,/marketplace/source-rayon-for-blouses/,yes,Source Rayon for Blouses Fabric Notes for Apparel,"Search the FabStitch marketplace for rayon blouses. Read construction before GSM, then inquire on one fabric URL. See how Source Rayon for Blouses.",How to source rayon for blouses,,220,180,source rayon for blouses,commercial_investigation,,,,6,,,supporting,C,
/marketplace/source-rayon-for-skirts/,,,yes,no,/marketplace/source-rayon-for-skirts/,yes,Source Rayon for Skirts Fabric Notes for Apparel,"Search the FabStitch marketplace for rayon skirts. Read construction before GSM, then inquire on one fabric URL. See how Source Rayon for Skirts.",How to source rayon for skirts,,218,178,source rayon for skirts,commercial_investigation,,,,6,,,supporting,C,
/marketplace/source-rayon-for-outerwear/,,,yes,no,/marketplace/source-rayon-for-outerwear/,yes,Source Rayon for Outerwear Fabric Notes Use Notes,"Search the FabStitch marketplace for rayon outerwear. Read construction before GSM, then inquire on one fabric URL. See how Source Rayon for Outerwear.",How to source rayon for outerwear,,209,169,source rayon for outerwear,commercial_investigation,,,,7,,,supporting,C,
/marketplace/source-rayon-for-loungewear/,,,yes,no,/marketplace/source-rayon-for-loungewear/,yes,Source Rayon for Loungewear Fabric Notes,"Search the FabStitch marketplace for rayon loungewear. Read construction before GSM, then inquire on one fabric URL. See how Source Rayon for.",How to source rayon for loungewear,,202,162,source rayon for loungewear,commercial_investigation,,,,6,,,supporting,C,
/marketplace/source-rayon-for-knitwear/,,,yes,no,/marketplace/source-rayon-for-knitwear/,yes,Source Rayon for Knitwear Fabric Notes Use Notes,"Search the FabStitch marketplace for rayon knitwear. Read construction before GSM, then inquire on one fabric URL. See how Source Rayon for Knitwear.",How to source rayon for knitwear,,211,171,source rayon for knitwear,commercial_investigation,,,,7,,,supporting,C,
/marketplace/source-jersey-for-shirts/,,,yes,no,/marketplace/source-jersey-for-shirts/,yes,Source Jersey for Shirts Fabric Notes for Apparel,"Search the FabStitch marketplace for jersey shirts. Read construction before GSM, then inquire on one fabric URL. See how Source Jersey for Shirts.",How to source jersey for shirts,,223,183,source jersey for shirts,commercial_investigation,,,,8,,,supporting,C,
/marketplace/source-jersey-for-dresses/,,,yes,no,/marketplace/source-jersey-for-dresses/,yes,Source Jersey for Dresses Fabric Notes Use Notes,"Search the FabStitch marketplace for jersey dresses. Read construction before GSM, then inquire on one fabric URL. See how Source Jersey for Dresses.",How to source jersey for dresses,,226,186,source jersey for dresses,commercial_investigation,,,,8,,,supporting,C,
/marketplace/source-jersey-for-trousers/,,,yes,no,/marketplace/source-jersey-for-trousers/,yes,Source Jersey for Trousers Fabric Notes Use Notes,"Search the FabStitch marketplace for jersey trousers. Read construction before GSM, then inquire on one fabric URL. See how Source Jersey for Trousers.",How to source jersey for trousers,,211,171,source jersey for trousers,commercial_investigation,,,,8,,,supporting,C,
/marketplace/source-jersey-for-jackets/,,,yes,no,/marketplace/source-jersey-for-jackets/,yes,Source Jersey for Jackets Fabric Notes Use Notes,"Search the FabStitch marketplace for jersey jackets. Read construction before GSM, then inquire on one fabric URL. See how Source Jersey for Jackets.",How to source jersey for jackets,,221,181,source jersey for jackets,commercial_investigation,,,,7,,,supporting,C,
/marketplace/source-jersey-for-coats/,,,yes,no,/marketplace/source-jersey-for-coats/,yes,Source Jersey for Coats Fabric Notes for Apparel,"Search the FabStitch marketplace for jersey coats. Read construction before GSM, then inquire on one fabric URL. See how Source Jersey for Coats.",How to source jersey for coats,,211,171,source jersey for coats,commercial_investigation,,,,7,,,supporting,C,
/marketplace/source-jersey-for-suits/,,,yes,no,/marketplace/source-jersey-for-suits/,yes,Source Jersey for Suits Fabric Notes for Apparel,"Search the FabStitch marketplace for jersey suits. Read construction before GSM, then inquire on one fabric URL. See how Source Jersey for Suits.",How to source jersey for suits,,224,184,source jersey for suits,commercial_investigation,,,,7,,,supporting,C,
/marketplace/source-jersey-for-blazers/,,,yes,no,/marketplace/source-jersey-for-blazers/,yes,Source Jersey for Blazers Fabric Notes Use Notes,"Search the FabStitch marketplace for jersey blazers. Read construction before GSM, then inquire on one fabric URL. See how Source Jersey for Blazers.",How to source jersey for blazers,,220,180,source jersey for blazers,commercial_investigation,,,,7,,,supporting,C,
/marketplace/source-jersey-for-uniforms/,,,yes,no,/marketplace/source-jersey-for-uniforms/,yes,Source Jersey for Uniforms Fabric Notes Use Notes,"Search the FabStitch marketplace for jersey uniforms. Read construction before GSM, then inquire on one fabric URL. See how Source Jersey for Uniforms.",How to source jersey for uniforms,,206,166,source jersey for uniforms,commercial_investigation,,,,7,,,supporting,C,
/marketplace/source-jersey-for-activewear/,,,yes,no,/marketplace/source-jersey-for-activewear/,yes,Source Jersey for Activewear Fabric Notes,"Search the FabStitch marketplace for jersey activewear. Read construction before GSM, then inquire on one fabric URL. See how Source Jersey for.",How to source jersey for activewear,,214,174,source jersey for activewear,commercial_investigation,,,,8,,,supporting,C,
/marketplace/source-jersey-for-workwear/,,,yes,no,/marketplace/source-jersey-for-workwear/,yes,Source Jersey for Workwear Fabric Notes Use Notes,"Search the FabStitch marketplace for jersey workwear. Read construction before GSM, then inquire on one fabric URL. See how Source Jersey for Workwear.",How to source jersey for workwear,,207,167,source jersey for workwear,commercial_investigation,,,,7,,,supporting,C,
/marketplace/source-jersey-for-blouses/,,,yes,no,/marketplace/source-jersey-for-blouses/,yes,Source Jersey for Blouses Fabric Notes Use Notes,"Search the FabStitch marketplace for jersey blouses. Read construction before GSM, then inquire on one fabric URL. See how Source Jersey for Blouses.",How to source jersey for blouses,,215,175,source jersey for blouses,commercial_investigation,,,,7,,,supporting,C,
/marketplace/source-jersey-for-skirts/,,,yes,no,/marketplace/source-jersey-for-skirts/,yes,Source Jersey for Skirts Fabric Notes for Apparel,"Search the FabStitch marketplace for jersey skirts. Read construction before GSM, then inquire on one fabric URL. See how Source Jersey for Skirts.",How to source jersey for skirts,,216,176,source jersey for skirts,commercial_investigation,,,,7,,,supporting,C,
/marketplace/source-jersey-for-outerwear/,,,yes,no,/marketplace/source-jersey-for-outerwear/,yes,Source Jersey for Outerwear Fabric Notes,"Search the FabStitch marketplace for jersey outerwear. Read construction before GSM, then inquire on one fabric URL. See how Source Jersey for.",How to source jersey for outerwear,,208,168,source jersey for outerwear,commercial_investigation,,,,8,,,supporting,C,
/marketplace/source-jersey-for-loungewear/,,,yes,no,/marketplace/source-jersey-for-loungewear/,yes,Source Jersey for Loungewear Fabric Notes,"Search the FabStitch marketplace for jersey loungewear. Read construction before GSM, then inquire on one fabric URL. See how Source Jersey for.",How to source jersey for loungewear,,214,174,source jersey for loungewear,commercial_investigation,,,,7,,,supporting,C,
/marketplace/source-jersey-for-knitwear/,,,yes,no,/marketplace/source-jersey-for-knitwear/,yes,Source Jersey for Knitwear Fabric Notes Use Notes,"Search the FabStitch marketplace for jersey knitwear. Read construction before GSM, then inquire on one fabric URL. See how Source Jersey for Knitwear.",How to source jersey for knitwear,,206,166,source jersey for knitwear,commercial_investigation,,,,8,,,supporting,C,
/marketplace/source-velvet-for-shirts/,,,yes,no,/marketplace/source-velvet-for-shirts/,yes,Source Velvet for Shirts Fabric Notes for Apparel,"Search the FabStitch marketplace for velvet shirts. Read construction before GSM, then inquire on one fabric URL. See how Source Velvet for Shirts.",How to source velvet for shirts,,210,170,source velvet for shirts,commercial_investigation,,,,8,,,supporting,C,
/marketplace/source-velvet-for-dresses/,,,yes,no,/marketplace/source-velvet-for-dresses/,yes,Source Velvet for Dresses Fabric Notes Use Notes,"Search the FabStitch marketplace for velvet dresses. Read construction before GSM, then inquire on one fabric URL. See how Source Velvet for Dresses.",How to source velvet for dresses,,212,172,source velvet for dresses,commercial_investigation,,,,8,,,supporting,C,
/marketplace/source-velvet-for-trousers/,,,yes,no,/marketplace/source-velvet-for-trousers/,yes,Source Velvet for Trousers Fabric Notes Use Notes,"Search the FabStitch marketplace for velvet trousers. Read construction before GSM, then inquire on one fabric URL. See how Source Velvet for Trousers.",How to source velvet for trousers,,203,163,source velvet for trousers,commercial_investigation,,,,8,,,supporting,C,
/marketplace/source-velvet-for-jackets/,,,yes,no,/marketplace/source-velvet-for-jackets/,yes,Source Velvet for Jackets Fabric Notes Use Notes,"Search the FabStitch marketplace for velvet jackets. Read construction before GSM, then inquire on one fabric URL. See how Source Velvet for Jackets.",How to source velvet for jackets,,214,174,source velvet for jackets,commercial_investigation,,,,7,,,supporting,C,
/marketplace/source-velvet-for-coats/,,,yes,no,/marketplace/source-velvet-for-coats/,yes,Source Velvet for Coats Fabric Notes for Apparel,"Search the FabStitch marketplace for velvet coats. Read construction before GSM, then inquire on one fabric URL. See how Source Velvet for Coats.",How to source velvet for coats,,217,177,source velvet for coats,commercial_investigation,,,,7,,,supporting,C,
/marketplace/source-velvet-for-suits/,,,yes,no,/marketplace/source-velvet-for-suits/,yes,Source Velvet for Suits Fabric Notes for Apparel,"Search the FabStitch marketplace for velvet suits. Read construction before GSM, then inquire on one fabric URL. See how Source Velvet for Suits.",How to source velvet for suits,,210,170,source velvet for suits,commercial_investigation,,,,7,,,supporting,C,
/marketplace/source-velvet-for-blazers/,,,yes,no,/marketplace/source-velvet-for-blazers/,yes,Source Velvet for Blazers Fabric Notes Use Notes,"Search the FabStitch marketplace for velvet blazers. Read construction before GSM, then inquire on one fabric URL. See how Source Velvet for Blazers.",How to source velvet for blazers,,205,165,source velvet for blazers,commercial_investigation,,,,7,,,supporting,C,
/marketplace/source-velvet-for-uniforms/,,,yes,no,/marketplace/source-velvet-for-uniforms/,yes,Source Velvet for Uniforms Fabric Notes Use Notes,"Search the FabStitch marketplace for velvet uniforms. Read construction before GSM, then inquire on one fabric URL. See how Source Velvet for Uniforms.",How to source velvet for uniforms,,200,160,source velvet for uniforms,commercial_investigation,,,,7,,,supporting,C,
/marketplace/source-velvet-for-activewear/,,,yes,no,/marketplace/source-velvet-for-activewear/,yes,Source Velvet for Activewear Fabric Notes,"Search the FabStitch marketplace for velvet activewear. Read construction before GSM, then inquire on one fabric URL. See how Source Velvet for.",How to source velvet for activewear,,203,163,source velvet for activewear,commercial_investigation,,,,8,,,supporting,C,
/marketplace/source-velvet-for-workwear/,,,yes,no,/marketplace/source-velvet-for-workwear/,yes,Source Velvet for Workwear Fabric Notes Use Notes,"Search the FabStitch marketplace for velvet workwear. Read construction before GSM, then inquire on one fabric URL. See how Source Velvet for Workwear.",How to source velvet for workwear,,212,172,source velvet for workwear,commercial_investigation,,,,7,,,supporting,C,
/marketplace/source-velvet-for-blouses/,,,yes,no,/marketplace/source-velvet-for-blouses/,yes,Source Velvet for Blouses Fabric Notes Use Notes,"Search the FabStitch marketplace for velvet blouses. Read construction before GSM, then inquire on one fabric URL. See how Source Velvet for Blouses.",How to source velvet for blouses,,210,170,source velvet for blouses,commercial_investigation,,,,7,,,supporting,C,
/marketplace/source-velvet-for-skirts/,,,yes,no,/marketplace/source-velvet-for-skirts/,yes,Source Velvet for Skirts Fabric Notes for Apparel,"Search the FabStitch marketplace for velvet skirts. Read construction before GSM, then inquire on one fabric URL. See how Source Velvet for Skirts.",How to source velvet for skirts,,218,178,source velvet for skirts,commercial_investigation,,,,7,,,supporting,C,
/marketplace/source-velvet-for-outerwear/,,,yes,no,/marketplace/source-velvet-for-outerwear/,yes,Source Velvet for Outerwear Fabric Notes,"Search the FabStitch marketplace for velvet outerwear. Read construction before GSM, then inquire on one fabric URL. See how Source Velvet for.",How to source velvet for outerwear,,199,159,source velvet for outerwear,commercial_investigation,,,,8,,,supporting,C,
/marketplace/source-velvet-for-loungewear/,,,yes,no,/marketplace/source-velvet-for-loungewear/,yes,Source Velvet for Loungewear Fabric Notes,"Search the FabStitch marketplace for velvet loungewear. Read construction before GSM, then inquire on one fabric URL. See how Source Velvet for.",How to source velvet for loungewear,,202,162,source velvet for loungewear,commercial_investigation,,,,7,,,supporting,C,
/marketplace/source-velvet-for-knitwear/,,,yes,no,/marketplace/source-velvet-for-knitwear/,yes,Source Velvet for Knitwear Fabric Notes Use Notes,"Search the FabStitch marketplace for velvet knitwear. Read construction before GSM, then inquire on one fabric URL. See how Source Velvet for Knitwear.",How to source velvet for knitwear,,210,170,source velvet for knitwear,commercial_investigation,,,,8,,,supporting,C,
/marketplace/source-chiffon-for-shirts/,,,yes,no,/marketplace/source-chiffon-for-shirts/,yes,Source Chiffon for Shirts Fabric Notes Use Notes,"Search the FabStitch marketplace for chiffon shirts. Read construction before GSM, then inquire on one fabric URL. See how Source Chiffon for Shirts.",How to source chiffon for shirts,,222,182,source chiffon for shirts,commercial_investigation,,,,8,,,supporting,C,
/marketplace/source-chiffon-for-dresses/,,,yes,no,/marketplace/source-chiffon-for-dresses/,yes,Source Chiffon for Dresses Fabric Notes Use Notes,"Search the FabStitch marketplace for chiffon dresses. Read construction before GSM, then inquire on one fabric URL. See how Source Chiffon for Dresses.",How to source chiffon for dresses,,220,180,source chiffon for dresses,commercial_investigation,,,,8,,,supporting,C,
/marketplace/source-chiffon-for-trousers/,,,yes,no,/marketplace/source-chiffon-for-trousers/,yes,Source Chiffon for Trousers Fabric Notes,"Search the FabStitch marketplace for chiffon trousers. Read construction before GSM, then inquire on one fabric URL. See how Source Chiffon for.",How to source chiffon for trousers,,226,186,source chiffon for trousers,commercial_investigation,,,,8,,,supporting,C,
/marketplace/source-chiffon-for-jackets/,,,yes,no,/marketplace/source-chiffon-for-jackets/,yes,Source Chiffon for Jackets Fabric Notes Use Notes,"Search the FabStitch marketplace for chiffon jackets. Read construction before GSM, then inquire on one fabric URL. See how Source Chiffon for Jackets.",How to source chiffon for jackets,,218,178,source chiffon for jackets,commercial_investigation,,,,7,,,supporting,C,
/marketplace/source-chiffon-for-coats/,,,yes,no,/marketplace/source-chiffon-for-coats/,yes,Source Chiffon for Coats Fabric Notes for Apparel,"Search the FabStitch marketplace for chiffon coats. Read construction before GSM, then inquire on one fabric URL. See how Source Chiffon for Coats.",How to source chiffon for coats,,204,164,source chiffon for coats,commercial_investigation,,,,7,,,supporting,C,
/marketplace/source-chiffon-for-suits/,,,yes,no,/marketplace/source-chiffon-for-suits/,yes,Source Chiffon for Suits Fabric Notes for Apparel,"Search the FabStitch marketplace for chiffon suits. Read construction before GSM, then inquire on one fabric URL. See how Source Chiffon for Suits.",How to source chiffon for suits,,208,168,source chiffon for suits,commercial_investigation,,,,7,,,supporting,C,
/marketplace/source-chiffon-for-blazers/,,,yes,no,/marketplace/source-chiffon-for-blazers/,yes,Source Chiffon for Blazers Fabric Notes Use Notes,"Search the FabStitch marketplace for chiffon blazers. Read construction before GSM, then inquire on one fabric URL. See how Source Chiffon for Blazers.",How to source chiffon for blazers,,215,175,source chiffon for blazers,commercial_investigation,,,,7,,,supporting,C,
/marketplace/source-chiffon-for-uniforms/,,,yes,no,/marketplace/source-chiffon-for-uniforms/,yes,Source Chiffon for Uniforms Fabric Notes,"Search the FabStitch marketplace for chiffon uniforms. Read construction before GSM, then inquire on one fabric URL. See how Source Chiffon for.",How to source chiffon for uniforms,,206,166,source chiffon for uniforms,commercial_investigation,,,,7,,,supporting,C,
/marketplace/source-chiffon-for-activewear/,,,yes,no,/marketplace/source-chiffon-for-activewear/,yes,Source Chiffon for Activewear Fabric Notes,"Search the FabStitch marketplace for chiffon activewear. Read construction before GSM, then inquire on one fabric URL. See how Source Chiffon for.",How to source chiffon for activewear,,216,176,source chiffon for activewear,commercial_investigation,,,,8,,,supporting,C,
/marketplace/source-chiffon-for-workwear/,,,yes,no,/marketplace/source-chiffon-for-workwear/,yes,Source Chiffon for Workwear Fabric Notes,"Search the FabStitch marketplace for chiffon workwear. Read construction before GSM, then inquire on one fabric URL. See how Source Chiffon for.",How to source chiffon for workwear,,200,160,source chiffon for workwear,commercial_investigation,,,,7,,,supporting,C,
/marketplace/source-chiffon-for-blouses/,,,yes,no,/marketplace/source-chiffon-for-blouses/,yes,Source Chiffon for Blouses Fabric Notes Use Notes,"Search the FabStitch marketplace for chiffon blouses. Read construction before GSM, then inquire on one fabric URL. See how Source Chiffon for Blouses.",How to source chiffon for blouses,,211,171,source chiffon for blouses,commercial_investigation,,,,7,,,supporting,C,
/marketplace/source-chiffon-for-skirts/,,,yes,no,/marketplace/source-chiffon-for-skirts/,yes,Source Chiffon for Skirts Fabric Notes Use Notes,"Search the FabStitch marketplace for chiffon skirts. Read construction before GSM, then inquire on one fabric URL. See how Source Chiffon for Skirts.",How to source chiffon for skirts,,205,165,source chiffon for skirts,commercial_investigation,,,,7,,,supporting,C,
/marketplace/source-chiffon-for-outerwear/,,,yes,no,/marketplace/source-chiffon-for-outerwear/,yes,Source Chiffon for Outerwear Fabric Notes,"Search the FabStitch marketplace for chiffon outerwear. Read construction before GSM, then inquire on one fabric URL. See how Source Chiffon for.",How to source chiffon for outerwear,,192,152,source chiffon for outerwear,commercial_investigation,,,,8,,,supporting,C,
/marketplace/source-chiffon-for-loungewear/,,,yes,no,/marketplace/source-chiffon-for-loungewear/,yes,Source Chiffon for Loungewear Fabric Notes,"Search the FabStitch marketplace for chiffon loungewear. Read construction before GSM, then inquire on one fabric URL. See how Source Chiffon for.",How to source chiffon for loungewear,,199,159,source chiffon for loungewear,commercial_investigation,,,,7,,,supporting,C,
/marketplace/source-chiffon-for-knitwear/,,,yes,no,/marketplace/source-chiffon-for-knitwear/,yes,Source Chiffon for Knitwear Fabric Notes,"Search the FabStitch marketplace for chiffon knitwear. Read construction before GSM, then inquire on one fabric URL. See how Source Chiffon for.",How to source chiffon for knitwear,,197,157,source chiffon for knitwear,commercial_investigation,,,,8,,,supporting,C,
/marketplace/source-georgette-for-shirts/,,,yes,no,/marketplace/source-georgette-for-shirts/,yes,Source Georgette for Shirts Fabric Notes,"Search the FabStitch marketplace for georgette shirts. Read construction before GSM, then inquire on one fabric URL. See how Source Georgette for.",How to source georgette for shirts,,219,179,source georgette for shirts,commercial_investigation,,,,8,,,supporting,C,
/marketplace/source-georgette-for-dresses/,,,yes,no,/marketplace/source-georgette-for-dresses/,yes,Source Georgette for Dresses Fabric Notes,"Search the FabStitch marketplace for georgette dresses. Read construction before GSM, then inquire on one fabric URL. See how Source Georgette for.",How to source georgette for dresses,,208,168,source georgette for dresses,commercial_investigation,,,,8,,,supporting,C,
/marketplace/source-georgette-for-trousers/,,,yes,no,/marketplace/source-georgette-for-trousers/,yes,Source Georgette for Trousers Fabric Notes,"Search the FabStitch marketplace for georgette trousers. Read construction before GSM, then inquire on one fabric URL. See how Source Georgette for.",How to source georgette for trousers,,206,166,source georgette for trousers,commercial_investigation,,,,8,,,supporting,C,
/marketplace/source-georgette-for-jackets/,,,yes,no,/marketplace/source-georgette-for-jackets/,yes,Source Georgette for Jackets Fabric Notes,"Search the FabStitch marketplace for georgette jackets. Read construction before GSM, then inquire on one fabric URL. See how Source Georgette for.",How to source georgette for jackets,,215,175,source georgette for jackets,commercial_investigation,,,,7,,,supporting,C,
/marketplace/source-georgette-for-coats/,,,yes,no,/marketplace/source-georgette-for-coats/,yes,Source Georgette for Coats Fabric Notes Use Notes,"Search the FabStitch marketplace for georgette coats. Read construction before GSM, then inquire on one fabric URL. See how Source Georgette for Coats.",How to source georgette for coats,,215,175,source georgette for coats,commercial_investigation,,,,7,,,supporting,C,
/marketplace/source-georgette-for-suits/,,,yes,no,/marketplace/source-georgette-for-suits/,yes,Source Georgette for Suits Fabric Notes Use Notes,"Search the FabStitch marketplace for georgette suits. Read construction before GSM, then inquire on one fabric URL. See how Source Georgette for Suits.",How to source georgette for suits,,207,167,source georgette for suits,commercial_investigation,,,,7,,,supporting,C,
/marketplace/source-georgette-for-blazers/,,,yes,no,/marketplace/source-georgette-for-blazers/,yes,Source Georgette for Blazers Fabric Notes,"Search the FabStitch marketplace for georgette blazers. Read construction before GSM, then inquire on one fabric URL. See how Source Georgette for.",How to source georgette for blazers,,210,170,source georgette for blazers,commercial_investigation,,,,7,,,supporting,C,
/marketplace/source-georgette-for-uniforms/,,,yes,no,/marketplace/source-georgette-for-uniforms/,yes,Source Georgette for Uniforms Fabric Notes,"Search the FabStitch marketplace for georgette uniforms. Read construction before GSM, then inquire on one fabric URL. See how Source Georgette for.",How to source georgette for uniforms,,207,167,source georgette for uniforms,commercial_investigation,,,,7,,,supporting,C,
/marketplace/source-georgette-for-activewear/,,,yes,no,/marketplace/source-georgette-for-activewear/,yes,Source Georgette for Activewear Fabric Notes,"Search the FabStitch marketplace for georgette activewear. Read construction before GSM, then inquire on one fabric URL.",How to source georgette for activewear,,206,166,source georgette for activewear,commercial_investigation,,,,8,,,supporting,C,
/marketplace/source-georgette-for-workwear/,,,yes,no,/marketplace/source-georgette-for-workwear/,yes,Source Georgette for Workwear Fabric Notes,"Search the FabStitch marketplace for georgette workwear. Read construction before GSM, then inquire on one fabric URL. See how Source Georgette for.",How to source georgette for workwear,,207,167,source georgette for workwear,commercial_investigation,,,,7,,,supporting,C,
/marketplace/source-georgette-for-blouses/,,,yes,no,/marketplace/source-georgette-for-blouses/,yes,Source Georgette for Blouses Fabric Notes,"Search the FabStitch marketplace for georgette blouses. Read construction before GSM, then inquire on one fabric URL. See how Source Georgette for.",How to source georgette for blouses,,220,180,source georgette for blouses,commercial_investigation,,,,7,,,supporting,C,
/marketplace/source-georgette-for-skirts/,,,yes,no,/marketplace/source-georgette-for-skirts/,yes,Source Georgette for Skirts Fabric Notes,"Search the FabStitch marketplace for georgette skirts. Read construction before GSM, then inquire on one fabric URL. See how Source Georgette for.",How to source georgette for skirts,,208,168,source georgette for skirts,commercial_investigation,,,,7,,,supporting,C,
/marketplace/source-georgette-for-outerwear/,,,yes,no,/marketplace/source-georgette-for-outerwear/,yes,Source Georgette for Outerwear Fabric Notes,"Search the FabStitch marketplace for georgette outerwear. Read construction before GSM, then inquire on one fabric URL. See how Source Georgette for.",How to source georgette for outerwear,,201,161,source georgette for outerwear,commercial_investigation,,,,8,,,supporting,C,
/marketplace/source-georgette-for-loungewear/,,,yes,no,/marketplace/source-georgette-for-loungewear/,yes,Source Georgette for Loungewear Fabric Notes,"Search the FabStitch marketplace for georgette loungewear. Read construction before GSM, then inquire on one fabric URL.",How to source georgette for loungewear,,204,164,source georgette for loungewear,commercial_investigation,,,,7,,,supporting,C,
/marketplace/source-georgette-for-knitwear/,,,yes,no,/marketplace/source-georgette-for-knitwear/,yes,Source Georgette for Knitwear Fabric Notes,"Search the FabStitch marketplace for georgette knitwear. Read construction before GSM, then inquire on one fabric URL. See how Source Georgette for.",How to source georgette for knitwear,,204,164,source georgette for knitwear,commercial_investigation,,,,8,,,supporting,C,
/marketplace/source-poplin-for-shirts/,,,yes,no,/marketplace/source-poplin-for-shirts/,yes,Source Poplin for Shirts Fabric Notes for Apparel,"Search the FabStitch marketplace for poplin shirts. Read construction before GSM, then inquire on one fabric URL. See how Source Poplin for Shirts.",How to source poplin for shirts,,222,182,source poplin for shirts,commercial_investigation,,,,8,,,supporting,C,
/marketplace/source-poplin-for-dresses/,,,yes,no,/marketplace/source-poplin-for-dresses/,yes,Source Poplin for Dresses Fabric Notes Use Notes,"Search the FabStitch marketplace for poplin dresses. Read construction before GSM, then inquire on one fabric URL. See how Source Poplin for Dresses.",How to source poplin for dresses,,213,173,source poplin for dresses,commercial_investigation,,,,8,,,supporting,C,
/marketplace/source-poplin-for-trousers/,,,yes,no,/marketplace/source-poplin-for-trousers/,yes,Source Poplin for Trousers Fabric Notes Use Notes,"Search the FabStitch marketplace for poplin trousers. Read construction before GSM, then inquire on one fabric URL. See how Source Poplin for Trousers.",How to source poplin for trousers,,212,172,source poplin for trousers,commercial_investigation,,,,8,,,supporting,C,
/marketplace/source-poplin-for-jackets/,,,yes,no,/marketplace/source-poplin-for-jackets/,yes,Source Poplin for Jackets Fabric Notes Use Notes,"Search the FabStitch marketplace for poplin jackets. Read construction before GSM, then inquire on one fabric URL. See how Source Poplin for Jackets.",How to source poplin for jackets,,211,171,source poplin for jackets,commercial_investigation,,,,7,,,supporting,C,
/marketplace/source-poplin-for-coats/,,,yes,no,/marketplace/source-poplin-for-coats/,yes,Source Poplin for Coats Fabric Notes for Apparel,"Search the FabStitch marketplace for poplin coats. Read construction before GSM, then inquire on one fabric URL. See how Source Poplin for Coats.",How to source poplin for coats,,217,177,source poplin for coats,commercial_investigation,,,,7,,,supporting,C,
/marketplace/source-poplin-for-suits/,,,yes,no,/marketplace/source-poplin-for-suits/,yes,Source Poplin for Suits Fabric Notes for Apparel,"Search the FabStitch marketplace for poplin suits. Read construction before GSM, then inquire on one fabric URL. See how Source Poplin for Suits.",How to source poplin for suits,,219,179,source poplin for suits,commercial_investigation,,,,7,,,supporting,C,
/marketplace/source-poplin-for-blazers/,,,yes,no,/marketplace/source-poplin-for-blazers/,yes,Source Poplin for Blazers Fabric Notes Use Notes,"Search the FabStitch marketplace for poplin blazers. Read construction before GSM, then inquire on one fabric URL. See how Source Poplin for Blazers.",How to source poplin for blazers,,216,176,source poplin for blazers,commercial_investigation,,,,7,,,supporting,C,
/marketplace/source-poplin-for-uniforms/,,,yes,no,/marketplace/source-poplin-for-uniforms/,yes,Source Poplin for Uniforms Fabric Notes Use Notes,"Search the FabStitch marketplace for poplin uniforms. Read construction before GSM, then inquire on one fabric URL. See how Source Poplin for Uniforms.",How to source poplin for uniforms,,209,169,source poplin for uniforms,commercial_investigation,,,,7,,,supporting,C,
/marketplace/source-poplin-for-activewear/,,,yes,no,/marketplace/source-poplin-for-activewear/,yes,Source Poplin for Activewear Fabric Notes,"Search the FabStitch marketplace for poplin activewear. Read construction before GSM, then inquire on one fabric URL. See how Source Poplin for.",How to source poplin for activewear,,213,173,source poplin for activewear,commercial_investigation,,,,8,,,supporting,C,
/marketplace/source-poplin-for-workwear/,,,yes,no,/marketplace/source-poplin-for-workwear/,yes,Source Poplin for Workwear Fabric Notes Use Notes,"Search the FabStitch marketplace for poplin workwear. Read construction before GSM, then inquire on one fabric URL. See how Source Poplin for Workwear.",How to source poplin for workwear,,214,174,source poplin for workwear,commercial_investigation,,,,7,,,supporting,C,
/marketplace/source-poplin-for-blouses/,,,yes,no,/marketplace/source-poplin-for-blouses/,yes,Source Poplin for Blouses Fabric Notes Use Notes,"Search the FabStitch marketplace for poplin blouses. Read construction before GSM, then inquire on one fabric URL. See how Source Poplin for Blouses.",How to source poplin for blouses,,218,178,source poplin for blouses,commercial_investigation,,,,7,,,supporting,C,
/marketplace/source-poplin-for-skirts/,,,yes,no,/marketplace/source-poplin-for-skirts/,yes,Source Poplin for Skirts Fabric Notes for Apparel,"Search the FabStitch marketplace for poplin skirts. Read construction before GSM, then inquire on one fabric URL. See how Source Poplin for Skirts.",How to source poplin for skirts,,217,177,source poplin for skirts,commercial_investigation,,,,7,,,supporting,C,
/marketplace/source-poplin-for-outerwear/,,,yes,no,/marketplace/source-poplin-for-outerwear/,yes,Source Poplin for Outerwear Fabric Notes,"Search the FabStitch marketplace for poplin outerwear. Read construction before GSM, then inquire on one fabric URL. See how Source Poplin for.",How to source poplin for outerwear,,205,165,source poplin for outerwear,commercial_investigation,,,,8,,,supporting,C,
/marketplace/source-poplin-for-loungewear/,,,yes,no,/marketplace/source-poplin-for-loungewear/,yes,Source Poplin for Loungewear Fabric Notes,"Search the FabStitch marketplace for poplin loungewear. Read construction before GSM, then inquire on one fabric URL. See how Source Poplin for.",How to source poplin for loungewear,,207,167,source poplin for loungewear,commercial_investigation,,,,7,,,supporting,C,
/marketplace/source-poplin-for-knitwear/,,,yes,no,/marketplace/source-poplin-for-knitwear/,yes,Source Poplin for Knitwear Fabric Notes Use Notes,"Search the FabStitch marketplace for poplin knitwear. Read construction before GSM, then inquire on one fabric URL. See how Source Poplin for Knitwear.",How to source poplin for knitwear,,213,173,source poplin for knitwear,commercial_investigation,,,,8,,,supporting,C,
/marketplace/source-satin-for-shirts/,,,yes,no,/marketplace/source-satin-for-shirts/,yes,Source Satin for Shirts Fabric Notes for Apparel,"Search the FabStitch marketplace for satin shirts. Read construction before GSM, then inquire on one fabric URL. See how Source Satin for Shirts.",How to source satin for shirts,,225,185,source satin for shirts,commercial_investigation,,,,7,,,supporting,C,
/marketplace/source-satin-for-dresses/,,,yes,no,/marketplace/source-satin-for-dresses/,yes,Source Satin for Dresses Fabric Notes for Apparel,"Search the FabStitch marketplace for satin dresses. Read construction before GSM, then inquire on one fabric URL. See how Source Satin for Dresses.",How to source satin for dresses,,220,180,source satin for dresses,commercial_investigation,,,,7,,,supporting,C,
/marketplace/source-satin-for-trousers/,,,yes,no,/marketplace/source-satin-for-trousers/,yes,Source Satin for Trousers Fabric Notes Use Notes,"Search the FabStitch marketplace for satin trousers. Read construction before GSM, then inquire on one fabric URL. See how Source Satin for Trousers.",How to source satin for trousers,,228,188,source satin for trousers,commercial_investigation,,,,7,,,supporting,C,
/marketplace/source-satin-for-jackets/,,,yes,no,/marketplace/source-satin-for-jackets/,yes,Source Satin for Jackets Fabric Notes for Apparel,"Search the FabStitch marketplace for satin jackets. Read construction before GSM, then inquire on one fabric URL. See how Source Satin for Jackets.",How to source satin for jackets,,222,182,source satin for jackets,commercial_investigation,,,,6,,,supporting,C,
/marketplace/source-satin-for-coats/,,,yes,no,/marketplace/source-satin-for-coats/,yes,Source Satin for Coats Fabric Notes Fabric Notes,"Search the FabStitch marketplace for satin coats. Read construction before GSM, then inquire on one fabric URL. See how Source Satin for Coats relates.",How to source satin for coats,,207,167,source satin for coats,commercial_investigation,,,,6,,,supporting,C,
/marketplace/source-satin-for-suits/,,,yes,no,/marketplace/source-satin-for-suits/,yes,Source Satin for Suits Fabric Notes Fabric Notes,"Search the FabStitch marketplace for satin suits. Read construction before GSM, then inquire on one fabric URL. See how Source Satin for Suits relates.",How to source satin for suits,,206,166,source satin for suits,commercial_investigation,,,,6,,,supporting,C,
/marketplace/source-satin-for-blazers/,,,yes,no,/marketplace/source-satin-for-blazers/,yes,Source Satin for Blazers Fabric Notes for Apparel,"Search the FabStitch marketplace for satin blazers. Read construction before GSM, then inquire on one fabric URL. See how Source Satin for Blazers.",How to source satin for blazers,,216,176,source satin for blazers,commercial_investigation,,,,6,,,supporting,C,
/marketplace/source-satin-for-uniforms/,,,yes,no,/marketplace/source-satin-for-uniforms/,yes,Source Satin for Uniforms Fabric Notes Use Notes,"Search the FabStitch marketplace for satin uniforms. Read construction before GSM, then inquire on one fabric URL. See how Source Satin for Uniforms.",How to source satin for uniforms,,203,163,source satin for uniforms,commercial_investigation,,,,6,,,supporting,C,
/marketplace/source-satin-for-activewear/,,,yes,no,/marketplace/source-satin-for-activewear/,yes,Source Satin for Activewear Fabric Notes,"Search the FabStitch marketplace for satin activewear. Read construction before GSM, then inquire on one fabric URL. See how Source Satin for.",How to source satin for activewear,,213,173,source satin for activewear,commercial_investigation,,,,7,,,supporting,C,
/marketplace/source-satin-for-workwear/,,,yes,no,/marketplace/source-satin-for-workwear/,yes,Source Satin for Workwear Fabric Notes Use Notes,"Search the FabStitch marketplace for satin workwear. Read construction before GSM, then inquire on one fabric URL. See how Source Satin for Workwear.",How to source satin for workwear,,204,164,source satin for workwear,commercial_investigation,,,,6,,,supporting,C,
/marketplace/source-satin-for-blouses/,,,yes,no,/marketplace/source-satin-for-blouses/,yes,Source Satin for Blouses Fabric Notes for Apparel,"Search the FabStitch marketplace for satin blouses. Read construction before GSM, then inquire on one fabric URL. See how Source Satin for Blouses.",How to source satin for blouses,,213,173,source satin for blouses,commercial_investigation,,,,6,,,supporting,C,
/marketplace/source-satin-for-skirts/,,,yes,no,/marketplace/source-satin-for-skirts/,yes,Source Satin for Skirts Fabric Notes for Apparel,"Search the FabStitch marketplace for satin skirts. Read construction before GSM, then inquire on one fabric URL. See how Source Satin for Skirts.",How to source satin for skirts,,211,171,source satin for skirts,commercial_investigation,,,,6,,,supporting,C,
/marketplace/source-satin-for-outerwear/,,,yes,no,/marketplace/source-satin-for-outerwear/,yes,Source Satin for Outerwear Fabric Notes Use Notes,"Search the FabStitch marketplace for satin outerwear. Read construction before GSM, then inquire on one fabric URL. See how Source Satin for Outerwear.",How to source satin for outerwear,,200,160,source satin for outerwear,commercial_investigation,,,,7,,,supporting,C,
/marketplace/source-satin-for-loungewear/,,,yes,no,/marketplace/source-satin-for-loungewear/,yes,Source Satin for Loungewear Fabric Notes,"Search the FabStitch marketplace for satin loungewear. Read construction before GSM, then inquire on one fabric URL. See how Source Satin for.",How to source satin for loungewear,,201,161,source satin for loungewear,commercial_investigation,,,,6,,,supporting,C,
/marketplace/source-satin-for-knitwear/,,,yes,no,/marketplace/source-satin-for-knitwear/,yes,Source Satin for Knitwear Fabric Notes Use Notes,"Search the FabStitch marketplace for satin knitwear. Read construction before GSM, then inquire on one fabric URL. See how Source Satin for Knitwear.",How to source satin for knitwear,,202,162,source satin for knitwear,commercial_investigation,,,,7,,,supporting,C,
/marketplace/source-crepe-for-shirts/,,,yes,no,/marketplace/source-crepe-for-shirts/,yes,Source Crepe for Shirts Fabric Notes for Apparel,"Search the FabStitch marketplace for crepe shirts. Read construction before GSM, then inquire on one fabric URL. See how Source Crepe for Shirts.",How to source crepe for shirts,,226,186,source crepe for shirts,commercial_investigation,,,,7,,,supporting,C,
/marketplace/source-crepe-for-dresses/,,,yes,no,/marketplace/source-crepe-for-dresses/,yes,Source Crepe for Dresses Fabric Notes for Apparel,"Search the FabStitch marketplace for crepe dresses. Read construction before GSM, then inquire on one fabric URL. See how Source Crepe for Dresses.",How to source crepe for dresses,,223,183,source crepe for dresses,commercial_investigation,,,,7,,,supporting,C,
/marketplace/source-crepe-for-trousers/,,,yes,no,/marketplace/source-crepe-for-trousers/,yes,Source Crepe for Trousers Fabric Notes Use Notes,"Search the FabStitch marketplace for crepe trousers. Read construction before GSM, then inquire on one fabric URL. See how Source Crepe for Trousers.",How to source crepe for trousers,,235,195,source crepe for trousers,commercial_investigation,,,,7,,,supporting,C,
/marketplace/source-crepe-for-jackets/,,,yes,no,/marketplace/source-crepe-for-jackets/,yes,Source Crepe for Jackets Fabric Notes for Apparel,"Search the FabStitch marketplace for crepe jackets. Read construction before GSM, then inquire on one fabric URL. See how Source Crepe for Jackets.",How to source crepe for jackets,,221,181,source crepe for jackets,commercial_investigation,,,,6,,,supporting,C,
/marketplace/source-crepe-for-coats/,,,yes,no,/marketplace/source-crepe-for-coats/,yes,Source Crepe for Coats Fabric Notes Fabric Notes,"Search the FabStitch marketplace for crepe coats. Read construction before GSM, then inquire on one fabric URL. See how Source Crepe for Coats relates.",How to source crepe for coats,,213,173,source crepe for coats,commercial_investigation,,,,6,,,supporting,C,
/marketplace/source-crepe-for-suits/,,,yes,no,/marketplace/source-crepe-for-suits/,yes,Source Crepe for Suits Fabric Notes Fabric Notes,"Search the FabStitch marketplace for crepe suits. Read construction before GSM, then inquire on one fabric URL. See how Source Crepe for Suits relates.",How to source crepe for suits,,211,171,source crepe for suits,commercial_investigation,,,,6,,,supporting,C,
/marketplace/source-crepe-for-blazers/,,,yes,no,/marketplace/source-crepe-for-blazers/,yes,Source Crepe for Blazers Fabric Notes for Apparel,"Search the FabStitch marketplace for crepe blazers. Read construction before GSM, then inquire on one fabric URL. See how Source Crepe for Blazers.",How to source crepe for blazers,,217,177,source crepe for blazers,commercial_investigation,,,,6,,,supporting,C,
/marketplace/source-crepe-for-uniforms/,,,yes,no,/marketplace/source-crepe-for-uniforms/,yes,Source Crepe for Uniforms Fabric Notes Use Notes,"Search the FabStitch marketplace for crepe uniforms. Read construction before GSM, then inquire on one fabric URL. See how Source Crepe for Uniforms.",How to source crepe for uniforms,,202,162,source crepe for uniforms,commercial_investigation,,,,6,,,supporting,C,
/marketplace/source-crepe-for-activewear/,,,yes,no,/marketplace/source-crepe-for-activewear/,yes,Source Crepe for Activewear Fabric Notes,"Search the FabStitch marketplace for crepe activewear. Read construction before GSM, then inquire on one fabric URL. See how Source Crepe for.",How to source crepe for activewear,,228,188,source crepe for activewear,commercial_investigation,,,,7,,,supporting,C,
/marketplace/source-crepe-for-workwear/,,,yes,no,/marketplace/source-crepe-for-workwear/,yes,Source Crepe for Workwear Fabric Notes Use Notes,"Search the FabStitch marketplace for crepe workwear. Read construction before GSM, then inquire on one fabric URL. See how Source Crepe for Workwear.",How to source crepe for workwear,,209,169,source crepe for workwear,commercial_investigation,,,,6,,,supporting,C,
/marketplace/source-crepe-for-blouses/,,,yes,no,/marketplace/source-crepe-for-blouses/,yes,Source Crepe for Blouses Fabric Notes for Apparel,"Search the FabStitch marketplace for crepe blouses. Read construction before GSM, then inquire on one fabric URL. See how Source Crepe for Blouses.",How to source crepe for blouses,,212,172,source crepe for blouses,commercial_investigation,,,,6,,,supporting,C,
/marketplace/source-crepe-for-skirts/,,,yes,no,/marketplace/source-crepe-for-skirts/,yes,Source Crepe for Skirts Fabric Notes for Apparel,"Search the FabStitch marketplace for crepe skirts. Read construction before GSM, then inquire on one fabric URL. See how Source Crepe for Skirts.",How to source crepe for skirts,,217,177,source crepe for skirts,commercial_investigation,,,,6,,,supporting,C,
/marketplace/source-crepe-for-outerwear/,,,yes,no,/marketplace/source-crepe-for-outerwear/,yes,Source Crepe for Outerwear Fabric Notes Use Notes,"Search the FabStitch marketplace for crepe outerwear. Read construction before GSM, then inquire on one fabric URL. See how Source Crepe for Outerwear.",How to source crepe for outerwear,,209,169,source crepe for outerwear,commercial_investigation,,,,7,,,supporting,C,
/marketplace/source-crepe-for-loungewear/,,,yes,no,/marketplace/source-crepe-for-loungewear/,yes,Source Crepe for Loungewear Fabric Notes,"Search the FabStitch marketplace for crepe loungewear. Read construction before GSM, then inquire on one fabric URL. See how Source Crepe for.",How to source crepe for loungewear,,207,167,source crepe for loungewear,commercial_investigation,,,,6,,,supporting,C,
/marketplace/source-crepe-for-knitwear/,,,yes,no,/marketplace/source-crepe-for-knitwear/,yes,Source Crepe for Knitwear Fabric Notes Use Notes,"Search the FabStitch marketplace for crepe knitwear. Read construction before GSM, then inquire on one fabric URL. See how Source Crepe for Knitwear.",How to source crepe for knitwear,,203,163,source crepe for knitwear,commercial_investigation,,,,7,,,supporting,C,
/marketplace/source-canvas-for-shirts/,,,yes,no,/marketplace/source-canvas-for-shirts/,yes,Source Canvas for Shirts Fabric Notes for Apparel,"Search the FabStitch marketplace for canvas shirts. Read construction before GSM, then inquire on one fabric URL. See how Source Canvas for Shirts.",How to source canvas for shirts,,221,181,source canvas for shirts,commercial_investigation,,,,7,,,supporting,C,
/marketplace/source-canvas-for-dresses/,,,yes,no,/marketplace/source-canvas-for-dresses/,yes,Source Canvas for Dresses Fabric Notes Use Notes,"Search the FabStitch marketplace for canvas dresses. Read construction before GSM, then inquire on one fabric URL. See how Source Canvas for Dresses.",How to source canvas for dresses,,221,181,source canvas for dresses,commercial_investigation,,,,7,,,supporting,C,
/marketplace/source-canvas-for-trousers/,,,yes,no,/marketplace/source-canvas-for-trousers/,yes,Source Canvas for Trousers Fabric Notes Use Notes,"Search the FabStitch marketplace for canvas trousers. Read construction before GSM, then inquire on one fabric URL. See how Source Canvas for Trousers.",How to source canvas for trousers,,202,162,source canvas for trousers,commercial_investigation,,,,7,,,supporting,C,
/marketplace/source-canvas-for-jackets/,,,yes,no,/marketplace/source-canvas-for-jackets/,yes,Source Canvas for Jackets Fabric Notes Use Notes,"Search the FabStitch marketplace for canvas jackets. Read construction before GSM, then inquire on one fabric URL. See how Source Canvas for Jackets.",How to source canvas for jackets,,223,183,source canvas for jackets,commercial_investigation,,,,6,,,supporting,C,
/marketplace/source-canvas-for-coats/,,,yes,no,/marketplace/source-canvas-for-coats/,yes,Source Canvas for Coats Fabric Notes for Apparel,"Search the FabStitch marketplace for canvas coats. Read construction before GSM, then inquire on one fabric URL. See how Source Canvas for Coats.",How to source canvas for coats,,208,168,source canvas for coats,commercial_investigation,,,,6,,,supporting,C,
/marketplace/source-canvas-for-suits/,,,yes,no,/marketplace/source-canvas-for-suits/,yes,Source Canvas for Suits Fabric Notes for Apparel,"Search the FabStitch marketplace for canvas suits. Read construction before GSM, then inquire on one fabric URL. See how Source Canvas for Suits.",How to source canvas for suits,,220,180,source canvas for suits,commercial_investigation,,,,6,,,supporting,C,
/marketplace/source-canvas-for-blazers/,,,yes,no,/marketplace/source-canvas-for-blazers/,yes,Source Canvas for Blazers Fabric Notes Use Notes,"Search the FabStitch marketplace for canvas blazers. Read construction before GSM, then inquire on one fabric URL. See how Source Canvas for Blazers.",How to source canvas for blazers,,219,179,source canvas for blazers,commercial_investigation,,,,6,,,supporting,C,
/marketplace/source-canvas-for-uniforms/,,,yes,no,/marketplace/source-canvas-for-uniforms/,yes,Source Canvas for Uniforms Fabric Notes Use Notes,"Search the FabStitch marketplace for canvas uniforms. Read construction before GSM, then inquire on one fabric URL. See how Source Canvas for Uniforms.",How to source canvas for uniforms,,209,169,source canvas for uniforms,commercial_investigation,,,,6,,,supporting,C,
/marketplace/source-canvas-for-activewear/,,,yes,no,/marketplace/source-canvas-for-activewear/,yes,Source Canvas for Activewear Fabric Notes,"Search the FabStitch marketplace for canvas activewear. Read construction before GSM, then inquire on one fabric URL. See how Source Canvas for.",How to source canvas for activewear,,202,162,source canvas for activewear,commercial_investigation,,,,7,,,supporting,C,
/marketplace/source-canvas-for-workwear/,,,yes,no,/marketplace/source-canvas-for-workwear/,yes,Source Canvas for Workwear Fabric Notes Use Notes,"Search the FabStitch marketplace for canvas workwear. Read construction before GSM, then inquire on one fabric URL. See how Source Canvas for Workwear.",How to source canvas for workwear,,206,166,source canvas for workwear,commercial_investigation,,,,6,,,supporting,C,
/marketplace/source-canvas-for-blouses/,,,yes,no,/marketplace/source-canvas-for-blouses/,yes,Source Canvas for Blouses Fabric Notes Use Notes,"Search the FabStitch marketplace for canvas blouses. Read construction before GSM, then inquire on one fabric URL. See how Source Canvas for Blouses.",How to source canvas for blouses,,211,171,source canvas for blouses,commercial_investigation,,,,6,,,supporting,C,
/marketplace/source-canvas-for-skirts/,,,yes,no,/marketplace/source-canvas-for-skirts/,yes,Source Canvas for Skirts Fabric Notes for Apparel,"Search the FabStitch marketplace for canvas skirts. Read construction before GSM, then inquire on one fabric URL. See how Source Canvas for Skirts.",How to source canvas for skirts,,197,157,source canvas for skirts,commercial_investigation,,,,6,,,supporting,C,
/marketplace/source-canvas-for-outerwear/,,,yes,no,/marketplace/source-canvas-for-outerwear/,yes,Source Canvas for Outerwear Fabric Notes,"Search the FabStitch marketplace for canvas outerwear. Read construction before GSM, then inquire on one fabric URL. See how Source Canvas for.",How to source canvas for outerwear,,208,168,source canvas for outerwear,commercial_investigation,,,,7,,,supporting,C,
/marketplace/source-canvas-for-loungewear/,,,yes,no,/marketplace/source-canvas-for-loungewear/,yes,Source Canvas for Loungewear Fabric Notes,"Search the FabStitch marketplace for canvas loungewear. Read construction before GSM, then inquire on one fabric URL. See how Source Canvas for.",How to source canvas for loungewear,,201,161,source canvas for loungewear,commercial_investigation,,,,6,,,supporting,C,
/marketplace/source-canvas-for-knitwear/,,,yes,no,/marketplace/source-canvas-for-knitwear/,yes,Source Canvas for Knitwear Fabric Notes Use Notes,"Search the FabStitch marketplace for canvas knitwear. Read construction before GSM, then inquire on one fabric URL. See how Source Canvas for Knitwear.",How to source canvas for knitwear,,208,168,source canvas for knitwear,commercial_investigation,,,,7,,,supporting,C,
/marketplace/source-oxford-for-shirts/,,,yes,no,/marketplace/source-oxford-for-shirts/,yes,Source Oxford for Shirts Fabric Notes for Apparel,"Search the FabStitch marketplace for oxford shirts. Read construction before GSM, then inquire on one fabric URL. See how Source Oxford for Shirts.",How to source oxford for shirts,,213,173,source oxford for shirts,commercial_investigation,,,,8,,,supporting,C,
/marketplace/source-oxford-for-dresses/,,,yes,no,/marketplace/source-oxford-for-dresses/,yes,Source Oxford for Dresses Fabric Notes Use Notes,"Search the FabStitch marketplace for oxford dresses. Read construction before GSM, then inquire on one fabric URL. See how Source Oxford for Dresses.",How to source oxford for dresses,,200,160,source oxford for dresses,commercial_investigation,,,,8,,,supporting,C,
/marketplace/source-oxford-for-trousers/,,,yes,no,/marketplace/source-oxford-for-trousers/,yes,Source Oxford for Trousers Fabric Notes Use Notes,"Search the FabStitch marketplace for oxford trousers. Read construction before GSM, then inquire on one fabric URL. See how Source Oxford for Trousers.",How to source oxford for trousers,,203,163,source oxford for trousers,commercial_investigation,,,,8,,,supporting,C,
/marketplace/source-oxford-for-jackets/,,,yes,no,/marketplace/source-oxford-for-jackets/,yes,Source Oxford for Jackets Fabric Notes Use Notes,"Search the FabStitch marketplace for oxford jackets. Read construction before GSM, then inquire on one fabric URL. See how Source Oxford for Jackets.",How to source oxford for jackets,,208,168,source oxford for jackets,commercial_investigation,,,,7,,,supporting,C,
/marketplace/source-oxford-for-coats/,,,yes,no,/marketplace/source-oxford-for-coats/,yes,Source Oxford for Coats Fabric Notes for Apparel,"Search the FabStitch marketplace for oxford coats. Read construction before GSM, then inquire on one fabric URL. See how Source Oxford for Coats.",How to source oxford for coats,,214,174,source oxford for coats,commercial_investigation,,,,7,,,supporting,C,
/marketplace/source-oxford-for-suits/,,,yes,no,/marketplace/source-oxford-for-suits/,yes,Source Oxford for Suits Fabric Notes for Apparel,"Search the FabStitch marketplace for oxford suits. Read construction before GSM, then inquire on one fabric URL. See how Source Oxford for Suits.",How to source oxford for suits,,208,168,source oxford for suits,commercial_investigation,,,,7,,,supporting,C,
/marketplace/source-oxford-for-blazers/,,,yes,no,/marketplace/source-oxford-for-blazers/,yes,Source Oxford for Blazers Fabric Notes Use Notes,"Search the FabStitch marketplace for oxford blazers. Read construction before GSM, then inquire on one fabric URL. See how Source Oxford for Blazers.",How to source oxford for blazers,,199,159,source oxford for blazers,commercial_investigation,,,,7,,,supporting,C,
/marketplace/source-oxford-for-uniforms/,,,yes,no,/marketplace/source-oxford-for-uniforms/,yes,Source Oxford for Uniforms Fabric Notes Use Notes,"Search the FabStitch marketplace for oxford uniforms. Read construction before GSM, then inquire on one fabric URL. See how Source Oxford for Uniforms.",How to source oxford for uniforms,,202,162,source oxford for uniforms,commercial_investigation,,,,7,,,supporting,C,
/marketplace/source-oxford-for-activewear/,,,yes,no,/marketplace/source-oxford-for-activewear/,yes,Source Oxford for Activewear Fabric Notes,"Search the FabStitch marketplace for oxford activewear. Read construction before GSM, then inquire on one fabric URL. See how Source Oxford for.",How to source oxford for activewear,,201,161,source oxford for activewear,commercial_investigation,,,,8,,,supporting,C,
/marketplace/source-oxford-for-workwear/,,,yes,no,/marketplace/source-oxford-for-workwear/,yes,Source Oxford for Workwear Fabric Notes Use Notes,"Search the FabStitch marketplace for oxford workwear. Read construction before GSM, then inquire on one fabric URL. See how Source Oxford for Workwear.",How to source oxford for workwear,,210,170,source oxford for workwear,commercial_investigation,,,,7,,,supporting,C,
/marketplace/source-oxford-for-blouses/,,,yes,no,/marketplace/source-oxford-for-blouses/,yes,Source Oxford for Blouses Fabric Notes Use Notes,"Search the FabStitch marketplace for oxford blouses. Read construction before GSM, then inquire on one fabric URL. See how Source Oxford for Blouses.",How to source oxford for blouses,,207,167,source oxford for blouses,commercial_investigation,,,,7,,,supporting,C,
/marketplace/source-oxford-for-skirts/,,,yes,no,/marketplace/source-oxford-for-skirts/,yes,Source Oxford for Skirts Fabric Notes for Apparel,"Search the FabStitch marketplace for oxford skirts. Read construction before GSM, then inquire on one fabric URL. See how Source Oxford for Skirts.",How to source oxford for skirts,,201,161,source oxford for skirts,commercial_investigation,,,,7,,,supporting,C,
/marketplace/source-oxford-for-outerwear/,,,yes,no,/marketplace/source-oxford-for-outerwear/,yes,Source Oxford for Outerwear Fabric Notes,"Search the FabStitch marketplace for oxford outerwear. Read construction before GSM, then inquire on one fabric URL. See how Source Oxford for.",How to source oxford for outerwear,,203,163,source oxford for outerwear,commercial_investigation,,,,8,,,supporting,C,
/marketplace/source-oxford-for-loungewear/,,,yes,no,/marketplace/source-oxford-for-loungewear/,yes,Source Oxford for Loungewear Fabric Notes,"Search the FabStitch marketplace for oxford loungewear. Read construction before GSM, then inquire on one fabric URL. See how Source Oxford for.",How to source oxford for loungewear,,202,162,source oxford for loungewear,commercial_investigation,,,,7,,,supporting,C,
/marketplace/lightweight-cotton-marketplace/,,,yes,no,/marketplace/lightweight-cotton-marketplace/,yes,Lightweight Cotton on the Marketplace for Apparel,Use the FabStitch marketplace to look for lightweight cotton. Treat the attribute as a constraint and confirm it on the fabric page.,Finding lightweight cotton,,226,186,lightweight cotton marketplace,commercial_investigation,,,,6,,,supporting,C,
/marketplace/heavyweight-cotton-marketplace/,,,yes,no,/marketplace/heavyweight-cotton-marketplace/,yes,Heavyweight Cotton on the Marketplace for Apparel,Use the FabStitch marketplace to look for heavyweight cotton. Treat the attribute as a constraint and confirm it on the fabric page.,Finding heavyweight cotton,,222,182,heavyweight cotton marketplace,commercial_investigation,,,,6,,,supporting,C,
/marketplace/breathable-cotton-marketplace/,,,yes,no,/marketplace/breathable-cotton-marketplace/,yes,Breathable Cotton on the Marketplace for Apparel,Use the FabStitch marketplace to look for breathable cotton. Treat the attribute as a constraint and confirm it on the fabric page.,Finding breathable cotton,,219,179,breathable cotton marketplace,commercial_investigation,,,,6,,,supporting,C,
/marketplace/stretch-cotton-marketplace/,,,yes,no,/marketplace/stretch-cotton-marketplace/,yes,Stretch Cotton on the Marketplace Fabric Notes,Use the FabStitch marketplace to look for stretch cotton. Treat the attribute as a constraint and confirm it on the fabric page.,Finding stretch cotton,,222,182,stretch cotton marketplace,commercial_investigation,,,,6,,,supporting,C,
/marketplace/soft-cotton-marketplace/,,,yes,no,/marketplace/soft-cotton-marketplace/,yes,Soft Cotton on the Marketplace Fabric Notes,Use the FabStitch marketplace to look for soft cotton. Treat the attribute as a constraint and confirm it on the fabric page.,Finding soft cotton,,220,180,soft cotton marketplace,commercial_investigation,,,,6,,,supporting,C,
/marketplace/durable-cotton-marketplace/,,,yes,no,/marketplace/durable-cotton-marketplace/,yes,Durable Cotton on the Marketplace Fabric Notes,Use the FabStitch marketplace to look for durable cotton. Treat the attribute as a constraint and confirm it on the fabric page.,Finding durable cotton,,217,177,durable cotton marketplace,commercial_investigation,,,,6,,,supporting,C,
/marketplace/premium-cotton-marketplace/,,,yes,no,/marketplace/premium-cotton-marketplace/,yes,Premium Cotton on the Marketplace Fabric Notes,Use the FabStitch marketplace to look for premium cotton. Treat the attribute as a constraint and confirm it on the fabric page.,Finding premium cotton,,215,175,premium cotton marketplace,commercial_investigation,,,,6,,,supporting,C,
/marketplace/structured-cotton-marketplace/,,,yes,no,/marketplace/structured-cotton-marketplace/,yes,Structured Cotton on the Marketplace for Apparel,Use the FabStitch marketplace to look for structured cotton. Treat the attribute as a constraint and confirm it on the fabric page.,Finding structured cotton,,212,172,structured cotton marketplace,commercial_investigation,,,,6,,,supporting,C,
/marketplace/flowy-cotton-marketplace/,,,yes,no,/marketplace/flowy-cotton-marketplace/,yes,Flowy Cotton on the Marketplace Fabric Notes,Use the FabStitch marketplace to look for flowy cotton. Treat the attribute as a constraint and confirm it on the fabric page.,Finding flowy cotton,,221,181,flowy cotton marketplace,commercial_investigation,,,,6,,,supporting,C,
/marketplace/sheer-cotton-marketplace/,,,yes,no,/marketplace/sheer-cotton-marketplace/,yes,Sheer Cotton on the Marketplace Fabric Notes,Use the FabStitch marketplace to look for sheer cotton. Treat the attribute as a constraint and confirm it on the fabric page.,Finding sheer cotton,,232,192,sheer cotton marketplace,commercial_investigation,,,,6,,,supporting,C,
/marketplace/opaque-cotton-marketplace/,,,yes,no,/marketplace/opaque-cotton-marketplace/,yes,Opaque Cotton on the Marketplace Fabric Notes,Use the FabStitch marketplace to look for opaque cotton. Treat the attribute as a constraint and confirm it on the fabric page.,Finding opaque cotton,,233,193,opaque cotton marketplace,commercial_investigation,,,,6,,,supporting,C,
/marketplace/performance-cotton-marketplace/,,,yes,no,/marketplace/performance-cotton-marketplace/,yes,Performance Cotton on the Marketplace for Apparel,Use the FabStitch marketplace to look for performance cotton. Treat the attribute as a constraint and confirm it on the fabric page.,Finding performance cotton,,211,171,performance cotton marketplace,commercial_investigation,,,,6,,,supporting,C,
/marketplace/lightweight-linen-marketplace/,,,yes,no,/marketplace/lightweight-linen-marketplace/,yes,Lightweight Linen on the Marketplace for Apparel,Use the FabStitch marketplace to look for lightweight linen. Treat the attribute as a constraint and confirm it on the fabric page.,Finding lightweight linen,,218,178,lightweight linen marketplace,commercial_investigation,,,,6,,,supporting,C,
/marketplace/heavyweight-linen-marketplace/,,,yes,no,/marketplace/heavyweight-linen-marketplace/,yes,Heavyweight Linen on the Marketplace for Apparel,Use the FabStitch marketplace to look for heavyweight linen. Treat the attribute as a constraint and confirm it on the fabric page.,Finding heavyweight linen,,214,174,heavyweight linen marketplace,commercial_investigation,,,,6,,,supporting,C,
/marketplace/breathable-linen-marketplace/,,,yes,no,/marketplace/breathable-linen-marketplace/,yes,Breathable Linen on the Marketplace Fabric Notes,Use the FabStitch marketplace to look for breathable linen. Treat the attribute as a constraint and confirm it on the fabric page.,Finding breathable linen,,211,171,breathable linen marketplace,commercial_investigation,,,,6,,,supporting,C,
/marketplace/stretch-linen-marketplace/,,,yes,no,/marketplace/stretch-linen-marketplace/,yes,Stretch Linen on the Marketplace Fabric Notes,Use the FabStitch marketplace to look for stretch linen. Treat the attribute as a constraint and confirm it on the fabric page.,Finding stretch linen,,214,174,stretch linen marketplace,commercial_investigation,,,,6,,,supporting,C,
/marketplace/soft-linen-marketplace/,,,yes,no,/marketplace/soft-linen-marketplace/,yes,Soft Linen on the Marketplace Fabric Notes,Use the FabStitch marketplace to look for soft linen. Treat the attribute as a constraint and confirm it on the fabric page.,Finding soft linen,,212,172,soft linen marketplace,commercial_investigation,,,,6,,,supporting,C,
/marketplace/durable-linen-marketplace/,,,yes,no,/marketplace/durable-linen-marketplace/,yes,Durable Linen on the Marketplace Fabric Notes,Use the FabStitch marketplace to look for durable linen. Treat the attribute as a constraint and confirm it on the fabric page.,Finding durable linen,,209,169,durable linen marketplace,commercial_investigation,,,,6,,,supporting,C,
/marketplace/premium-linen-marketplace/,,,yes,no,/marketplace/premium-linen-marketplace/,yes,Premium Linen on the Marketplace Fabric Notes,Use the FabStitch marketplace to look for premium linen. Treat the attribute as a constraint and confirm it on the fabric page.,Finding premium linen,,207,167,premium linen marketplace,commercial_investigation,,,,6,,,supporting,C,
/marketplace/structured-linen-marketplace/,,,yes,no,/marketplace/structured-linen-marketplace/,yes,Structured Linen on the Marketplace Fabric Notes,Use the FabStitch marketplace to look for structured linen. Treat the attribute as a constraint and confirm it on the fabric page.,Finding structured linen,,204,164,structured linen marketplace,commercial_investigation,,,,6,,,supporting,C,
/marketplace/flowy-linen-marketplace/,,,yes,no,/marketplace/flowy-linen-marketplace/,yes,Flowy Linen on the Marketplace Fabric Notes,Use the FabStitch marketplace to look for flowy linen. Treat the attribute as a constraint and confirm it on the fabric page.,Finding flowy linen,,213,173,flowy linen marketplace,commercial_investigation,,,,6,,,supporting,C,
/marketplace/sheer-linen-marketplace/,,,yes,no,/marketplace/sheer-linen-marketplace/,yes,Sheer Linen on the Marketplace Fabric Notes,Use the FabStitch marketplace to look for sheer linen. Treat the attribute as a constraint and confirm it on the fabric page.,Finding sheer linen,,224,184,sheer linen marketplace,commercial_investigation,,,,6,,,supporting,C,
/marketplace/opaque-linen-marketplace/,,,yes,no,/marketplace/opaque-linen-marketplace/,yes,Opaque Linen on the Marketplace Fabric Notes,Use the FabStitch marketplace to look for opaque linen. Treat the attribute as a constraint and confirm it on the fabric page.,Finding opaque linen,,225,185,opaque linen marketplace,commercial_investigation,,,,6,,,supporting,C,
/marketplace/performance-linen-marketplace/,,,yes,no,/marketplace/performance-linen-marketplace/,yes,Performance Linen on the Marketplace for Apparel,Use the FabStitch marketplace to look for performance linen. Treat the attribute as a constraint and confirm it on the fabric page.,Finding performance linen,,203,163,performance linen marketplace,commercial_investigation,,,,6,,,supporting,C,
/marketplace/lightweight-silk-marketplace/,,,yes,no,/marketplace/lightweight-silk-marketplace/,yes,Lightweight Silk on the Marketplace Fabric Notes,Use the FabStitch marketplace to look for lightweight silk. Treat the attribute as a constraint and confirm it on the fabric page.,Finding lightweight silk,,218,178,lightweight silk marketplace,commercial_investigation,,,,6,,,supporting,C,
/marketplace/heavyweight-silk-marketplace/,,,yes,no,/marketplace/heavyweight-silk-marketplace/,yes,Heavyweight Silk on the Marketplace Fabric Notes,Use the FabStitch marketplace to look for heavyweight silk. Treat the attribute as a constraint and confirm it on the fabric page.,Finding heavyweight silk,,214,174,heavyweight silk marketplace,commercial_investigation,,,,6,,,supporting,C,
/marketplace/breathable-silk-marketplace/,,,yes,no,/marketplace/breathable-silk-marketplace/,yes,Breathable Silk on the Marketplace Fabric Notes,Use the FabStitch marketplace to look for breathable silk. Treat the attribute as a constraint and confirm it on the fabric page.,Finding breathable silk,,211,171,breathable silk marketplace,commercial_investigation,,,,6,,,supporting,C,
/marketplace/stretch-silk-marketplace/,,,yes,no,/marketplace/stretch-silk-marketplace/,yes,Stretch Silk on the Marketplace Fabric Notes,Use the FabStitch marketplace to look for stretch silk. Treat the attribute as a constraint and confirm it on the fabric page.,Finding stretch silk,,214,174,stretch silk marketplace,commercial_investigation,,,,6,,,supporting,C,
/marketplace/soft-silk-marketplace/,,,yes,no,/marketplace/soft-silk-marketplace/,yes,Soft Silk on the Marketplace Fabric Notes,Use the FabStitch marketplace to look for soft silk. Treat the attribute as a constraint and confirm it on the fabric page.,Finding soft silk,,212,172,soft silk marketplace,commercial_investigation,,,,6,,,supporting,C,
/marketplace/durable-silk-marketplace/,,,yes,no,/marketplace/durable-silk-marketplace/,yes,Durable Silk on the Marketplace Fabric Notes,Use the FabStitch marketplace to look for durable silk. Treat the attribute as a constraint and confirm it on the fabric page.,Finding durable silk,,209,169,durable silk marketplace,commercial_investigation,,,,6,,,supporting,C,
/marketplace/premium-silk-marketplace/,,,yes,no,/marketplace/premium-silk-marketplace/,yes,Premium Silk on the Marketplace Fabric Notes,Use the FabStitch marketplace to look for premium silk. Treat the attribute as a constraint and confirm it on the fabric page.,Finding premium silk,,207,167,premium silk marketplace,commercial_investigation,,,,6,,,supporting,C,
/marketplace/structured-silk-marketplace/,,,yes,no,/marketplace/structured-silk-marketplace/,yes,Structured Silk on the Marketplace Fabric Notes,Use the FabStitch marketplace to look for structured silk. Treat the attribute as a constraint and confirm it on the fabric page.,Finding structured silk,,204,164,structured silk marketplace,commercial_investigation,,,,6,,,supporting,C,
/marketplace/flowy-silk-marketplace/,,,yes,no,/marketplace/flowy-silk-marketplace/,yes,Flowy Silk on the Marketplace Fabric Notes,Use the FabStitch marketplace to look for flowy silk. Treat the attribute as a constraint and confirm it on the fabric page.,Finding flowy silk,,213,173,flowy silk marketplace,commercial_investigation,,,,6,,,supporting,C,
/marketplace/sheer-silk-marketplace/,,,yes,no,/marketplace/sheer-silk-marketplace/,yes,Sheer Silk on the Marketplace Fabric Notes,Use the FabStitch marketplace to look for sheer silk. Treat the attribute as a constraint and confirm it on the fabric page.,Finding sheer silk,,224,184,sheer silk marketplace,commercial_investigation,,,,6,,,supporting,C,
/marketplace/opaque-silk-marketplace/,,,yes,no,/marketplace/opaque-silk-marketplace/,yes,Opaque Silk on the Marketplace Fabric Notes,Use the FabStitch marketplace to look for opaque silk. Treat the attribute as a constraint and confirm it on the fabric page.,Finding opaque silk,,225,185,opaque silk marketplace,commercial_investigation,,,,6,,,supporting,C,
/marketplace/performance-silk-marketplace/,,,yes,no,/marketplace/performance-silk-marketplace/,yes,Performance Silk on the Marketplace Fabric Notes,Use the FabStitch marketplace to look for performance silk. Treat the attribute as a constraint and confirm it on the fabric page.,Finding performance silk,,203,163,performance silk marketplace,commercial_investigation,,,,6,,,supporting,C,
/marketplace/lightweight-wool-marketplace/,,,yes,no,/marketplace/lightweight-wool-marketplace/,yes,Lightweight Wool on the Marketplace Fabric Notes,Use the FabStitch marketplace to look for lightweight wool. Treat the attribute as a constraint and confirm it on the fabric page.,Finding lightweight wool,,207,167,lightweight wool marketplace,commercial_investigation,,,,6,,,supporting,C,
/marketplace/heavyweight-wool-marketplace/,,,yes,no,/marketplace/heavyweight-wool-marketplace/,yes,Heavyweight Wool on the Marketplace Fabric Notes,Use the FabStitch marketplace to look for heavyweight wool. Treat the attribute as a constraint and confirm it on the fabric page.,Finding heavyweight wool,,203,163,heavyweight wool marketplace,commercial_investigation,,,,6,,,supporting,C,
/marketplace/breathable-wool-marketplace/,,,yes,no,/marketplace/breathable-wool-marketplace/,yes,Breathable Wool on the Marketplace Fabric Notes,Use the FabStitch marketplace to look for breathable wool. Treat the attribute as a constraint and confirm it on the fabric page.,Finding breathable wool,,200,160,breathable wool marketplace,commercial_investigation,,,,6,,,supporting,C,
/marketplace/stretch-wool-marketplace/,,,yes,no,/marketplace/stretch-wool-marketplace/,yes,Stretch Wool on the Marketplace Fabric Notes,Use the FabStitch marketplace to look for stretch wool. Treat the attribute as a constraint and confirm it on the fabric page.,Finding stretch wool,,203,163,stretch wool marketplace,commercial_investigation,,,,6,,,supporting,C,
/marketplace/soft-wool-marketplace/,,,yes,no,/marketplace/soft-wool-marketplace/,yes,Soft Wool on the Marketplace Fabric Notes,Use the FabStitch marketplace to look for soft wool. Treat the attribute as a constraint and confirm it on the fabric page.,Finding soft wool,,201,161,soft wool marketplace,commercial_investigation,,,,6,,,supporting,C,
/marketplace/durable-wool-marketplace/,,,yes,no,/marketplace/durable-wool-marketplace/,yes,Durable Wool on the Marketplace Fabric Notes,Use the FabStitch marketplace to look for durable wool. Treat the attribute as a constraint and confirm it on the fabric page.,Finding durable wool,,198,158,durable wool marketplace,commercial_investigation,,,,6,,,supporting,C,
/marketplace/premium-wool-marketplace/,,,yes,no,/marketplace/premium-wool-marketplace/,yes,Premium Wool on the Marketplace Fabric Notes,Use the FabStitch marketplace to look for premium wool. Treat the attribute as a constraint and confirm it on the fabric page.,Finding premium wool,,196,156,premium wool marketplace,commercial_investigation,,,,6,,,supporting,C,
/marketplace/structured-wool-marketplace/,,,yes,no,/marketplace/structured-wool-marketplace/,yes,Structured Wool on the Marketplace Fabric Notes,Use the FabStitch marketplace to look for structured wool. Treat the attribute as a constraint and confirm it on the fabric page.,Finding structured wool,,193,153,structured wool marketplace,commercial_investigation,,,,6,,,supporting,C,
/marketplace/flowy-wool-marketplace/,,,yes,no,/marketplace/flowy-wool-marketplace/,yes,Flowy Wool on the Marketplace Fabric Notes,Use the FabStitch marketplace to look for flowy wool. Treat the attribute as a constraint and confirm it on the fabric page.,Finding flowy wool,,202,162,flowy wool marketplace,commercial_investigation,,,,6,,,supporting,C,
/marketplace/sheer-wool-marketplace/,,,yes,no,/marketplace/sheer-wool-marketplace/,yes,Sheer Wool on the Marketplace Fabric Notes,Use the FabStitch marketplace to look for sheer wool. Treat the attribute as a constraint and confirm it on the fabric page.,Finding sheer wool,,213,173,sheer wool marketplace,commercial_investigation,,,,6,,,supporting,C,
/marketplace/opaque-wool-marketplace/,,,yes,no,/marketplace/opaque-wool-marketplace/,yes,Opaque Wool on the Marketplace Fabric Notes,Use the FabStitch marketplace to look for opaque wool. Treat the attribute as a constraint and confirm it on the fabric page.,Finding opaque wool,,214,174,opaque wool marketplace,commercial_investigation,,,,6,,,supporting,C,
/marketplace/performance-wool-marketplace/,,,yes,no,/marketplace/performance-wool-marketplace/,yes,Performance Wool on the Marketplace Fabric Notes,Use the FabStitch marketplace to look for performance wool. Treat the attribute as a constraint and confirm it on the fabric page.,Finding performance wool,,192,152,performance wool marketplace,commercial_investigation,,,,6,,,supporting,C,
/marketplace/lightweight-denim-marketplace/,,,yes,no,/marketplace/lightweight-denim-marketplace/,yes,Lightweight Denim on the Marketplace for Apparel,Use the FabStitch marketplace to look for lightweight denim. Treat the attribute as a constraint and confirm it on the fabric page.,Finding lightweight denim,,210,170,lightweight denim marketplace,commercial_investigation,,,,6,,,supporting,C,
/marketplace/heavyweight-denim-marketplace/,,,yes,no,/marketplace/heavyweight-denim-marketplace/,yes,Heavyweight Denim on the Marketplace for Apparel,Use the FabStitch marketplace to look for heavyweight denim. Treat the attribute as a constraint and confirm it on the fabric page.,Finding heavyweight denim,,206,166,heavyweight denim marketplace,commercial_investigation,,,,6,,,supporting,C,
/marketplace/breathable-denim-marketplace/,,,yes,no,/marketplace/breathable-denim-marketplace/,yes,Breathable Denim on the Marketplace Fabric Notes,Use the FabStitch marketplace to look for breathable denim. Treat the attribute as a constraint and confirm it on the fabric page.,Finding breathable denim,,203,163,breathable denim marketplace,commercial_investigation,,,,6,,,supporting,C,
/marketplace/stretch-denim-marketplace/,,,yes,no,/marketplace/stretch-denim-marketplace/,yes,Stretch Denim on the Marketplace Fabric Notes,Use the FabStitch marketplace to look for stretch denim. Treat the attribute as a constraint and confirm it on the fabric page.,Finding stretch denim,,206,166,stretch denim marketplace,commercial_investigation,,,,6,,,supporting,C,
/marketplace/soft-denim-marketplace/,,,yes,no,/marketplace/soft-denim-marketplace/,yes,Soft Denim on the Marketplace Fabric Notes,Use the FabStitch marketplace to look for soft denim. Treat the attribute as a constraint and confirm it on the fabric page.,Finding soft denim,,204,164,soft denim marketplace,commercial_investigation,,,,6,,,supporting,C,
/marketplace/durable-denim-marketplace/,,,yes,no,/marketplace/durable-denim-marketplace/,yes,Durable Denim on the Marketplace Fabric Notes,Use the FabStitch marketplace to look for durable denim. Treat the attribute as a constraint and confirm it on the fabric page.,Finding durable denim,,201,161,durable denim marketplace,commercial_investigation,,,,6,,,supporting,C,
/marketplace/premium-denim-marketplace/,,,yes,no,/marketplace/premium-denim-marketplace/,yes,Premium Denim on the Marketplace Fabric Notes,Use the FabStitch marketplace to look for premium denim. Treat the attribute as a constraint and confirm it on the fabric page.,Finding premium denim,,199,159,premium denim marketplace,commercial_investigation,,,,6,,,supporting,C,
/marketplace/structured-denim-marketplace/,,,yes,no,/marketplace/structured-denim-marketplace/,yes,Structured Denim on the Marketplace Fabric Notes,Use the FabStitch marketplace to look for structured denim. Treat the attribute as a constraint and confirm it on the fabric page.,Finding structured denim,,196,156,structured denim marketplace,commercial_investigation,,,,6,,,supporting,C,
/marketplace/flowy-denim-marketplace/,,,yes,no,/marketplace/flowy-denim-marketplace/,yes,Flowy Denim on the Marketplace Fabric Notes,Use the FabStitch marketplace to look for flowy denim. Treat the attribute as a constraint and confirm it on the fabric page.,Finding flowy denim,,205,165,flowy denim marketplace,commercial_investigation,,,,6,,,supporting,C,
/marketplace/sheer-denim-marketplace/,,,yes,no,/marketplace/sheer-denim-marketplace/,yes,Sheer Denim on the Marketplace Fabric Notes,Use the FabStitch marketplace to look for sheer denim. Treat the attribute as a constraint and confirm it on the fabric page.,Finding sheer denim,,216,176,sheer denim marketplace,commercial_investigation,,,,6,,,supporting,C,
/marketplace/opaque-denim-marketplace/,,,yes,no,/marketplace/opaque-denim-marketplace/,yes,Opaque Denim on the Marketplace Fabric Notes,Use the FabStitch marketplace to look for opaque denim. Treat the attribute as a constraint and confirm it on the fabric page.,Finding opaque denim,,217,177,opaque denim marketplace,commercial_investigation,,,,6,,,supporting,C,
/marketplace/performance-denim-marketplace/,,,yes,no,/marketplace/performance-denim-marketplace/,yes,Performance Denim on the Marketplace for Apparel,Use the FabStitch marketplace to look for performance denim. Treat the attribute as a constraint and confirm it on the fabric page.,Finding performance denim,,195,155,performance denim marketplace,commercial_investigation,,,,6,,,supporting,C,
/marketplace/lightweight-polyester-marketplace/,,,yes,no,/marketplace/lightweight-polyester-marketplace/,yes,Lightweight Polyester on the Marketplace,Use the FabStitch marketplace to look for lightweight polyester. Treat the attribute as a constraint and confirm it on the fabric page.,Finding lightweight polyester,,212,172,lightweight polyester marketplace,commercial_investigation,,,,6,,,supporting,C,
/marketplace/heavyweight-polyester-marketplace/,,,yes,no,/marketplace/heavyweight-polyester-marketplace/,yes,Heavyweight Polyester on the Marketplace,Use the FabStitch marketplace to look for heavyweight polyester. Treat the attribute as a constraint and confirm it on the fabric page.,Finding heavyweight polyester,,208,168,heavyweight polyester marketplace,commercial_investigation,,,,6,,,supporting,C,
/marketplace/breathable-polyester-marketplace/,,,yes,no,/marketplace/breathable-polyester-marketplace/,yes,Breathable Polyester on the Marketplace Use Notes,Use the FabStitch marketplace to look for breathable polyester. Treat the attribute as a constraint and confirm it on the fabric page.,Finding breathable polyester,,205,165,breathable polyester marketplace,commercial_investigation,,,,6,,,supporting,C,
/marketplace/stretch-polyester-marketplace/,,,yes,no,/marketplace/stretch-polyester-marketplace/,yes,Stretch Polyester on the Marketplace for Apparel,Use the FabStitch marketplace to look for stretch polyester. Treat the attribute as a constraint and confirm it on the fabric page.,Finding stretch polyester,,208,168,stretch polyester marketplace,commercial_investigation,,,,6,,,supporting,C,
/marketplace/soft-polyester-marketplace/,,,yes,no,/marketplace/soft-polyester-marketplace/,yes,Soft Polyester on the Marketplace Fabric Notes,Use the FabStitch marketplace to look for soft polyester. Treat the attribute as a constraint and confirm it on the fabric page.,Finding soft polyester,,206,166,soft polyester marketplace,commercial_investigation,,,,6,,,supporting,C,
/marketplace/durable-polyester-marketplace/,,,yes,no,/marketplace/durable-polyester-marketplace/,yes,Durable Polyester on the Marketplace for Apparel,Use the FabStitch marketplace to look for durable polyester. Treat the attribute as a constraint and confirm it on the fabric page.,Finding durable polyester,,203,163,durable polyester marketplace,commercial_investigation,,,,6,,,supporting,C,
/marketplace/premium-polyester-marketplace/,,,yes,no,/marketplace/premium-polyester-marketplace/,yes,Premium Polyester on the Marketplace for Apparel,Use the FabStitch marketplace to look for premium polyester. Treat the attribute as a constraint and confirm it on the fabric page.,Finding premium polyester,,201,161,premium polyester marketplace,commercial_investigation,,,,6,,,supporting,C,
/marketplace/structured-polyester-marketplace/,,,yes,no,/marketplace/structured-polyester-marketplace/,yes,Structured Polyester on the Marketplace Use Notes,Use the FabStitch marketplace to look for structured polyester. Treat the attribute as a constraint and confirm it on the fabric page.,Finding structured polyester,,198,158,structured polyester marketplace,commercial_investigation,,,,6,,,supporting,C,
/marketplace/flowy-polyester-marketplace/,,,yes,no,/marketplace/flowy-polyester-marketplace/,yes,Flowy Polyester on the Marketplace Fabric Notes,Use the FabStitch marketplace to look for flowy polyester. Treat the attribute as a constraint and confirm it on the fabric page.,Finding flowy polyester,,207,167,flowy polyester marketplace,commercial_investigation,,,,6,,,supporting,C,
/marketplace/sheer-polyester-marketplace/,,,yes,no,/marketplace/sheer-polyester-marketplace/,yes,Sheer Polyester on the Marketplace Fabric Notes,Use the FabStitch marketplace to look for sheer polyester. Treat the attribute as a constraint and confirm it on the fabric page.,Finding sheer polyester,,218,178,sheer polyester marketplace,commercial_investigation,,,,6,,,supporting,C,
/marketplace/opaque-polyester-marketplace/,,,yes,no,/marketplace/opaque-polyester-marketplace/,yes,Opaque Polyester on the Marketplace Fabric Notes,Use the FabStitch marketplace to look for opaque polyester. Treat the attribute as a constraint and confirm it on the fabric page.,Finding opaque polyester,,219,179,opaque polyester marketplace,commercial_investigation,,,,6,,,supporting,C,
/marketplace/performance-polyester-marketplace/,,,yes,no,/marketplace/performance-polyester-marketplace/,yes,Performance Polyester on the Marketplace,Use the FabStitch marketplace to look for performance polyester. Treat the attribute as a constraint and confirm it on the fabric page.,Finding performance polyester,,197,157,performance polyester marketplace,commercial_investigation,,,,6,,,supporting,C,
/marketplace/lightweight-viscose-marketplace/,,,yes,no,/marketplace/lightweight-viscose-marketplace/,yes,Lightweight Viscose on the Marketplace Use Notes,Use the FabStitch marketplace to look for lightweight viscose. Treat the attribute as a constraint and confirm it on the fabric page.,Finding lightweight viscose,,201,161,lightweight viscose marketplace,commercial_investigation,,,,6,,,supporting,C,
/marketplace/heavyweight-viscose-marketplace/,,,yes,no,/marketplace/heavyweight-viscose-marketplace/,yes,Heavyweight Viscose on the Marketplace Use Notes,Use the FabStitch marketplace to look for heavyweight viscose. Treat the attribute as a constraint and confirm it on the fabric page.,Finding heavyweight viscose,,197,157,heavyweight viscose marketplace,commercial_investigation,,,,6,,,supporting,C,
/marketplace/breathable-viscose-marketplace/,,,yes,no,/marketplace/breathable-viscose-marketplace/,yes,Breathable Viscose on the Marketplace for Apparel,Use the FabStitch marketplace to look for breathable viscose. Treat the attribute as a constraint and confirm it on the fabric page.,Finding breathable viscose,,194,154,breathable viscose marketplace,commercial_investigation,,,,6,,,supporting,C,
/marketplace/stretch-viscose-marketplace/,,,yes,no,/marketplace/stretch-viscose-marketplace/,yes,Stretch Viscose on the Marketplace Fabric Notes,Use the FabStitch marketplace to look for stretch viscose. Treat the attribute as a constraint and confirm it on the fabric page.,Finding stretch viscose,,197,157,stretch viscose marketplace,commercial_investigation,,,,6,,,supporting,C,
/marketplace/soft-viscose-marketplace/,,,yes,no,/marketplace/soft-viscose-marketplace/,yes,Soft Viscose on the Marketplace Fabric Notes,Use the FabStitch marketplace to look for soft viscose. Treat the attribute as a constraint and confirm it on the fabric page.,Finding soft viscose,,195,155,soft viscose marketplace,commercial_investigation,,,,6,,,supporting,C,
/marketplace/durable-viscose-marketplace/,,,yes,no,/marketplace/durable-viscose-marketplace/,yes,Durable Viscose on the Marketplace Fabric Notes,Use the FabStitch marketplace to look for durable viscose. Treat the attribute as a constraint and confirm it on the fabric page.,Finding durable viscose,,192,152,durable viscose marketplace,commercial_investigation,,,,6,,,supporting,C,
/marketplace/premium-viscose-marketplace/,,,yes,no,/marketplace/premium-viscose-marketplace/,yes,Premium Viscose on the Marketplace Fabric Notes,Use the FabStitch marketplace to look for premium viscose. Treat the attribute as a constraint and confirm it on the fabric page.,Finding premium viscose,,190,150,premium viscose marketplace,commercial_investigation,,,,6,,,supporting,C,
/marketplace/structured-viscose-marketplace/,,,yes,no,/marketplace/structured-viscose-marketplace/,yes,Structured Viscose on the Marketplace for Apparel,Use the FabStitch marketplace to look for structured viscose. Treat the attribute as a constraint and confirm it on the fabric page.,Finding structured viscose,,187,147,structured viscose marketplace,commercial_investigation,,,,6,,,thin,D,
/marketplace/flowy-viscose-marketplace/,,,yes,no,/marketplace/flowy-viscose-marketplace/,yes,Flowy Viscose on the Marketplace Fabric Notes,Use the FabStitch marketplace to look for flowy viscose. Treat the attribute as a constraint and confirm it on the fabric page.,Finding flowy viscose,,196,156,flowy viscose marketplace,commercial_investigation,,,,6,,,supporting,C,
/marketplace/sheer-viscose-marketplace/,,,yes,no,/marketplace/sheer-viscose-marketplace/,yes,Sheer Viscose on the Marketplace Fabric Notes,Use the FabStitch marketplace to look for sheer viscose. Treat the attribute as a constraint and confirm it on the fabric page.,Finding sheer viscose,,207,167,sheer viscose marketplace,commercial_investigation,,,,6,,,supporting,C,
/marketplace/opaque-viscose-marketplace/,,,yes,no,/marketplace/opaque-viscose-marketplace/,yes,Opaque Viscose on the Marketplace Fabric Notes,Use the FabStitch marketplace to look for opaque viscose. Treat the attribute as a constraint and confirm it on the fabric page.,Finding opaque viscose,,208,168,opaque viscose marketplace,commercial_investigation,,,,6,,,supporting,C,
/marketplace/performance-viscose-marketplace/,,,yes,no,/marketplace/performance-viscose-marketplace/,yes,Performance Viscose on the Marketplace Use Notes,Use the FabStitch marketplace to look for performance viscose. Treat the attribute as a constraint and confirm it on the fabric page.,Finding performance viscose,,186,146,performance viscose marketplace,commercial_investigation,,,,6,,,thin,D,
/marketplace/lightweight-rayon-marketplace/,,,yes,no,/marketplace/lightweight-rayon-marketplace/,yes,Lightweight Rayon on the Marketplace for Apparel,Use the FabStitch marketplace to look for lightweight rayon. Treat the attribute as a constraint and confirm it on the fabric page.,Finding lightweight rayon,,213,173,lightweight rayon marketplace,commercial_investigation,,,,6,,,supporting,C,
/marketplace/heavyweight-rayon-marketplace/,,,yes,no,/marketplace/heavyweight-rayon-marketplace/,yes,Heavyweight Rayon on the Marketplace for Apparel,Use the FabStitch marketplace to look for heavyweight rayon. Treat the attribute as a constraint and confirm it on the fabric page.,Finding heavyweight rayon,,209,169,heavyweight rayon marketplace,commercial_investigation,,,,6,,,supporting,C,
/marketplace/breathable-rayon-marketplace/,,,yes,no,/marketplace/breathable-rayon-marketplace/,yes,Breathable Rayon on the Marketplace Fabric Notes,Use the FabStitch marketplace to look for breathable rayon. Treat the attribute as a constraint and confirm it on the fabric page.,Finding breathable rayon,,206,166,breathable rayon marketplace,commercial_investigation,,,,6,,,supporting,C,
/marketplace/stretch-rayon-marketplace/,,,yes,no,/marketplace/stretch-rayon-marketplace/,yes,Stretch Rayon on the Marketplace Fabric Notes,Use the FabStitch marketplace to look for stretch rayon. Treat the attribute as a constraint and confirm it on the fabric page.,Finding stretch rayon,,209,169,stretch rayon marketplace,commercial_investigation,,,,6,,,supporting,C,
/marketplace/soft-rayon-marketplace/,,,yes,no,/marketplace/soft-rayon-marketplace/,yes,Soft Rayon on the Marketplace Fabric Notes,Use the FabStitch marketplace to look for soft rayon. Treat the attribute as a constraint and confirm it on the fabric page.,Finding soft rayon,,207,167,soft rayon marketplace,commercial_investigation,,,,6,,,supporting,C,
/marketplace/durable-rayon-marketplace/,,,yes,no,/marketplace/durable-rayon-marketplace/,yes,Durable Rayon on the Marketplace Fabric Notes,Use the FabStitch marketplace to look for durable rayon. Treat the attribute as a constraint and confirm it on the fabric page.,Finding durable rayon,,204,164,durable rayon marketplace,commercial_investigation,,,,6,,,supporting,C,
/marketplace/premium-rayon-marketplace/,,,yes,no,/marketplace/premium-rayon-marketplace/,yes,Premium Rayon on the Marketplace Fabric Notes,Use the FabStitch marketplace to look for premium rayon. Treat the attribute as a constraint and confirm it on the fabric page.,Finding premium rayon,,202,162,premium rayon marketplace,commercial_investigation,,,,6,,,supporting,C,
/marketplace/structured-rayon-marketplace/,,,yes,no,/marketplace/structured-rayon-marketplace/,yes,Structured Rayon on the Marketplace Fabric Notes,Use the FabStitch marketplace to look for structured rayon. Treat the attribute as a constraint and confirm it on the fabric page.,Finding structured rayon,,199,159,structured rayon marketplace,commercial_investigation,,,,6,,,supporting,C,
/marketplace/flowy-rayon-marketplace/,,,yes,no,/marketplace/flowy-rayon-marketplace/,yes,Flowy Rayon on the Marketplace Fabric Notes,Use the FabStitch marketplace to look for flowy rayon. Treat the attribute as a constraint and confirm it on the fabric page.,Finding flowy rayon,,208,168,flowy rayon marketplace,commercial_investigation,,,,6,,,supporting,C,
/marketplace/sheer-rayon-marketplace/,,,yes,no,/marketplace/sheer-rayon-marketplace/,yes,Sheer Rayon on the Marketplace Fabric Notes,Use the FabStitch marketplace to look for sheer rayon. Treat the attribute as a constraint and confirm it on the fabric page.,Finding sheer rayon,,219,179,sheer rayon marketplace,commercial_investigation,,,,6,,,supporting,C,
/marketplace/opaque-rayon-marketplace/,,,yes,no,/marketplace/opaque-rayon-marketplace/,yes,Opaque Rayon on the Marketplace Fabric Notes,Use the FabStitch marketplace to look for opaque rayon. Treat the attribute as a constraint and confirm it on the fabric page.,Finding opaque rayon,,220,180,opaque rayon marketplace,commercial_investigation,,,,6,,,supporting,C,
/marketplace/performance-rayon-marketplace/,,,yes,no,/marketplace/performance-rayon-marketplace/,yes,Performance Rayon on the Marketplace for Apparel,Use the FabStitch marketplace to look for performance rayon. Treat the attribute as a constraint and confirm it on the fabric page.,Finding performance rayon,,198,158,performance rayon marketplace,commercial_investigation,,,,6,,,supporting,C,
/marketplace/lightweight-jersey-marketplace/,,,yes,no,/marketplace/lightweight-jersey-marketplace/,yes,Lightweight Jersey on the Marketplace for Apparel,Use the FabStitch marketplace to look for lightweight jersey. Treat the attribute as a constraint and confirm it on the fabric page.,Finding lightweight jersey,,197,157,lightweight jersey marketplace,commercial_investigation,,,,7,,,supporting,C,
/marketplace/heavyweight-jersey-marketplace/,,,yes,no,/marketplace/heavyweight-jersey-marketplace/,yes,Heavyweight Jersey on the Marketplace for Apparel,Use the FabStitch marketplace to look for heavyweight jersey. Treat the attribute as a constraint and confirm it on the fabric page.,Finding heavyweight jersey,,193,153,heavyweight jersey marketplace,commercial_investigation,,,,7,,,supporting,C,
/marketplace/breathable-jersey-marketplace/,,,yes,no,/marketplace/breathable-jersey-marketplace/,yes,Breathable Jersey on the Marketplace for Apparel,Use the FabStitch marketplace to look for breathable jersey. Treat the attribute as a constraint and confirm it on the fabric page.,Finding breathable jersey,,190,150,breathable jersey marketplace,commercial_investigation,,,,7,,,supporting,C,
/marketplace/stretch-jersey-marketplace/,,,yes,no,/marketplace/stretch-jersey-marketplace/,yes,Stretch Jersey on the Marketplace Fabric Notes,Use the FabStitch marketplace to look for stretch jersey. Treat the attribute as a constraint and confirm it on the fabric page.,Finding stretch jersey,,193,153,stretch jersey marketplace,commercial_investigation,,,,7,,,supporting,C,
/marketplace/soft-jersey-marketplace/,,,yes,no,/marketplace/soft-jersey-marketplace/,yes,Soft Jersey on the Marketplace Fabric Notes,Use the FabStitch marketplace to look for soft jersey. Treat the attribute as a constraint and confirm it on the fabric page.,Finding soft jersey,,191,151,soft jersey marketplace,commercial_investigation,,,,7,,,supporting,C,
/marketplace/durable-jersey-marketplace/,,,yes,no,/marketplace/durable-jersey-marketplace/,yes,Durable Jersey on the Marketplace Fabric Notes,Use the FabStitch marketplace to look for durable jersey. Treat the attribute as a constraint and confirm it on the fabric page.,Finding durable jersey,,188,148,durable jersey marketplace,commercial_investigation,,,,7,,,thin,D,
/marketplace/premium-jersey-marketplace/,,,yes,no,/marketplace/premium-jersey-marketplace/,yes,Premium Jersey on the Marketplace Fabric Notes,Use the FabStitch marketplace to look for premium jersey. Treat the attribute as a constraint and confirm it on the fabric page.,Finding premium jersey,,186,146,premium jersey marketplace,commercial_investigation,,,,7,,,thin,D,
/marketplace/structured-jersey-marketplace/,,,yes,no,/marketplace/structured-jersey-marketplace/,yes,Structured Jersey on the Marketplace for Apparel,Use the FabStitch marketplace to look for structured jersey. Treat the attribute as a constraint and confirm it on the fabric page.,Finding structured jersey,,183,143,structured jersey marketplace,commercial_investigation,,,,7,,,thin,D,
/marketplace/flowy-jersey-marketplace/,,,yes,no,/marketplace/flowy-jersey-marketplace/,yes,Flowy Jersey on the Marketplace Fabric Notes,Use the FabStitch marketplace to look for flowy jersey. Treat the attribute as a constraint and confirm it on the fabric page.,Finding flowy jersey,,192,152,flowy jersey marketplace,commercial_investigation,,,,7,,,supporting,C,
/marketplace/sheer-jersey-marketplace/,,,yes,no,/marketplace/sheer-jersey-marketplace/,yes,Sheer Jersey on the Marketplace Fabric Notes,Use the FabStitch marketplace to look for sheer jersey. Treat the attribute as a constraint and confirm it on the fabric page.,Finding sheer jersey,,203,163,sheer jersey marketplace,commercial_investigation,,,,7,,,supporting,C,
/marketplace/opaque-jersey-marketplace/,,,yes,no,/marketplace/opaque-jersey-marketplace/,yes,Opaque Jersey on the Marketplace Fabric Notes,Use the FabStitch marketplace to look for opaque jersey. Treat the attribute as a constraint and confirm it on the fabric page.,Finding opaque jersey,,204,164,opaque jersey marketplace,commercial_investigation,,,,7,,,supporting,C,
/marketplace/performance-jersey-marketplace/,,,yes,no,/marketplace/performance-jersey-marketplace/,yes,Performance Jersey on the Marketplace for Apparel,Use the FabStitch marketplace to look for performance jersey. Treat the attribute as a constraint and confirm it on the fabric page.,Finding performance jersey,,182,142,performance jersey marketplace,commercial_investigation,,,,7,,,thin,D,
/marketplace/lightweight-velvet-marketplace/,,,yes,no,/marketplace/lightweight-velvet-marketplace/,yes,Lightweight Velvet on the Marketplace for Apparel,Use the FabStitch marketplace to look for lightweight velvet. Treat the attribute as a constraint and confirm it on the fabric page.,Finding lightweight velvet,,192,152,lightweight velvet marketplace,commercial_investigation,,,,7,,,supporting,C,
/marketplace/heavyweight-velvet-marketplace/,,,yes,no,/marketplace/heavyweight-velvet-marketplace/,yes,Heavyweight Velvet on the Marketplace for Apparel,Use the FabStitch marketplace to look for heavyweight velvet. Treat the attribute as a constraint and confirm it on the fabric page.,Finding heavyweight velvet,,188,148,heavyweight velvet marketplace,commercial_investigation,,,,7,,,thin,D,
/marketplace/breathable-velvet-marketplace/,,,yes,no,/marketplace/breathable-velvet-marketplace/,yes,Breathable Velvet on the Marketplace for Apparel,Use the FabStitch marketplace to look for breathable velvet. Treat the attribute as a constraint and confirm it on the fabric page.,Finding breathable velvet,,185,145,breathable velvet marketplace,commercial_investigation,,,,7,,,thin,D,
/marketplace/stretch-velvet-marketplace/,,,yes,no,/marketplace/stretch-velvet-marketplace/,yes,Stretch Velvet on the Marketplace Fabric Notes,Use the FabStitch marketplace to look for stretch velvet. Treat the attribute as a constraint and confirm it on the fabric page.,Finding stretch velvet,,188,148,stretch velvet marketplace,commercial_investigation,,,,7,,,thin,D,
/marketplace/soft-velvet-marketplace/,,,yes,no,/marketplace/soft-velvet-marketplace/,yes,Soft Velvet on the Marketplace Fabric Notes,Use the FabStitch marketplace to look for soft velvet. Treat the attribute as a constraint and confirm it on the fabric page.,Finding soft velvet,,186,146,soft velvet marketplace,commercial_investigation,,,,7,,,thin,D,
/marketplace/durable-velvet-marketplace/,,,yes,no,/marketplace/durable-velvet-marketplace/,yes,Durable Velvet on the Marketplace Fabric Notes,Use the FabStitch marketplace to look for durable velvet. Treat the attribute as a constraint and confirm it on the fabric page.,Finding durable velvet,,183,143,durable velvet marketplace,commercial_investigation,,,,7,,,thin,D,
/marketplace/premium-velvet-marketplace/,,,yes,no,/marketplace/premium-velvet-marketplace/,yes,Premium Velvet on the Marketplace Fabric Notes,Use the FabStitch marketplace to look for premium velvet. Treat the attribute as a constraint and confirm it on the fabric page.,Finding premium velvet,,181,141,premium velvet marketplace,commercial_investigation,,,,7,,,thin,D,
/marketplace/structured-velvet-marketplace/,,,yes,no,/marketplace/structured-velvet-marketplace/,yes,Structured Velvet on the Marketplace for Apparel,Use the FabStitch marketplace to look for structured velvet. Treat the attribute as a constraint and confirm it on the fabric page.,Finding structured velvet,,178,138,structured velvet marketplace,commercial_investigation,,,,7,,,thin,D,
/marketplace/flowy-velvet-marketplace/,,,yes,no,/marketplace/flowy-velvet-marketplace/,yes,Flowy Velvet on the Marketplace Fabric Notes,Use the FabStitch marketplace to look for flowy velvet. Treat the attribute as a constraint and confirm it on the fabric page.,Finding flowy velvet,,187,147,flowy velvet marketplace,commercial_investigation,,,,7,,,thin,D,
/marketplace/sheer-velvet-marketplace/,,,yes,no,/marketplace/sheer-velvet-marketplace/,yes,Sheer Velvet on the Marketplace Fabric Notes,Use the FabStitch marketplace to look for sheer velvet. Treat the attribute as a constraint and confirm it on the fabric page.,Finding sheer velvet,,198,158,sheer velvet marketplace,commercial_investigation,,,,7,,,supporting,C,
/marketplace/opaque-velvet-marketplace/,,,yes,no,/marketplace/opaque-velvet-marketplace/,yes,Opaque Velvet on the Marketplace Fabric Notes,Use the FabStitch marketplace to look for opaque velvet. Treat the attribute as a constraint and confirm it on the fabric page.,Finding opaque velvet,,199,159,opaque velvet marketplace,commercial_investigation,,,,7,,,supporting,C,
/marketplace/performance-velvet-marketplace/,,,yes,no,/marketplace/performance-velvet-marketplace/,yes,Performance Velvet on the Marketplace for Apparel,Use the FabStitch marketplace to look for performance velvet. Treat the attribute as a constraint and confirm it on the fabric page.,Finding performance velvet,,177,137,performance velvet marketplace,commercial_investigation,,,,7,,,thin,D,
/marketplace/lightweight-chiffon-marketplace/,,,yes,no,/marketplace/lightweight-chiffon-marketplace/,yes,Lightweight Chiffon on the Marketplace Use Notes,Use the FabStitch marketplace to look for lightweight chiffon. Treat the attribute as a constraint and confirm it on the fabric page.,Finding lightweight chiffon,,189,149,lightweight chiffon marketplace,commercial_investigation,,,,7,,,thin,D,
/marketplace/heavyweight-chiffon-marketplace/,,,yes,no,/marketplace/heavyweight-chiffon-marketplace/,yes,Heavyweight Chiffon on the Marketplace Use Notes,Use the FabStitch marketplace to look for heavyweight chiffon. Treat the attribute as a constraint and confirm it on the fabric page.,Finding heavyweight chiffon,,185,145,heavyweight chiffon marketplace,commercial_investigation,,,,7,,,thin,D,
/marketplace/breathable-chiffon-marketplace/,,,yes,no,/marketplace/breathable-chiffon-marketplace/,yes,Breathable Chiffon on the Marketplace for Apparel,Use the FabStitch marketplace to look for breathable chiffon. Treat the attribute as a constraint and confirm it on the fabric page.,Finding breathable chiffon,,182,142,breathable chiffon marketplace,commercial_investigation,,,,7,,,thin,D,
/marketplace/stretch-chiffon-marketplace/,,,yes,no,/marketplace/stretch-chiffon-marketplace/,yes,Stretch Chiffon on the Marketplace Fabric Notes,Use the FabStitch marketplace to look for stretch chiffon. Treat the attribute as a constraint and confirm it on the fabric page.,Finding stretch chiffon,,185,145,stretch chiffon marketplace,commercial_investigation,,,,7,,,thin,D,
/marketplace/soft-chiffon-marketplace/,,,yes,no,/marketplace/soft-chiffon-marketplace/,yes,Soft Chiffon on the Marketplace Fabric Notes,Use the FabStitch marketplace to look for soft chiffon. Treat the attribute as a constraint and confirm it on the fabric page.,Finding soft chiffon,,183,143,soft chiffon marketplace,commercial_investigation,,,,7,,,thin,D,
/marketplace/durable-chiffon-marketplace/,,,yes,no,/marketplace/durable-chiffon-marketplace/,yes,Durable Chiffon on the Marketplace Fabric Notes,Use the FabStitch marketplace to look for durable chiffon. Treat the attribute as a constraint and confirm it on the fabric page.,Finding durable chiffon,,180,140,durable chiffon marketplace,commercial_investigation,,,,7,,,thin,D,
/marketplace/premium-chiffon-marketplace/,,,yes,no,/marketplace/premium-chiffon-marketplace/,yes,Premium Chiffon on the Marketplace Fabric Notes,Use the FabStitch marketplace to look for premium chiffon. Treat the attribute as a constraint and confirm it on the fabric page.,Finding premium chiffon,,178,138,premium chiffon marketplace,commercial_investigation,,,,7,,,thin,D,
/marketplace/structured-chiffon-marketplace/,,,yes,no,/marketplace/structured-chiffon-marketplace/,yes,Structured Chiffon on the Marketplace for Apparel,Use the FabStitch marketplace to look for structured chiffon. Treat the attribute as a constraint and confirm it on the fabric page.,Finding structured chiffon,,175,135,structured chiffon marketplace,commercial_investigation,,,,7,,,thin,D,
/marketplace/flowy-chiffon-marketplace/,,,yes,no,/marketplace/flowy-chiffon-marketplace/,yes,Flowy Chiffon on the Marketplace Fabric Notes,Use the FabStitch marketplace to look for flowy chiffon. Treat the attribute as a constraint and confirm it on the fabric page.,Finding flowy chiffon,,184,144,flowy chiffon marketplace,commercial_investigation,,,,7,,,thin,D,
/marketplace/sheer-chiffon-marketplace/,,,yes,no,/marketplace/sheer-chiffon-marketplace/,yes,Sheer Chiffon on the Marketplace Fabric Notes,Use the FabStitch marketplace to look for sheer chiffon. Treat the attribute as a constraint and confirm it on the fabric page.,Finding sheer chiffon,,195,155,sheer chiffon marketplace,commercial_investigation,,,,7,,,supporting,C,
/marketplace/opaque-chiffon-marketplace/,,,yes,no,/marketplace/opaque-chiffon-marketplace/,yes,Opaque Chiffon on the Marketplace Fabric Notes,Use the FabStitch marketplace to look for opaque chiffon. Treat the attribute as a constraint and confirm it on the fabric page.,Finding opaque chiffon,,196,156,opaque chiffon marketplace,commercial_investigation,,,,7,,,supporting,C,
/marketplace/performance-chiffon-marketplace/,,,yes,no,/marketplace/performance-chiffon-marketplace/,yes,Performance Chiffon on the Marketplace Use Notes,Use the FabStitch marketplace to look for performance chiffon. Treat the attribute as a constraint and confirm it on the fabric page.,Finding performance chiffon,,174,134,performance chiffon marketplace,commercial_investigation,,,,7,,,thin,D,
/marketplace/lightweight-georgette-marketplace/,,,yes,no,/marketplace/lightweight-georgette-marketplace/,yes,Lightweight Georgette on the Marketplace,Use the FabStitch marketplace to look for lightweight georgette. Treat the attribute as a constraint and confirm it on the fabric page.,Finding lightweight georgette,,194,154,lightweight georgette marketplace,commercial_investigation,,,,7,,,supporting,C,
/marketplace/heavyweight-georgette-marketplace/,,,yes,no,/marketplace/heavyweight-georgette-marketplace/,yes,Heavyweight Georgette on the Marketplace,Use the FabStitch marketplace to look for heavyweight georgette. Treat the attribute as a constraint and confirm it on the fabric page.,Finding heavyweight georgette,,190,150,heavyweight georgette marketplace,commercial_investigation,,,,7,,,supporting,C,
/marketplace/breathable-georgette-marketplace/,,,yes,no,/marketplace/breathable-georgette-marketplace/,yes,Breathable Georgette on the Marketplace Use Notes,Use the FabStitch marketplace to look for breathable georgette. Treat the attribute as a constraint and confirm it on the fabric page.,Finding breathable georgette,,187,147,breathable georgette marketplace,commercial_investigation,,,,7,,,thin,D,
/marketplace/stretch-georgette-marketplace/,,,yes,no,/marketplace/stretch-georgette-marketplace/,yes,Stretch Georgette on the Marketplace for Apparel,Use the FabStitch marketplace to look for stretch georgette. Treat the attribute as a constraint and confirm it on the fabric page.,Finding stretch georgette,,190,150,stretch georgette marketplace,commercial_investigation,,,,7,,,supporting,C,
/marketplace/soft-georgette-marketplace/,,,yes,no,/marketplace/soft-georgette-marketplace/,yes,Soft Georgette on the Marketplace Fabric Notes,Use the FabStitch marketplace to look for soft georgette. Treat the attribute as a constraint and confirm it on the fabric page.,Finding soft georgette,,188,148,soft georgette marketplace,commercial_investigation,,,,7,,,thin,D,
/marketplace/durable-georgette-marketplace/,,,yes,no,/marketplace/durable-georgette-marketplace/,yes,Durable Georgette on the Marketplace for Apparel,Use the FabStitch marketplace to look for durable georgette. Treat the attribute as a constraint and confirm it on the fabric page.,Finding durable georgette,,185,145,durable georgette marketplace,commercial_investigation,,,,7,,,thin,D,
/marketplace/premium-georgette-marketplace/,,,yes,no,/marketplace/premium-georgette-marketplace/,yes,Premium Georgette on the Marketplace for Apparel,Use the FabStitch marketplace to look for premium georgette. Treat the attribute as a constraint and confirm it on the fabric page.,Finding premium georgette,,183,143,premium georgette marketplace,commercial_investigation,,,,7,,,thin,D,
/marketplace/structured-georgette-marketplace/,,,yes,no,/marketplace/structured-georgette-marketplace/,yes,Structured Georgette on the Marketplace Use Notes,Use the FabStitch marketplace to look for structured georgette. Treat the attribute as a constraint and confirm it on the fabric page.,Finding structured georgette,,180,140,structured georgette marketplace,commercial_investigation,,,,7,,,thin,D,
/marketplace/flowy-georgette-marketplace/,,,yes,no,/marketplace/flowy-georgette-marketplace/,yes,Flowy Georgette on the Marketplace Fabric Notes,Use the FabStitch marketplace to look for flowy georgette. Treat the attribute as a constraint and confirm it on the fabric page.,Finding flowy georgette,,189,149,flowy georgette marketplace,commercial_investigation,,,,7,,,thin,D,
/marketplace/sheer-georgette-marketplace/,,,yes,no,/marketplace/sheer-georgette-marketplace/,yes,Sheer Georgette on the Marketplace Fabric Notes,Use the FabStitch marketplace to look for sheer georgette. Treat the attribute as a constraint and confirm it on the fabric page.,Finding sheer georgette,,200,160,sheer georgette marketplace,commercial_investigation,,,,7,,,supporting,C,
/marketplace/opaque-georgette-marketplace/,,,yes,no,/marketplace/opaque-georgette-marketplace/,yes,Opaque Georgette on the Marketplace Fabric Notes,Use the FabStitch marketplace to look for opaque georgette. Treat the attribute as a constraint and confirm it on the fabric page.,Finding opaque georgette,,201,161,opaque georgette marketplace,commercial_investigation,,,,7,,,supporting,C,
/marketplace/performance-georgette-marketplace/,,,yes,no,/marketplace/performance-georgette-marketplace/,yes,Performance Georgette on the Marketplace,Use the FabStitch marketplace to look for performance georgette. Treat the attribute as a constraint and confirm it on the fabric page.,Finding performance georgette,,179,139,performance georgette marketplace,commercial_investigation,,,,7,,,thin,D,
/marketplace/lightweight-poplin-marketplace/,,,yes,no,/marketplace/lightweight-poplin-marketplace/,yes,Lightweight Poplin on the Marketplace for Apparel,Use the FabStitch marketplace to look for lightweight poplin. Treat the attribute as a constraint and confirm it on the fabric page.,Finding lightweight poplin,,195,155,lightweight poplin marketplace,commercial_investigation,,,,7,,,supporting,C,
/marketplace/heavyweight-poplin-marketplace/,,,yes,no,/marketplace/heavyweight-poplin-marketplace/,yes,Heavyweight Poplin on the Marketplace for Apparel,Use the FabStitch marketplace to look for heavyweight poplin. Treat the attribute as a constraint and confirm it on the fabric page.,Finding heavyweight poplin,,191,151,heavyweight poplin marketplace,commercial_investigation,,,,7,,,supporting,C,
/marketplace/breathable-poplin-marketplace/,,,yes,no,/marketplace/breathable-poplin-marketplace/,yes,Breathable Poplin on the Marketplace for Apparel,Use the FabStitch marketplace to look for breathable poplin. Treat the attribute as a constraint and confirm it on the fabric page.,Finding breathable poplin,,188,148,breathable poplin marketplace,commercial_investigation,,,,7,,,thin,D,
/marketplace/stretch-poplin-marketplace/,,,yes,no,/marketplace/stretch-poplin-marketplace/,yes,Stretch Poplin on the Marketplace Fabric Notes,Use the FabStitch marketplace to look for stretch poplin. Treat the attribute as a constraint and confirm it on the fabric page.,Finding stretch poplin,,191,151,stretch poplin marketplace,commercial_investigation,,,,7,,,supporting,C,
/marketplace/soft-poplin-marketplace/,,,yes,no,/marketplace/soft-poplin-marketplace/,yes,Soft Poplin on the Marketplace Fabric Notes,Use the FabStitch marketplace to look for soft poplin. Treat the attribute as a constraint and confirm it on the fabric page.,Finding soft poplin,,189,149,soft poplin marketplace,commercial_investigation,,,,7,,,thin,D,
/marketplace/durable-poplin-marketplace/,,,yes,no,/marketplace/durable-poplin-marketplace/,yes,Durable Poplin on the Marketplace Fabric Notes,Use the FabStitch marketplace to look for durable poplin. Treat the attribute as a constraint and confirm it on the fabric page.,Finding durable poplin,,186,146,durable poplin marketplace,commercial_investigation,,,,7,,,thin,D,
/marketplace/premium-poplin-marketplace/,,,yes,no,/marketplace/premium-poplin-marketplace/,yes,Premium Poplin on the Marketplace Fabric Notes,Use the FabStitch marketplace to look for premium poplin. Treat the attribute as a constraint and confirm it on the fabric page.,Finding premium poplin,,184,144,premium poplin marketplace,commercial_investigation,,,,7,,,thin,D,
/marketplace/structured-poplin-marketplace/,,,yes,no,/marketplace/structured-poplin-marketplace/,yes,Structured Poplin on the Marketplace for Apparel,Use the FabStitch marketplace to look for structured poplin. Treat the attribute as a constraint and confirm it on the fabric page.,Finding structured poplin,,181,141,structured poplin marketplace,commercial_investigation,,,,7,,,thin,D,
/marketplace/flowy-poplin-marketplace/,,,yes,no,/marketplace/flowy-poplin-marketplace/,yes,Flowy Poplin on the Marketplace Fabric Notes,Use the FabStitch marketplace to look for flowy poplin. Treat the attribute as a constraint and confirm it on the fabric page.,Finding flowy poplin,,190,150,flowy poplin marketplace,commercial_investigation,,,,7,,,supporting,C,
/marketplace/sheer-poplin-marketplace/,,,yes,no,/marketplace/sheer-poplin-marketplace/,yes,Sheer Poplin on the Marketplace Fabric Notes,Use the FabStitch marketplace to look for sheer poplin. Treat the attribute as a constraint and confirm it on the fabric page.,Finding sheer poplin,,201,161,sheer poplin marketplace,commercial_investigation,,,,7,,,supporting,C,
/marketplace/opaque-poplin-marketplace/,,,yes,no,/marketplace/opaque-poplin-marketplace/,yes,Opaque Poplin on the Marketplace Fabric Notes,Use the FabStitch marketplace to look for opaque poplin. Treat the attribute as a constraint and confirm it on the fabric page.,Finding opaque poplin,,202,162,opaque poplin marketplace,commercial_investigation,,,,7,,,supporting,C,
/marketplace/performance-poplin-marketplace/,,,yes,no,/marketplace/performance-poplin-marketplace/,yes,Performance Poplin on the Marketplace for Apparel,Use the FabStitch marketplace to look for performance poplin. Treat the attribute as a constraint and confirm it on the fabric page.,Finding performance poplin,,180,140,performance poplin marketplace,commercial_investigation,,,,7,,,thin,D,
/marketplace/lightweight-satin-marketplace/,,,yes,no,/marketplace/lightweight-satin-marketplace/,yes,Lightweight Satin on the Marketplace for Apparel,Use the FabStitch marketplace to look for lightweight satin. Treat the attribute as a constraint and confirm it on the fabric page.,Finding lightweight satin,,197,157,lightweight satin marketplace,commercial_investigation,,,,6,,,supporting,C,
/marketplace/heavyweight-satin-marketplace/,,,yes,no,/marketplace/heavyweight-satin-marketplace/,yes,Heavyweight Satin on the Marketplace for Apparel,Use the FabStitch marketplace to look for heavyweight satin. Treat the attribute as a constraint and confirm it on the fabric page.,Finding heavyweight satin,,193,153,heavyweight satin marketplace,commercial_investigation,,,,6,,,supporting,C,
/marketplace/breathable-satin-marketplace/,,,yes,no,/marketplace/breathable-satin-marketplace/,yes,Breathable Satin on the Marketplace Fabric Notes,Use the FabStitch marketplace to look for breathable satin. Treat the attribute as a constraint and confirm it on the fabric page.,Finding breathable satin,,190,150,breathable satin marketplace,commercial_investigation,,,,6,,,supporting,C,
/marketplace/stretch-satin-marketplace/,,,yes,no,/marketplace/stretch-satin-marketplace/,yes,Stretch Satin on the Marketplace Fabric Notes,Use the FabStitch marketplace to look for stretch satin. Treat the attribute as a constraint and confirm it on the fabric page.,Finding stretch satin,,193,153,stretch satin marketplace,commercial_investigation,,,,6,,,supporting,C,
/marketplace/soft-satin-marketplace/,,,yes,no,/marketplace/soft-satin-marketplace/,yes,Soft Satin on the Marketplace Fabric Notes,Use the FabStitch marketplace to look for soft satin. Treat the attribute as a constraint and confirm it on the fabric page.,Finding soft satin,,191,151,soft satin marketplace,commercial_investigation,,,,6,,,supporting,C,
/marketplace/durable-satin-marketplace/,,,yes,no,/marketplace/durable-satin-marketplace/,yes,Durable Satin on the Marketplace Fabric Notes,Use the FabStitch marketplace to look for durable satin. Treat the attribute as a constraint and confirm it on the fabric page.,Finding durable satin,,188,148,durable satin marketplace,commercial_investigation,,,,6,,,thin,D,
/marketplace/premium-satin-marketplace/,,,yes,no,/marketplace/premium-satin-marketplace/,yes,Premium Satin on the Marketplace Fabric Notes,Use the FabStitch marketplace to look for premium satin. Treat the attribute as a constraint and confirm it on the fabric page.,Finding premium satin,,186,146,premium satin marketplace,commercial_investigation,,,,6,,,thin,D,
/marketplace/structured-satin-marketplace/,,,yes,no,/marketplace/structured-satin-marketplace/,yes,Structured Satin on the Marketplace Fabric Notes,Use the FabStitch marketplace to look for structured satin. Treat the attribute as a constraint and confirm it on the fabric page.,Finding structured satin,,183,143,structured satin marketplace,commercial_investigation,,,,6,,,thin,D,
/marketplace/flowy-satin-marketplace/,,,yes,no,/marketplace/flowy-satin-marketplace/,yes,Flowy Satin on the Marketplace Fabric Notes,Use the FabStitch marketplace to look for flowy satin. Treat the attribute as a constraint and confirm it on the fabric page.,Finding flowy satin,,192,152,flowy satin marketplace,commercial_investigation,,,,6,,,supporting,C,
/marketplace/sheer-satin-marketplace/,,,yes,no,/marketplace/sheer-satin-marketplace/,yes,Sheer Satin on the Marketplace Fabric Notes,Use the FabStitch marketplace to look for sheer satin. Treat the attribute as a constraint and confirm it on the fabric page.,Finding sheer satin,,203,163,sheer satin marketplace,commercial_investigation,,,,6,,,supporting,C,
/marketplace/opaque-satin-marketplace/,,,yes,no,/marketplace/opaque-satin-marketplace/,yes,Opaque Satin on the Marketplace Fabric Notes,Use the FabStitch marketplace to look for opaque satin. Treat the attribute as a constraint and confirm it on the fabric page.,Finding opaque satin,,204,164,opaque satin marketplace,commercial_investigation,,,,6,,,supporting,C,
/marketplace/performance-satin-marketplace/,,,yes,no,/marketplace/performance-satin-marketplace/,yes,Performance Satin on the Marketplace for Apparel,Use the FabStitch marketplace to look for performance satin. Treat the attribute as a constraint and confirm it on the fabric page.,Finding performance satin,,182,142,performance satin marketplace,commercial_investigation,,,,6,,,thin,D,
/marketplace/lightweight-crepe-marketplace/,,,yes,no,/marketplace/lightweight-crepe-marketplace/,yes,Lightweight Crepe on the Marketplace for Apparel,Use the FabStitch marketplace to look for lightweight crepe. Treat the attribute as a constraint and confirm it on the fabric page.,Finding lightweight crepe,,196,156,lightweight crepe marketplace,commercial_investigation,,,,6,,,supporting,C,
/marketplace/heavyweight-crepe-marketplace/,,,yes,no,/marketplace/heavyweight-crepe-marketplace/,yes,Heavyweight Crepe on the Marketplace for Apparel,Use the FabStitch marketplace to look for heavyweight crepe. Treat the attribute as a constraint and confirm it on the fabric page.,Finding heavyweight crepe,,192,152,heavyweight crepe marketplace,commercial_investigation,,,,6,,,supporting,C,
/marketplace/breathable-crepe-marketplace/,,,yes,no,/marketplace/breathable-crepe-marketplace/,yes,Breathable Crepe on the Marketplace Fabric Notes,Use the FabStitch marketplace to look for breathable crepe. Treat the attribute as a constraint and confirm it on the fabric page.,Finding breathable crepe,,189,149,breathable crepe marketplace,commercial_investigation,,,,6,,,thin,D,
/marketplace/stretch-crepe-marketplace/,,,yes,no,/marketplace/stretch-crepe-marketplace/,yes,Stretch Crepe on the Marketplace Fabric Notes,Use the FabStitch marketplace to look for stretch crepe. Treat the attribute as a constraint and confirm it on the fabric page.,Finding stretch crepe,,192,152,stretch crepe marketplace,commercial_investigation,,,,6,,,supporting,C,
/marketplace/soft-crepe-marketplace/,,,yes,no,/marketplace/soft-crepe-marketplace/,yes,Soft Crepe on the Marketplace Fabric Notes,Use the FabStitch marketplace to look for soft crepe. Treat the attribute as a constraint and confirm it on the fabric page.,Finding soft crepe,,190,150,soft crepe marketplace,commercial_investigation,,,,6,,,supporting,C,
/marketplace/durable-crepe-marketplace/,,,yes,no,/marketplace/durable-crepe-marketplace/,yes,Durable Crepe on the Marketplace Fabric Notes,Use the FabStitch marketplace to look for durable crepe. Treat the attribute as a constraint and confirm it on the fabric page.,Finding durable crepe,,187,147,durable crepe marketplace,commercial_investigation,,,,6,,,thin,D,
/marketplace/premium-crepe-marketplace/,,,yes,no,/marketplace/premium-crepe-marketplace/,yes,Premium Crepe on the Marketplace Fabric Notes,Use the FabStitch marketplace to look for premium crepe. Treat the attribute as a constraint and confirm it on the fabric page.,Finding premium crepe,,185,145,premium crepe marketplace,commercial_investigation,,,,6,,,thin,D,
/marketplace/structured-crepe-marketplace/,,,yes,no,/marketplace/structured-crepe-marketplace/,yes,Structured Crepe on the Marketplace Fabric Notes,Use the FabStitch marketplace to look for structured crepe. Treat the attribute as a constraint and confirm it on the fabric page.,Finding structured crepe,,182,142,structured crepe marketplace,commercial_investigation,,,,6,,,thin,D,
/marketplace/flowy-crepe-marketplace/,,,yes,no,/marketplace/flowy-crepe-marketplace/,yes,Flowy Crepe on the Marketplace Fabric Notes,Use the FabStitch marketplace to look for flowy crepe. Treat the attribute as a constraint and confirm it on the fabric page.,Finding flowy crepe,,191,151,flowy crepe marketplace,commercial_investigation,,,,6,,,supporting,C,
/marketplace/sheer-crepe-marketplace/,,,yes,no,/marketplace/sheer-crepe-marketplace/,yes,Sheer Crepe on the Marketplace Fabric Notes,Use the FabStitch marketplace to look for sheer crepe. Treat the attribute as a constraint and confirm it on the fabric page.,Finding sheer crepe,,202,162,sheer crepe marketplace,commercial_investigation,,,,6,,,supporting,C,
/marketplace/opaque-crepe-marketplace/,,,yes,no,/marketplace/opaque-crepe-marketplace/,yes,Opaque Crepe on the Marketplace Fabric Notes,Use the FabStitch marketplace to look for opaque crepe. Treat the attribute as a constraint and confirm it on the fabric page.,Finding opaque crepe,,203,163,opaque crepe marketplace,commercial_investigation,,,,6,,,supporting,C,
/marketplace/performance-crepe-marketplace/,,,yes,no,/marketplace/performance-crepe-marketplace/,yes,Performance Crepe on the Marketplace for Apparel,Use the FabStitch marketplace to look for performance crepe. Treat the attribute as a constraint and confirm it on the fabric page.,Finding performance crepe,,181,141,performance crepe marketplace,commercial_investigation,,,,6,,,thin,D,
/marketplace/lightweight-canvas-marketplace/,,,yes,no,/marketplace/lightweight-canvas-marketplace/,yes,Lightweight Canvas on the Marketplace for Apparel,Use the FabStitch marketplace to look for lightweight canvas. Treat the attribute as a constraint and confirm it on the fabric page.,Finding lightweight canvas,,187,147,lightweight canvas marketplace,commercial_investigation,,,,6,,,thin,D,
/marketplace/heavyweight-canvas-marketplace/,,,yes,no,/marketplace/heavyweight-canvas-marketplace/,yes,Heavyweight Canvas on the Marketplace for Apparel,Use the FabStitch marketplace to look for heavyweight canvas. Treat the attribute as a constraint and confirm it on the fabric page.,Finding heavyweight canvas,,183,143,heavyweight canvas marketplace,commercial_investigation,,,,6,,,thin,D,
/marketplace/breathable-canvas-marketplace/,,,yes,no,/marketplace/breathable-canvas-marketplace/,yes,Breathable Canvas on the Marketplace for Apparel,Use the FabStitch marketplace to look for breathable canvas. Treat the attribute as a constraint and confirm it on the fabric page.,Finding breathable canvas,,180,140,breathable canvas marketplace,commercial_investigation,,,,6,,,thin,D,
/marketplace/stretch-canvas-marketplace/,,,yes,no,/marketplace/stretch-canvas-marketplace/,yes,Stretch Canvas on the Marketplace Fabric Notes,Use the FabStitch marketplace to look for stretch canvas. Treat the attribute as a constraint and confirm it on the fabric page.,Finding stretch canvas,,183,143,stretch canvas marketplace,commercial_investigation,,,,6,,,thin,D,
/marketplace/soft-canvas-marketplace/,,,yes,no,/marketplace/soft-canvas-marketplace/,yes,Soft Canvas on the Marketplace Fabric Notes,Use the FabStitch marketplace to look for soft canvas. Treat the attribute as a constraint and confirm it on the fabric page.,Finding soft canvas,,181,141,soft canvas marketplace,commercial_investigation,,,,6,,,thin,D,
/marketplace/durable-canvas-marketplace/,,,yes,no,/marketplace/durable-canvas-marketplace/,yes,Durable Canvas on the Marketplace Fabric Notes,Use the FabStitch marketplace to look for durable canvas. Treat the attribute as a constraint and confirm it on the fabric page.,Finding durable canvas,,178,138,durable canvas marketplace,commercial_investigation,,,,6,,,thin,D,
/marketplace/premium-canvas-marketplace/,,,yes,no,/marketplace/premium-canvas-marketplace/,yes,Premium Canvas on the Marketplace Fabric Notes,Use the FabStitch marketplace to look for premium canvas. Treat the attribute as a constraint and confirm it on the fabric page.,Finding premium canvas,,176,136,premium canvas marketplace,commercial_investigation,,,,6,,,thin,D,
/marketplace/structured-canvas-marketplace/,,,yes,no,/marketplace/structured-canvas-marketplace/,yes,Structured Canvas on the Marketplace for Apparel,Use the FabStitch marketplace to look for structured canvas. Treat the attribute as a constraint and confirm it on the fabric page.,Finding structured canvas,,173,133,structured canvas marketplace,commercial_investigation,,,,6,,,thin,D,
/marketplace/flowy-canvas-marketplace/,,,yes,no,/marketplace/flowy-canvas-marketplace/,yes,Flowy Canvas on the Marketplace Fabric Notes,Use the FabStitch marketplace to look for flowy canvas. Treat the attribute as a constraint and confirm it on the fabric page.,Finding flowy canvas,,182,142,flowy canvas marketplace,commercial_investigation,,,,6,,,thin,D,
/marketplace/sheer-canvas-marketplace/,,,yes,no,/marketplace/sheer-canvas-marketplace/,yes,Sheer Canvas on the Marketplace Fabric Notes,Use the FabStitch marketplace to look for sheer canvas. Treat the attribute as a constraint and confirm it on the fabric page.,Finding sheer canvas,,193,153,sheer canvas marketplace,commercial_investigation,,,,6,,,supporting,C,
/marketplace/opaque-canvas-marketplace/,,,yes,no,/marketplace/opaque-canvas-marketplace/,yes,Opaque Canvas on the Marketplace Fabric Notes,Use the FabStitch marketplace to look for opaque canvas. Treat the attribute as a constraint and confirm it on the fabric page.,Finding opaque canvas,,194,154,opaque canvas marketplace,commercial_investigation,,,,6,,,supporting,C,
/marketplace/performance-canvas-marketplace/,,,yes,no,/marketplace/performance-canvas-marketplace/,yes,Performance Canvas on the Marketplace for Apparel,Use the FabStitch marketplace to look for performance canvas. Treat the attribute as a constraint and confirm it on the fabric page.,Finding performance canvas,,172,132,performance canvas marketplace,commercial_investigation,,,,6,,,thin,D,
/marketplace/lightweight-oxford-marketplace/,,,yes,no,/marketplace/lightweight-oxford-marketplace/,yes,Lightweight Oxford on the Marketplace for Apparel,Use the FabStitch marketplace to look for lightweight oxford. Treat the attribute as a constraint and confirm it on the fabric page.,Finding lightweight oxford,,184,144,lightweight oxford marketplace,commercial_investigation,,,,7,,,thin,D,
/marketplace/heavyweight-oxford-marketplace/,,,yes,no,/marketplace/heavyweight-oxford-marketplace/,yes,Heavyweight Oxford on the Marketplace for Apparel,Use the FabStitch marketplace to look for heavyweight oxford. Treat the attribute as a constraint and confirm it on the fabric page.,Finding heavyweight oxford,,180,140,heavyweight oxford marketplace,commercial_investigation,,,,7,,,thin,D,
/marketplace/breathable-oxford-marketplace/,,,yes,no,/marketplace/breathable-oxford-marketplace/,yes,Breathable Oxford on the Marketplace for Apparel,Use the FabStitch marketplace to look for breathable oxford. Treat the attribute as a constraint and confirm it on the fabric page.,Finding breathable oxford,,177,137,breathable oxford marketplace,commercial_investigation,,,,7,,,thin,D,
/marketplace/stretch-oxford-marketplace/,,,yes,no,/marketplace/stretch-oxford-marketplace/,yes,Stretch Oxford on the Marketplace Fabric Notes,Use the FabStitch marketplace to look for stretch oxford. Treat the attribute as a constraint and confirm it on the fabric page.,Finding stretch oxford,,180,140,stretch oxford marketplace,commercial_investigation,,,,7,,,thin,D,
/marketplace/soft-oxford-marketplace/,,,yes,no,/marketplace/soft-oxford-marketplace/,yes,Soft Oxford on the Marketplace Fabric Notes,Use the FabStitch marketplace to look for soft oxford. Treat the attribute as a constraint and confirm it on the fabric page.,Finding soft oxford,,178,138,soft oxford marketplace,commercial_investigation,,,,7,,,thin,D,
/marketplace/durable-oxford-marketplace/,,,yes,no,/marketplace/durable-oxford-marketplace/,yes,Durable Oxford on the Marketplace Fabric Notes,Use the FabStitch marketplace to look for durable oxford. Treat the attribute as a constraint and confirm it on the fabric page.,Finding durable oxford,,175,135,durable oxford marketplace,commercial_investigation,,,,7,,,thin,D,
/marketplace/premium-oxford-marketplace/,,,yes,no,/marketplace/premium-oxford-marketplace/,yes,Premium Oxford on the Marketplace Fabric Notes,Use the FabStitch marketplace to look for premium oxford. Treat the attribute as a constraint and confirm it on the fabric page.,Finding premium oxford,,173,133,premium oxford marketplace,commercial_investigation,,,,7,,,thin,D,
/marketplace/structured-oxford-marketplace/,,,yes,no,/marketplace/structured-oxford-marketplace/,yes,Structured Oxford on the Marketplace for Apparel,Use the FabStitch marketplace to look for structured oxford. Treat the attribute as a constraint and confirm it on the fabric page.,Finding structured oxford,,170,130,structured oxford marketplace,commercial_investigation,,,,7,,,thin,D,
/marketplace/flowy-oxford-marketplace/,,,yes,no,/marketplace/flowy-oxford-marketplace/,yes,Flowy Oxford on the Marketplace Fabric Notes,Use the FabStitch marketplace to look for flowy oxford. Treat the attribute as a constraint and confirm it on the fabric page.,Finding flowy oxford,,179,139,flowy oxford marketplace,commercial_investigation,,,,7,,,thin,D,
/marketplace/sheer-oxford-marketplace/,,,yes,no,/marketplace/sheer-oxford-marketplace/,yes,Sheer Oxford on the Marketplace Fabric Notes,Use the FabStitch marketplace to look for sheer oxford. Treat the attribute as a constraint and confirm it on the fabric page.,Finding sheer oxford,,190,150,sheer oxford marketplace,commercial_investigation,,,,7,,,supporting,C,
/marketplace/opaque-oxford-marketplace/,,,yes,no,/marketplace/opaque-oxford-marketplace/,yes,Opaque Oxford on the Marketplace Fabric Notes,Use the FabStitch marketplace to look for opaque oxford. Treat the attribute as a constraint and confirm it on the fabric page.,Finding opaque oxford,,191,151,opaque oxford marketplace,commercial_investigation,,,,7,,,supporting,C,
/marketplace/performance-oxford-marketplace/,,,yes,no,/marketplace/performance-oxford-marketplace/,yes,Performance Oxford on the Marketplace for Apparel,Use the FabStitch marketplace to look for performance oxford. Treat the attribute as a constraint and confirm it on the fabric page.,Finding performance oxford,,169,129,performance oxford marketplace,commercial_investigation,,,,7,,,thin,D,
/marketplace/lightweight-twill-marketplace/,,,yes,no,/marketplace/lightweight-twill-marketplace/,yes,Lightweight Twill on the Marketplace for Apparel,Use the FabStitch marketplace to look for lightweight twill. Treat the attribute as a constraint and confirm it on the fabric page.,Finding lightweight twill,,194,154,lightweight twill marketplace,commercial_investigation,,,,6,,,supporting,C,
/marketplace/heavyweight-twill-marketplace/,,,yes,no,/marketplace/heavyweight-twill-marketplace/,yes,Heavyweight Twill on the Marketplace for Apparel,Use the FabStitch marketplace to look for heavyweight twill. Treat the attribute as a constraint and confirm it on the fabric page.,Finding heavyweight twill,,190,150,heavyweight twill marketplace,commercial_investigation,,,,6,,,supporting,C,
/marketplace/breathable-twill-marketplace/,,,yes,no,/marketplace/breathable-twill-marketplace/,yes,Breathable Twill on the Marketplace Fabric Notes,Use the FabStitch marketplace to look for breathable twill. Treat the attribute as a constraint and confirm it on the fabric page.,Finding breathable twill,,187,147,breathable twill marketplace,commercial_investigation,,,,6,,,thin,D,
/marketplace/stretch-twill-marketplace/,,,yes,no,/marketplace/stretch-twill-marketplace/,yes,Stretch Twill on the Marketplace Fabric Notes,Use the FabStitch marketplace to look for stretch twill. Treat the attribute as a constraint and confirm it on the fabric page.,Finding stretch twill,,190,150,stretch twill marketplace,commercial_investigation,,,,6,,,supporting,C,
/marketplace/soft-twill-marketplace/,,,yes,no,/marketplace/soft-twill-marketplace/,yes,Soft Twill on the Marketplace Fabric Notes,Use the FabStitch marketplace to look for soft twill. Treat the attribute as a constraint and confirm it on the fabric page.,Finding soft twill,,188,148,soft twill marketplace,commercial_investigation,,,,6,,,thin,D,
/marketplace/durable-twill-marketplace/,,,yes,no,/marketplace/durable-twill-marketplace/,yes,Durable Twill on the Marketplace Fabric Notes,Use the FabStitch marketplace to look for durable twill. Treat the attribute as a constraint and confirm it on the fabric page.,Finding durable twill,,185,145,durable twill marketplace,commercial_investigation,,,,6,,,thin,D,
/marketplace/premium-twill-marketplace/,,,yes,no,/marketplace/premium-twill-marketplace/,yes,Premium Twill on the Marketplace Fabric Notes,Use the FabStitch marketplace to look for premium twill. Treat the attribute as a constraint and confirm it on the fabric page.,Finding premium twill,,183,143,premium twill marketplace,commercial_investigation,,,,6,,,thin,D,
/marketplace/structured-twill-marketplace/,,,yes,no,/marketplace/structured-twill-marketplace/,yes,Structured Twill on the Marketplace Fabric Notes,Use the FabStitch marketplace to look for structured twill. Treat the attribute as a constraint and confirm it on the fabric page.,Finding structured twill,,180,140,structured twill marketplace,commercial_investigation,,,,6,,,thin,D,
/marketplace/flowy-twill-marketplace/,,,yes,no,/marketplace/flowy-twill-marketplace/,yes,Flowy Twill on the Marketplace Fabric Notes,Use the FabStitch marketplace to look for flowy twill. Treat the attribute as a constraint and confirm it on the fabric page.,Finding flowy twill,,189,149,flowy twill marketplace,commercial_investigation,,,,6,,,thin,D,
/marketplace/sheer-twill-marketplace/,,,yes,no,/marketplace/sheer-twill-marketplace/,yes,Sheer Twill on the Marketplace Fabric Notes,Use the FabStitch marketplace to look for sheer twill. Treat the attribute as a constraint and confirm it on the fabric page.,Finding sheer twill,,200,160,sheer twill marketplace,commercial_investigation,,,,6,,,supporting,C,
/marketplace/opaque-twill-marketplace/,,,yes,no,/marketplace/opaque-twill-marketplace/,yes,Opaque Twill on the Marketplace Fabric Notes,Use the FabStitch marketplace to look for opaque twill. Treat the attribute as a constraint and confirm it on the fabric page.,Finding opaque twill,,201,161,opaque twill marketplace,commercial_investigation,,,,6,,,supporting,C,
/marketplace/performance-twill-marketplace/,,,yes,no,/marketplace/performance-twill-marketplace/,yes,Performance Twill on the Marketplace for Apparel,Use the FabStitch marketplace to look for performance twill. Treat the attribute as a constraint and confirm it on the fabric page.,Finding performance twill,,179,139,performance twill marketplace,commercial_investigation,,,,6,,,thin,D,
/marketplace/lightweight-french-terry-marketplace/,,,yes,no,/marketplace/lightweight-french-terry-marketplace/,yes,Lightweight French terry on the Marketplace,Use the FabStitch marketplace to look for lightweight french terry. Treat the attribute as a constraint and confirm it on the fabric page.,Finding lightweight french terry,,203,163,lightweight french terry marketplace,commercial_investigation,,,,7,,,supporting,C,
/marketplace/heavyweight-french-terry-marketplace/,,,yes,no,/marketplace/heavyweight-french-terry-marketplace/,yes,Heavyweight French terry on the Marketplace,Use the FabStitch marketplace to look for heavyweight french terry. Treat the attribute as a constraint and confirm it on the fabric page.,Finding heavyweight french terry,,199,159,heavyweight french terry marketplace,commercial_investigation,,,,7,,,supporting,C,
/marketplace/breathable-french-terry-marketplace/,,,yes,no,/marketplace/breathable-french-terry-marketplace/,yes,Breathable French terry on the Marketplace,Use the FabStitch marketplace to look for breathable french terry. Treat the attribute as a constraint and confirm it on the fabric page.,Finding breathable french terry,,196,156,breathable french terry marketplace,commercial_investigation,,,,7,,,supporting,C,
/marketplace/stretch-french-terry-marketplace/,,,yes,no,/marketplace/stretch-french-terry-marketplace/,yes,Stretch French terry on the Marketplace Use Notes,Use the FabStitch marketplace to look for stretch french terry. Treat the attribute as a constraint and confirm it on the fabric page.,Finding stretch french terry,,199,159,stretch french terry marketplace,commercial_investigation,,,,7,,,supporting,C,
/marketplace/soft-french-terry-marketplace/,,,yes,no,/marketplace/soft-french-terry-marketplace/,yes,Soft French terry on the Marketplace for Apparel,Use the FabStitch marketplace to look for soft french terry. Treat the attribute as a constraint and confirm it on the fabric page.,Finding soft french terry,,197,157,soft french terry marketplace,commercial_investigation,,,,7,,,supporting,C,
/marketplace/durable-french-terry-marketplace/,,,yes,no,/marketplace/durable-french-terry-marketplace/,yes,Durable French terry on the Marketplace Use Notes,Use the FabStitch marketplace to look for durable french terry. Treat the attribute as a constraint and confirm it on the fabric page.,Finding durable french terry,,194,154,durable french terry marketplace,commercial_investigation,,,,7,,,supporting,C,
/marketplace/premium-french-terry-marketplace/,,,yes,no,/marketplace/premium-french-terry-marketplace/,yes,Premium French terry on the Marketplace Use Notes,Use the FabStitch marketplace to look for premium french terry. Treat the attribute as a constraint and confirm it on the fabric page.,Finding premium french terry,,192,152,premium french terry marketplace,commercial_investigation,,,,7,,,supporting,C,
/marketplace/structured-french-terry-marketplace/,,,yes,no,/marketplace/structured-french-terry-marketplace/,yes,Structured French terry on the Marketplace,Use the FabStitch marketplace to look for structured french terry. Treat the attribute as a constraint and confirm it on the fabric page.,Finding structured french terry,,189,149,structured french terry marketplace,commercial_investigation,,,,7,,,thin,D,
/marketplace/flowy-french-terry-marketplace/,,,yes,no,/marketplace/flowy-french-terry-marketplace/,yes,Flowy French terry on the Marketplace for Apparel,Use the FabStitch marketplace to look for flowy french terry. Treat the attribute as a constraint and confirm it on the fabric page.,Finding flowy french terry,,198,158,flowy french terry marketplace,commercial_investigation,,,,7,,,supporting,C,
/marketplace/sheer-french-terry-marketplace/,,,yes,no,/marketplace/sheer-french-terry-marketplace/,yes,Sheer French terry on the Marketplace for Apparel,Use the FabStitch marketplace to look for sheer french terry. Treat the attribute as a constraint and confirm it on the fabric page.,Finding sheer french terry,,209,169,sheer french terry marketplace,commercial_investigation,,,,7,,,supporting,C,
/marketplace/opaque-french-terry-marketplace/,,,yes,no,/marketplace/opaque-french-terry-marketplace/,yes,Opaque French terry on the Marketplace Use Notes,Use the FabStitch marketplace to look for opaque french terry. Treat the attribute as a constraint and confirm it on the fabric page.,Finding opaque french terry,,210,170,opaque french terry marketplace,commercial_investigation,,,,7,,,supporting,C,
/marketplace/performance-french-terry-marketplace/,,,yes,no,/marketplace/performance-french-terry-marketplace/,yes,Performance French terry on the Marketplace,Use the FabStitch marketplace to look for performance french terry. Treat the attribute as a constraint and confirm it on the fabric page.,Finding performance french terry,,188,148,performance french terry marketplace,commercial_investigation,,,,7,,,thin,D,
/marketplace/lightweight-lyocell-marketplace/,,,yes,no,/marketplace/lightweight-lyocell-marketplace/,yes,Lightweight Lyocell on the Marketplace Use Notes,Use the FabStitch marketplace to look for lightweight lyocell. Treat the attribute as a constraint and confirm it on the fabric page.,Finding lightweight lyocell,,192,152,lightweight lyocell marketplace,commercial_investigation,,,,6,,,supporting,C,
/marketplace/heavyweight-lyocell-marketplace/,,,yes,no,/marketplace/heavyweight-lyocell-marketplace/,yes,Heavyweight Lyocell on the Marketplace Use Notes,Use the FabStitch marketplace to look for heavyweight lyocell. Treat the attribute as a constraint and confirm it on the fabric page.,Finding heavyweight lyocell,,188,148,heavyweight lyocell marketplace,commercial_investigation,,,,6,,,thin,D,
/marketplace/breathable-lyocell-marketplace/,,,yes,no,/marketplace/breathable-lyocell-marketplace/,yes,Breathable Lyocell on the Marketplace for Apparel,Use the FabStitch marketplace to look for breathable lyocell. Treat the attribute as a constraint and confirm it on the fabric page.,Finding breathable lyocell,,185,145,breathable lyocell marketplace,commercial_investigation,,,,6,,,thin,D,
/marketplace/stretch-lyocell-marketplace/,,,yes,no,/marketplace/stretch-lyocell-marketplace/,yes,Stretch Lyocell on the Marketplace Fabric Notes,Use the FabStitch marketplace to look for stretch lyocell. Treat the attribute as a constraint and confirm it on the fabric page.,Finding stretch lyocell,,188,148,stretch lyocell marketplace,commercial_investigation,,,,6,,,thin,D,
/marketplace/soft-lyocell-marketplace/,,,yes,no,/marketplace/soft-lyocell-marketplace/,yes,Soft Lyocell on the Marketplace Fabric Notes,Use the FabStitch marketplace to look for soft lyocell. Treat the attribute as a constraint and confirm it on the fabric page.,Finding soft lyocell,,186,146,soft lyocell marketplace,commercial_investigation,,,,6,,,thin,D,
/marketplace/durable-lyocell-marketplace/,,,yes,no,/marketplace/durable-lyocell-marketplace/,yes,Durable Lyocell on the Marketplace Fabric Notes,Use the FabStitch marketplace to look for durable lyocell. Treat the attribute as a constraint and confirm it on the fabric page.,Finding durable lyocell,,183,143,durable lyocell marketplace,commercial_investigation,,,,6,,,thin,D,
/marketplace/premium-lyocell-marketplace/,,,yes,no,/marketplace/premium-lyocell-marketplace/,yes,Premium Lyocell on the Marketplace Fabric Notes,Use the FabStitch marketplace to look for premium lyocell. Treat the attribute as a constraint and confirm it on the fabric page.,Finding premium lyocell,,181,141,premium lyocell marketplace,commercial_investigation,,,,6,,,thin,D,
/marketplace/structured-lyocell-marketplace/,,,yes,no,/marketplace/structured-lyocell-marketplace/,yes,Structured Lyocell on the Marketplace for Apparel,Use the FabStitch marketplace to look for structured lyocell. Treat the attribute as a constraint and confirm it on the fabric page.,Finding structured lyocell,,178,138,structured lyocell marketplace,commercial_investigation,,,,6,,,thin,D,
/marketplace/flowy-lyocell-marketplace/,,,yes,no,/marketplace/flowy-lyocell-marketplace/,yes,Flowy Lyocell on the Marketplace Fabric Notes,Use the FabStitch marketplace to look for flowy lyocell. Treat the attribute as a constraint and confirm it on the fabric page.,Finding flowy lyocell,,187,147,flowy lyocell marketplace,commercial_investigation,,,,6,,,thin,D,
/marketplace/sheer-lyocell-marketplace/,,,yes,no,/marketplace/sheer-lyocell-marketplace/,yes,Sheer Lyocell on the Marketplace Fabric Notes,Use the FabStitch marketplace to look for sheer lyocell. Treat the attribute as a constraint and confirm it on the fabric page.,Finding sheer lyocell,,198,158,sheer lyocell marketplace,commercial_investigation,,,,6,,,supporting,C,
/marketplace/opaque-lyocell-marketplace/,,,yes,no,/marketplace/opaque-lyocell-marketplace/,yes,Opaque Lyocell on the Marketplace Fabric Notes,Use the FabStitch marketplace to look for opaque lyocell. Treat the attribute as a constraint and confirm it on the fabric page.,Finding opaque lyocell,,199,159,opaque lyocell marketplace,commercial_investigation,,,,6,,,supporting,C,
/marketplace/performance-lyocell-marketplace/,,,yes,no,/marketplace/performance-lyocell-marketplace/,yes,Performance Lyocell on the Marketplace Use Notes,Use the FabStitch marketplace to look for performance lyocell. Treat the attribute as a constraint and confirm it on the fabric page.,Finding performance lyocell,,177,137,performance lyocell marketplace,commercial_investigation,,,,6,,,thin,D,
/marketplace/lightweight-for-shirts-buying/,,,yes,no,/marketplace/lightweight-for-shirts-buying/,yes,Buying Lightweight Shirts Cloth Fabric Notes,Buy shirts fabric on FabStitch with lightweight as the constraint. Compare cloths that share a construction. See how Buying Lightweight Shirts Cloth.,How to buy lightweight cloth for shirts,,184,144,buy lightweight fabric for shirts,commercial_investigation,,,,6,,,thin,D,
/marketplace/heavyweight-for-shirts-buying/,,,yes,no,/marketplace/heavyweight-for-shirts-buying/,yes,Buying Heavyweight Shirts Cloth Fabric Notes,Buy shirts fabric on FabStitch with heavyweight as the constraint. Compare cloths that share a construction. See how Buying Heavyweight Shirts Cloth.,How to buy heavyweight cloth for shirts,,173,133,buy heavyweight fabric for shirts,commercial_investigation,,,,6,,,thin,D,
/marketplace/breathable-for-shirts-buying/,,,yes,no,/marketplace/breathable-for-shirts-buying/,yes,Buying Breathable Shirts Cloth Fabric Notes,Buy shirts fabric on FabStitch with breathable as the constraint. Compare cloths that share a construction. See how Buying Breathable Shirts Cloth.,How to buy breathable cloth for shirts,,170,130,buy breathable fabric for shirts,commercial_investigation,,,,6,,,thin,D,
/marketplace/stretch-for-shirts-buying/,,,yes,no,/marketplace/stretch-for-shirts-buying/,yes,Buying Stretch Shirts Cloth Fabric Notes,Buy shirts fabric on FabStitch with stretch as the constraint. Compare cloths that share a construction. See how Buying Stretch Shirts Cloth relates to,How to buy stretch cloth for shirts,,172,132,buy stretch fabric for shirts,commercial_investigation,,,,6,,,thin,D,
/marketplace/soft-for-shirts-buying/,,,yes,no,/marketplace/soft-for-shirts-buying/,yes,Buying Soft Shirts Cloth Fabric Notes for Apparel,Buy shirts fabric on FabStitch with soft as the constraint. Compare cloths that share a construction. See how Buying Soft Shirts Cloth relates to.,How to buy soft cloth for shirts,,171,131,buy soft fabric for shirts,commercial_investigation,,,,6,,,thin,D,
/marketplace/durable-for-shirts-buying/,,,yes,no,/marketplace/durable-for-shirts-buying/,yes,Buying Durable Shirts Cloth Fabric Notes,Buy shirts fabric on FabStitch with durable as the constraint. Compare cloths that share a construction. See how Buying Durable Shirts Cloth relates to,How to buy durable cloth for shirts,,166,126,buy durable fabric for shirts,commercial_investigation,,,,6,,,thin,D,
/marketplace/premium-for-shirts-buying/,,,yes,no,/marketplace/premium-for-shirts-buying/,yes,Buying Premium Shirts Cloth Fabric Notes,Buy shirts fabric on FabStitch with premium as the constraint. Compare cloths that share a construction. See how Buying Premium Shirts Cloth relates to,How to buy premium cloth for shirts,,170,130,buy premium fabric for shirts,commercial_investigation,,,,6,,,thin,D,
/marketplace/structured-for-shirts-buying/,,,yes,no,/marketplace/structured-for-shirts-buying/,yes,Buying Structured Shirts Cloth Fabric Notes,Buy shirts fabric on FabStitch with structured as the constraint. Compare cloths that share a construction. See how Buying Structured Shirts Cloth.,How to buy structured cloth for shirts,,160,120,buy structured fabric for shirts,commercial_investigation,,,,6,,,thin,D,
/marketplace/flowy-for-shirts-buying/,,,yes,no,/marketplace/flowy-for-shirts-buying/,yes,Buying Flowy Shirts Cloth Fabric Notes Use Notes,Buy shirts fabric on FabStitch with flowy as the constraint. Compare cloths that share a construction. See how Buying Flowy Shirts Cloth relates to.,How to buy flowy cloth for shirts,,167,127,buy flowy fabric for shirts,commercial_investigation,,,,6,,,thin,D,
/marketplace/sheer-for-shirts-buying/,,,yes,no,/marketplace/sheer-for-shirts-buying/,yes,Buying Sheer Shirts Cloth Fabric Notes Use Notes,Buy shirts fabric on FabStitch with sheer as the constraint. Compare cloths that share a construction. See how Buying Sheer Shirts Cloth relates to.,How to buy sheer cloth for shirts,,194,154,buy sheer fabric for shirts,commercial_investigation,,,,6,,,supporting,C,
/marketplace/opaque-for-shirts-buying/,,,yes,no,/marketplace/opaque-for-shirts-buying/,yes,Buying Opaque Shirts Cloth Fabric Notes Use Notes,Buy shirts fabric on FabStitch with opaque as the constraint. Compare cloths that share a construction. See how Buying Opaque Shirts Cloth relates to.,How to buy opaque cloth for shirts,,193,153,buy opaque fabric for shirts,commercial_investigation,,,,6,,,supporting,C,
/marketplace/performance-for-shirts-buying/,,,yes,no,/marketplace/performance-for-shirts-buying/,yes,Buying Performance Shirts Cloth Fabric Notes,Buy shirts fabric on FabStitch with performance as the constraint. Compare cloths that share a construction. See how Buying Performance Shirts Cloth.,How to buy performance cloth for shirts,,157,117,buy performance fabric for shirts,commercial_investigation,,,,6,,,thin,D,
/marketplace/lightweight-for-dresses-buying/,,,yes,no,/marketplace/lightweight-for-dresses-buying/,yes,Buying Lightweight Dresses Cloth Fabric Notes,Buy dresses fabric on FabStitch with lightweight as the constraint. Compare cloths that share a construction. See how Buying Lightweight Dresses Cloth.,How to buy lightweight cloth for dresses,,179,139,buy lightweight fabric for dresses,commercial_investigation,,,,6,,,thin,D,
/marketplace/heavyweight-for-dresses-buying/,,,yes,no,/marketplace/heavyweight-for-dresses-buying/,yes,Buying Heavyweight Dresses Cloth Fabric Notes,Buy dresses fabric on FabStitch with heavyweight as the constraint. Compare cloths that share a construction. See how Buying Heavyweight Dresses Cloth.,How to buy heavyweight cloth for dresses,,172,132,buy heavyweight fabric for dresses,commercial_investigation,,,,6,,,thin,D,
/marketplace/breathable-for-dresses-buying/,,,yes,no,/marketplace/breathable-for-dresses-buying/,yes,Buying Breathable Dresses Cloth Fabric Notes,Buy dresses fabric on FabStitch with breathable as the constraint. Compare cloths that share a construction. See how Buying Breathable Dresses Cloth.,How to buy breathable cloth for dresses,,165,125,buy breathable fabric for dresses,commercial_investigation,,,,6,,,thin,D,
/marketplace/stretch-for-dresses-buying/,,,yes,no,/marketplace/stretch-for-dresses-buying/,yes,Buying Stretch Dresses Cloth Fabric Notes,Buy dresses fabric on FabStitch with stretch as the constraint. Compare cloths that share a construction. See how Buying Stretch Dresses Cloth relates.,How to buy stretch cloth for dresses,,161,121,buy stretch fabric for dresses,commercial_investigation,,,,6,,,thin,D,
/marketplace/soft-for-dresses-buying/,,,yes,no,/marketplace/soft-for-dresses-buying/,yes,Buying Soft Dresses Cloth Fabric Notes Use Notes,Buy dresses fabric on FabStitch with soft as the constraint. Compare cloths that share a construction. See how Buying Soft Dresses Cloth relates to.,How to buy soft cloth for dresses,,170,130,buy soft fabric for dresses,commercial_investigation,,,,6,,,thin,D,
/marketplace/durable-for-dresses-buying/,,,yes,no,/marketplace/durable-for-dresses-buying/,yes,Buying Durable Dresses Cloth Fabric Notes,Buy dresses fabric on FabStitch with durable as the constraint. Compare cloths that share a construction. See how Buying Durable Dresses Cloth relates.,How to buy durable cloth for dresses,,163,123,buy durable fabric for dresses,commercial_investigation,,,,6,,,thin,D,
/marketplace/premium-for-dresses-buying/,,,yes,no,/marketplace/premium-for-dresses-buying/,yes,Buying Premium Dresses Cloth Fabric Notes,Buy dresses fabric on FabStitch with premium as the constraint. Compare cloths that share a construction. See how Buying Premium Dresses Cloth relates.,How to buy premium cloth for dresses,,159,119,buy premium fabric for dresses,commercial_investigation,,,,6,,,thin,D,
/marketplace/structured-for-dresses-buying/,,,yes,no,/marketplace/structured-for-dresses-buying/,yes,Buying Structured Dresses Cloth Fabric Notes,Buy dresses fabric on FabStitch with structured as the constraint. Compare cloths that share a construction. See how Buying Structured Dresses Cloth.,How to buy structured cloth for dresses,,151,111,buy structured fabric for dresses,commercial_investigation,,,,6,,,thin,D,
/marketplace/flowy-for-dresses-buying/,,,yes,no,/marketplace/flowy-for-dresses-buying/,yes,Buying Flowy Dresses Cloth Fabric Notes Use Notes,Buy dresses fabric on FabStitch with flowy as the constraint. Compare cloths that share a construction. See how Buying Flowy Dresses Cloth relates to.,How to buy flowy cloth for dresses,,168,128,buy flowy fabric for dresses,commercial_investigation,,,,6,,,thin,D,
/marketplace/sheer-for-dresses-buying/,,,yes,no,/marketplace/sheer-for-dresses-buying/,yes,Buying Sheer Dresses Cloth Fabric Notes Use Notes,Buy dresses fabric on FabStitch with sheer as the constraint. Compare cloths that share a construction. See how Buying Sheer Dresses Cloth relates to.,How to buy sheer cloth for dresses,,183,143,buy sheer fabric for dresses,commercial_investigation,,,,6,,,thin,D,
/marketplace/opaque-for-dresses-buying/,,,yes,no,/marketplace/opaque-for-dresses-buying/,yes,Buying Opaque Dresses Cloth Fabric Notes,Buy dresses fabric on FabStitch with opaque as the constraint. Compare cloths that share a construction. See how Buying Opaque Dresses Cloth relates to,How to buy opaque cloth for dresses,,182,142,buy opaque fabric for dresses,commercial_investigation,,,,6,,,thin,D,
/marketplace/performance-for-dresses-buying/,,,yes,no,/marketplace/performance-for-dresses-buying/,yes,Buying Performance Dresses Cloth Fabric Notes,Buy dresses fabric on FabStitch with performance as the constraint. Compare cloths that share a construction. See how Buying Performance Dresses Cloth.,How to buy performance cloth for dresses,,152,112,buy performance fabric for dresses,commercial_investigation,,,,6,,,thin,D,
/marketplace/lightweight-for-trousers-buying/,,,yes,no,/marketplace/lightweight-for-trousers-buying/,yes,Buying Lightweight Trousers Cloth Fabric Notes,Buy trousers fabric on FabStitch with lightweight as the constraint. Compare cloths that share a construction. See how Buying Lightweight Trousers.,How to buy lightweight cloth for trousers,,184,144,buy lightweight fabric for trousers,commercial_investigation,,,,6,,,thin,D,
/marketplace/heavyweight-for-trousers-buying/,,,yes,no,/marketplace/heavyweight-for-trousers-buying/,yes,Buying Heavyweight Trousers Cloth Fabric Notes,Buy trousers fabric on FabStitch with heavyweight as the constraint. Compare cloths that share a construction. See how Buying Heavyweight Trousers.,How to buy heavyweight cloth for trousers,,165,125,buy heavyweight fabric for trousers,commercial_investigation,,,,6,,,thin,D,
/marketplace/breathable-for-trousers-buying/,,,yes,no,/marketplace/breathable-for-trousers-buying/,yes,Buying Breathable Trousers Cloth Fabric Notes,Buy trousers fabric on FabStitch with breathable as the constraint. Compare cloths that share a construction. See how Buying Breathable Trousers Cloth.,How to buy breathable cloth for trousers,,168,128,buy breathable fabric for trousers,commercial_investigation,,,,6,,,thin,D,
/marketplace/stretch-for-trousers-buying/,,,yes,no,/marketplace/stretch-for-trousers-buying/,yes,Buying Stretch Trousers Cloth Fabric Notes,Buy trousers fabric on FabStitch with stretch as the constraint. Compare cloths that share a construction. See how Buying Stretch Trousers Cloth.,How to buy stretch cloth for trousers,,158,118,buy stretch fabric for trousers,commercial_investigation,,,,6,,,thin,D,
/marketplace/soft-for-trousers-buying/,,,yes,no,/marketplace/soft-for-trousers-buying/,yes,Buying Soft Trousers Cloth Fabric Notes Use Notes,Buy trousers fabric on FabStitch with soft as the constraint. Compare cloths that share a construction. See how Buying Soft Trousers Cloth relates to.,How to buy soft cloth for trousers,,169,129,buy soft fabric for trousers,commercial_investigation,,,,6,,,thin,D,
/marketplace/durable-for-trousers-buying/,,,yes,no,/marketplace/durable-for-trousers-buying/,yes,Buying Durable Trousers Cloth Fabric Notes,Buy trousers fabric on FabStitch with durable as the constraint. Compare cloths that share a construction. See how Buying Durable Trousers Cloth.,How to buy durable cloth for trousers,,156,116,buy durable fabric for trousers,commercial_investigation,,,,6,,,thin,D,
/marketplace/premium-for-trousers-buying/,,,yes,no,/marketplace/premium-for-trousers-buying/,yes,Buying Premium Trousers Cloth Fabric Notes,Buy trousers fabric on FabStitch with premium as the constraint. Compare cloths that share a construction. See how Buying Premium Trousers Cloth.,How to buy premium cloth for trousers,,156,116,buy premium fabric for trousers,commercial_investigation,,,,6,,,thin,D,
/marketplace/structured-for-trousers-buying/,,,yes,no,/marketplace/structured-for-trousers-buying/,yes,Buying Structured Trousers Cloth Fabric Notes,Buy trousers fabric on FabStitch with structured as the constraint. Compare cloths that share a construction. See how Buying Structured Trousers Cloth.,How to buy structured cloth for trousers,,146,106,buy structured fabric for trousers,commercial_investigation,,,,6,,,thin,D,
/marketplace/flowy-for-trousers-buying/,,,yes,no,/marketplace/flowy-for-trousers-buying/,yes,Buying Flowy Trousers Cloth Fabric Notes,Buy trousers fabric on FabStitch with flowy as the constraint. Compare cloths that share a construction. See how Buying Flowy Trousers Cloth relates to,How to buy flowy cloth for trousers,,159,119,buy flowy fabric for trousers,commercial_investigation,,,,6,,,thin,D,
/marketplace/sheer-for-trousers-buying/,,,yes,no,/marketplace/sheer-for-trousers-buying/,yes,Buying Sheer Trousers Cloth Fabric Notes,Buy trousers fabric on FabStitch with sheer as the constraint. Compare cloths that share a construction. See how Buying Sheer Trousers Cloth relates to,How to buy sheer cloth for trousers,,178,138,buy sheer fabric for trousers,commercial_investigation,,,,6,,,thin,D,
/marketplace/opaque-for-trousers-buying/,,,yes,no,/marketplace/opaque-for-trousers-buying/,yes,Buying Opaque Trousers Cloth Fabric Notes,Buy trousers fabric on FabStitch with opaque as the constraint. Compare cloths that share a construction. See how Buying Opaque Trousers Cloth relates.,How to buy opaque cloth for trousers,,179,139,buy opaque fabric for trousers,commercial_investigation,,,,6,,,thin,D,
/marketplace/performance-for-trousers-buying/,,,yes,no,/marketplace/performance-for-trousers-buying/,yes,Buying Performance Trousers Cloth Fabric Notes,Buy trousers fabric on FabStitch with performance as the constraint. Compare cloths that share a construction. See how Buying Performance Trousers.,How to buy performance cloth for trousers,,153,113,buy performance fabric for trousers,commercial_investigation,,,,6,,,thin,D,
/marketplace/lightweight-for-jackets-buying/,,,yes,no,/marketplace/lightweight-for-jackets-buying/,yes,Buying Lightweight Jackets Cloth Fabric Notes,Buy jackets fabric on FabStitch with lightweight as the constraint. Compare cloths that share a construction. See how Buying Lightweight Jackets Cloth.,How to buy lightweight cloth for jackets,,175,135,buy lightweight fabric for jackets,commercial_investigation,,,,5,,,thin,D,
/marketplace/heavyweight-for-jackets-buying/,,,yes,no,/marketplace/heavyweight-for-jackets-buying/,yes,Buying Heavyweight Jackets Cloth Fabric Notes,Buy jackets fabric on FabStitch with heavyweight as the constraint. Compare cloths that share a construction. See how Buying Heavyweight Jackets Cloth.,How to buy heavyweight cloth for jackets,,166,126,buy heavyweight fabric for jackets,commercial_investigation,,,,5,,,thin,D,
/marketplace/breathable-for-jackets-buying/,,,yes,no,/marketplace/breathable-for-jackets-buying/,yes,Buying Breathable Jackets Cloth Fabric Notes,Buy jackets fabric on FabStitch with breathable as the constraint. Compare cloths that share a construction. See how Buying Breathable Jackets Cloth.,How to buy breathable cloth for jackets,,162,122,buy breathable fabric for jackets,commercial_investigation,,,,5,,,thin,D,
/marketplace/stretch-for-jackets-buying/,,,yes,no,/marketplace/stretch-for-jackets-buying/,yes,Buying Stretch Jackets Cloth Fabric Notes,Buy jackets fabric on FabStitch with stretch as the constraint. Compare cloths that share a construction. See how Buying Stretch Jackets Cloth relates.,How to buy stretch cloth for jackets,,161,121,buy stretch fabric for jackets,commercial_investigation,,,,5,,,thin,D,
/marketplace/soft-for-jackets-buying/,,,yes,no,/marketplace/soft-for-jackets-buying/,yes,Buying Soft Jackets Cloth Fabric Notes Use Notes,Buy jackets fabric on FabStitch with soft as the constraint. Compare cloths that share a construction. See how Buying Soft Jackets Cloth relates to.,How to buy soft cloth for jackets,,164,124,buy soft fabric for jackets,commercial_investigation,,,,5,,,thin,D,
/marketplace/durable-for-jackets-buying/,,,yes,no,/marketplace/durable-for-jackets-buying/,yes,Buying Durable Jackets Cloth Fabric Notes,Buy jackets fabric on FabStitch with durable as the constraint. Compare cloths that share a construction. See how Buying Durable Jackets Cloth relates.,How to buy durable cloth for jackets,,155,115,buy durable fabric for jackets,commercial_investigation,,,,5,,,thin,D,
/marketplace/premium-for-jackets-buying/,,,yes,no,/marketplace/premium-for-jackets-buying/,yes,Buying Premium Jackets Cloth Fabric Notes,Buy jackets fabric on FabStitch with premium as the constraint. Compare cloths that share a construction. See how Buying Premium Jackets Cloth relates.,How to buy premium cloth for jackets,,162,122,buy premium fabric for jackets,commercial_investigation,,,,5,,,thin,D,
/marketplace/structured-for-jackets-buying/,,,yes,no,/marketplace/structured-for-jackets-buying/,yes,Buying Structured Jackets Cloth Fabric Notes,Buy jackets fabric on FabStitch with structured as the constraint. Compare cloths that share a construction. See how Buying Structured Jackets Cloth.,How to buy structured cloth for jackets,,150,110,buy structured fabric for jackets,commercial_investigation,,,,5,,,thin,D,
/marketplace/flowy-for-jackets-buying/,,,yes,no,/marketplace/flowy-for-jackets-buying/,yes,Buying Flowy Jackets Cloth Fabric Notes Use Notes,Buy jackets fabric on FabStitch with flowy as the constraint. Compare cloths that share a construction. See how Buying Flowy Jackets Cloth relates to.,How to buy flowy cloth for jackets,,161,121,buy flowy fabric for jackets,commercial_investigation,,,,5,,,thin,D,
/marketplace/sheer-for-jackets-buying/,,,yes,no,/marketplace/sheer-for-jackets-buying/,yes,Buying Sheer Jackets Cloth Fabric Notes Use Notes,Buy jackets fabric on FabStitch with sheer as the constraint. Compare cloths that share a construction. See how Buying Sheer Jackets Cloth relates to.,How to buy sheer cloth for jackets,,183,143,buy sheer fabric for jackets,commercial_investigation,,,,5,,,thin,D,
/marketplace/opaque-for-jackets-buying/,,,yes,no,/marketplace/opaque-for-jackets-buying/,yes,Buying Opaque Jackets Cloth Fabric Notes,Buy jackets fabric on FabStitch with opaque as the constraint. Compare cloths that share a construction. See how Buying Opaque Jackets Cloth relates to,How to buy opaque cloth for jackets,,185,145,buy opaque fabric for jackets,commercial_investigation,,,,5,,,thin,D,
/marketplace/performance-for-jackets-buying/,,,yes,no,/marketplace/performance-for-jackets-buying/,yes,Buying Performance Jackets Cloth Fabric Notes,Buy jackets fabric on FabStitch with performance as the constraint. Compare cloths that share a construction. See how Buying Performance Jackets Cloth.,How to buy performance cloth for jackets,,149,109,buy performance fabric for jackets,commercial_investigation,,,,5,,,thin,D,
/marketplace/lightweight-for-coats-buying/,,,yes,no,/marketplace/lightweight-for-coats-buying/,yes,Buying Lightweight Coats Cloth Fabric Notes,Buy coats fabric on FabStitch with lightweight as the constraint. Compare cloths that share a construction. See how Buying Lightweight Coats Cloth.,How to buy lightweight cloth for coats,,172,132,buy lightweight fabric for coats,commercial_investigation,,,,5,,,thin,D,
/marketplace/heavyweight-for-coats-buying/,,,yes,no,/marketplace/heavyweight-for-coats-buying/,yes,Buying Heavyweight Coats Cloth Fabric Notes,Buy coats fabric on FabStitch with heavyweight as the constraint. Compare cloths that share a construction. See how Buying Heavyweight Coats Cloth.,How to buy heavyweight cloth for coats,,159,119,buy heavyweight fabric for coats,commercial_investigation,,,,5,,,thin,D,
/marketplace/breathable-for-coats-buying/,,,yes,no,/marketplace/breathable-for-coats-buying/,yes,Buying Breathable Coats Cloth Fabric Notes,Buy coats fabric on FabStitch with breathable as the constraint. Compare cloths that share a construction. See how Buying Breathable Coats Cloth.,How to buy breathable cloth for coats,,153,113,buy breathable fabric for coats,commercial_investigation,,,,5,,,thin,D,
/marketplace/stretch-for-coats-buying/,,,yes,no,/marketplace/stretch-for-coats-buying/,yes,Buying Stretch Coats Cloth Fabric Notes Use Notes,Buy coats fabric on FabStitch with stretch as the constraint. Compare cloths that share a construction. See how Buying Stretch Coats Cloth relates to.,How to buy stretch cloth for coats,,158,118,buy stretch fabric for coats,commercial_investigation,,,,5,,,thin,D,
/marketplace/soft-for-coats-buying/,,,yes,no,/marketplace/soft-for-coats-buying/,yes,Buying Soft Coats Cloth Fabric Notes for Apparel,Buy coats fabric on FabStitch with soft as the constraint. Compare cloths that share a construction. See how Buying Soft Coats Cloth relates to.,How to buy soft cloth for coats,,155,115,buy soft fabric for coats,commercial_investigation,,,,5,,,thin,D,
/marketplace/durable-for-coats-buying/,,,yes,no,/marketplace/durable-for-coats-buying/,yes,Buying Durable Coats Cloth Fabric Notes Use Notes,Buy coats fabric on FabStitch with durable as the constraint. Compare cloths that share a construction. See how Buying Durable Coats Cloth relates to.,How to buy durable cloth for coats,,152,112,buy durable fabric for coats,commercial_investigation,,,,5,,,thin,D,
/marketplace/premium-for-coats-buying/,,,yes,no,/marketplace/premium-for-coats-buying/,yes,Buying Premium Coats Cloth Fabric Notes Use Notes,Buy coats fabric on FabStitch with premium as the constraint. Compare cloths that share a construction. See how Buying Premium Coats Cloth relates to.,How to buy premium cloth for coats,,155,115,buy premium fabric for coats,commercial_investigation,,,,5,,,thin,D,
/marketplace/structured-for-coats-buying/,,,yes,no,/marketplace/structured-for-coats-buying/,yes,Buying Structured Coats Cloth Fabric Notes,Buy coats fabric on FabStitch with structured as the constraint. Compare cloths that share a construction. See how Buying Structured Coats Cloth.,How to buy structured cloth for coats,,146,106,buy structured fabric for coats,commercial_investigation,,,,5,,,thin,D,
/marketplace/flowy-for-coats-buying/,,,yes,no,/marketplace/flowy-for-coats-buying/,yes,Buying Flowy Coats Cloth Fabric Notes for Apparel,Buy coats fabric on FabStitch with flowy as the constraint. Compare cloths that share a construction. See how Buying Flowy Coats Cloth relates to.,How to buy flowy cloth for coats,,156,116,buy flowy fabric for coats,commercial_investigation,,,,5,,,thin,D,
/marketplace/sheer-for-coats-buying/,,,yes,no,/marketplace/sheer-for-coats-buying/,yes,Buying Sheer Coats Cloth Fabric Notes for Apparel,Buy coats fabric on FabStitch with sheer as the constraint. Compare cloths that share a construction. See how Buying Sheer Coats Cloth relates to.,How to buy sheer cloth for coats,,180,140,buy sheer fabric for coats,commercial_investigation,,,,5,,,thin,D,
/marketplace/opaque-for-coats-buying/,,,yes,no,/marketplace/opaque-for-coats-buying/,yes,Buying Opaque Coats Cloth Fabric Notes Use Notes,Buy coats fabric on FabStitch with opaque as the constraint. Compare cloths that share a construction. See how Buying Opaque Coats Cloth relates to.,How to buy opaque cloth for coats,,180,140,buy opaque fabric for coats,commercial_investigation,,,,5,,,thin,D,
/marketplace/performance-for-coats-buying/,,,yes,no,/marketplace/performance-for-coats-buying/,yes,Buying Performance Coats Cloth Fabric Notes,Buy coats fabric on FabStitch with performance as the constraint. Compare cloths that share a construction. See how Buying Performance Coats Cloth.,How to buy performance cloth for coats,,145,105,buy performance fabric for coats,commercial_investigation,,,,5,,,thin,D,
/marketplace/lightweight-for-suits-buying/,,,yes,no,/marketplace/lightweight-for-suits-buying/,yes,Buying Lightweight Suits Cloth Fabric Notes,Buy suits fabric on FabStitch with lightweight as the constraint. Compare cloths that share a construction. See how Buying Lightweight Suits Cloth.,How to buy lightweight cloth for suits,,163,123,buy lightweight fabric for suits,commercial_investigation,,,,5,,,thin,D,
/marketplace/heavyweight-for-suits-buying/,,,yes,no,/marketplace/heavyweight-for-suits-buying/,yes,Buying Heavyweight Suits Cloth Fabric Notes,Buy suits fabric on FabStitch with heavyweight as the constraint. Compare cloths that share a construction. See how Buying Heavyweight Suits Cloth.,How to buy heavyweight cloth for suits,,155,115,buy heavyweight fabric for suits,commercial_investigation,,,,5,,,thin,D,
/marketplace/breathable-for-suits-buying/,,,yes,no,/marketplace/breathable-for-suits-buying/,yes,Buying Breathable Suits Cloth Fabric Notes,Buy suits fabric on FabStitch with breathable as the constraint. Compare cloths that share a construction. See how Buying Breathable Suits Cloth.,How to buy breathable cloth for suits,,148,108,buy breathable fabric for suits,commercial_investigation,,,,5,,,thin,D,
/marketplace/stretch-for-suits-buying/,,,yes,no,/marketplace/stretch-for-suits-buying/,yes,Buying Stretch Suits Cloth Fabric Notes Use Notes,Buy suits fabric on FabStitch with stretch as the constraint. Compare cloths that share a construction. See how Buying Stretch Suits Cloth relates to.,How to buy stretch cloth for suits,,151,111,buy stretch fabric for suits,commercial_investigation,,,,5,,,thin,D,
/marketplace/soft-for-suits-buying/,,,yes,no,/marketplace/soft-for-suits-buying/,yes,Buying Soft Suits Cloth Fabric Notes for Apparel,Buy suits fabric on FabStitch with soft as the constraint. Compare cloths that share a construction. See how Buying Soft Suits Cloth relates to.,How to buy soft cloth for suits,,158,118,buy soft fabric for suits,commercial_investigation,,,,5,,,thin,D,
/marketplace/durable-for-suits-buying/,,,yes,no,/marketplace/durable-for-suits-buying/,yes,Buying Durable Suits Cloth Fabric Notes Use Notes,Buy suits fabric on FabStitch with durable as the constraint. Compare cloths that share a construction. See how Buying Durable Suits Cloth relates to.,How to buy durable cloth for suits,,146,106,buy durable fabric for suits,commercial_investigation,,,,5,,,thin,D,
/marketplace/premium-for-suits-buying/,,,yes,no,/marketplace/premium-for-suits-buying/,yes,Buying Premium Suits Cloth Fabric Notes Use Notes,Buy suits fabric on FabStitch with premium as the constraint. Compare cloths that share a construction. See how Buying Premium Suits Cloth relates to.,How to buy premium cloth for suits,,149,109,buy premium fabric for suits,commercial_investigation,,,,5,,,thin,D,
/marketplace/structured-for-suits-buying/,,,yes,no,/marketplace/structured-for-suits-buying/,yes,Buying Structured Suits Cloth Fabric Notes,Buy suits fabric on FabStitch with structured as the constraint. Compare cloths that share a construction. See how Buying Structured Suits Cloth.,How to buy structured cloth for suits,,140,100,buy structured fabric for suits,commercial_investigation,,,,5,,,thin,D,
/marketplace/flowy-for-suits-buying/,,,yes,no,/marketplace/flowy-for-suits-buying/,yes,Buying Flowy Suits Cloth Fabric Notes for Apparel,Buy suits fabric on FabStitch with flowy as the constraint. Compare cloths that share a construction. See how Buying Flowy Suits Cloth relates to.,How to buy flowy cloth for suits,,148,108,buy flowy fabric for suits,commercial_investigation,,,,5,,,thin,D,
/marketplace/sheer-for-suits-buying/,,,yes,no,/marketplace/sheer-for-suits-buying/,yes,Buying Sheer Suits Cloth Fabric Notes for Apparel,Buy suits fabric on FabStitch with sheer as the constraint. Compare cloths that share a construction. See how Buying Sheer Suits Cloth relates to.,How to buy sheer cloth for suits,,172,132,buy sheer fabric for suits,commercial_investigation,,,,5,,,thin,D,
/marketplace/opaque-for-suits-buying/,,,yes,no,/marketplace/opaque-for-suits-buying/,yes,Buying Opaque Suits Cloth Fabric Notes Use Notes,Buy suits fabric on FabStitch with opaque as the constraint. Compare cloths that share a construction. See how Buying Opaque Suits Cloth relates to.,How to buy opaque cloth for suits,,172,132,buy opaque fabric for suits,commercial_investigation,,,,5,,,thin,D,
/marketplace/performance-for-suits-buying/,,,yes,no,/marketplace/performance-for-suits-buying/,yes,Buying Performance Suits Cloth Fabric Notes,Buy suits fabric on FabStitch with performance as the constraint. Compare cloths that share a construction. See how Buying Performance Suits Cloth.,How to buy performance cloth for suits,,142,102,buy performance fabric for suits,commercial_investigation,,,,5,,,thin,D,
/marketplace/lightweight-for-blazers-buying/,,,yes,no,/marketplace/lightweight-for-blazers-buying/,yes,Buying Lightweight Blazers Cloth Fabric Notes,Buy blazers fabric on FabStitch with lightweight as the constraint. Compare cloths that share a construction. See how Buying Lightweight Blazers Cloth.,How to buy lightweight cloth for blazers,,172,132,buy lightweight fabric for blazers,commercial_investigation,,,,5,,,thin,D,
/marketplace/heavyweight-for-blazers-buying/,,,yes,no,/marketplace/heavyweight-for-blazers-buying/,yes,Buying Heavyweight Blazers Cloth Fabric Notes,Buy blazers fabric on FabStitch with heavyweight as the constraint. Compare cloths that share a construction. See how Buying Heavyweight Blazers Cloth.,How to buy heavyweight cloth for blazers,,161,121,buy heavyweight fabric for blazers,commercial_investigation,,,,5,,,thin,D,
/marketplace/breathable-for-blazers-buying/,,,yes,no,/marketplace/breathable-for-blazers-buying/,yes,Buying Breathable Blazers Cloth Fabric Notes,Buy blazers fabric on FabStitch with breathable as the constraint. Compare cloths that share a construction. See how Buying Breathable Blazers Cloth.,How to buy breathable cloth for blazers,,156,116,buy breathable fabric for blazers,commercial_investigation,,,,5,,,thin,D,
/marketplace/stretch-for-blazers-buying/,,,yes,no,/marketplace/stretch-for-blazers-buying/,yes,Buying Stretch Blazers Cloth Fabric Notes,Buy blazers fabric on FabStitch with stretch as the constraint. Compare cloths that share a construction. See how Buying Stretch Blazers Cloth relates.,How to buy stretch cloth for blazers,,158,118,buy stretch fabric for blazers,commercial_investigation,,,,5,,,thin,D,
/marketplace/soft-for-blazers-buying/,,,yes,no,/marketplace/soft-for-blazers-buying/,yes,Buying Soft Blazers Cloth Fabric Notes Use Notes,Buy blazers fabric on FabStitch with soft as the constraint. Compare cloths that share a construction. See how Buying Soft Blazers Cloth relates to.,How to buy soft cloth for blazers,,161,121,buy soft fabric for blazers,commercial_investigation,,,,5,,,thin,D,
/marketplace/durable-for-blazers-buying/,,,yes,no,/marketplace/durable-for-blazers-buying/,yes,Buying Durable Blazers Cloth Fabric Notes,Buy blazers fabric on FabStitch with durable as the constraint. Compare cloths that share a construction. See how Buying Durable Blazers Cloth relates.,How to buy durable cloth for blazers,,152,112,buy durable fabric for blazers,commercial_investigation,,,,5,,,thin,D,
/marketplace/premium-for-blazers-buying/,,,yes,no,/marketplace/premium-for-blazers-buying/,yes,Buying Premium Blazers Cloth Fabric Notes,Buy blazers fabric on FabStitch with premium as the constraint. Compare cloths that share a construction. See how Buying Premium Blazers Cloth relates.,How to buy premium cloth for blazers,,156,116,buy premium fabric for blazers,commercial_investigation,,,,5,,,thin,D,
/marketplace/structured-for-blazers-buying/,,,yes,no,/marketplace/structured-for-blazers-buying/,yes,Buying Structured Blazers Cloth Fabric Notes,Buy blazers fabric on FabStitch with structured as the constraint. Compare cloths that share a construction. See how Buying Structured Blazers Cloth.,How to buy structured cloth for blazers,,146,106,buy structured fabric for blazers,commercial_investigation,,,,5,,,thin,D,
/marketplace/flowy-for-blazers-buying/,,,yes,no,/marketplace/flowy-for-blazers-buying/,yes,Buying Flowy Blazers Cloth Fabric Notes Use Notes,Buy blazers fabric on FabStitch with flowy as the constraint. Compare cloths that share a construction. See how Buying Flowy Blazers Cloth relates to.,How to buy flowy cloth for blazers,,155,115,buy flowy fabric for blazers,commercial_investigation,,,,5,,,thin,D,
/marketplace/sheer-for-blazers-buying/,,,yes,no,/marketplace/sheer-for-blazers-buying/,yes,Buying Sheer Blazers Cloth Fabric Notes Use Notes,Buy blazers fabric on FabStitch with sheer as the constraint. Compare cloths that share a construction. See how Buying Sheer Blazers Cloth relates to.,How to buy sheer cloth for blazers,,178,138,buy sheer fabric for blazers,commercial_investigation,,,,5,,,thin,D,
/marketplace/opaque-for-blazers-buying/,,,yes,no,/marketplace/opaque-for-blazers-buying/,yes,Buying Opaque Blazers Cloth Fabric Notes,Buy blazers fabric on FabStitch with opaque as the constraint. Compare cloths that share a construction. See how Buying Opaque Blazers Cloth relates to,How to buy opaque cloth for blazers,,179,139,buy opaque fabric for blazers,commercial_investigation,,,,5,,,thin,D,
/marketplace/performance-for-blazers-buying/,,,yes,no,/marketplace/performance-for-blazers-buying/,yes,Buying Performance Blazers Cloth Fabric Notes,Buy blazers fabric on FabStitch with performance as the constraint. Compare cloths that share a construction. See how Buying Performance Blazers Cloth.,How to buy performance cloth for blazers,,145,105,buy performance fabric for blazers,commercial_investigation,,,,5,,,thin,D,
/marketplace/lightweight-for-uniforms-buying/,,,yes,no,/marketplace/lightweight-for-uniforms-buying/,yes,Buying Lightweight Uniforms Cloth Fabric Notes,Buy uniforms fabric on FabStitch with lightweight as the constraint. Compare cloths that share a construction. See how Buying Lightweight Uniforms.,How to buy lightweight cloth for uniforms,,159,119,buy lightweight fabric for uniforms,commercial_investigation,,,,5,,,thin,D,
/marketplace/heavyweight-for-uniforms-buying/,,,yes,no,/marketplace/heavyweight-for-uniforms-buying/,yes,Buying Heavyweight Uniforms Cloth Fabric Notes,Buy uniforms fabric on FabStitch with heavyweight as the constraint. Compare cloths that share a construction. See how Buying Heavyweight Uniforms.,How to buy heavyweight cloth for uniforms,,152,112,buy heavyweight fabric for uniforms,commercial_investigation,,,,5,,,thin,D,
/marketplace/breathable-for-uniforms-buying/,,,yes,no,/marketplace/breathable-for-uniforms-buying/,yes,Buying Breathable Uniforms Cloth Fabric Notes,Buy uniforms fabric on FabStitch with breathable as the constraint. Compare cloths that share a construction. See how Buying Breathable Uniforms Cloth.,How to buy breathable cloth for uniforms,,143,103,buy breathable fabric for uniforms,commercial_investigation,,,,5,,,thin,D,
/marketplace/stretch-for-uniforms-buying/,,,yes,no,/marketplace/stretch-for-uniforms-buying/,yes,Buying Stretch Uniforms Cloth Fabric Notes,Buy uniforms fabric on FabStitch with stretch as the constraint. Compare cloths that share a construction. See how Buying Stretch Uniforms Cloth.,How to buy stretch cloth for uniforms,,147,107,buy stretch fabric for uniforms,commercial_investigation,,,,5,,,thin,D,
/marketplace/soft-for-uniforms-buying/,,,yes,no,/marketplace/soft-for-uniforms-buying/,yes,Buying Soft Uniforms Cloth Fabric Notes Use Notes,Buy uniforms fabric on FabStitch with soft as the constraint. Compare cloths that share a construction. See how Buying Soft Uniforms Cloth relates to.,How to buy soft cloth for uniforms,,146,106,buy soft fabric for uniforms,commercial_investigation,,,,5,,,thin,D,
/marketplace/durable-for-uniforms-buying/,,,yes,no,/marketplace/durable-for-uniforms-buying/,yes,Buying Durable Uniforms Cloth Fabric Notes,Buy uniforms fabric on FabStitch with durable as the constraint. Compare cloths that share a construction. See how Buying Durable Uniforms Cloth.,How to buy durable cloth for uniforms,,143,103,buy durable fabric for uniforms,commercial_investigation,,,,5,,,thin,D,
/marketplace/premium-for-uniforms-buying/,,,yes,no,/marketplace/premium-for-uniforms-buying/,yes,Buying Premium Uniforms Cloth Fabric Notes,Buy uniforms fabric on FabStitch with premium as the constraint. Compare cloths that share a construction. See how Buying Premium Uniforms Cloth.,How to buy premium cloth for uniforms,,143,103,buy premium fabric for uniforms,commercial_investigation,,,,5,,,thin,D,
/marketplace/structured-for-uniforms-buying/,,,yes,no,/marketplace/structured-for-uniforms-buying/,yes,Buying Structured Uniforms Cloth Fabric Notes,Buy uniforms fabric on FabStitch with structured as the constraint. Compare cloths that share a construction. See how Buying Structured Uniforms Cloth.,How to buy structured cloth for uniforms,,135,95,buy structured fabric for uniforms,commercial_investigation,,,,5,,,thin,D,
/marketplace/flowy-for-uniforms-buying/,,,yes,no,/marketplace/flowy-for-uniforms-buying/,yes,Buying Flowy Uniforms Cloth Fabric Notes,Buy uniforms fabric on FabStitch with flowy as the constraint. Compare cloths that share a construction. See how Buying Flowy Uniforms Cloth relates to,How to buy flowy cloth for uniforms,,146,106,buy flowy fabric for uniforms,commercial_investigation,,,,5,,,thin,D,
/marketplace/sheer-for-uniforms-buying/,,,yes,no,/marketplace/sheer-for-uniforms-buying/,yes,Buying Sheer Uniforms Cloth Fabric Notes,Buy uniforms fabric on FabStitch with sheer as the constraint. Compare cloths that share a construction. See how Buying Sheer Uniforms Cloth relates to,How to buy sheer cloth for uniforms,,165,125,buy sheer fabric for uniforms,commercial_investigation,,,,5,,,thin,D,
/marketplace/opaque-for-uniforms-buying/,,,yes,no,/marketplace/opaque-for-uniforms-buying/,yes,Buying Opaque Uniforms Cloth Fabric Notes,Buy uniforms fabric on FabStitch with opaque as the constraint. Compare cloths that share a construction. See how Buying Opaque Uniforms Cloth relates.,How to buy opaque cloth for uniforms,,166,126,buy opaque fabric for uniforms,commercial_investigation,,,,5,,,thin,D,
/marketplace/performance-for-uniforms-buying/,,,yes,no,/marketplace/performance-for-uniforms-buying/,yes,Buying Performance Uniforms Cloth Fabric Notes,Buy uniforms fabric on FabStitch with performance as the constraint. Compare cloths that share a construction. See how Buying Performance Uniforms.,How to buy performance cloth for uniforms,,132,92,buy performance fabric for uniforms,commercial_investigation,,,,5,,,thin,D,
/marketplace/lightweight-for-activewear-buying/,,,yes,no,/marketplace/lightweight-for-activewear-buying/,yes,Buying Lightweight Activewear Cloth Fabric Notes,Buy activewear fabric on FabStitch with lightweight as the constraint. Compare cloths that share a construction. See how Buying Lightweight Activewear.,How to buy lightweight cloth for activewear,,166,126,buy lightweight fabric for activewear,commercial_investigation,,,,6,,,thin,D,
/marketplace/heavyweight-for-activewear-buying/,,,yes,no,/marketplace/heavyweight-for-activewear-buying/,yes,Buying Heavyweight Activewear Cloth Fabric Notes,Buy activewear fabric on FabStitch with heavyweight as the constraint. Compare cloths that share a construction. See how Buying Heavyweight Activewear.,How to buy heavyweight cloth for activewear,,159,119,buy heavyweight fabric for activewear,commercial_investigation,,,,6,,,thin,D,
/marketplace/breathable-for-activewear-buying/,,,yes,no,/marketplace/breathable-for-activewear-buying/,yes,Buying Breathable Activewear Cloth Fabric Notes,Buy activewear fabric on FabStitch with breathable as the constraint. Compare cloths that share a construction. See how Buying Breathable Activewear.,How to buy breathable cloth for activewear,,154,114,buy breathable fabric for activewear,commercial_investigation,,,,6,,,thin,D,
/marketplace/stretch-for-activewear-buying/,,,yes,no,/marketplace/stretch-for-activewear-buying/,yes,Buying Stretch Activewear Cloth Fabric Notes,Buy activewear fabric on FabStitch with stretch as the constraint. Compare cloths that share a construction. See how Buying Stretch Activewear Cloth.,How to buy stretch cloth for activewear,,154,114,buy stretch fabric for activewear,commercial_investigation,,,,6,,,thin,D,
/marketplace/soft-for-activewear-buying/,,,yes,no,/marketplace/soft-for-activewear-buying/,yes,Buying Soft Activewear Cloth Fabric Notes,Buy activewear fabric on FabStitch with soft as the constraint. Compare cloths that share a construction. See how Buying Soft Activewear Cloth relates.,How to buy soft cloth for activewear,,156,116,buy soft fabric for activewear,commercial_investigation,,,,6,,,thin,D,
/marketplace/durable-for-activewear-buying/,,,yes,no,/marketplace/durable-for-activewear-buying/,yes,Buying Durable Activewear Cloth Fabric Notes,Buy activewear fabric on FabStitch with durable as the constraint. Compare cloths that share a construction. See how Buying Durable Activewear Cloth.,How to buy durable cloth for activewear,,149,109,buy durable fabric for activewear,commercial_investigation,,,,6,,,thin,D,
/marketplace/premium-for-activewear-buying/,,,yes,no,/marketplace/premium-for-activewear-buying/,yes,Buying Premium Activewear Cloth Fabric Notes,Buy activewear fabric on FabStitch with premium as the constraint. Compare cloths that share a construction. See how Buying Premium Activewear Cloth.,How to buy premium cloth for activewear,,152,112,buy premium fabric for activewear,commercial_investigation,,,,6,,,thin,D,
/marketplace/structured-for-activewear-buying/,,,yes,no,/marketplace/structured-for-activewear-buying/,yes,Buying Structured Activewear Cloth Fabric Notes,Buy activewear fabric on FabStitch with structured as the constraint. Compare cloths that share a construction. See how Buying Structured Activewear.,How to buy structured cloth for activewear,,143,103,buy structured fabric for activewear,commercial_investigation,,,,6,,,thin,D,
/marketplace/flowy-for-activewear-buying/,,,yes,no,/marketplace/flowy-for-activewear-buying/,yes,Buying Flowy Activewear Cloth Fabric Notes,Buy activewear fabric on FabStitch with flowy as the constraint. Compare cloths that share a construction. See how Buying Flowy Activewear Cloth.,How to buy flowy cloth for activewear,,150,110,buy flowy fabric for activewear,commercial_investigation,,,,6,,,thin,D,
/marketplace/sheer-for-activewear-buying/,,,yes,no,/marketplace/sheer-for-activewear-buying/,yes,Buying Sheer Activewear Cloth Fabric Notes,Buy activewear fabric on FabStitch with sheer as the constraint. Compare cloths that share a construction. See how Buying Sheer Activewear Cloth.,How to buy sheer cloth for activewear,,174,134,buy sheer fabric for activewear,commercial_investigation,,,,6,,,thin,D,
/marketplace/opaque-for-activewear-buying/,,,yes,no,/marketplace/opaque-for-activewear-buying/,yes,Buying Opaque Activewear Cloth Fabric Notes,Buy activewear fabric on FabStitch with opaque as the constraint. Compare cloths that share a construction. See how Buying Opaque Activewear Cloth.,How to buy opaque cloth for activewear,,175,135,buy opaque fabric for activewear,commercial_investigation,,,,6,,,thin,D,
/marketplace/performance-for-activewear-buying/,,,yes,no,/marketplace/performance-for-activewear-buying/,yes,Buying Performance Activewear Cloth Fabric Notes,Buy activewear fabric on FabStitch with performance as the constraint. Compare cloths that share a construction. See how Buying Performance Activewear.,How to buy performance cloth for activewear,,142,102,buy performance fabric for activewear,commercial_investigation,,,,6,,,thin,D,
/marketplace/lightweight-for-workwear-buying/,,,yes,no,/marketplace/lightweight-for-workwear-buying/,yes,Buying Lightweight Workwear Cloth Fabric Notes,Buy workwear fabric on FabStitch with lightweight as the constraint. Compare cloths that share a construction. See how Buying Lightweight Workwear.,How to buy lightweight cloth for workwear,,158,118,buy lightweight fabric for workwear,commercial_investigation,,,,5,,,thin,D,
/marketplace/heavyweight-for-workwear-buying/,,,yes,no,/marketplace/heavyweight-for-workwear-buying/,yes,Buying Heavyweight Workwear Cloth Fabric Notes,Buy workwear fabric on FabStitch with heavyweight as the constraint. Compare cloths that share a construction. See how Buying Heavyweight Workwear.,How to buy heavyweight cloth for workwear,,147,107,buy heavyweight fabric for workwear,commercial_investigation,,,,5,,,thin,D,
/marketplace/breathable-for-workwear-buying/,,,yes,no,/marketplace/breathable-for-workwear-buying/,yes,Buying Breathable Workwear Cloth Fabric Notes,Buy workwear fabric on FabStitch with breathable as the constraint. Compare cloths that share a construction. See how Buying Breathable Workwear Cloth.,How to buy breathable cloth for workwear,,142,102,buy breathable fabric for workwear,commercial_investigation,,,,5,,,thin,D,
/marketplace/stretch-for-workwear-buying/,,,yes,no,/marketplace/stretch-for-workwear-buying/,yes,Buying Stretch Workwear Cloth Fabric Notes,Buy workwear fabric on FabStitch with stretch as the constraint. Compare cloths that share a construction. See how Buying Stretch Workwear Cloth.,How to buy stretch cloth for workwear,,144,104,buy stretch fabric for workwear,commercial_investigation,,,,5,,,thin,D,
/marketplace/soft-for-workwear-buying/,,,yes,no,/marketplace/soft-for-workwear-buying/,yes,Buying Soft Workwear Cloth Fabric Notes Use Notes,Buy workwear fabric on FabStitch with soft as the constraint. Compare cloths that share a construction. See how Buying Soft Workwear Cloth relates to.,How to buy soft cloth for workwear,,147,107,buy soft fabric for workwear,commercial_investigation,,,,5,,,thin,D,
/marketplace/durable-for-workwear-buying/,,,yes,no,/marketplace/durable-for-workwear-buying/,yes,Buying Durable Workwear Cloth Fabric Notes,Buy workwear fabric on FabStitch with durable as the constraint. Compare cloths that share a construction. See how Buying Durable Workwear Cloth.,How to buy durable cloth for workwear,,136,96,buy durable fabric for workwear,commercial_investigation,,,,5,,,thin,D,
/marketplace/premium-for-workwear-buying/,,,yes,no,/marketplace/premium-for-workwear-buying/,yes,Buying Premium Workwear Cloth Fabric Notes,Buy workwear fabric on FabStitch with premium as the constraint. Compare cloths that share a construction. See how Buying Premium Workwear Cloth.,How to buy premium cloth for workwear,,142,102,buy premium fabric for workwear,commercial_investigation,,,,5,,,thin,D,
/marketplace/structured-for-workwear-buying/,,,yes,no,/marketplace/structured-for-workwear-buying/,yes,Buying Structured Workwear Cloth Fabric Notes,Buy workwear fabric on FabStitch with structured as the constraint. Compare cloths that share a construction. See how Buying Structured Workwear Cloth.,How to buy structured cloth for workwear,,132,92,buy structured fabric for workwear,commercial_investigation,,,,5,,,thin,D,
/marketplace/flowy-for-workwear-buying/,,,yes,no,/marketplace/flowy-for-workwear-buying/,yes,Buying Flowy Workwear Cloth Fabric Notes,Buy workwear fabric on FabStitch with flowy as the constraint. Compare cloths that share a construction. See how Buying Flowy Workwear Cloth relates to,How to buy flowy cloth for workwear,,141,101,buy flowy fabric for workwear,commercial_investigation,,,,5,,,thin,D,
/marketplace/sheer-for-workwear-buying/,,,yes,no,/marketplace/sheer-for-workwear-buying/,yes,Buying Sheer Workwear Cloth Fabric Notes,Buy workwear fabric on FabStitch with sheer as the constraint. Compare cloths that share a construction. See how Buying Sheer Workwear Cloth relates to,How to buy sheer cloth for workwear,,162,122,buy sheer fabric for workwear,commercial_investigation,,,,5,,,thin,D,
/marketplace/opaque-for-workwear-buying/,,,yes,no,/marketplace/opaque-for-workwear-buying/,yes,Buying Opaque Workwear Cloth Fabric Notes,Buy workwear fabric on FabStitch with opaque as the constraint. Compare cloths that share a construction. See how Buying Opaque Workwear Cloth relates.,How to buy opaque cloth for workwear,,165,125,buy opaque fabric for workwear,commercial_investigation,,,,5,,,thin,D,
/marketplace/performance-for-workwear-buying/,,,yes,no,/marketplace/performance-for-workwear-buying/,yes,Buying Performance Workwear Cloth Fabric Notes,Buy workwear fabric on FabStitch with performance as the constraint. Compare cloths that share a construction. See how Buying Performance Workwear.,How to buy performance cloth for workwear,,131,91,buy performance fabric for workwear,commercial_investigation,,,,5,,,thin,D,
/marketplace/lightweight-for-blouses-buying/,,,yes,no,/marketplace/lightweight-for-blouses-buying/,yes,Buying Lightweight Blouses Cloth Fabric Notes,Buy blouses fabric on FabStitch with lightweight as the constraint. Compare cloths that share a construction. See how Buying Lightweight Blouses Cloth.,How to buy lightweight cloth for blouses,,168,128,buy lightweight fabric for blouses,commercial_investigation,,,,5,,,thin,D,
/marketplace/heavyweight-for-blouses-buying/,,,yes,no,/marketplace/heavyweight-for-blouses-buying/,yes,Buying Heavyweight Blouses Cloth Fabric Notes,Buy blouses fabric on FabStitch with heavyweight as the constraint. Compare cloths that share a construction. See how Buying Heavyweight Blouses Cloth.,How to buy heavyweight cloth for blouses,,156,116,buy heavyweight fabric for blouses,commercial_investigation,,,,5,,,thin,D,
/marketplace/breathable-for-blouses-buying/,,,yes,no,/marketplace/breathable-for-blouses-buying/,yes,Buying Breathable Blouses Cloth Fabric Notes,Buy blouses fabric on FabStitch with breathable as the constraint. Compare cloths that share a construction. See how Buying Breathable Blouses Cloth.,How to buy breathable cloth for blouses,,147,107,buy breathable fabric for blouses,commercial_investigation,,,,5,,,thin,D,
/marketplace/stretch-for-blouses-buying/,,,yes,no,/marketplace/stretch-for-blouses-buying/,yes,Buying Stretch Blouses Cloth Fabric Notes,Buy blouses fabric on FabStitch with stretch as the constraint. Compare cloths that share a construction. See how Buying Stretch Blouses Cloth relates.,How to buy stretch cloth for blouses,,153,113,buy stretch fabric for blouses,commercial_investigation,,,,5,,,thin,D,
/marketplace/soft-for-blouses-buying/,,,yes,no,/marketplace/soft-for-blouses-buying/,yes,Buying Soft Blouses Cloth Fabric Notes Use Notes,Buy blouses fabric on FabStitch with soft as the constraint. Compare cloths that share a construction. See how Buying Soft Blouses Cloth relates to.,How to buy soft cloth for blouses,,157,117,buy soft fabric for blouses,commercial_investigation,,,,5,,,thin,D,
/marketplace/durable-for-blouses-buying/,,,yes,no,/marketplace/durable-for-blouses-buying/,yes,Buying Durable Blouses Cloth Fabric Notes,Buy blouses fabric on FabStitch with durable as the constraint. Compare cloths that share a construction. See how Buying Durable Blouses Cloth relates.,How to buy durable cloth for blouses,,146,106,buy durable fabric for blouses,commercial_investigation,,,,5,,,thin,D,
/marketplace/premium-for-blouses-buying/,,,yes,no,/marketplace/premium-for-blouses-buying/,yes,Buying Premium Blouses Cloth Fabric Notes,Buy blouses fabric on FabStitch with premium as the constraint. Compare cloths that share a construction. See how Buying Premium Blouses Cloth relates.,How to buy premium cloth for blouses,,150,110,buy premium fabric for blouses,commercial_investigation,,,,5,,,thin,D,
/marketplace/structured-for-blouses-buying/,,,yes,no,/marketplace/structured-for-blouses-buying/,yes,Buying Structured Blouses Cloth Fabric Notes,Buy blouses fabric on FabStitch with structured as the constraint. Compare cloths that share a construction. See how Buying Structured Blouses Cloth.,How to buy structured cloth for blouses,,142,102,buy structured fabric for blouses,commercial_investigation,,,,5,,,thin,D,
/marketplace/flowy-for-blouses-buying/,,,yes,no,/marketplace/flowy-for-blouses-buying/,yes,Buying Flowy Blouses Cloth Fabric Notes Use Notes,Buy blouses fabric on FabStitch with flowy as the constraint. Compare cloths that share a construction. See how Buying Flowy Blouses Cloth relates to.,How to buy flowy cloth for blouses,,147,107,buy flowy fabric for blouses,commercial_investigation,,,,5,,,thin,D,
/marketplace/sheer-for-blouses-buying/,,,yes,no,/marketplace/sheer-for-blouses-buying/,yes,Buying Sheer Blouses Cloth Fabric Notes Use Notes,Buy blouses fabric on FabStitch with sheer as the constraint. Compare cloths that share a construction. See how Buying Sheer Blouses Cloth relates to.,How to buy sheer cloth for blouses,,174,134,buy sheer fabric for blouses,commercial_investigation,,,,5,,,thin,D,
/marketplace/opaque-for-blouses-buying/,,,yes,no,/marketplace/opaque-for-blouses-buying/,yes,Buying Opaque Blouses Cloth Fabric Notes,Buy blouses fabric on FabStitch with opaque as the constraint. Compare cloths that share a construction. See how Buying Opaque Blouses Cloth relates to,How to buy opaque cloth for blouses,,173,133,buy opaque fabric for blouses,commercial_investigation,,,,5,,,thin,D,
/marketplace/performance-for-blouses-buying/,,,yes,no,/marketplace/performance-for-blouses-buying/,yes,Buying Performance Blouses Cloth Fabric Notes,Buy blouses fabric on FabStitch with performance as the constraint. Compare cloths that share a construction. See how Buying Performance Blouses Cloth.,How to buy performance cloth for blouses,,141,101,buy performance fabric for blouses,commercial_investigation,,,,5,,,thin,D,
/marketplace/lightweight-for-skirts-buying/,,,yes,no,/marketplace/lightweight-for-skirts-buying/,yes,Buying Lightweight Skirts Cloth Fabric Notes,Buy skirts fabric on FabStitch with lightweight as the constraint. Compare cloths that share a construction. See how Buying Lightweight Skirts Cloth.,How to buy lightweight cloth for skirts,,164,124,buy lightweight fabric for skirts,commercial_investigation,,,,5,,,thin,D,
/marketplace/heavyweight-for-skirts-buying/,,,yes,no,/marketplace/heavyweight-for-skirts-buying/,yes,Buying Heavyweight Skirts Cloth Fabric Notes,Buy skirts fabric on FabStitch with heavyweight as the constraint. Compare cloths that share a construction. See how Buying Heavyweight Skirts Cloth.,How to buy heavyweight cloth for skirts,,156,116,buy heavyweight fabric for skirts,commercial_investigation,,,,5,,,thin,D,
/marketplace/breathable-for-skirts-buying/,,,yes,no,/marketplace/breathable-for-skirts-buying/,yes,Buying Breathable Skirts Cloth Fabric Notes,Buy skirts fabric on FabStitch with breathable as the constraint. Compare cloths that share a construction. See how Buying Breathable Skirts Cloth.,How to buy breathable cloth for skirts,,154,114,buy breathable fabric for skirts,commercial_investigation,,,,5,,,thin,D,
/marketplace/stretch-for-skirts-buying/,,,yes,no,/marketplace/stretch-for-skirts-buying/,yes,Buying Stretch Skirts Cloth Fabric Notes,Buy skirts fabric on FabStitch with stretch as the constraint. Compare cloths that share a construction. See how Buying Stretch Skirts Cloth relates to,How to buy stretch cloth for skirts,,156,116,buy stretch fabric for skirts,commercial_investigation,,,,5,,,thin,D,
/marketplace/soft-for-skirts-buying/,,,yes,no,/marketplace/soft-for-skirts-buying/,yes,Buying Soft Skirts Cloth Fabric Notes for Apparel,Buy skirts fabric on FabStitch with soft as the constraint. Compare cloths that share a construction. See how Buying Soft Skirts Cloth relates to.,How to buy soft cloth for skirts,,157,117,buy soft fabric for skirts,commercial_investigation,,,,5,,,thin,D,
/marketplace/durable-for-skirts-buying/,,,yes,no,/marketplace/durable-for-skirts-buying/,yes,Buying Durable Skirts Cloth Fabric Notes,Buy skirts fabric on FabStitch with durable as the constraint. Compare cloths that share a construction. See how Buying Durable Skirts Cloth relates to,How to buy durable cloth for skirts,,150,110,buy durable fabric for skirts,commercial_investigation,,,,5,,,thin,D,
/marketplace/premium-for-skirts-buying/,,,yes,no,/marketplace/premium-for-skirts-buying/,yes,Buying Premium Skirts Cloth Fabric Notes,Buy skirts fabric on FabStitch with premium as the constraint. Compare cloths that share a construction. See how Buying Premium Skirts Cloth relates to,How to buy premium cloth for skirts,,150,110,buy premium fabric for skirts,commercial_investigation,,,,5,,,thin,D,
/marketplace/structured-for-skirts-buying/,,,yes,no,/marketplace/structured-for-skirts-buying/,yes,Buying Structured Skirts Cloth Fabric Notes,Buy skirts fabric on FabStitch with structured as the constraint. Compare cloths that share a construction. See how Buying Structured Skirts Cloth.,How to buy structured cloth for skirts,,144,104,buy structured fabric for skirts,commercial_investigation,,,,5,,,thin,D,
/marketplace/flowy-for-skirts-buying/,,,yes,no,/marketplace/flowy-for-skirts-buying/,yes,Buying Flowy Skirts Cloth Fabric Notes Use Notes,Buy skirts fabric on FabStitch with flowy as the constraint. Compare cloths that share a construction. See how Buying Flowy Skirts Cloth relates to.,How to buy flowy cloth for skirts,,154,114,buy flowy fabric for skirts,commercial_investigation,,,,5,,,thin,D,
/marketplace/sheer-for-skirts-buying/,,,yes,no,/marketplace/sheer-for-skirts-buying/,yes,Buying Sheer Skirts Cloth Fabric Notes Use Notes,Buy skirts fabric on FabStitch with sheer as the constraint. Compare cloths that share a construction. See how Buying Sheer Skirts Cloth relates to.,How to buy sheer cloth for skirts,,178,138,buy sheer fabric for skirts,commercial_investigation,,,,5,,,thin,D,
/marketplace/opaque-for-skirts-buying/,,,yes,no,/marketplace/opaque-for-skirts-buying/,yes,Buying Opaque Skirts Cloth Fabric Notes Use Notes,Buy skirts fabric on FabStitch with opaque as the constraint. Compare cloths that share a construction. See how Buying Opaque Skirts Cloth relates to.,How to buy opaque cloth for skirts,,174,134,buy opaque fabric for skirts,commercial_investigation,,,,5,,,thin,D,
/marketplace/performance-for-skirts-buying/,,,yes,no,/marketplace/performance-for-skirts-buying/,yes,Buying Performance Skirts Cloth Fabric Notes,Buy skirts fabric on FabStitch with performance as the constraint. Compare cloths that share a construction. See how Buying Performance Skirts Cloth.,How to buy performance cloth for skirts,,143,103,buy performance fabric for skirts,commercial_investigation,,,,5,,,thin,D,
/marketplace/lightweight-for-outerwear-buying/,,,yes,no,/marketplace/lightweight-for-outerwear-buying/,yes,Buying Lightweight Outerwear Cloth Fabric Notes,Buy outerwear fabric on FabStitch with lightweight as the constraint. Compare cloths that share a construction. See how Buying Lightweight Outerwear.,How to buy lightweight cloth for outerwear,,155,115,buy lightweight fabric for outerwear,commercial_investigation,,,,6,,,thin,D,
/marketplace/heavyweight-for-outerwear-buying/,,,yes,no,/marketplace/heavyweight-for-outerwear-buying/,yes,Buying Heavyweight Outerwear Cloth Fabric Notes,Buy outerwear fabric on FabStitch with heavyweight as the constraint. Compare cloths that share a construction. See how Buying Heavyweight Outerwear.,How to buy heavyweight cloth for outerwear,,144,104,buy heavyweight fabric for outerwear,commercial_investigation,,,,6,,,thin,D,
/marketplace/breathable-for-outerwear-buying/,,,yes,no,/marketplace/breathable-for-outerwear-buying/,yes,Buying Breathable Outerwear Cloth Fabric Notes,Buy outerwear fabric on FabStitch with breathable as the constraint. Compare cloths that share a construction. See how Buying Breathable Outerwear.,How to buy breathable cloth for outerwear,,146,106,buy breathable fabric for outerwear,commercial_investigation,,,,6,,,thin,D,
/marketplace/stretch-for-outerwear-buying/,,,yes,no,/marketplace/stretch-for-outerwear-buying/,yes,Buying Stretch Outerwear Cloth Fabric Notes,Buy outerwear fabric on FabStitch with stretch as the constraint. Compare cloths that share a construction. See how Buying Stretch Outerwear Cloth.,How to buy stretch cloth for outerwear,,144,104,buy stretch fabric for outerwear,commercial_investigation,,,,6,,,thin,D,
/marketplace/soft-for-outerwear-buying/,,,yes,no,/marketplace/soft-for-outerwear-buying/,yes,Buying Soft Outerwear Cloth Fabric Notes,Buy outerwear fabric on FabStitch with soft as the constraint. Compare cloths that share a construction. See how Buying Soft Outerwear Cloth relates to,How to buy soft cloth for outerwear,,144,104,buy soft fabric for outerwear,commercial_investigation,,,,6,,,thin,D,
/marketplace/durable-for-outerwear-buying/,,,yes,no,/marketplace/durable-for-outerwear-buying/,yes,Buying Durable Outerwear Cloth Fabric Notes,Buy outerwear fabric on FabStitch with durable as the constraint. Compare cloths that share a construction. See how Buying Durable Outerwear Cloth.,How to buy durable cloth for outerwear,,139,99,buy durable fabric for outerwear,commercial_investigation,,,,6,,,thin,D,
/marketplace/premium-for-outerwear-buying/,,,yes,no,/marketplace/premium-for-outerwear-buying/,yes,Buying Premium Outerwear Cloth Fabric Notes,Buy outerwear fabric on FabStitch with premium as the constraint. Compare cloths that share a construction. See how Buying Premium Outerwear Cloth.,How to buy premium cloth for outerwear,,145,105,buy premium fabric for outerwear,commercial_investigation,,,,6,,,thin,D,
/marketplace/structured-for-outerwear-buying/,,,yes,no,/marketplace/structured-for-outerwear-buying/,yes,Buying Structured Outerwear Cloth Fabric Notes,Buy outerwear fabric on FabStitch with structured as the constraint. Compare cloths that share a construction. See how Buying Structured Outerwear.,How to buy structured cloth for outerwear,,133,93,buy structured fabric for outerwear,commercial_investigation,,,,6,,,thin,D,
/marketplace/flowy-for-outerwear-buying/,,,yes,no,/marketplace/flowy-for-outerwear-buying/,yes,Buying Flowy Outerwear Cloth Fabric Notes,Buy outerwear fabric on FabStitch with flowy as the constraint. Compare cloths that share a construction. See how Buying Flowy Outerwear Cloth relates.,How to buy flowy cloth for outerwear,,144,104,buy flowy fabric for outerwear,commercial_investigation,,,,6,,,thin,D,
/marketplace/sheer-for-outerwear-buying/,,,yes,no,/marketplace/sheer-for-outerwear-buying/,yes,Buying Sheer Outerwear Cloth Fabric Notes,Buy outerwear fabric on FabStitch with sheer as the constraint. Compare cloths that share a construction. See how Buying Sheer Outerwear Cloth relates.,How to buy sheer cloth for outerwear,,164,124,buy sheer fabric for outerwear,commercial_investigation,,,,6,,,thin,D,
/marketplace/opaque-for-outerwear-buying/,,,yes,no,/marketplace/opaque-for-outerwear-buying/,yes,Buying Opaque Outerwear Cloth Fabric Notes,Buy outerwear fabric on FabStitch with opaque as the constraint. Compare cloths that share a construction. See how Buying Opaque Outerwear Cloth.,How to buy opaque cloth for outerwear,,162,122,buy opaque fabric for outerwear,commercial_investigation,,,,6,,,thin,D,
/marketplace/performance-for-outerwear-buying/,,,yes,no,/marketplace/performance-for-outerwear-buying/,yes,Buying Performance Outerwear Cloth Fabric Notes,Buy outerwear fabric on FabStitch with performance as the constraint. Compare cloths that share a construction. See how Buying Performance Outerwear.,How to buy performance cloth for outerwear,,132,92,buy performance fabric for outerwear,commercial_investigation,,,,6,,,thin,D,
/marketplace/lightweight-for-loungewear-buying/,,,yes,no,/marketplace/lightweight-for-loungewear-buying/,yes,Buying Lightweight Loungewear Cloth Fabric Notes,Buy loungewear fabric on FabStitch with lightweight as the constraint. Compare cloths that share a construction. See how Buying Lightweight Loungewear.,How to buy lightweight cloth for loungewear,,156,116,buy lightweight fabric for loungewear,commercial_investigation,,,,5,,,thin,D,
/marketplace/heavyweight-for-loungewear-buying/,,,yes,no,/marketplace/heavyweight-for-loungewear-buying/,yes,Buying Heavyweight Loungewear Cloth Fabric Notes,Buy loungewear fabric on FabStitch with heavyweight as the constraint. Compare cloths that share a construction. See how Buying Heavyweight Loungewear.,How to buy heavyweight cloth for loungewear,,148,108,buy heavyweight fabric for loungewear,commercial_investigation,,,,5,,,thin,D,
/marketplace/breathable-for-loungewear-buying/,,,yes,no,/marketplace/breathable-for-loungewear-buying/,yes,Buying Breathable Loungewear Cloth Fabric Notes,Buy loungewear fabric on FabStitch with breathable as the constraint. Compare cloths that share a construction. See how Buying Breathable Loungewear.,How to buy breathable cloth for loungewear,,139,99,buy breathable fabric for loungewear,commercial_investigation,,,,5,,,thin,D,
/marketplace/stretch-for-loungewear-buying/,,,yes,no,/marketplace/stretch-for-loungewear-buying/,yes,Buying Stretch Loungewear Cloth Fabric Notes,Buy loungewear fabric on FabStitch with stretch as the constraint. Compare cloths that share a construction. See how Buying Stretch Loungewear Cloth.,How to buy stretch cloth for loungewear,,143,103,buy stretch fabric for loungewear,commercial_investigation,,,,5,,,thin,D,
/marketplace/soft-for-loungewear-buying/,,,yes,no,/marketplace/soft-for-loungewear-buying/,yes,Buying Soft Loungewear Cloth Fabric Notes,Buy loungewear fabric on FabStitch with soft as the constraint. Compare cloths that share a construction. See how Buying Soft Loungewear Cloth relates.,How to buy soft cloth for loungewear,,145,105,buy soft fabric for loungewear,commercial_investigation,,,,5,,,thin,D,
/marketplace/durable-for-loungewear-buying/,,,yes,no,/marketplace/durable-for-loungewear-buying/,yes,Buying Durable Loungewear Cloth Fabric Notes,Buy loungewear fabric on FabStitch with durable as the constraint. Compare cloths that share a construction. See how Buying Durable Loungewear Cloth.,How to buy durable cloth for loungewear,,137,97,buy durable fabric for loungewear,commercial_investigation,,,,5,,,thin,D,
/marketplace/premium-for-loungewear-buying/,,,yes,no,/marketplace/premium-for-loungewear-buying/,yes,Buying Premium Loungewear Cloth Fabric Notes,Buy loungewear fabric on FabStitch with premium as the constraint. Compare cloths that share a construction. See how Buying Premium Loungewear Cloth.,How to buy premium cloth for loungewear,,142,102,buy premium fabric for loungewear,commercial_investigation,,,,5,,,thin,D,
/marketplace/structured-for-loungewear-buying/,,,yes,no,/marketplace/structured-for-loungewear-buying/,yes,Buying Structured Loungewear Cloth Fabric Notes,Buy loungewear fabric on FabStitch with structured as the constraint. Compare cloths that share a construction. See how Buying Structured Loungewear.,How to buy structured cloth for loungewear,,133,93,buy structured fabric for loungewear,commercial_investigation,,,,5,,,thin,D,
/marketplace/flowy-for-loungewear-buying/,,,yes,no,/marketplace/flowy-for-loungewear-buying/,yes,Buying Flowy Loungewear Cloth Fabric Notes,Buy loungewear fabric on FabStitch with flowy as the constraint. Compare cloths that share a construction. See how Buying Flowy Loungewear Cloth.,How to buy flowy cloth for loungewear,,142,102,buy flowy fabric for loungewear,commercial_investigation,,,,5,,,thin,D,
/marketplace/sheer-for-loungewear-buying/,,,yes,no,/marketplace/sheer-for-loungewear-buying/,yes,Buying Sheer Loungewear Cloth Fabric Notes,Buy loungewear fabric on FabStitch with sheer as the constraint. Compare cloths that share a construction. See how Buying Sheer Loungewear Cloth.,How to buy sheer cloth for loungewear,,165,125,buy sheer fabric for loungewear,commercial_investigation,,,,5,,,thin,D,
/marketplace/opaque-for-loungewear-buying/,,,yes,no,/marketplace/opaque-for-loungewear-buying/,yes,Buying Opaque Loungewear Cloth Fabric Notes,Buy loungewear fabric on FabStitch with opaque as the constraint. Compare cloths that share a construction. See how Buying Opaque Loungewear Cloth.,How to buy opaque cloth for loungewear,,166,126,buy opaque fabric for loungewear,commercial_investigation,,,,5,,,thin,D,
/marketplace/performance-for-loungewear-buying/,,,yes,no,/marketplace/performance-for-loungewear-buying/,yes,Buying Performance Loungewear Cloth Fabric Notes,Buy loungewear fabric on FabStitch with performance as the constraint. Compare cloths that share a construction. See how Buying Performance Loungewear.,How to buy performance cloth for loungewear,,127,87,buy performance fabric for loungewear,commercial_investigation,,,,5,,,thin,D,
/marketplace/lightweight-for-knitwear-buying/,,,yes,no,/marketplace/lightweight-for-knitwear-buying/,yes,Buying Lightweight Knitwear Cloth Fabric Notes,Buy knitwear fabric on FabStitch with lightweight as the constraint. Compare cloths that share a construction. See how Buying Lightweight Knitwear.,How to buy lightweight cloth for knitwear,,159,119,buy lightweight fabric for knitwear,commercial_investigation,,,,6,,,thin,D,
/marketplace/heavyweight-for-knitwear-buying/,,,yes,no,/marketplace/heavyweight-for-knitwear-buying/,yes,Buying Heavyweight Knitwear Cloth Fabric Notes,Buy knitwear fabric on FabStitch with heavyweight as the constraint. Compare cloths that share a construction. See how Buying Heavyweight Knitwear.,How to buy heavyweight cloth for knitwear,,148,108,buy heavyweight fabric for knitwear,commercial_investigation,,,,6,,,thin,D,
/marketplace/breathable-for-knitwear-buying/,,,yes,no,/marketplace/breathable-for-knitwear-buying/,yes,Buying Breathable Knitwear Cloth Fabric Notes,Buy knitwear fabric on FabStitch with breathable as the constraint. Compare cloths that share a construction. See how Buying Breathable Knitwear Cloth.,How to buy breathable cloth for knitwear,,145,105,buy breathable fabric for knitwear,commercial_investigation,,,,6,,,thin,D,
/marketplace/stretch-for-knitwear-buying/,,,yes,no,/marketplace/stretch-for-knitwear-buying/,yes,Buying Stretch Knitwear Cloth Fabric Notes,Buy knitwear fabric on FabStitch with stretch as the constraint. Compare cloths that share a construction. See how Buying Stretch Knitwear Cloth.,How to buy stretch cloth for knitwear,,145,105,buy stretch fabric for knitwear,commercial_investigation,,,,6,,,thin,D,
/marketplace/soft-for-knitwear-buying/,,,yes,no,/marketplace/soft-for-knitwear-buying/,yes,Buying Soft Knitwear Cloth Fabric Notes Use Notes,Buy knitwear fabric on FabStitch with soft as the constraint. Compare cloths that share a construction. See how Buying Soft Knitwear Cloth relates to.,How to buy soft cloth for knitwear,,149,109,buy soft fabric for knitwear,commercial_investigation,,,,6,,,thin,D,
/marketplace/durable-for-knitwear-buying/,,,yes,no,/marketplace/durable-for-knitwear-buying/,yes,Buying Durable Knitwear Cloth Fabric Notes,Buy knitwear fabric on FabStitch with durable as the constraint. Compare cloths that share a construction. See how Buying Durable Knitwear Cloth.,How to buy durable cloth for knitwear,,141,101,buy durable fabric for knitwear,commercial_investigation,,,,6,,,thin,D,
/marketplace/premium-for-knitwear-buying/,,,yes,no,/marketplace/premium-for-knitwear-buying/,yes,Buying Premium Knitwear Cloth Fabric Notes,Buy knitwear fabric on FabStitch with premium as the constraint. Compare cloths that share a construction. See how Buying Premium Knitwear Cloth.,How to buy premium cloth for knitwear,,145,105,buy premium fabric for knitwear,commercial_investigation,,,,6,,,thin,D,
/marketplace/structured-for-knitwear-buying/,,,yes,no,/marketplace/structured-for-knitwear-buying/,yes,Buying Structured Knitwear Cloth Fabric Notes,Buy knitwear fabric on FabStitch with structured as the constraint. Compare cloths that share a construction. See how Buying Structured Knitwear Cloth.,How to buy structured cloth for knitwear,,132,92,buy structured fabric for knitwear,commercial_investigation,,,,6,,,thin,D,
/marketplace/flowy-for-knitwear-buying/,,,yes,no,/marketplace/flowy-for-knitwear-buying/,yes,Buying Flowy Knitwear Cloth Fabric Notes,Buy knitwear fabric on FabStitch with flowy as the constraint. Compare cloths that share a construction. See how Buying Flowy Knitwear Cloth relates to,How to buy flowy cloth for knitwear,,142,102,buy flowy fabric for knitwear,commercial_investigation,,,,6,,,thin,D,
/marketplace/sheer-for-knitwear-buying/,,,yes,no,/marketplace/sheer-for-knitwear-buying/,yes,Buying Sheer Knitwear Cloth Fabric Notes,Buy knitwear fabric on FabStitch with sheer as the constraint. Compare cloths that share a construction. See how Buying Sheer Knitwear Cloth relates to,How to buy sheer cloth for knitwear,,167,127,buy sheer fabric for knitwear,commercial_investigation,,,,6,,,thin,D,
/marketplace/opaque-for-knitwear-buying/,,,yes,no,/marketplace/opaque-for-knitwear-buying/,yes,Buying Opaque Knitwear Cloth Fabric Notes,Buy knitwear fabric on FabStitch with opaque as the constraint. Compare cloths that share a construction. See how Buying Opaque Knitwear Cloth relates.,How to buy opaque cloth for knitwear,,166,126,buy opaque fabric for knitwear,commercial_investigation,,,,6,,,thin,D,
/marketplace/performance-for-knitwear-buying/,,,yes,no,/marketplace/performance-for-knitwear-buying/,yes,Buying Performance Knitwear Cloth Fabric Notes,Buy knitwear fabric on FabStitch with performance as the constraint. Compare cloths that share a construction. See how Buying Performance Knitwear.,How to buy performance cloth for knitwear,,131,91,buy performance fabric for knitwear,commercial_investigation,,,,6,,,thin,D,
/marketplace/woven-cotton-marketplace-notes/,,,yes,no,/marketplace/woven-cotton-marketplace-notes/,yes,Woven Cotton Marketplace Notes Fabric Notes,Review woven cotton on the FabStitch marketplace. Construction changes the cloth more than the fibre name alone. See how Woven Cotton Marketplace Notes,Woven cotton on the marketplace,,153,113,woven cotton marketplace,commercial_investigation,,,,7,,,thin,D,
/marketplace/knit-cotton-marketplace-notes/,,,yes,no,/marketplace/knit-cotton-marketplace-notes/,yes,Knit Cotton Marketplace Notes Fabric Notes,Review knit cotton on the FabStitch marketplace. Construction changes the cloth more than the fibre name alone. See how Knit Cotton Marketplace Notes.,Knit cotton on the marketplace,,152,112,knit cotton marketplace,commercial_investigation,,,,7,,,thin,D,
/marketplace/woven-linen-marketplace-notes/,,,yes,no,/marketplace/woven-linen-marketplace-notes/,yes,Woven Linen Marketplace Notes Fabric Notes,Review woven linen on the FabStitch marketplace. Construction changes the cloth more than the fibre name alone. See how Woven Linen Marketplace Notes.,Woven linen on the marketplace,,153,113,woven linen marketplace,commercial_investigation,,,,7,,,thin,D,
/marketplace/knit-linen-marketplace-notes/,,,yes,no,/marketplace/knit-linen-marketplace-notes/,yes,Knit Linen Marketplace Notes Fabric Notes,Review knit linen on the FabStitch marketplace. Construction changes the cloth more than the fibre name alone. See how Knit Linen Marketplace Notes.,Knit linen on the marketplace,,148,108,knit linen marketplace,commercial_investigation,,,,7,,,thin,D,
/marketplace/woven-silk-marketplace-notes/,,,yes,no,/marketplace/woven-silk-marketplace-notes/,yes,Woven Silk Marketplace Notes Fabric Notes,Review woven silk on the FabStitch marketplace. Construction changes the cloth more than the fibre name alone. See how Woven Silk Marketplace Notes.,Woven silk on the marketplace,,149,109,woven silk marketplace,commercial_investigation,,,,7,,,thin,D,
/marketplace/knit-silk-marketplace-notes/,,,yes,no,/marketplace/knit-silk-marketplace-notes/,yes,Knit Silk Marketplace Notes Fabric Notes,Review knit silk on the FabStitch marketplace. Construction changes the cloth more than the fibre name alone. See how Knit Silk Marketplace Notes.,Knit silk on the marketplace,,150,110,knit silk marketplace,commercial_investigation,,,,7,,,thin,D,
/marketplace/woven-wool-marketplace-notes/,,,yes,no,/marketplace/woven-wool-marketplace-notes/,yes,Woven Wool Marketplace Notes Fabric Notes,Review woven wool on the FabStitch marketplace. Construction changes the cloth more than the fibre name alone. See how Woven Wool Marketplace Notes.,Woven wool on the marketplace,,157,117,woven wool marketplace,commercial_investigation,,,,7,,,thin,D,
/marketplace/knit-wool-marketplace-notes/,,,yes,no,/marketplace/knit-wool-marketplace-notes/,yes,Knit Wool Marketplace Notes Fabric Notes,Review knit wool on the FabStitch marketplace. Construction changes the cloth more than the fibre name alone. See how Knit Wool Marketplace Notes.,Knit wool on the marketplace,,150,110,knit wool marketplace,commercial_investigation,,,,7,,,thin,D,
/marketplace/woven-denim-marketplace-notes/,,,yes,no,/marketplace/woven-denim-marketplace-notes/,yes,Woven Denim Marketplace Notes Fabric Notes,Review woven denim on the FabStitch marketplace. Construction changes the cloth more than the fibre name alone. See how Woven Denim Marketplace Notes.,Woven denim on the marketplace,,153,113,woven denim marketplace,commercial_investigation,,,,7,,,thin,D,
/marketplace/knit-denim-marketplace-notes/,,,yes,no,/marketplace/knit-denim-marketplace-notes/,yes,Knit Denim Marketplace Notes Fabric Notes,Review knit denim on the FabStitch marketplace. Construction changes the cloth more than the fibre name alone. See how Knit Denim Marketplace Notes.,Knit denim on the marketplace,,155,115,knit denim marketplace,commercial_investigation,,,,7,,,thin,D,
/marketplace/woven-polyester-marketplace-notes/,,,yes,no,/marketplace/woven-polyester-marketplace-notes/,yes,Woven Polyester Marketplace Notes Fabric Notes,Review woven polyester on the FabStitch marketplace. Construction changes the cloth more than the fibre name alone. See how Woven Polyester Marketplace,Woven polyester on the marketplace,,148,108,woven polyester marketplace,commercial_investigation,,,,7,,,thin,D,
/marketplace/knit-polyester-marketplace-notes/,,,yes,no,/marketplace/knit-polyester-marketplace-notes/,yes,Knit Polyester Marketplace Notes Fabric Notes,Review knit polyester on the FabStitch marketplace. Construction changes the cloth more than the fibre name alone. See how Knit Polyester Marketplace.,Knit polyester on the marketplace,,148,108,knit polyester marketplace,commercial_investigation,,,,7,,,thin,D,
/marketplace/woven-viscose-marketplace-notes/,,,yes,no,/marketplace/woven-viscose-marketplace-notes/,yes,Woven Viscose Marketplace Notes Fabric Notes,Review woven viscose on the FabStitch marketplace. Construction changes the cloth more than the fibre name alone. See how Woven Viscose Marketplace.,Woven viscose on the marketplace,,150,110,woven viscose marketplace,commercial_investigation,,,,7,,,thin,D,
/marketplace/knit-viscose-marketplace-notes/,,,yes,no,/marketplace/knit-viscose-marketplace-notes/,yes,Knit Viscose Marketplace Notes Fabric Notes,Review knit viscose on the FabStitch marketplace. Construction changes the cloth more than the fibre name alone. See how Knit Viscose Marketplace Notes,Knit viscose on the marketplace,,151,111,knit viscose marketplace,commercial_investigation,,,,7,,,thin,D,
/marketplace/woven-rayon-marketplace-notes/,,,yes,no,/marketplace/woven-rayon-marketplace-notes/,yes,Woven Rayon Marketplace Notes Fabric Notes,Review woven rayon on the FabStitch marketplace. Construction changes the cloth more than the fibre name alone. See how Woven Rayon Marketplace Notes.,Woven rayon on the marketplace,,150,110,woven rayon marketplace,commercial_investigation,,,,7,,,thin,D,
/marketplace/knit-rayon-marketplace-notes/,,,yes,no,/marketplace/knit-rayon-marketplace-notes/,yes,Knit Rayon Marketplace Notes Fabric Notes,Review knit rayon on the FabStitch marketplace. Construction changes the cloth more than the fibre name alone. See how Knit Rayon Marketplace Notes.,Knit rayon on the marketplace,,145,105,knit rayon marketplace,commercial_investigation,,,,7,,,thin,D,
/marketplace/woven-jersey-marketplace-notes/,,,yes,no,/marketplace/woven-jersey-marketplace-notes/,yes,Woven Jersey Marketplace Notes Fabric Notes,Review woven jersey on the FabStitch marketplace. Construction changes the cloth more than the fibre name alone. See how Woven Jersey Marketplace Notes,Woven jersey on the marketplace,,151,111,woven jersey marketplace,commercial_investigation,,,,8,,,thin,D,
/marketplace/knit-jersey-marketplace-notes/,,,yes,no,/marketplace/knit-jersey-marketplace-notes/,yes,Knit Jersey Marketplace Notes Fabric Notes,Review knit jersey on the FabStitch marketplace. Construction changes the cloth more than the fibre name alone. See how Knit Jersey Marketplace Notes.,Knit jersey on the marketplace,,150,110,knit jersey marketplace,commercial_investigation,,,,8,,,thin,D,
/marketplace/woven-velvet-marketplace-notes/,,,yes,no,/marketplace/woven-velvet-marketplace-notes/,yes,Woven Velvet Marketplace Notes Fabric Notes,Review woven velvet on the FabStitch marketplace. Construction changes the cloth more than the fibre name alone. See how Woven Velvet Marketplace Notes,Woven velvet on the marketplace,,148,108,woven velvet marketplace,commercial_investigation,,,,8,,,thin,D,
/marketplace/knit-velvet-marketplace-notes/,,,yes,no,/marketplace/knit-velvet-marketplace-notes/,yes,Knit Velvet Marketplace Notes Fabric Notes,Review knit velvet on the FabStitch marketplace. Construction changes the cloth more than the fibre name alone. See how Knit Velvet Marketplace Notes.,Knit velvet on the marketplace,,150,110,knit velvet marketplace,commercial_investigation,,,,8,,,thin,D,
/marketplace/woven-chiffon-marketplace-notes/,,,yes,no,/marketplace/woven-chiffon-marketplace-notes/,yes,Woven Chiffon Marketplace Notes Fabric Notes,Review woven chiffon on the FabStitch marketplace. Construction changes the cloth more than the fibre name alone. See how Woven Chiffon Marketplace.,Woven chiffon on the marketplace,,145,105,woven chiffon marketplace,commercial_investigation,,,,8,,,thin,D,
/marketplace/knit-chiffon-marketplace-notes/,,,yes,no,/marketplace/knit-chiffon-marketplace-notes/,yes,Knit Chiffon Marketplace Notes Fabric Notes,Review knit chiffon on the FabStitch marketplace. Construction changes the cloth more than the fibre name alone. See how Knit Chiffon Marketplace Notes,Knit chiffon on the marketplace,,143,103,knit chiffon marketplace,commercial_investigation,,,,8,,,thin,D,
/marketplace/woven-georgette-marketplace-notes/,,,yes,no,/marketplace/woven-georgette-marketplace-notes/,yes,Woven Georgette Marketplace Notes Fabric Notes,Review woven georgette on the FabStitch marketplace. Construction changes the cloth more than the fibre name alone. See how Woven Georgette Marketplace,Woven georgette on the marketplace,,146,106,woven georgette marketplace,commercial_investigation,,,,8,,,thin,D,
/marketplace/knit-georgette-marketplace-notes/,,,yes,no,/marketplace/knit-georgette-marketplace-notes/,yes,Knit Georgette Marketplace Notes Fabric Notes,Review knit georgette on the FabStitch marketplace. Construction changes the cloth more than the fibre name alone. See how Knit Georgette Marketplace.,Knit georgette on the marketplace,,150,110,knit georgette marketplace,commercial_investigation,,,,8,,,thin,D,
/marketplace/woven-poplin-marketplace-notes/,,,yes,no,/marketplace/woven-poplin-marketplace-notes/,yes,Woven Poplin Marketplace Notes Fabric Notes,Review woven poplin on the FabStitch marketplace. Construction changes the cloth more than the fibre name alone. See how Woven Poplin Marketplace Notes,Woven poplin on the marketplace,,149,109,woven poplin marketplace,commercial_investigation,,,,8,,,thin,D,
/marketplace/knit-poplin-marketplace-notes/,,,yes,no,/marketplace/knit-poplin-marketplace-notes/,yes,Knit Poplin Marketplace Notes Fabric Notes,Review knit poplin on the FabStitch marketplace. Construction changes the cloth more than the fibre name alone. See how Knit Poplin Marketplace Notes.,Knit poplin on the marketplace,,149,109,knit poplin marketplace,commercial_investigation,,,,8,,,thin,D,
/marketplace/woven-satin-marketplace-notes/,,,yes,no,/marketplace/woven-satin-marketplace-notes/,yes,Woven Satin Marketplace Notes Fabric Notes,Review woven satin on the FabStitch marketplace. Construction changes the cloth more than the fibre name alone. See how Woven Satin Marketplace Notes.,Woven satin on the marketplace,,146,106,woven satin marketplace,commercial_investigation,,,,7,,,thin,D,
/marketplace/knit-satin-marketplace-notes/,,,yes,no,/marketplace/knit-satin-marketplace-notes/,yes,Knit Satin Marketplace Notes Fabric Notes,Review knit satin on the FabStitch marketplace. Construction changes the cloth more than the fibre name alone. See how Knit Satin Marketplace Notes.,Knit satin on the marketplace,,143,103,knit satin marketplace,commercial_investigation,,,,7,,,thin,D,
/marketplace/woven-crepe-marketplace-notes/,,,yes,no,/marketplace/woven-crepe-marketplace-notes/,yes,Woven Crepe Marketplace Notes Fabric Notes,Review woven crepe on the FabStitch marketplace. Construction changes the cloth more than the fibre name alone. See how Woven Crepe Marketplace Notes.,Woven crepe on the marketplace,,151,111,woven crepe marketplace,commercial_investigation,,,,7,,,thin,D,
/marketplace/knit-crepe-marketplace-notes/,,,yes,no,/marketplace/knit-crepe-marketplace-notes/,yes,Knit Crepe Marketplace Notes Fabric Notes,Review knit crepe on the FabStitch marketplace. Construction changes the cloth more than the fibre name alone. See how Knit Crepe Marketplace Notes.,Knit crepe on the marketplace,,147,107,knit crepe marketplace,commercial_investigation,,,,7,,,thin,D,
/marketplace/woven-canvas-marketplace-notes/,,,yes,no,/marketplace/woven-canvas-marketplace-notes/,yes,Woven Canvas Marketplace Notes Fabric Notes,Review woven canvas on the FabStitch marketplace. Construction changes the cloth more than the fibre name alone. See how Woven Canvas Marketplace Notes,Woven canvas on the marketplace,,149,109,woven canvas marketplace,commercial_investigation,,,,7,,,thin,D,
/marketplace/knit-canvas-marketplace-notes/,,,yes,no,/marketplace/knit-canvas-marketplace-notes/,yes,Knit Canvas Marketplace Notes Fabric Notes,Review knit canvas on the FabStitch marketplace. Construction changes the cloth more than the fibre name alone. See how Knit Canvas Marketplace Notes.,Knit canvas on the marketplace,,147,107,knit canvas marketplace,commercial_investigation,,,,7,,,thin,D,
/marketplace/woven-oxford-marketplace-notes/,,,yes,no,/marketplace/woven-oxford-marketplace-notes/,yes,Woven Oxford Marketplace Notes Fabric Notes,Review woven oxford on the FabStitch marketplace. Construction changes the cloth more than the fibre name alone. See how Woven Oxford Marketplace Notes,Woven oxford on the marketplace,,149,109,woven oxford marketplace,commercial_investigation,,,,8,,,thin,D,
/marketplace/knit-oxford-marketplace-notes/,,,yes,no,/marketplace/knit-oxford-marketplace-notes/,yes,Knit Oxford Marketplace Notes Fabric Notes,Review knit oxford on the FabStitch marketplace. Construction changes the cloth more than the fibre name alone. See how Knit Oxford Marketplace Notes.,Knit oxford on the marketplace,,147,107,knit oxford marketplace,commercial_investigation,,,,8,,,thin,D,
/marketplace/woven-twill-marketplace-notes/,,,yes,no,/marketplace/woven-twill-marketplace-notes/,yes,Woven Twill Marketplace Notes Fabric Notes,Review woven twill on the FabStitch marketplace. Construction changes the cloth more than the fibre name alone. See how Woven Twill Marketplace Notes.,Woven twill on the marketplace,,145,105,woven twill marketplace,commercial_investigation,,,,7,,,thin,D,
/marketplace/knit-twill-marketplace-notes/,,,yes,no,/marketplace/knit-twill-marketplace-notes/,yes,Knit Twill Marketplace Notes Fabric Notes,Review knit twill on the FabStitch marketplace. Construction changes the cloth more than the fibre name alone. See how Knit Twill Marketplace Notes.,Knit twill on the marketplace,,147,107,knit twill marketplace,commercial_investigation,,,,7,,,thin,D,
/marketplace/woven-french-terry-marketplace-notes/,,,yes,no,/marketplace/woven-french-terry-marketplace-notes/,yes,Woven French terry Marketplace Notes for Apparel,Review woven french terry on the FabStitch marketplace. Construction changes the cloth more than the fibre name alone. See how Woven French terry.,Woven french terry on the marketplace,,155,115,woven french terry marketplace,commercial_investigation,,,,8,,,thin,D,
/marketplace/knit-french-terry-marketplace-notes/,,,yes,no,/marketplace/knit-french-terry-marketplace-notes/,yes,Knit French terry Marketplace Notes Fabric Notes,Review knit french terry on the FabStitch marketplace. Construction changes the cloth more than the fibre name alone. See how Knit French terry.,Knit french terry on the marketplace,,152,112,knit french terry marketplace,commercial_investigation,,,,8,,,thin,D,
/marketplace/woven-lyocell-marketplace-notes/,,,yes,no,/marketplace/woven-lyocell-marketplace-notes/,yes,Woven Lyocell Marketplace Notes Fabric Notes,Review woven lyocell on the FabStitch marketplace. Construction changes the cloth more than the fibre name alone. See how Woven Lyocell Marketplace.,Woven lyocell on the marketplace,,146,106,woven lyocell marketplace,commercial_investigation,,,,7,,,thin,D,
/marketplace/knit-lyocell-marketplace-notes/,,,yes,no,/marketplace/knit-lyocell-marketplace-notes/,yes,Knit Lyocell Marketplace Notes Fabric Notes,Review knit lyocell on the FabStitch marketplace. Construction changes the cloth more than the fibre name alone. See how Knit Lyocell Marketplace Notes,Knit lyocell on the marketplace,,152,112,knit lyocell marketplace,commercial_investigation,,,,7,,,thin,D,
/marketplace/woven-cloth-for-shirts/,,,yes,no,/marketplace/woven-cloth-for-shirts/,yes,Woven Cloth for Shirts Fabric Notes Fabric Notes,Decide whether shirts on FabStitch should start as a woven. Then open fabric pages and compare published specs. See how Woven Cloth for Shirts relates.,When shirts need a woven,,131,91,woven fabric for shirts,commercial_investigation,,,,7,,,thin,D,
/marketplace/knit-cloth-for-shirts/,,,yes,no,/marketplace/knit-cloth-for-shirts/,yes,Knit Cloth for Shirts Fabric Notes Fabric Notes,Decide whether shirts on FabStitch should start as a knit. Then open fabric pages and compare published specs. See how Knit Cloth for Shirts relates to,When shirts need a knit,,132,92,knit fabric for shirts,commercial_investigation,,,,7,,,thin,D,
/marketplace/woven-cloth-for-dresses/,,,yes,no,/marketplace/woven-cloth-for-dresses/,yes,Woven Cloth for Dresses Fabric Notes for Apparel,Decide whether dresses on FabStitch should start as a woven. Then open fabric pages and compare published specs. See how Woven Cloth for Dresses.,When dresses need a woven,,130,90,woven fabric for dresses,commercial_investigation,,,,7,,,thin,D,
/marketplace/knit-cloth-for-dresses/,,,yes,no,/marketplace/knit-cloth-for-dresses/,yes,Knit Cloth for Dresses Fabric Notes Fabric Notes,Decide whether dresses on FabStitch should start as a knit. Then open fabric pages and compare published specs. See how Knit Cloth for Dresses relates.,When dresses need a knit,,132,92,knit fabric for dresses,commercial_investigation,,,,7,,,thin,D,
/marketplace/woven-cloth-for-trousers/,,,yes,no,/marketplace/woven-cloth-for-trousers/,yes,Woven Cloth for Trousers Fabric Notes for Apparel,Decide whether trousers on FabStitch should start as a woven. Then open fabric pages and compare published specs. See how Woven Cloth for Trousers.,When trousers need a woven,,126,86,woven fabric for trousers,commercial_investigation,,,,7,,,thin,D,
/marketplace/knit-cloth-for-trousers/,,,yes,no,/marketplace/knit-cloth-for-trousers/,yes,Knit Cloth for Trousers Fabric Notes for Apparel,Decide whether trousers on FabStitch should start as a knit. Then open fabric pages and compare published specs. See how Knit Cloth for Trousers.,When trousers need a knit,,136,96,knit fabric for trousers,commercial_investigation,,,,7,,,thin,D,
/marketplace/woven-cloth-for-jackets/,,,yes,no,/marketplace/woven-cloth-for-jackets/,yes,Woven Cloth for Jackets Fabric Notes for Apparel,Decide whether jackets on FabStitch should start as a woven. Then open fabric pages and compare published specs. See how Woven Cloth for Jackets.,When jackets need a woven,,132,92,woven fabric for jackets,commercial_investigation,,,,6,,,thin,D,
/marketplace/knit-cloth-for-jackets/,,,yes,no,/marketplace/knit-cloth-for-jackets/,yes,Knit Cloth for Jackets Fabric Notes Fabric Notes,Decide whether jackets on FabStitch should start as a knit. Then open fabric pages and compare published specs. See how Knit Cloth for Jackets relates.,When jackets need a knit,,130,90,knit fabric for jackets,commercial_investigation,,,,6,,,thin,D,
/marketplace/woven-cloth-for-coats/,,,yes,no,/marketplace/woven-cloth-for-coats/,yes,Woven Cloth for Coats Fabric Notes Fabric Notes,Decide whether coats on FabStitch should start as a woven. Then open fabric pages and compare published specs. See how Woven Cloth for Coats relates to,When coats need a woven,,130,90,woven fabric for coats,commercial_investigation,,,,6,,,thin,D,
/marketplace/knit-cloth-for-coats/,,,yes,no,/marketplace/knit-cloth-for-coats/,yes,Knit Cloth for Coats Fabric Notes Fabric Notes,Decide whether coats on FabStitch should start as a knit. Then open fabric pages and compare published specs. See how Knit Cloth for Coats relates to.,When coats need a knit,,130,90,knit fabric for coats,commercial_investigation,,,,6,,,thin,D,
/marketplace/woven-cloth-for-suits/,,,yes,no,/marketplace/woven-cloth-for-suits/,yes,Woven Cloth for Suits Fabric Notes Fabric Notes,Decide whether suits on FabStitch should start as a woven. Then open fabric pages and compare published specs. See how Woven Cloth for Suits relates to,When suits need a woven,,127,87,woven fabric for suits,commercial_investigation,,,,6,,,thin,D,
/marketplace/knit-cloth-for-suits/,,,yes,no,/marketplace/knit-cloth-for-suits/,yes,Knit Cloth for Suits Fabric Notes Fabric Notes,Decide whether suits on FabStitch should start as a knit. Then open fabric pages and compare published specs. See how Knit Cloth for Suits relates to.,When suits need a knit,,129,89,knit fabric for suits,commercial_investigation,,,,6,,,thin,D,
/marketplace/woven-cloth-for-blazers/,,,yes,no,/marketplace/woven-cloth-for-blazers/,yes,Woven Cloth for Blazers Fabric Notes for Apparel,Decide whether blazers on FabStitch should start as a woven. Then open fabric pages and compare published specs. See how Woven Cloth for Blazers.,When blazers need a woven,,132,92,woven fabric for blazers,commercial_investigation,,,,6,,,thin,D,
/marketplace/knit-cloth-for-blazers/,,,yes,no,/marketplace/knit-cloth-for-blazers/,yes,Knit Cloth for Blazers Fabric Notes Fabric Notes,Decide whether blazers on FabStitch should start as a knit. Then open fabric pages and compare published specs. See how Knit Cloth for Blazers relates.,When blazers need a knit,,132,92,knit fabric for blazers,commercial_investigation,,,,6,,,thin,D,
/marketplace/woven-cloth-for-uniforms/,,,yes,no,/marketplace/woven-cloth-for-uniforms/,yes,Woven Cloth for Uniforms Fabric Notes for Apparel,Decide whether uniforms on FabStitch should start as a woven. Then open fabric pages and compare published specs. See how Woven Cloth for Uniforms.,When uniforms need a woven,,125,85,woven fabric for uniforms,commercial_investigation,,,,6,,,thin,D,
/marketplace/knit-cloth-for-uniforms/,,,yes,no,/marketplace/knit-cloth-for-uniforms/,yes,Knit Cloth for Uniforms Fabric Notes for Apparel,Decide whether uniforms on FabStitch should start as a knit. Then open fabric pages and compare published specs. See how Knit Cloth for Uniforms.,When uniforms need a knit,,126,86,knit fabric for uniforms,commercial_investigation,,,,6,,,thin,D,
/marketplace/woven-cloth-for-activewear/,,,yes,no,/marketplace/woven-cloth-for-activewear/,yes,Woven Cloth for Activewear Fabric Notes Use Notes,Decide whether activewear on FabStitch should start as a woven. Then open fabric pages and compare published specs. See how Woven Cloth for Activewear.,When activewear need a woven,,133,93,woven fabric for activewear,commercial_investigation,,,,7,,,thin,D,
/marketplace/knit-cloth-for-activewear/,,,yes,no,/marketplace/knit-cloth-for-activewear/,yes,Knit Cloth for Activewear Fabric Notes Use Notes,Decide whether activewear on FabStitch should start as a knit. Then open fabric pages and compare published specs. See how Knit Cloth for Activewear.,When activewear need a knit,,134,94,knit fabric for activewear,commercial_investigation,,,,7,,,thin,D,
/marketplace/woven-cloth-for-workwear/,,,yes,no,/marketplace/woven-cloth-for-workwear/,yes,Woven Cloth for Workwear Fabric Notes for Apparel,Decide whether workwear on FabStitch should start as a woven. Then open fabric pages and compare published specs. See how Woven Cloth for Workwear.,When workwear need a woven,,129,89,woven fabric for workwear,commercial_investigation,,,,6,,,thin,D,
/marketplace/knit-cloth-for-workwear/,,,yes,no,/marketplace/knit-cloth-for-workwear/,yes,Knit Cloth for Workwear Fabric Notes for Apparel,Decide whether workwear on FabStitch should start as a knit. Then open fabric pages and compare published specs. See how Knit Cloth for Workwear.,When workwear need a knit,,129,89,knit fabric for workwear,commercial_investigation,,,,6,,,thin,D,
/marketplace/woven-cloth-for-blouses/,,,yes,no,/marketplace/woven-cloth-for-blouses/,yes,Woven Cloth for Blouses Fabric Notes for Apparel,Decide whether blouses on FabStitch should start as a woven. Then open fabric pages and compare published specs. See how Woven Cloth for Blouses.,When blouses need a woven,,135,95,woven fabric for blouses,commercial_investigation,,,,6,,,thin,D,
/marketplace/knit-cloth-for-blouses/,,,yes,no,/marketplace/knit-cloth-for-blouses/,yes,Knit Cloth for Blouses Fabric Notes Fabric Notes,Decide whether blouses on FabStitch should start as a knit. Then open fabric pages and compare published specs. See how Knit Cloth for Blouses relates.,When blouses need a knit,,130,90,knit fabric for blouses,commercial_investigation,,,,6,,,thin,D,
/marketplace/woven-cloth-for-skirts/,,,yes,no,/marketplace/woven-cloth-for-skirts/,yes,Woven Cloth for Skirts Fabric Notes Fabric Notes,Decide whether skirts on FabStitch should start as a woven. Then open fabric pages and compare published specs. See how Woven Cloth for Skirts relates.,When skirts need a woven,,132,92,woven fabric for skirts,commercial_investigation,,,,6,,,thin,D,
/marketplace/knit-cloth-for-skirts/,,,yes,no,/marketplace/knit-cloth-for-skirts/,yes,Knit Cloth for Skirts Fabric Notes Fabric Notes,Decide whether skirts on FabStitch should start as a knit. Then open fabric pages and compare published specs. See how Knit Cloth for Skirts relates to,When skirts need a knit,,133,93,knit fabric for skirts,commercial_investigation,,,,6,,,thin,D,
/marketplace/woven-cloth-for-outerwear/,,,yes,no,/marketplace/woven-cloth-for-outerwear/,yes,Woven Cloth for Outerwear Fabric Notes Use Notes,Decide whether outerwear on FabStitch should start as a woven. Then open fabric pages and compare published specs. See how Woven Cloth for Outerwear.,When outerwear need a woven,,135,95,woven fabric for outerwear,commercial_investigation,,,,7,,,thin,D,
/marketplace/knit-cloth-for-outerwear/,,,yes,no,/marketplace/knit-cloth-for-outerwear/,yes,Knit Cloth for Outerwear Fabric Notes for Apparel,Decide whether outerwear on FabStitch should start as a knit. Then open fabric pages and compare published specs. See how Knit Cloth for Outerwear.,When outerwear need a knit,,130,90,knit fabric for outerwear,commercial_investigation,,,,7,,,thin,D,
/marketplace/woven-cloth-for-loungewear/,,,yes,no,/marketplace/woven-cloth-for-loungewear/,yes,Woven Cloth for Loungewear Fabric Notes Use Notes,Decide whether loungewear on FabStitch should start as a woven. Then open fabric pages and compare published specs. See how Woven Cloth for Loungewear.,When loungewear need a woven,,132,92,woven fabric for loungewear,commercial_investigation,,,,6,,,thin,D,
/marketplace/knit-cloth-for-loungewear/,,,yes,no,/marketplace/knit-cloth-for-loungewear/,yes,Knit Cloth for Loungewear Fabric Notes Use Notes,Decide whether loungewear on FabStitch should start as a knit. Then open fabric pages and compare published specs. See how Knit Cloth for Loungewear.,When loungewear need a knit,,127,87,knit fabric for loungewear,commercial_investigation,,,,6,,,thin,D,
/marketplace/woven-cloth-for-knitwear/,,,yes,no,/marketplace/woven-cloth-for-knitwear/,yes,Woven Cloth for Knitwear Fabric Notes for Apparel,Decide whether knitwear on FabStitch should start as a woven. Then open fabric pages and compare published specs. See how Woven Cloth for Knitwear.,When knitwear need a woven,,133,93,woven fabric for knitwear,commercial_investigation,,,,7,,,thin,D,
/marketplace/knit-cloth-for-knitwear/,,,yes,no,/marketplace/knit-cloth-for-knitwear/,yes,Knit Cloth for Knitwear Fabric Notes for Apparel,Decide whether knitwear on FabStitch should start as a knit. Then open fabric pages and compare published specs. See how Knit Cloth for Knitwear.,When knitwear need a knit,,128,88,knit fabric for knitwear,commercial_investigation,,,,7,,,thin,D,
/marketplace/clothing-brands-sourcing-cotton/,,,yes,no,/marketplace/clothing-brands-sourcing-cotton/,yes,Clothing Brands Sourcing Cotton Fabric Notes,"Clothing Brands can shortlist cotton on the FabStitch marketplace, then inquire with quantity and end use. See how Clothing Brands Sourcing Cotton.",How clothing brands can source cotton,,162,122,clothing brands sourcing cotton,commercial_investigation,,,,6,,,thin,D,
/marketplace/clothing-brands-sourcing-linen/,,,yes,no,/marketplace/clothing-brands-sourcing-linen/,yes,Clothing Brands Sourcing Linen Fabric Notes,"Clothing Brands can shortlist linen on the FabStitch marketplace, then inquire with quantity and end use. See how Clothing Brands Sourcing Linen.",How clothing brands can source linen,,168,128,clothing brands sourcing linen,commercial_investigation,,,,6,,,thin,D,
/marketplace/clothing-brands-sourcing-silk/,,,yes,no,/marketplace/clothing-brands-sourcing-silk/,yes,Clothing Brands Sourcing Silk Fabric Notes,"Clothing Brands can shortlist silk on the FabStitch marketplace, then inquire with quantity and end use. See how Clothing Brands Sourcing Silk relates.",How clothing brands can source silk,,159,119,clothing brands sourcing silk,commercial_investigation,,,,6,,,thin,D,
/marketplace/clothing-brands-sourcing-wool/,,,yes,no,/marketplace/clothing-brands-sourcing-wool/,yes,Clothing Brands Sourcing Wool Fabric Notes,"Clothing Brands can shortlist wool on the FabStitch marketplace, then inquire with quantity and end use. See how Clothing Brands Sourcing Wool relates.",How clothing brands can source wool,,170,130,clothing brands sourcing wool,commercial_investigation,,,,6,,,thin,D,
/marketplace/clothing-brands-sourcing-denim/,,,yes,no,/marketplace/clothing-brands-sourcing-denim/,yes,Clothing Brands Sourcing Denim Fabric Notes,"Clothing Brands can shortlist denim on the FabStitch marketplace, then inquire with quantity and end use. See how Clothing Brands Sourcing Denim.",How clothing brands can source denim,,165,125,clothing brands sourcing denim,commercial_investigation,,,,6,,,thin,D,
/marketplace/clothing-brands-sourcing-polyester/,,,yes,no,/marketplace/clothing-brands-sourcing-polyester/,yes,Clothing Brands Sourcing Polyester Fabric Notes,"Clothing Brands can shortlist polyester on the FabStitch marketplace, then inquire with quantity and end use. See how Clothing Brands Sourcing.",How clothing brands can source polyester,,158,118,clothing brands sourcing polyester,commercial_investigation,,,,6,,,thin,D,
/marketplace/clothing-brands-sourcing-viscose/,,,yes,no,/marketplace/clothing-brands-sourcing-viscose/,yes,Clothing Brands Sourcing Viscose Fabric Notes,"Clothing Brands can shortlist viscose on the FabStitch marketplace, then inquire with quantity and end use. See how Clothing Brands Sourcing Viscose.",How clothing brands can source viscose,,164,124,clothing brands sourcing viscose,commercial_investigation,,,,6,,,thin,D,
/marketplace/clothing-brands-sourcing-rayon/,,,yes,no,/marketplace/clothing-brands-sourcing-rayon/,yes,Clothing Brands Sourcing Rayon Fabric Notes,"Clothing Brands can shortlist rayon on the FabStitch marketplace, then inquire with quantity and end use. See how Clothing Brands Sourcing Rayon.",How clothing brands can source rayon,,161,121,clothing brands sourcing rayon,commercial_investigation,,,,6,,,thin,D,
/marketplace/clothing-brands-sourcing-jersey/,,,yes,no,/marketplace/clothing-brands-sourcing-jersey/,yes,Clothing Brands Sourcing Jersey Fabric Notes,"Clothing Brands can shortlist jersey on the FabStitch marketplace, then inquire with quantity and end use. See how Clothing Brands Sourcing Jersey.",How clothing brands can source jersey,,163,123,clothing brands sourcing jersey,commercial_investigation,,,,7,,,thin,D,
/marketplace/clothing-brands-sourcing-velvet/,,,yes,no,/marketplace/clothing-brands-sourcing-velvet/,yes,Clothing Brands Sourcing Velvet Fabric Notes,"Clothing Brands can shortlist velvet on the FabStitch marketplace, then inquire with quantity and end use. See how Clothing Brands Sourcing Velvet.",How clothing brands can source velvet,,157,117,clothing brands sourcing velvet,commercial_investigation,,,,7,,,thin,D,
/marketplace/clothing-brands-sourcing-chiffon/,,,yes,no,/marketplace/clothing-brands-sourcing-chiffon/,yes,Clothing Brands Sourcing Chiffon Fabric Notes,"Clothing Brands can shortlist chiffon on the FabStitch marketplace, then inquire with quantity and end use. See how Clothing Brands Sourcing Chiffon.",How clothing brands can source chiffon,,156,116,clothing brands sourcing chiffon,commercial_investigation,,,,7,,,thin,D,
/marketplace/clothing-brands-sourcing-georgette/,,,yes,no,/marketplace/clothing-brands-sourcing-georgette/,yes,Clothing Brands Sourcing Georgette Fabric Notes,"Clothing Brands can shortlist georgette on the FabStitch marketplace, then inquire with quantity and end use. See how Clothing Brands Sourcing.",How clothing brands can source georgette,,154,114,clothing brands sourcing georgette,commercial_investigation,,,,7,,,thin,D,
/marketplace/clothing-brands-sourcing-poplin/,,,yes,no,/marketplace/clothing-brands-sourcing-poplin/,yes,Clothing Brands Sourcing Poplin Fabric Notes,"Clothing Brands can shortlist poplin on the FabStitch marketplace, then inquire with quantity and end use. See how Clothing Brands Sourcing Poplin.",How clothing brands can source poplin,,161,121,clothing brands sourcing poplin,commercial_investigation,,,,7,,,thin,D,
/marketplace/clothing-brands-sourcing-satin/,,,yes,no,/marketplace/clothing-brands-sourcing-satin/,yes,Clothing Brands Sourcing Satin Fabric Notes,"Clothing Brands can shortlist satin on the FabStitch marketplace, then inquire with quantity and end use. See how Clothing Brands Sourcing Satin.",How clothing brands can source satin,,161,121,clothing brands sourcing satin,commercial_investigation,,,,6,,,thin,D,
/marketplace/clothing-brands-sourcing-crepe/,,,yes,no,/marketplace/clothing-brands-sourcing-crepe/,yes,Clothing Brands Sourcing Crepe Fabric Notes,"Clothing Brands can shortlist crepe on the FabStitch marketplace, then inquire with quantity and end use. See how Clothing Brands Sourcing Crepe.",How clothing brands can source crepe,,160,120,clothing brands sourcing crepe,commercial_investigation,,,,6,,,thin,D,
/marketplace/clothing-brands-sourcing-canvas/,,,yes,no,/marketplace/clothing-brands-sourcing-canvas/,yes,Clothing Brands Sourcing Canvas Fabric Notes,"Clothing Brands can shortlist canvas on the FabStitch marketplace, then inquire with quantity and end use. See how Clothing Brands Sourcing Canvas.",How clothing brands can source canvas,,164,124,clothing brands sourcing canvas,commercial_investigation,,,,6,,,thin,D,
/marketplace/clothing-brands-sourcing-oxford/,,,yes,no,/marketplace/clothing-brands-sourcing-oxford/,yes,Clothing Brands Sourcing Oxford Fabric Notes,"Clothing Brands can shortlist oxford on the FabStitch marketplace, then inquire with quantity and end use. See how Clothing Brands Sourcing Oxford.",How clothing brands can source oxford,,155,115,clothing brands sourcing oxford,commercial_investigation,,,,7,,,thin,D,
/marketplace/clothing-brands-sourcing-twill/,,,yes,no,/marketplace/clothing-brands-sourcing-twill/,yes,Clothing Brands Sourcing Twill Fabric Notes,"Clothing Brands can shortlist twill on the FabStitch marketplace, then inquire with quantity and end use. See how Clothing Brands Sourcing Twill.",How clothing brands can source twill,,154,114,clothing brands sourcing twill,commercial_investigation,,,,6,,,thin,D,
/marketplace/clothing-brands-sourcing-french-terry/,,,yes,no,/marketplace/clothing-brands-sourcing-french-terry/,yes,Clothing Brands Sourcing French terry for Apparel,"Clothing Brands can shortlist french terry on the FabStitch marketplace, then inquire with quantity and end use. See how Clothing Brands Sourcing.",How clothing brands can source french terry,,168,128,clothing brands sourcing french terry,commercial_investigation,,,,7,,,thin,D,
/marketplace/clothing-brands-sourcing-lyocell/,,,yes,no,/marketplace/clothing-brands-sourcing-lyocell/,yes,Clothing Brands Sourcing Lyocell Fabric Notes,"Clothing Brands can shortlist lyocell on the FabStitch marketplace, then inquire with quantity and end use. See how Clothing Brands Sourcing Lyocell.",How clothing brands can source lyocell,,160,120,clothing brands sourcing lyocell,commercial_investigation,,,,6,,,thin,D,
/marketplace/manufacturers-sourcing-cotton/,,,yes,no,/marketplace/manufacturers-sourcing-cotton/,yes,Manufacturers Sourcing Cotton Fabric Notes,"Manufacturers can shortlist cotton on the FabStitch marketplace, then inquire with quantity and end use. See how Manufacturers Sourcing Cotton relates.",How manufacturers can source cotton,,152,112,manufacturers sourcing cotton,commercial_investigation,,,,6,,,thin,D,
/marketplace/manufacturers-sourcing-linen/,,,yes,no,/marketplace/manufacturers-sourcing-linen/,yes,Manufacturers Sourcing Linen Fabric Notes,"Manufacturers can shortlist linen on the FabStitch marketplace, then inquire with quantity and end use. See how Manufacturers Sourcing Linen relates to",How manufacturers can source linen,,157,117,manufacturers sourcing linen,commercial_investigation,,,,6,,,thin,D,
/marketplace/manufacturers-sourcing-silk/,,,yes,no,/marketplace/manufacturers-sourcing-silk/,yes,Manufacturers Sourcing Silk Fabric Notes,"Manufacturers can shortlist silk on the FabStitch marketplace, then inquire with quantity and end use. See how Manufacturers Sourcing Silk relates to.",How manufacturers can source silk,,155,115,manufacturers sourcing silk,commercial_investigation,,,,6,,,thin,D,
/marketplace/manufacturers-sourcing-wool/,,,yes,no,/marketplace/manufacturers-sourcing-wool/,yes,Manufacturers Sourcing Wool Fabric Notes,"Manufacturers can shortlist wool on the FabStitch marketplace, then inquire with quantity and end use. See how Manufacturers Sourcing Wool relates to.",How manufacturers can source wool,,160,120,manufacturers sourcing wool,commercial_investigation,,,,6,,,thin,D,
/marketplace/manufacturers-sourcing-denim/,,,yes,no,/marketplace/manufacturers-sourcing-denim/,yes,Manufacturers Sourcing Denim Fabric Notes,"Manufacturers can shortlist denim on the FabStitch marketplace, then inquire with quantity and end use. See how Manufacturers Sourcing Denim relates to",How manufacturers can source denim,,162,122,manufacturers sourcing denim,commercial_investigation,,,,6,,,thin,D,
/marketplace/manufacturers-sourcing-polyester/,,,yes,no,/marketplace/manufacturers-sourcing-polyester/,yes,Manufacturers Sourcing Polyester Fabric Notes,"Manufacturers can shortlist polyester on the FabStitch marketplace, then inquire with quantity and end use. See how Manufacturers Sourcing Polyester.",How manufacturers can source polyester,,150,110,manufacturers sourcing polyester,commercial_investigation,,,,6,,,thin,D,
/marketplace/manufacturers-sourcing-viscose/,,,yes,no,/marketplace/manufacturers-sourcing-viscose/,yes,Manufacturers Sourcing Viscose Fabric Notes,"Manufacturers can shortlist viscose on the FabStitch marketplace, then inquire with quantity and end use. See how Manufacturers Sourcing Viscose.",How manufacturers can source viscose,,152,112,manufacturers sourcing viscose,commercial_investigation,,,,6,,,thin,D,
/marketplace/manufacturers-sourcing-rayon/,,,yes,no,/marketplace/manufacturers-sourcing-rayon/,yes,Manufacturers Sourcing Rayon Fabric Notes,"Manufacturers can shortlist rayon on the FabStitch marketplace, then inquire with quantity and end use. See how Manufacturers Sourcing Rayon relates to",How manufacturers can source rayon,,150,110,manufacturers sourcing rayon,commercial_investigation,,,,6,,,thin,D,
/marketplace/manufacturers-sourcing-jersey/,,,yes,no,/marketplace/manufacturers-sourcing-jersey/,yes,Manufacturers Sourcing Jersey Fabric Notes,"Manufacturers can shortlist jersey on the FabStitch marketplace, then inquire with quantity and end use. See how Manufacturers Sourcing Jersey relates.",How manufacturers can source jersey,,155,115,manufacturers sourcing jersey,commercial_investigation,,,,7,,,thin,D,
/marketplace/manufacturers-sourcing-velvet/,,,yes,no,/marketplace/manufacturers-sourcing-velvet/,yes,Manufacturers Sourcing Velvet Fabric Notes,"Manufacturers can shortlist velvet on the FabStitch marketplace, then inquire with quantity and end use. See how Manufacturers Sourcing Velvet relates.",How manufacturers can source velvet,,151,111,manufacturers sourcing velvet,commercial_investigation,,,,7,,,thin,D,
/marketplace/manufacturers-sourcing-chiffon/,,,yes,no,/marketplace/manufacturers-sourcing-chiffon/,yes,Manufacturers Sourcing Chiffon Fabric Notes,"Manufacturers can shortlist chiffon on the FabStitch marketplace, then inquire with quantity and end use. See how Manufacturers Sourcing Chiffon.",How manufacturers can source chiffon,,151,111,manufacturers sourcing chiffon,commercial_investigation,,,,7,,,thin,D,
/marketplace/manufacturers-sourcing-georgette/,,,yes,no,/marketplace/manufacturers-sourcing-georgette/,yes,Manufacturers Sourcing Georgette Fabric Notes,"Manufacturers can shortlist georgette on the FabStitch marketplace, then inquire with quantity and end use. See how Manufacturers Sourcing Georgette.",How manufacturers can source georgette,,152,112,manufacturers sourcing georgette,commercial_investigation,,,,7,,,thin,D,
/marketplace/manufacturers-sourcing-poplin/,,,yes,no,/marketplace/manufacturers-sourcing-poplin/,yes,Manufacturers Sourcing Poplin Fabric Notes,"Manufacturers can shortlist poplin on the FabStitch marketplace, then inquire with quantity and end use. See how Manufacturers Sourcing Poplin relates.",How manufacturers can source poplin,,153,113,manufacturers sourcing poplin,commercial_investigation,,,,7,,,thin,D,
/marketplace/manufacturers-sourcing-satin/,,,yes,no,/marketplace/manufacturers-sourcing-satin/,yes,Manufacturers Sourcing Satin Fabric Notes,"Manufacturers can shortlist satin on the FabStitch marketplace, then inquire with quantity and end use. See how Manufacturers Sourcing Satin relates to",How manufacturers can source satin,,153,113,manufacturers sourcing satin,commercial_investigation,,,,6,,,thin,D,
/marketplace/manufacturers-sourcing-crepe/,,,yes,no,/marketplace/manufacturers-sourcing-crepe/,yes,Manufacturers Sourcing Crepe Fabric Notes,"Manufacturers can shortlist crepe on the FabStitch marketplace, then inquire with quantity and end use. See how Manufacturers Sourcing Crepe relates to",How manufacturers can source crepe,,150,110,manufacturers sourcing crepe,commercial_investigation,,,,6,,,thin,D,
/marketplace/manufacturers-sourcing-canvas/,,,yes,no,/marketplace/manufacturers-sourcing-canvas/,yes,Manufacturers Sourcing Canvas Fabric Notes,"Manufacturers can shortlist canvas on the FabStitch marketplace, then inquire with quantity and end use. See how Manufacturers Sourcing Canvas relates.",How manufacturers can source canvas,,150,110,manufacturers sourcing canvas,commercial_investigation,,,,6,,,thin,D,
/marketplace/manufacturers-sourcing-oxford/,,,yes,no,/marketplace/manufacturers-sourcing-oxford/,yes,Manufacturers Sourcing Oxford Fabric Notes,"Manufacturers can shortlist oxford on the FabStitch marketplace, then inquire with quantity and end use. See how Manufacturers Sourcing Oxford relates.",How manufacturers can source oxford,,159,119,manufacturers sourcing oxford,commercial_investigation,,,,7,,,thin,D,
/marketplace/manufacturers-sourcing-twill/,,,yes,no,/marketplace/manufacturers-sourcing-twill/,yes,Manufacturers Sourcing Twill Fabric Notes,"Manufacturers can shortlist twill on the FabStitch marketplace, then inquire with quantity and end use. See how Manufacturers Sourcing Twill relates to",How manufacturers can source twill,,152,112,manufacturers sourcing twill,commercial_investigation,,,,6,,,thin,D,
/marketplace/manufacturers-sourcing-french-terry/,,,yes,no,/marketplace/manufacturers-sourcing-french-terry/,yes,Manufacturers Sourcing French terry Fabric Notes,"Manufacturers can shortlist french terry on the FabStitch marketplace, then inquire with quantity and end use. See how Manufacturers Sourcing French.",How manufacturers can source french terry,,158,118,manufacturers sourcing french terry,commercial_investigation,,,,7,,,thin,D,
/marketplace/manufacturers-sourcing-lyocell/,,,yes,no,/marketplace/manufacturers-sourcing-lyocell/,yes,Manufacturers Sourcing Lyocell Fabric Notes,"Manufacturers can shortlist lyocell on the FabStitch marketplace, then inquire with quantity and end use. See how Manufacturers Sourcing Lyocell.",How manufacturers can source lyocell,,152,112,manufacturers sourcing lyocell,commercial_investigation,,,,6,,,thin,D,
/marketplace/boutiques-sourcing-cotton/,,,yes,no,/marketplace/boutiques-sourcing-cotton/,yes,Boutiques Sourcing Cotton Fabric Notes Use Notes,"Boutiques can shortlist cotton on the FabStitch marketplace, then inquire with quantity and end use. See how Boutiques Sourcing Cotton relates to.",How boutiques can source cotton,,155,115,boutiques sourcing cotton,commercial_investigation,,,,6,,,thin,D,
/marketplace/boutiques-sourcing-linen/,,,yes,no,/marketplace/boutiques-sourcing-linen/,yes,Boutiques Sourcing Linen Fabric Notes for Apparel,"Boutiques can shortlist linen on the FabStitch marketplace, then inquire with quantity and end use. See how Boutiques Sourcing Linen relates to.",How boutiques can source linen,,159,119,boutiques sourcing linen,commercial_investigation,,,,6,,,thin,D,
/marketplace/boutiques-sourcing-silk/,,,yes,no,/marketplace/boutiques-sourcing-silk/,yes,Boutiques Sourcing Silk Fabric Notes for Apparel,"Boutiques can shortlist silk on the FabStitch marketplace, then inquire with quantity and end use. See how Boutiques Sourcing Silk relates to.",How boutiques can source silk,,158,118,boutiques sourcing silk,commercial_investigation,,,,6,,,thin,D,
/marketplace/boutiques-sourcing-wool/,,,yes,no,/marketplace/boutiques-sourcing-wool/,yes,Boutiques Sourcing Wool Fabric Notes for Apparel,"Boutiques can shortlist wool on the FabStitch marketplace, then inquire with quantity and end use. See how Boutiques Sourcing Wool relates to.",How boutiques can source wool,,163,123,boutiques sourcing wool,commercial_investigation,,,,6,,,thin,D,
/marketplace/boutiques-sourcing-denim/,,,yes,no,/marketplace/boutiques-sourcing-denim/,yes,Boutiques Sourcing Denim Fabric Notes for Apparel,"Boutiques can shortlist denim on the FabStitch marketplace, then inquire with quantity and end use. See how Boutiques Sourcing Denim relates to.",How boutiques can source denim,,163,123,boutiques sourcing denim,commercial_investigation,,,,6,,,thin,D,
/marketplace/boutiques-sourcing-polyester/,,,yes,no,/marketplace/boutiques-sourcing-polyester/,yes,Boutiques Sourcing Polyester Fabric Notes,"Boutiques can shortlist polyester on the FabStitch marketplace, then inquire with quantity and end use. See how Boutiques Sourcing Polyester relates to",How boutiques can source polyester,,153,113,boutiques sourcing polyester,commercial_investigation,,,,6,,,thin,D,
/marketplace/boutiques-sourcing-viscose/,,,yes,no,/marketplace/boutiques-sourcing-viscose/,yes,Boutiques Sourcing Viscose Fabric Notes Use Notes,"Boutiques can shortlist viscose on the FabStitch marketplace, then inquire with quantity and end use. See how Boutiques Sourcing Viscose relates to.",How boutiques can source viscose,,159,119,boutiques sourcing viscose,commercial_investigation,,,,6,,,thin,D,
/marketplace/boutiques-sourcing-rayon/,,,yes,no,/marketplace/boutiques-sourcing-rayon/,yes,Boutiques Sourcing Rayon Fabric Notes for Apparel,"Boutiques can shortlist rayon on the FabStitch marketplace, then inquire with quantity and end use. See how Boutiques Sourcing Rayon relates to.",How boutiques can source rayon,,157,117,boutiques sourcing rayon,commercial_investigation,,,,6,,,thin,D,
/marketplace/boutiques-sourcing-jersey/,,,yes,no,/marketplace/boutiques-sourcing-jersey/,yes,Boutiques Sourcing Jersey Fabric Notes Use Notes,"Boutiques can shortlist jersey on the FabStitch marketplace, then inquire with quantity and end use. See how Boutiques Sourcing Jersey relates to.",How boutiques can source jersey,,159,119,boutiques sourcing jersey,commercial_investigation,,,,7,,,thin,D,
/marketplace/boutiques-sourcing-velvet/,,,yes,no,/marketplace/boutiques-sourcing-velvet/,yes,Boutiques Sourcing Velvet Fabric Notes Use Notes,"Boutiques can shortlist velvet on the FabStitch marketplace, then inquire with quantity and end use. See how Boutiques Sourcing Velvet relates to.",How boutiques can source velvet,,156,116,boutiques sourcing velvet,commercial_investigation,,,,7,,,thin,D,
/marketplace/boutiques-sourcing-chiffon/,,,yes,no,/marketplace/boutiques-sourcing-chiffon/,yes,Boutiques Sourcing Chiffon Fabric Notes Use Notes,"Boutiques can shortlist chiffon on the FabStitch marketplace, then inquire with quantity and end use. See how Boutiques Sourcing Chiffon relates to.",How boutiques can source chiffon,,153,113,boutiques sourcing chiffon,commercial_investigation,,,,7,,,thin,D,
/marketplace/boutiques-sourcing-georgette/,,,yes,no,/marketplace/boutiques-sourcing-georgette/,yes,Boutiques Sourcing Georgette Fabric Notes,"Boutiques can shortlist georgette on the FabStitch marketplace, then inquire with quantity and end use. See how Boutiques Sourcing Georgette relates to",How boutiques can source georgette,,158,118,boutiques sourcing georgette,commercial_investigation,,,,7,,,thin,D,
/marketplace/boutiques-sourcing-poplin/,,,yes,no,/marketplace/boutiques-sourcing-poplin/,yes,Boutiques Sourcing Poplin Fabric Notes Use Notes,"Boutiques can shortlist poplin on the FabStitch marketplace, then inquire with quantity and end use. See how Boutiques Sourcing Poplin relates to.",How boutiques can source poplin,,158,118,boutiques sourcing poplin,commercial_investigation,,,,7,,,thin,D,
/marketplace/boutiques-sourcing-satin/,,,yes,no,/marketplace/boutiques-sourcing-satin/,yes,Boutiques Sourcing Satin Fabric Notes for Apparel,"Boutiques can shortlist satin on the FabStitch marketplace, then inquire with quantity and end use. See how Boutiques Sourcing Satin relates to.",How boutiques can source satin,,154,114,boutiques sourcing satin,commercial_investigation,,,,6,,,thin,D,
/marketplace/boutiques-sourcing-crepe/,,,yes,no,/marketplace/boutiques-sourcing-crepe/,yes,Boutiques Sourcing Crepe Fabric Notes for Apparel,"Boutiques can shortlist crepe on the FabStitch marketplace, then inquire with quantity and end use. See how Boutiques Sourcing Crepe relates to.",How boutiques can source crepe,,163,123,boutiques sourcing crepe,commercial_investigation,,,,6,,,thin,D,
/marketplace/boutiques-sourcing-canvas/,,,yes,no,/marketplace/boutiques-sourcing-canvas/,yes,Boutiques Sourcing Canvas Fabric Notes Use Notes,"Boutiques can shortlist canvas on the FabStitch marketplace, then inquire with quantity and end use. See how Boutiques Sourcing Canvas relates to.",How boutiques can source canvas,,153,113,boutiques sourcing canvas,commercial_investigation,,,,6,,,thin,D,
/marketplace/boutiques-sourcing-oxford/,,,yes,no,/marketplace/boutiques-sourcing-oxford/,yes,Boutiques Sourcing Oxford Fabric Notes Use Notes,"Boutiques can shortlist oxford on the FabStitch marketplace, then inquire with quantity and end use. See how Boutiques Sourcing Oxford relates to.",How boutiques can source oxford,,147,107,boutiques sourcing oxford,commercial_investigation,,,,7,,,thin,D,
/marketplace/boutiques-sourcing-twill/,,,yes,no,/marketplace/boutiques-sourcing-twill/,yes,Boutiques Sourcing Twill Fabric Notes for Apparel,"Boutiques can shortlist twill on the FabStitch marketplace, then inquire with quantity and end use. See how Boutiques Sourcing Twill relates to.",How boutiques can source twill,,153,113,boutiques sourcing twill,commercial_investigation,,,,6,,,thin,D,
/marketplace/boutiques-sourcing-french-terry/,,,yes,no,/marketplace/boutiques-sourcing-french-terry/,yes,Boutiques Sourcing French terry Fabric Notes,"Boutiques can shortlist french terry on the FabStitch marketplace, then inquire with quantity and end use. See how Boutiques Sourcing French terry.",How boutiques can source french terry,,158,118,boutiques sourcing french terry,commercial_investigation,,,,7,,,thin,D,
/marketplace/boutiques-sourcing-lyocell/,,,yes,no,/marketplace/boutiques-sourcing-lyocell/,yes,Boutiques Sourcing Lyocell Fabric Notes Use Notes,"Boutiques can shortlist lyocell on the FabStitch marketplace, then inquire with quantity and end use. See how Boutiques Sourcing Lyocell relates to.",How boutiques can source lyocell,,151,111,boutiques sourcing lyocell,commercial_investigation,,,,6,,,thin,D,
/marketplace/designers-sourcing-cotton/,,,yes,no,/marketplace/designers-sourcing-cotton/,yes,Fashion Designers Sourcing Cotton Fabric Notes,"Fashion Designers can shortlist cotton on the FabStitch marketplace, then inquire with quantity and end use. See how Fashion Designers Sourcing Cotton.",How fashion designers can source cotton,,166,126,fashion designers sourcing cotton,commercial_investigation,,,,6,,,thin,D,
/marketplace/designers-sourcing-linen/,,,yes,no,/marketplace/designers-sourcing-linen/,yes,Fashion Designers Sourcing Linen Fabric Notes,"Fashion Designers can shortlist linen on the FabStitch marketplace, then inquire with quantity and end use. See how Fashion Designers Sourcing Linen.",How fashion designers can source linen,,166,126,fashion designers sourcing linen,commercial_investigation,,,,6,,,thin,D,
/marketplace/designers-sourcing-silk/,,,yes,no,/marketplace/designers-sourcing-silk/,yes,Fashion Designers Sourcing Silk Fabric Notes,"Fashion Designers can shortlist silk on the FabStitch marketplace, then inquire with quantity and end use. See how Fashion Designers Sourcing Silk.",How fashion designers can source silk,,164,124,fashion designers sourcing silk,commercial_investigation,,,,6,,,thin,D,
/marketplace/designers-sourcing-wool/,,,yes,no,/marketplace/designers-sourcing-wool/,yes,Fashion Designers Sourcing Wool Fabric Notes,"Fashion Designers can shortlist wool on the FabStitch marketplace, then inquire with quantity and end use. See how Fashion Designers Sourcing Wool.",How fashion designers can source wool,,169,129,fashion designers sourcing wool,commercial_investigation,,,,6,,,thin,D,
/marketplace/designers-sourcing-denim/,,,yes,no,/marketplace/designers-sourcing-denim/,yes,Fashion Designers Sourcing Denim Fabric Notes,"Fashion Designers can shortlist denim on the FabStitch marketplace, then inquire with quantity and end use. See how Fashion Designers Sourcing Denim.",How fashion designers can source denim,,171,131,fashion designers sourcing denim,commercial_investigation,,,,6,,,thin,D,
/marketplace/designers-sourcing-polyester/,,,yes,no,/marketplace/designers-sourcing-polyester/,yes,Fashion Designers Sourcing Polyester for Apparel,"Fashion Designers can shortlist polyester on the FabStitch marketplace, then inquire with quantity and end use. See how Fashion Designers Sourcing.",How fashion designers can source polyester,,160,120,fashion designers sourcing polyester,commercial_investigation,,,,6,,,thin,D,
/marketplace/designers-sourcing-viscose/,,,yes,no,/marketplace/designers-sourcing-viscose/,yes,Fashion Designers Sourcing Viscose Fabric Notes,"Fashion Designers can shortlist viscose on the FabStitch marketplace, then inquire with quantity and end use. See how Fashion Designers Sourcing.",How fashion designers can source viscose,,164,124,fashion designers sourcing viscose,commercial_investigation,,,,6,,,thin,D,
/marketplace/designers-sourcing-rayon/,,,yes,no,/marketplace/designers-sourcing-rayon/,yes,Fashion Designers Sourcing Rayon Fabric Notes,"Fashion Designers can shortlist rayon on the FabStitch marketplace, then inquire with quantity and end use. See how Fashion Designers Sourcing Rayon.",How fashion designers can source rayon,,160,120,fashion designers sourcing rayon,commercial_investigation,,,,6,,,thin,D,
/marketplace/designers-sourcing-jersey/,,,yes,no,/marketplace/designers-sourcing-jersey/,yes,Fashion Designers Sourcing Jersey Fabric Notes,"Fashion Designers can shortlist jersey on the FabStitch marketplace, then inquire with quantity and end use. See how Fashion Designers Sourcing Jersey.",How fashion designers can source jersey,,166,126,fashion designers sourcing jersey,commercial_investigation,,,,7,,,thin,D,
/marketplace/designers-sourcing-velvet/,,,yes,no,/marketplace/designers-sourcing-velvet/,yes,Fashion Designers Sourcing Velvet Fabric Notes,"Fashion Designers can shortlist velvet on the FabStitch marketplace, then inquire with quantity and end use. See how Fashion Designers Sourcing Velvet.",How fashion designers can source velvet,,160,120,fashion designers sourcing velvet,commercial_investigation,,,,7,,,thin,D,
/marketplace/designers-sourcing-chiffon/,,,yes,no,/marketplace/designers-sourcing-chiffon/,yes,Fashion Designers Sourcing Chiffon Fabric Notes,"Fashion Designers can shortlist chiffon on the FabStitch marketplace, then inquire with quantity and end use. See how Fashion Designers Sourcing.",How fashion designers can source chiffon,,157,117,fashion designers sourcing chiffon,commercial_investigation,,,,7,,,thin,D,
/marketplace/designers-sourcing-georgette/,,,yes,no,/marketplace/designers-sourcing-georgette/,yes,Fashion Designers Sourcing Georgette for Apparel,"Fashion Designers can shortlist georgette on the FabStitch marketplace, then inquire with quantity and end use. See how Fashion Designers Sourcing.",How fashion designers can source georgette,,158,118,fashion designers sourcing georgette,commercial_investigation,,,,7,,,thin,D,
/marketplace/designers-sourcing-poplin/,,,yes,no,/marketplace/designers-sourcing-poplin/,yes,Fashion Designers Sourcing Poplin Fabric Notes,"Fashion Designers can shortlist poplin on the FabStitch marketplace, then inquire with quantity and end use. See how Fashion Designers Sourcing Poplin.",How fashion designers can source poplin,,166,126,fashion designers sourcing poplin,commercial_investigation,,,,7,,,thin,D,
/marketplace/designers-sourcing-satin/,,,yes,no,/marketplace/designers-sourcing-satin/,yes,Fashion Designers Sourcing Satin Fabric Notes,"Fashion Designers can shortlist satin on the FabStitch marketplace, then inquire with quantity and end use. See how Fashion Designers Sourcing Satin.",How fashion designers can source satin,,162,122,fashion designers sourcing satin,commercial_investigation,,,,6,,,thin,D,
/marketplace/designers-sourcing-crepe/,,,yes,no,/marketplace/designers-sourcing-crepe/,yes,Fashion Designers Sourcing Crepe Fabric Notes,"Fashion Designers can shortlist crepe on the FabStitch marketplace, then inquire with quantity and end use. See how Fashion Designers Sourcing Crepe.",How fashion designers can source crepe,,159,119,fashion designers sourcing crepe,commercial_investigation,,,,6,,,thin,D,
/marketplace/designers-sourcing-canvas/,,,yes,no,/marketplace/designers-sourcing-canvas/,yes,Fashion Designers Sourcing Canvas Fabric Notes,"Fashion Designers can shortlist canvas on the FabStitch marketplace, then inquire with quantity and end use. See how Fashion Designers Sourcing Canvas.",How fashion designers can source canvas,,159,119,fashion designers sourcing canvas,commercial_investigation,,,,6,,,thin,D,
/marketplace/designers-sourcing-oxford/,,,yes,no,/marketplace/designers-sourcing-oxford/,yes,Fashion Designers Sourcing Oxford Fabric Notes,"Fashion Designers can shortlist oxford on the FabStitch marketplace, then inquire with quantity and end use. See how Fashion Designers Sourcing Oxford.",How fashion designers can source oxford,,156,116,fashion designers sourcing oxford,commercial_investigation,,,,7,,,thin,D,
/marketplace/designers-sourcing-twill/,,,yes,no,/marketplace/designers-sourcing-twill/,yes,Fashion Designers Sourcing Twill Fabric Notes,"Fashion Designers can shortlist twill on the FabStitch marketplace, then inquire with quantity and end use. See how Fashion Designers Sourcing Twill.",How fashion designers can source twill,,160,120,fashion designers sourcing twill,commercial_investigation,,,,6,,,thin,D,
/marketplace/designers-sourcing-french-terry/,,,yes,no,/marketplace/designers-sourcing-french-terry/,yes,Fashion Designers Sourcing French terry Use Notes,"Fashion Designers can shortlist french terry on the FabStitch marketplace, then inquire with quantity and end use. See how Fashion Designers Sourcing.",How fashion designers can source french terry,,167,127,fashion designers sourcing french terry,commercial_investigation,,,,7,,,thin,D,
/marketplace/designers-sourcing-lyocell/,,,yes,no,/marketplace/designers-sourcing-lyocell/,yes,Fashion Designers Sourcing Lyocell Fabric Notes,"Fashion Designers can shortlist lyocell on the FabStitch marketplace, then inquire with quantity and end use. See how Fashion Designers Sourcing.",How fashion designers can source lyocell,,156,116,fashion designers sourcing lyocell,commercial_investigation,,,,6,,,thin,D,
/marketplace/apparel-startups-sourcing-cotton/,,,yes,no,/marketplace/apparel-startups-sourcing-cotton/,yes,Apparel Startups Sourcing Cotton Fabric Notes,"Apparel Startups can shortlist cotton on the FabStitch marketplace, then inquire with quantity and end use. See how Apparel Startups Sourcing Cotton.",How apparel startups can source cotton,,161,121,apparel startups sourcing cotton,commercial_investigation,,,,6,,,thin,D,
/marketplace/apparel-startups-sourcing-linen/,,,yes,no,/marketplace/apparel-startups-sourcing-linen/,yes,Apparel Startups Sourcing Linen Fabric Notes,"Apparel Startups can shortlist linen on the FabStitch marketplace, then inquire with quantity and end use. See how Apparel Startups Sourcing Linen.",How apparel startups can source linen,,162,122,apparel startups sourcing linen,commercial_investigation,,,,6,,,thin,D,
/marketplace/apparel-startups-sourcing-silk/,,,yes,no,/marketplace/apparel-startups-sourcing-silk/,yes,Apparel Startups Sourcing Silk Fabric Notes,"Apparel Startups can shortlist silk on the FabStitch marketplace, then inquire with quantity and end use. See how Apparel Startups Sourcing Silk.",How apparel startups can source silk,,160,120,apparel startups sourcing silk,commercial_investigation,,,,6,,,thin,D,
/marketplace/apparel-startups-sourcing-wool/,,,yes,no,/marketplace/apparel-startups-sourcing-wool/,yes,Apparel Startups Sourcing Wool Fabric Notes,"Apparel Startups can shortlist wool on the FabStitch marketplace, then inquire with quantity and end use. See how Apparel Startups Sourcing Wool.",How apparel startups can source wool,,165,125,apparel startups sourcing wool,commercial_investigation,,,,6,,,thin,D,
/marketplace/apparel-startups-sourcing-denim/,,,yes,no,/marketplace/apparel-startups-sourcing-denim/,yes,Apparel Startups Sourcing Denim Fabric Notes,"Apparel Startups can shortlist denim on the FabStitch marketplace, then inquire with quantity and end use. See how Apparel Startups Sourcing Denim.",How apparel startups can source denim,,167,127,apparel startups sourcing denim,commercial_investigation,,,,6,,,thin,D,
/marketplace/apparel-startups-sourcing-polyester/,,,yes,no,/marketplace/apparel-startups-sourcing-polyester/,yes,Apparel Startups Sourcing Polyester Fabric Notes,"Apparel Startups can shortlist polyester on the FabStitch marketplace, then inquire with quantity and end use. See how Apparel Startups Sourcing.",How apparel startups can source polyester,,158,118,apparel startups sourcing polyester,commercial_investigation,,,,6,,,thin,D,
/marketplace/apparel-startups-sourcing-viscose/,,,yes,no,/marketplace/apparel-startups-sourcing-viscose/,yes,Apparel Startups Sourcing Viscose Fabric Notes,"Apparel Startups can shortlist viscose on the FabStitch marketplace, then inquire with quantity and end use. See how Apparel Startups Sourcing Viscose.",How apparel startups can source viscose,,162,122,apparel startups sourcing viscose,commercial_investigation,,,,6,,,thin,D,
/marketplace/apparel-startups-sourcing-rayon/,,,yes,no,/marketplace/apparel-startups-sourcing-rayon/,yes,Apparel Startups Sourcing Rayon Fabric Notes,"Apparel Startups can shortlist rayon on the FabStitch marketplace, then inquire with quantity and end use. See how Apparel Startups Sourcing Rayon.",How apparel startups can source rayon,,155,115,apparel startups sourcing rayon,commercial_investigation,,,,6,,,thin,D,
/marketplace/apparel-startups-sourcing-jersey/,,,yes,no,/marketplace/apparel-startups-sourcing-jersey/,yes,Apparel Startups Sourcing Jersey Fabric Notes,"Apparel Startups can shortlist jersey on the FabStitch marketplace, then inquire with quantity and end use. See how Apparel Startups Sourcing Jersey.",How apparel startups can source jersey,,163,123,apparel startups sourcing jersey,commercial_investigation,,,,7,,,thin,D,
/marketplace/apparel-startups-sourcing-velvet/,,,yes,no,/marketplace/apparel-startups-sourcing-velvet/,yes,Apparel Startups Sourcing Velvet Fabric Notes,"Apparel Startups can shortlist velvet on the FabStitch marketplace, then inquire with quantity and end use. See how Apparel Startups Sourcing Velvet.",How apparel startups can source velvet,,154,114,apparel startups sourcing velvet,commercial_investigation,,,,7,,,thin,D,
/marketplace/apparel-startups-sourcing-chiffon/,,,yes,no,/marketplace/apparel-startups-sourcing-chiffon/,yes,Apparel Startups Sourcing Chiffon Fabric Notes,"Apparel Startups can shortlist chiffon on the FabStitch marketplace, then inquire with quantity and end use. See how Apparel Startups Sourcing Chiffon.",How apparel startups can source chiffon,,161,121,apparel startups sourcing chiffon,commercial_investigation,,,,7,,,thin,D,
/marketplace/apparel-startups-sourcing-georgette/,,,yes,no,/marketplace/apparel-startups-sourcing-georgette/,yes,Apparel Startups Sourcing Georgette Fabric Notes,"Apparel Startups can shortlist georgette on the FabStitch marketplace, then inquire with quantity and end use. See how Apparel Startups Sourcing.",How apparel startups can source georgette,,155,115,apparel startups sourcing georgette,commercial_investigation,,,,7,,,thin,D,
/marketplace/apparel-startups-sourcing-poplin/,,,yes,no,/marketplace/apparel-startups-sourcing-poplin/,yes,Apparel Startups Sourcing Poplin Fabric Notes,"Apparel Startups can shortlist poplin on the FabStitch marketplace, then inquire with quantity and end use. See how Apparel Startups Sourcing Poplin.",How apparel startups can source poplin,,163,123,apparel startups sourcing poplin,commercial_investigation,,,,7,,,thin,D,
/marketplace/apparel-startups-sourcing-satin/,,,yes,no,/marketplace/apparel-startups-sourcing-satin/,yes,Apparel Startups Sourcing Satin Fabric Notes,"Apparel Startups can shortlist satin on the FabStitch marketplace, then inquire with quantity and end use. See how Apparel Startups Sourcing Satin.",How apparel startups can source satin,,159,119,apparel startups sourcing satin,commercial_investigation,,,,6,,,thin,D,
/marketplace/apparel-startups-sourcing-crepe/,,,yes,no,/marketplace/apparel-startups-sourcing-crepe/,yes,Apparel Startups Sourcing Crepe Fabric Notes,"Apparel Startups can shortlist crepe on the FabStitch marketplace, then inquire with quantity and end use. See how Apparel Startups Sourcing Crepe.",How apparel startups can source crepe,,159,119,apparel startups sourcing crepe,commercial_investigation,,,,6,,,thin,D,
/marketplace/apparel-startups-sourcing-canvas/,,,yes,no,/marketplace/apparel-startups-sourcing-canvas/,yes,Apparel Startups Sourcing Canvas Fabric Notes,"Apparel Startups can shortlist canvas on the FabStitch marketplace, then inquire with quantity and end use. See how Apparel Startups Sourcing Canvas.",How apparel startups can source canvas,,155,115,apparel startups sourcing canvas,commercial_investigation,,,,6,,,thin,D,
/marketplace/apparel-startups-sourcing-oxford/,,,yes,no,/marketplace/apparel-startups-sourcing-oxford/,yes,Apparel Startups Sourcing Oxford Fabric Notes,"Apparel Startups can shortlist oxford on the FabStitch marketplace, then inquire with quantity and end use. See how Apparel Startups Sourcing Oxford.",How apparel startups can source oxford,,163,123,apparel startups sourcing oxford,commercial_investigation,,,,7,,,thin,D,
/marketplace/apparel-startups-sourcing-twill/,,,yes,no,/marketplace/apparel-startups-sourcing-twill/,yes,Apparel Startups Sourcing Twill Fabric Notes,"Apparel Startups can shortlist twill on the FabStitch marketplace, then inquire with quantity and end use. See how Apparel Startups Sourcing Twill.",How apparel startups can source twill,,157,117,apparel startups sourcing twill,commercial_investigation,,,,6,,,thin,D,
/marketplace/apparel-startups-sourcing-french-terry/,,,yes,no,/marketplace/apparel-startups-sourcing-french-terry/,yes,Apparel Startups Sourcing French terry Use Notes,"Apparel Startups can shortlist french terry on the FabStitch marketplace, then inquire with quantity and end use. See how Apparel Startups Sourcing.",How apparel startups can source french terry,,167,127,apparel startups sourcing french terry,commercial_investigation,,,,7,,,thin,D,
/marketplace/apparel-startups-sourcing-lyocell/,,,yes,no,/marketplace/apparel-startups-sourcing-lyocell/,yes,Apparel Startups Sourcing Lyocell Fabric Notes,"Apparel Startups can shortlist lyocell on the FabStitch marketplace, then inquire with quantity and end use. See how Apparel Startups Sourcing Lyocell.",How apparel startups can source lyocell,,158,118,apparel startups sourcing lyocell,commercial_investigation,,,,6,,,thin,D,
/marketplace/production-teams-sourcing-cotton/,,,yes,no,/marketplace/production-teams-sourcing-cotton/,yes,Production Teams Sourcing Cotton Fabric Notes,"Production Teams can shortlist cotton on the FabStitch marketplace, then inquire with quantity and end use. See how Production Teams Sourcing Cotton.",How production teams can source cotton,,167,127,production teams sourcing cotton,commercial_investigation,,,,6,,,thin,D,
/marketplace/production-teams-sourcing-linen/,,,yes,no,/marketplace/production-teams-sourcing-linen/,yes,Production Teams Sourcing Linen Fabric Notes,"Production Teams can shortlist linen on the FabStitch marketplace, then inquire with quantity and end use. See how Production Teams Sourcing Linen.",How production teams can source linen,,167,127,production teams sourcing linen,commercial_investigation,,,,6,,,thin,D,
/marketplace/production-teams-sourcing-silk/,,,yes,no,/marketplace/production-teams-sourcing-silk/,yes,Production Teams Sourcing Silk Fabric Notes,"Production Teams can shortlist silk on the FabStitch marketplace, then inquire with quantity and end use. See how Production Teams Sourcing Silk.",How production teams can source silk,,161,121,production teams sourcing silk,commercial_investigation,,,,6,,,thin,D,
/marketplace/production-teams-sourcing-wool/,,,yes,no,/marketplace/production-teams-sourcing-wool/,yes,Production Teams Sourcing Wool Fabric Notes,"Production Teams can shortlist wool on the FabStitch marketplace, then inquire with quantity and end use. See how Production Teams Sourcing Wool.",How production teams can source wool,,169,129,production teams sourcing wool,commercial_investigation,,,,6,,,thin,D,
/marketplace/production-teams-sourcing-denim/,,,yes,no,/marketplace/production-teams-sourcing-denim/,yes,Production Teams Sourcing Denim Fabric Notes,"Production Teams can shortlist denim on the FabStitch marketplace, then inquire with quantity and end use. See how Production Teams Sourcing Denim.",How production teams can source denim,,171,131,production teams sourcing denim,commercial_investigation,,,,6,,,thin,D,
/marketplace/production-teams-sourcing-polyester/,,,yes,no,/marketplace/production-teams-sourcing-polyester/,yes,Production Teams Sourcing Polyester Fabric Notes,"Production Teams can shortlist polyester on the FabStitch marketplace, then inquire with quantity and end use. See how Production Teams Sourcing.",How production teams can source polyester,,159,119,production teams sourcing polyester,commercial_investigation,,,,6,,,thin,D,
/marketplace/production-teams-sourcing-viscose/,,,yes,no,/marketplace/production-teams-sourcing-viscose/,yes,Production Teams Sourcing Viscose Fabric Notes,"Production Teams can shortlist viscose on the FabStitch marketplace, then inquire with quantity and end use. See how Production Teams Sourcing Viscose.",How production teams can source viscose,,165,125,production teams sourcing viscose,commercial_investigation,,,,6,,,thin,D,
/marketplace/production-teams-sourcing-rayon/,,,yes,no,/marketplace/production-teams-sourcing-rayon/,yes,Production Teams Sourcing Rayon Fabric Notes,"Production Teams can shortlist rayon on the FabStitch marketplace, then inquire with quantity and end use. See how Production Teams Sourcing Rayon.",How production teams can source rayon,,159,119,production teams sourcing rayon,commercial_investigation,,,,6,,,thin,D,
/marketplace/production-teams-sourcing-jersey/,,,yes,no,/marketplace/production-teams-sourcing-jersey/,yes,Production Teams Sourcing Jersey Fabric Notes,"Production Teams can shortlist jersey on the FabStitch marketplace, then inquire with quantity and end use. See how Production Teams Sourcing Jersey.",How production teams can source jersey,,164,124,production teams sourcing jersey,commercial_investigation,,,,7,,,thin,D,
/marketplace/production-teams-sourcing-velvet/,,,yes,no,/marketplace/production-teams-sourcing-velvet/,yes,Production Teams Sourcing Velvet Fabric Notes,"Production Teams can shortlist velvet on the FabStitch marketplace, then inquire with quantity and end use. See how Production Teams Sourcing Velvet.",How production teams can source velvet,,160,120,production teams sourcing velvet,commercial_investigation,,,,7,,,thin,D,
/marketplace/shirts-fabric-under-100/,,,yes,no,/marketplace/shirts-fabric-under-100/,yes,Shirts Fabric under 100 GSM Fabric Notes,"Plan a FabStitch search for shirts under 100 gsm. The band is a planning range, not proof a cloth publishes that GSM. See how Shirts Fabric under 100.",Selecting shirts fabric under 100 gsm,,152,112,shirts fabric under 100 gsm,commercial_investigation,,,,7,,,thin,D,
/marketplace/shirts-fabric-100-150/,,,yes,no,/marketplace/shirts-fabric-100-150/,yes,Shirts Fabric 100 to 150 GSM Fabric Notes,"Plan a FabStitch search for shirts 100 to 150 gsm. The band is a planning range, not proof a cloth publishes that GSM. See how Shirts Fabric 100 to 150",Selecting shirts fabric 100 to 150 gsm,,164,124,shirts fabric 100 to 150 gsm,commercial_investigation,,,,7,,,thin,D,
/marketplace/shirts-fabric-150-200/,,,yes,no,/marketplace/shirts-fabric-150-200/,yes,Shirts Fabric 150 to 200 GSM Fabric Notes,"Plan a FabStitch search for shirts 150 to 200 gsm. The band is a planning range, not proof a cloth publishes that GSM. See how Shirts Fabric 150 to 200",Selecting shirts fabric 150 to 200 gsm,,155,115,shirts fabric 150 to 200 gsm,commercial_investigation,,,,7,,,thin,D,
/marketplace/shirts-fabric-200-280/,,,yes,no,/marketplace/shirts-fabric-200-280/,yes,Shirts Fabric 200 to 280 GSM Fabric Notes,"Plan a FabStitch search for shirts 200 to 280 gsm. The band is a planning range, not proof a cloth publishes that GSM. See how Shirts Fabric 200 to 280",Selecting shirts fabric 200 to 280 gsm,,156,116,shirts fabric 200 to 280 gsm,commercial_investigation,,,,7,,,thin,D,
/marketplace/shirts-fabric-280-400/,,,yes,no,/marketplace/shirts-fabric-280-400/,yes,Shirts Fabric 280 to 400 GSM Fabric Notes,"Plan a FabStitch search for shirts 280 to 400 gsm. The band is a planning range, not proof a cloth publishes that GSM. See how Shirts Fabric 280 to 400",Selecting shirts fabric 280 to 400 gsm,,161,121,shirts fabric 280 to 400 gsm,commercial_investigation,,,,7,,,thin,D,
/marketplace/shirts-fabric-over-400/,,,yes,no,/marketplace/shirts-fabric-over-400/,yes,Shirts Fabric over 400 GSM Fabric Notes Use Notes,"Plan a FabStitch search for shirts over 400 gsm. The band is a planning range, not proof a cloth publishes that GSM. See how Shirts Fabric over 400 GSM",Selecting shirts fabric over 400 gsm,,155,115,shirts fabric over 400 gsm,commercial_investigation,,,,7,,,thin,D,
/marketplace/dresses-fabric-under-100/,,,yes,no,/marketplace/dresses-fabric-under-100/,yes,Dresses Fabric under 100 GSM Fabric Notes,"Plan a FabStitch search for dresses under 100 gsm. The band is a planning range, not proof a cloth publishes that GSM. See how Dresses Fabric under 100",Selecting dresses fabric under 100 gsm,,160,120,dresses fabric under 100 gsm,commercial_investigation,,,,7,,,thin,D,
/marketplace/dresses-fabric-100-150/,,,yes,no,/marketplace/dresses-fabric-100-150/,yes,Dresses Fabric 100 to 150 GSM Fabric Notes,"Plan a FabStitch search for dresses 100 to 150 gsm. The band is a planning range, not proof a cloth publishes that GSM. See how Dresses Fabric 100 to.",Selecting dresses fabric 100 to 150 gsm,,172,132,dresses fabric 100 to 150 gsm,commercial_investigation,,,,7,,,thin,D,
/marketplace/dresses-fabric-150-200/,,,yes,no,/marketplace/dresses-fabric-150-200/,yes,Dresses Fabric 150 to 200 GSM Fabric Notes,"Plan a FabStitch search for dresses 150 to 200 gsm. The band is a planning range, not proof a cloth publishes that GSM. See how Dresses Fabric 150 to.",Selecting dresses fabric 150 to 200 gsm,,162,122,dresses fabric 150 to 200 gsm,commercial_investigation,,,,7,,,thin,D,
/marketplace/dresses-fabric-200-280/,,,yes,no,/marketplace/dresses-fabric-200-280/,yes,Dresses Fabric 200 to 280 GSM Fabric Notes,"Plan a FabStitch search for dresses 200 to 280 gsm. The band is a planning range, not proof a cloth publishes that GSM. See how Dresses Fabric 200 to.",Selecting dresses fabric 200 to 280 gsm,,165,125,dresses fabric 200 to 280 gsm,commercial_investigation,,,,7,,,thin,D,
/marketplace/dresses-fabric-280-400/,,,yes,no,/marketplace/dresses-fabric-280-400/,yes,Dresses Fabric 280 to 400 GSM Fabric Notes,"Plan a FabStitch search for dresses 280 to 400 gsm. The band is a planning range, not proof a cloth publishes that GSM. See how Dresses Fabric 280 to.",Selecting dresses fabric 280 to 400 gsm,,165,125,dresses fabric 280 to 400 gsm,commercial_investigation,,,,7,,,thin,D,
/marketplace/dresses-fabric-over-400/,,,yes,no,/marketplace/dresses-fabric-over-400/,yes,Dresses Fabric over 400 GSM Fabric Notes,"Plan a FabStitch search for dresses over 400 gsm. The band is a planning range, not proof a cloth publishes that GSM. See how Dresses Fabric over 400.",Selecting dresses fabric over 400 gsm,,160,120,dresses fabric over 400 gsm,commercial_investigation,,,,7,,,thin,D,
/marketplace/trousers-fabric-under-100/,,,yes,no,/marketplace/trousers-fabric-under-100/,yes,Trousers Fabric under 100 GSM Fabric Notes,"Plan a FabStitch search for trousers under 100 gsm. The band is a planning range, not proof a cloth publishes that GSM. See how Trousers Fabric under.",Selecting trousers fabric under 100 gsm,,149,109,trousers fabric under 100 gsm,commercial_investigation,,,,7,,,thin,D,
/marketplace/trousers-fabric-100-150/,,,yes,no,/marketplace/trousers-fabric-100-150/,yes,Trousers Fabric 100 to 150 GSM Fabric Notes,"Plan a FabStitch search for trousers 100 to 150 gsm. The band is a planning range, not proof a cloth publishes that GSM.",Selecting trousers fabric 100 to 150 gsm,,163,123,trousers fabric 100 to 150 gsm,commercial_investigation,,,,7,,,thin,D,
/marketplace/trousers-fabric-150-200/,,,yes,no,/marketplace/trousers-fabric-150-200/,yes,Trousers Fabric 150 to 200 GSM Fabric Notes,"Plan a FabStitch search for trousers 150 to 200 gsm. The band is a planning range, not proof a cloth publishes that GSM.",Selecting trousers fabric 150 to 200 gsm,,157,117,trousers fabric 150 to 200 gsm,commercial_investigation,,,,7,,,thin,D,
/marketplace/trousers-fabric-200-280/,,,yes,no,/marketplace/trousers-fabric-200-280/,yes,Trousers Fabric 200 to 280 GSM Fabric Notes,"Plan a FabStitch search for trousers 200 to 280 gsm. The band is a planning range, not proof a cloth publishes that GSM.",Selecting trousers fabric 200 to 280 gsm,,158,118,trousers fabric 200 to 280 gsm,commercial_investigation,,,,7,,,thin,D,
/marketplace/trousers-fabric-280-400/,,,yes,no,/marketplace/trousers-fabric-280-400/,yes,Trousers Fabric 280 to 400 GSM Fabric Notes,"Plan a FabStitch search for trousers 280 to 400 gsm. The band is a planning range, not proof a cloth publishes that GSM.",Selecting trousers fabric 280 to 400 gsm,,162,122,trousers fabric 280 to 400 gsm,commercial_investigation,,,,7,,,thin,D,
/marketplace/trousers-fabric-over-400/,,,yes,no,/marketplace/trousers-fabric-over-400/,yes,Trousers Fabric over 400 GSM Fabric Notes,"Plan a FabStitch search for trousers over 400 gsm. The band is a planning range, not proof a cloth publishes that GSM. See how Trousers Fabric over 400",Selecting trousers fabric over 400 gsm,,155,115,trousers fabric over 400 gsm,commercial_investigation,,,,7,,,thin,D,
/marketplace/jackets-fabric-under-100/,,,yes,no,/marketplace/jackets-fabric-under-100/,yes,Jackets Fabric under 100 GSM Fabric Notes,"Plan a FabStitch search for jackets under 100 gsm. The band is a planning range, not proof a cloth publishes that GSM. See how Jackets Fabric under 100",Selecting jackets fabric under 100 gsm,,154,114,jackets fabric under 100 gsm,commercial_investigation,,,,6,,,thin,D,
/marketplace/jackets-fabric-100-150/,,,yes,no,/marketplace/jackets-fabric-100-150/,yes,Jackets Fabric 100 to 150 GSM Fabric Notes,"Plan a FabStitch search for jackets 100 to 150 gsm. The band is a planning range, not proof a cloth publishes that GSM. See how Jackets Fabric 100 to.",Selecting jackets fabric 100 to 150 gsm,,168,128,jackets fabric 100 to 150 gsm,commercial_investigation,,,,6,,,thin,D,
/marketplace/jackets-fabric-150-200/,,,yes,no,/marketplace/jackets-fabric-150-200/,yes,Jackets Fabric 150 to 200 GSM Fabric Notes,"Plan a FabStitch search for jackets 150 to 200 gsm. The band is a planning range, not proof a cloth publishes that GSM. See how Jackets Fabric 150 to.",Selecting jackets fabric 150 to 200 gsm,,160,120,jackets fabric 150 to 200 gsm,commercial_investigation,,,,6,,,thin,D,
/marketplace/jackets-fabric-200-280/,,,yes,no,/marketplace/jackets-fabric-200-280/,yes,Jackets Fabric 200 to 280 GSM Fabric Notes,"Plan a FabStitch search for jackets 200 to 280 gsm. The band is a planning range, not proof a cloth publishes that GSM. See how Jackets Fabric 200 to.",Selecting jackets fabric 200 to 280 gsm,,160,120,jackets fabric 200 to 280 gsm,commercial_investigation,,,,6,,,thin,D,
/marketplace/jackets-fabric-280-400/,,,yes,no,/marketplace/jackets-fabric-280-400/,yes,Jackets Fabric 280 to 400 GSM Fabric Notes,"Plan a FabStitch search for jackets 280 to 400 gsm. The band is a planning range, not proof a cloth publishes that GSM. See how Jackets Fabric 280 to.",Selecting jackets fabric 280 to 400 gsm,,162,122,jackets fabric 280 to 400 gsm,commercial_investigation,,,,6,,,thin,D,
/marketplace/jackets-fabric-over-400/,,,yes,no,/marketplace/jackets-fabric-over-400/,yes,Jackets Fabric over 400 GSM Fabric Notes,"Plan a FabStitch search for jackets over 400 gsm. The band is a planning range, not proof a cloth publishes that GSM. See how Jackets Fabric over 400.",Selecting jackets fabric over 400 gsm,,157,117,jackets fabric over 400 gsm,commercial_investigation,,,,6,,,thin,D,
/marketplace/coats-fabric-under-100/,,,yes,no,/marketplace/coats-fabric-under-100/,yes,Coats Fabric under 100 GSM Fabric Notes Use Notes,"Plan a FabStitch search for coats under 100 gsm. The band is a planning range, not proof a cloth publishes that GSM. See how Coats Fabric under 100 GSM",Selecting coats fabric under 100 gsm,,149,109,coats fabric under 100 gsm,commercial_investigation,,,,6,,,thin,D,
/marketplace/coats-fabric-100-150/,,,yes,no,/marketplace/coats-fabric-100-150/,yes,Coats Fabric 100 to 150 GSM Fabric Notes,"Plan a FabStitch search for coats 100 to 150 gsm. The band is a planning range, not proof a cloth publishes that GSM. See how Coats Fabric 100 to 150.",Selecting coats fabric 100 to 150 gsm,,166,126,coats fabric 100 to 150 gsm,commercial_investigation,,,,6,,,thin,D,
/marketplace/coats-fabric-150-200/,,,yes,no,/marketplace/coats-fabric-150-200/,yes,Coats Fabric 150 to 200 GSM Fabric Notes,"Plan a FabStitch search for coats 150 to 200 gsm. The band is a planning range, not proof a cloth publishes that GSM. See how Coats Fabric 150 to 200.",Selecting coats fabric 150 to 200 gsm,,155,115,coats fabric 150 to 200 gsm,commercial_investigation,,,,6,,,thin,D,
/marketplace/coats-fabric-200-280/,,,yes,no,/marketplace/coats-fabric-200-280/,yes,Coats Fabric 200 to 280 GSM Fabric Notes,"Plan a FabStitch search for coats 200 to 280 gsm. The band is a planning range, not proof a cloth publishes that GSM. See how Coats Fabric 200 to 280.",Selecting coats fabric 200 to 280 gsm,,157,117,coats fabric 200 to 280 gsm,commercial_investigation,,,,6,,,thin,D,
/marketplace/coats-fabric-280-400/,,,yes,no,/marketplace/coats-fabric-280-400/,yes,Coats Fabric 280 to 400 GSM Fabric Notes,"Plan a FabStitch search for coats 280 to 400 gsm. The band is a planning range, not proof a cloth publishes that GSM. See how Coats Fabric 280 to 400.",Selecting coats fabric 280 to 400 gsm,,156,116,coats fabric 280 to 400 gsm,commercial_investigation,,,,6,,,thin,D,
/marketplace/coats-fabric-over-400/,,,yes,no,/marketplace/coats-fabric-over-400/,yes,Coats Fabric over 400 GSM Fabric Notes Use Notes,"Plan a FabStitch search for coats over 400 gsm. The band is a planning range, not proof a cloth publishes that GSM. See how Coats Fabric over 400 GSM.",Selecting coats fabric over 400 gsm,,154,114,coats fabric over 400 gsm,commercial_investigation,,,,6,,,thin,D,
/marketplace/suits-fabric-under-100/,,,yes,no,/marketplace/suits-fabric-under-100/,yes,Suits Fabric under 100 GSM Fabric Notes Use Notes,"Plan a FabStitch search for suits under 100 gsm. The band is a planning range, not proof a cloth publishes that GSM. See how Suits Fabric under 100 GSM",Selecting suits fabric under 100 gsm,,146,106,suits fabric under 100 gsm,commercial_investigation,,,,6,,,thin,D,
/marketplace/suits-fabric-100-150/,,,yes,no,/marketplace/suits-fabric-100-150/,yes,Suits Fabric 100 to 150 GSM Fabric Notes,"Plan a FabStitch search for suits 100 to 150 gsm. The band is a planning range, not proof a cloth publishes that GSM. See how Suits Fabric 100 to 150.",Selecting suits fabric 100 to 150 gsm,,160,120,suits fabric 100 to 150 gsm,commercial_investigation,,,,6,,,thin,D,
/marketplace/suits-fabric-150-200/,,,yes,no,/marketplace/suits-fabric-150-200/,yes,Suits Fabric 150 to 200 GSM Fabric Notes,"Plan a FabStitch search for suits 150 to 200 gsm. The band is a planning range, not proof a cloth publishes that GSM. See how Suits Fabric 150 to 200.",Selecting suits fabric 150 to 200 gsm,,150,110,suits fabric 150 to 200 gsm,commercial_investigation,,,,6,,,thin,D,
/marketplace/suits-fabric-200-280/,,,yes,no,/marketplace/suits-fabric-200-280/,yes,Suits Fabric 200 to 280 GSM Fabric Notes,"Plan a FabStitch search for suits 200 to 280 gsm. The band is a planning range, not proof a cloth publishes that GSM. See how Suits Fabric 200 to 280.",Selecting suits fabric 200 to 280 gsm,,151,111,suits fabric 200 to 280 gsm,commercial_investigation,,,,6,,,thin,D,
/marketplace/suits-fabric-280-400/,,,yes,no,/marketplace/suits-fabric-280-400/,yes,Suits Fabric 280 to 400 GSM Fabric Notes,"Plan a FabStitch search for suits 280 to 400 gsm. The band is a planning range, not proof a cloth publishes that GSM. See how Suits Fabric 280 to 400.",Selecting suits fabric 280 to 400 gsm,,157,117,suits fabric 280 to 400 gsm,commercial_investigation,,,,6,,,thin,D,
/marketplace/suits-fabric-over-400/,,,yes,no,/marketplace/suits-fabric-over-400/,yes,Suits Fabric over 400 GSM Fabric Notes Use Notes,"Plan a FabStitch search for suits over 400 gsm. The band is a planning range, not proof a cloth publishes that GSM. See how Suits Fabric over 400 GSM.",Selecting suits fabric over 400 gsm,,151,111,suits fabric over 400 gsm,commercial_investigation,,,,6,,,thin,D,
/marketplace/blazers-fabric-under-100/,,,yes,no,/marketplace/blazers-fabric-under-100/,yes,Blazers Fabric under 100 GSM Fabric Notes,"Plan a FabStitch search for blazers under 100 gsm. The band is a planning range, not proof a cloth publishes that GSM. See how Blazers Fabric under 100",Selecting blazers fabric under 100 gsm,,154,114,blazers fabric under 100 gsm,commercial_investigation,,,,6,,,thin,D,
/marketplace/blazers-fabric-100-150/,,,yes,no,/marketplace/blazers-fabric-100-150/,yes,Blazers Fabric 100 to 150 GSM Fabric Notes,"Plan a FabStitch search for blazers 100 to 150 gsm. The band is a planning range, not proof a cloth publishes that GSM. See how Blazers Fabric 100 to.",Selecting blazers fabric 100 to 150 gsm,,168,128,blazers fabric 100 to 150 gsm,commercial_investigation,,,,6,,,thin,D,
/marketplace/blazers-fabric-150-200/,,,yes,no,/marketplace/blazers-fabric-150-200/,yes,Blazers Fabric 150 to 200 GSM Fabric Notes,"Plan a FabStitch search for blazers 150 to 200 gsm. The band is a planning range, not proof a cloth publishes that GSM. See how Blazers Fabric 150 to.",Selecting blazers fabric 150 to 200 gsm,,160,120,blazers fabric 150 to 200 gsm,commercial_investigation,,,,6,,,thin,D,
/marketplace/blazers-fabric-200-280/,,,yes,no,/marketplace/blazers-fabric-200-280/,yes,Blazers Fabric 200 to 280 GSM Fabric Notes,"Plan a FabStitch search for blazers 200 to 280 gsm. The band is a planning range, not proof a cloth publishes that GSM. See how Blazers Fabric 200 to.",Selecting blazers fabric 200 to 280 gsm,,161,121,blazers fabric 200 to 280 gsm,commercial_investigation,,,,6,,,thin,D,
/marketplace/blazers-fabric-280-400/,,,yes,no,/marketplace/blazers-fabric-280-400/,yes,Blazers Fabric 280 to 400 GSM Fabric Notes,"Plan a FabStitch search for blazers 280 to 400 gsm. The band is a planning range, not proof a cloth publishes that GSM. See how Blazers Fabric 280 to.",Selecting blazers fabric 280 to 400 gsm,,163,123,blazers fabric 280 to 400 gsm,commercial_investigation,,,,6,,,thin,D,
/marketplace/blazers-fabric-over-400/,,,yes,no,/marketplace/blazers-fabric-over-400/,yes,Blazers Fabric over 400 GSM Fabric Notes,"Plan a FabStitch search for blazers over 400 gsm. The band is a planning range, not proof a cloth publishes that GSM. See how Blazers Fabric over 400.",Selecting blazers fabric over 400 gsm,,158,118,blazers fabric over 400 gsm,commercial_investigation,,,,6,,,thin,D,
/marketplace/uniforms-fabric-under-100/,,,yes,no,/marketplace/uniforms-fabric-under-100/,yes,Uniforms Fabric under 100 GSM Fabric Notes,"Plan a FabStitch search for uniforms under 100 gsm. The band is a planning range, not proof a cloth publishes that GSM. See how Uniforms Fabric under.",Selecting uniforms fabric under 100 gsm,,148,108,uniforms fabric under 100 gsm,commercial_investigation,,,,6,,,thin,D,
/marketplace/uniforms-fabric-100-150/,,,yes,no,/marketplace/uniforms-fabric-100-150/,yes,Uniforms Fabric 100 to 150 GSM Fabric Notes,"Plan a FabStitch search for uniforms 100 to 150 gsm. The band is a planning range, not proof a cloth publishes that GSM.",Selecting uniforms fabric 100 to 150 gsm,,162,122,uniforms fabric 100 to 150 gsm,commercial_investigation,,,,6,,,thin,D,
/marketplace/uniforms-fabric-150-200/,,,yes,no,/marketplace/uniforms-fabric-150-200/,yes,Uniforms Fabric 150 to 200 GSM Fabric Notes,"Plan a FabStitch search for uniforms 150 to 200 gsm. The band is a planning range, not proof a cloth publishes that GSM.",Selecting uniforms fabric 150 to 200 gsm,,152,112,uniforms fabric 150 to 200 gsm,commercial_investigation,,,,6,,,thin,D,
/marketplace/uniforms-fabric-200-280/,,,yes,no,/marketplace/uniforms-fabric-200-280/,yes,Uniforms Fabric 200 to 280 GSM Fabric Notes,"Plan a FabStitch search for uniforms 200 to 280 gsm. The band is a planning range, not proof a cloth publishes that GSM.",Selecting uniforms fabric 200 to 280 gsm,,153,113,uniforms fabric 200 to 280 gsm,commercial_investigation,,,,6,,,thin,D,
/marketplace/uniforms-fabric-280-400/,,,yes,no,/marketplace/uniforms-fabric-280-400/,yes,Uniforms Fabric 280 to 400 GSM Fabric Notes,"Plan a FabStitch search for uniforms 280 to 400 gsm. The band is a planning range, not proof a cloth publishes that GSM.",Selecting uniforms fabric 280 to 400 gsm,,154,114,uniforms fabric 280 to 400 gsm,commercial_investigation,,,,6,,,thin,D,
/marketplace/uniforms-fabric-over-400/,,,yes,no,/marketplace/uniforms-fabric-over-400/,yes,Uniforms Fabric over 400 GSM Fabric Notes,"Plan a FabStitch search for uniforms over 400 gsm. The band is a planning range, not proof a cloth publishes that GSM. See how Uniforms Fabric over 400",Selecting uniforms fabric over 400 gsm,,148,108,uniforms fabric over 400 gsm,commercial_investigation,,,,6,,,thin,D,
/marketplace/activewear-fabric-under-100/,,,yes,no,/marketplace/activewear-fabric-under-100/,yes,Activewear Fabric under 100 GSM Fabric Notes,"Plan a FabStitch search for activewear under 100 gsm. The band is a planning range, not proof a cloth publishes that GSM.",Selecting activewear fabric under 100 gsm,,145,105,activewear fabric under 100 gsm,commercial_investigation,,,,7,,,thin,D,
/marketplace/activewear-fabric-100-150/,,,yes,no,/marketplace/activewear-fabric-100-150/,yes,Activewear Fabric 100 to 150 GSM Fabric Notes,"Plan a FabStitch search for activewear 100 to 150 gsm. The band is a planning range, not proof a cloth publishes that GSM.",Selecting activewear fabric 100 to 150 gsm,,159,119,activewear fabric 100 to 150 gsm,commercial_investigation,,,,7,,,thin,D,
/marketplace/activewear-fabric-150-200/,,,yes,no,/marketplace/activewear-fabric-150-200/,yes,Activewear Fabric 150 to 200 GSM Fabric Notes,"Plan a FabStitch search for activewear 150 to 200 gsm. The band is a planning range, not proof a cloth publishes that GSM.",Selecting activewear fabric 150 to 200 gsm,,153,113,activewear fabric 150 to 200 gsm,commercial_investigation,,,,7,,,thin,D,
/marketplace/activewear-fabric-200-280/,,,yes,no,/marketplace/activewear-fabric-200-280/,yes,Activewear Fabric 200 to 280 GSM Fabric Notes,"Plan a FabStitch search for activewear 200 to 280 gsm. The band is a planning range, not proof a cloth publishes that GSM.",Selecting activewear fabric 200 to 280 gsm,,154,114,activewear fabric 200 to 280 gsm,commercial_investigation,,,,7,,,thin,D,
/marketplace/activewear-fabric-280-400/,,,yes,no,/marketplace/activewear-fabric-280-400/,yes,Activewear Fabric 280 to 400 GSM Fabric Notes,"Plan a FabStitch search for activewear 280 to 400 gsm. The band is a planning range, not proof a cloth publishes that GSM.",Selecting activewear fabric 280 to 400 gsm,,155,115,activewear fabric 280 to 400 gsm,commercial_investigation,,,,7,,,thin,D,
/marketplace/activewear-fabric-over-400/,,,yes,no,/marketplace/activewear-fabric-over-400/,yes,Activewear Fabric over 400 GSM Fabric Notes,"Plan a FabStitch search for activewear over 400 gsm. The band is a planning range, not proof a cloth publishes that GSM.",Selecting activewear fabric over 400 gsm,,148,108,activewear fabric over 400 gsm,commercial_investigation,,,,7,,,thin,D,
/marketplace/workwear-fabric-under-100/,,,yes,no,/marketplace/workwear-fabric-under-100/,yes,Workwear Fabric under 100 GSM Fabric Notes,"Plan a FabStitch search for workwear under 100 gsm. The band is a planning range, not proof a cloth publishes that GSM. See how Workwear Fabric under.",Selecting workwear fabric under 100 gsm,,145,105,workwear fabric under 100 gsm,commercial_investigation,,,,6,,,thin,D,
/marketplace/workwear-fabric-100-150/,,,yes,no,/marketplace/workwear-fabric-100-150/,yes,Workwear Fabric 100 to 150 GSM Fabric Notes,"Plan a FabStitch search for workwear 100 to 150 gsm. The band is a planning range, not proof a cloth publishes that GSM.",Selecting workwear fabric 100 to 150 gsm,,161,121,workwear fabric 100 to 150 gsm,commercial_investigation,,,,6,,,thin,D,
/marketplace/workwear-fabric-150-200/,,,yes,no,/marketplace/workwear-fabric-150-200/,yes,Workwear Fabric 150 to 200 GSM Fabric Notes,"Plan a FabStitch search for workwear 150 to 200 gsm. The band is a planning range, not proof a cloth publishes that GSM.",Selecting workwear fabric 150 to 200 gsm,,153,113,workwear fabric 150 to 200 gsm,commercial_investigation,,,,6,,,thin,D,
/marketplace/workwear-fabric-200-280/,,,yes,no,/marketplace/workwear-fabric-200-280/,yes,Workwear Fabric 200 to 280 GSM Fabric Notes,"Plan a FabStitch search for workwear 200 to 280 gsm. The band is a planning range, not proof a cloth publishes that GSM.",Selecting workwear fabric 200 to 280 gsm,,154,114,workwear fabric 200 to 280 gsm,commercial_investigation,,,,6,,,thin,D,
/marketplace/workwear-fabric-280-400/,,,yes,no,/marketplace/workwear-fabric-280-400/,yes,Workwear Fabric 280 to 400 GSM Fabric Notes,"Plan a FabStitch search for workwear 280 to 400 gsm. The band is a planning range, not proof a cloth publishes that GSM.",Selecting workwear fabric 280 to 400 gsm,,154,114,workwear fabric 280 to 400 gsm,commercial_investigation,,,,6,,,thin,D,
/marketplace/workwear-fabric-over-400/,,,yes,no,/marketplace/workwear-fabric-over-400/,yes,Workwear Fabric over 400 GSM Fabric Notes,"Plan a FabStitch search for workwear over 400 gsm. The band is a planning range, not proof a cloth publishes that GSM. See how Workwear Fabric over 400",Selecting workwear fabric over 400 gsm,,149,109,workwear fabric over 400 gsm,commercial_investigation,,,,6,,,thin,D,
/marketplace/blouses-fabric-under-100/,,,yes,no,/marketplace/blouses-fabric-under-100/,yes,Blouses Fabric under 100 GSM Fabric Notes,"Plan a FabStitch search for blouses under 100 gsm. The band is a planning range, not proof a cloth publishes that GSM. See how Blouses Fabric under 100",Selecting blouses fabric under 100 gsm,,151,111,blouses fabric under 100 gsm,commercial_investigation,,,,6,,,thin,D,
/marketplace/blouses-fabric-100-150/,,,yes,no,/marketplace/blouses-fabric-100-150/,yes,Blouses Fabric 100 to 150 GSM Fabric Notes,"Plan a FabStitch search for blouses 100 to 150 gsm. The band is a planning range, not proof a cloth publishes that GSM. See how Blouses Fabric 100 to.",Selecting blouses fabric 100 to 150 gsm,,166,126,blouses fabric 100 to 150 gsm,commercial_investigation,,,,6,,,thin,D,
/marketplace/blouses-fabric-150-200/,,,yes,no,/marketplace/blouses-fabric-150-200/,yes,Blouses Fabric 150 to 200 GSM Fabric Notes,"Plan a FabStitch search for blouses 150 to 200 gsm. The band is a planning range, not proof a cloth publishes that GSM. See how Blouses Fabric 150 to.",Selecting blouses fabric 150 to 200 gsm,,156,116,blouses fabric 150 to 200 gsm,commercial_investigation,,,,6,,,thin,D,
/marketplace/blouses-fabric-200-280/,,,yes,no,/marketplace/blouses-fabric-200-280/,yes,Blouses Fabric 200 to 280 GSM Fabric Notes,"Plan a FabStitch search for blouses 200 to 280 gsm. The band is a planning range, not proof a cloth publishes that GSM. See how Blouses Fabric 200 to.",Selecting blouses fabric 200 to 280 gsm,,159,119,blouses fabric 200 to 280 gsm,commercial_investigation,,,,6,,,thin,D,
/marketplace/blouses-fabric-280-400/,,,yes,no,/marketplace/blouses-fabric-280-400/,yes,Blouses Fabric 280 to 400 GSM Fabric Notes,"Plan a FabStitch search for blouses 280 to 400 gsm. The band is a planning range, not proof a cloth publishes that GSM. See how Blouses Fabric 280 to.",Selecting blouses fabric 280 to 400 gsm,,161,121,blouses fabric 280 to 400 gsm,commercial_investigation,,,,6,,,thin,D,
/marketplace/blouses-fabric-over-400/,,,yes,no,/marketplace/blouses-fabric-over-400/,yes,Blouses Fabric over 400 GSM Fabric Notes,"Plan a FabStitch search for blouses over 400 gsm. The band is a planning range, not proof a cloth publishes that GSM. See how Blouses Fabric over 400.",Selecting blouses fabric over 400 gsm,,153,113,blouses fabric over 400 gsm,commercial_investigation,,,,6,,,thin,D,
/marketplace/skirts-fabric-under-100/,,,yes,no,/marketplace/skirts-fabric-under-100/,yes,Skirts Fabric under 100 GSM Fabric Notes,"Plan a FabStitch search for skirts under 100 gsm. The band is a planning range, not proof a cloth publishes that GSM. See how Skirts Fabric under 100.",Selecting skirts fabric under 100 gsm,,150,110,skirts fabric under 100 gsm,commercial_investigation,,,,6,,,thin,D,
/marketplace/skirts-fabric-100-150/,,,yes,no,/marketplace/skirts-fabric-100-150/,yes,Skirts Fabric 100 to 150 GSM Fabric Notes,"Plan a FabStitch search for skirts 100 to 150 gsm. The band is a planning range, not proof a cloth publishes that GSM. See how Skirts Fabric 100 to 150",Selecting skirts fabric 100 to 150 gsm,,168,128,skirts fabric 100 to 150 gsm,commercial_investigation,,,,6,,,thin,D,
/marketplace/skirts-fabric-150-200/,,,yes,no,/marketplace/skirts-fabric-150-200/,yes,Skirts Fabric 150 to 200 GSM Fabric Notes,"Plan a FabStitch search for skirts 150 to 200 gsm. The band is a planning range, not proof a cloth publishes that GSM. See how Skirts Fabric 150 to 200",Selecting skirts fabric 150 to 200 gsm,,158,118,skirts fabric 150 to 200 gsm,commercial_investigation,,,,6,,,thin,D,
/marketplace/skirts-fabric-200-280/,,,yes,no,/marketplace/skirts-fabric-200-280/,yes,Skirts Fabric 200 to 280 GSM Fabric Notes,"Plan a FabStitch search for skirts 200 to 280 gsm. The band is a planning range, not proof a cloth publishes that GSM. See how Skirts Fabric 200 to 280",Selecting skirts fabric 200 to 280 gsm,,155,115,skirts fabric 200 to 280 gsm,commercial_investigation,,,,6,,,thin,D,
/marketplace/skirts-fabric-280-400/,,,yes,no,/marketplace/skirts-fabric-280-400/,yes,Skirts Fabric 280 to 400 GSM Fabric Notes,"Plan a FabStitch search for skirts 280 to 400 gsm. The band is a planning range, not proof a cloth publishes that GSM. See how Skirts Fabric 280 to 400",Selecting skirts fabric 280 to 400 gsm,,161,121,skirts fabric 280 to 400 gsm,commercial_investigation,,,,6,,,thin,D,
/marketplace/skirts-fabric-over-400/,,,yes,no,/marketplace/skirts-fabric-over-400/,yes,Skirts Fabric over 400 GSM Fabric Notes Use Notes,"Plan a FabStitch search for skirts over 400 gsm. The band is a planning range, not proof a cloth publishes that GSM. See how Skirts Fabric over 400 GSM",Selecting skirts fabric over 400 gsm,,152,112,skirts fabric over 400 gsm,commercial_investigation,,,,6,,,thin,D,
/marketplace/outerwear-fabric-under-100/,,,yes,no,/marketplace/outerwear-fabric-under-100/,yes,Outerwear Fabric under 100 GSM Fabric Notes,"Plan a FabStitch search for outerwear under 100 gsm. The band is a planning range, not proof a cloth publishes that GSM.",Selecting outerwear fabric under 100 gsm,,147,107,outerwear fabric under 100 gsm,commercial_investigation,,,,7,,,thin,D,
/marketplace/outerwear-fabric-100-150/,,,yes,no,/marketplace/outerwear-fabric-100-150/,yes,Outerwear Fabric 100 to 150 GSM Fabric Notes,"Plan a FabStitch search for outerwear 100 to 150 gsm. The band is a planning range, not proof a cloth publishes that GSM.",Selecting outerwear fabric 100 to 150 gsm,,158,118,outerwear fabric 100 to 150 gsm,commercial_investigation,,,,7,,,thin,D,
/marketplace/outerwear-fabric-150-200/,,,yes,no,/marketplace/outerwear-fabric-150-200/,yes,Outerwear Fabric 150 to 200 GSM Fabric Notes,"Plan a FabStitch search for outerwear 150 to 200 gsm. The band is a planning range, not proof a cloth publishes that GSM.",Selecting outerwear fabric 150 to 200 gsm,,149,109,outerwear fabric 150 to 200 gsm,commercial_investigation,,,,7,,,thin,D,
/marketplace/outerwear-fabric-200-280/,,,yes,no,/marketplace/outerwear-fabric-200-280/,yes,Outerwear Fabric 200 to 280 GSM Fabric Notes,"Plan a FabStitch search for outerwear 200 to 280 gsm. The band is a planning range, not proof a cloth publishes that GSM.",Selecting outerwear fabric 200 to 280 gsm,,150,110,outerwear fabric 200 to 280 gsm,commercial_investigation,,,,7,,,thin,D,
/marketplace/outerwear-fabric-280-400/,,,yes,no,/marketplace/outerwear-fabric-280-400/,yes,Outerwear Fabric 280 to 400 GSM Fabric Notes,"Plan a FabStitch search for outerwear 280 to 400 gsm. The band is a planning range, not proof a cloth publishes that GSM.",Selecting outerwear fabric 280 to 400 gsm,,156,116,outerwear fabric 280 to 400 gsm,commercial_investigation,,,,7,,,thin,D,
/marketplace/outerwear-fabric-over-400/,,,yes,no,/marketplace/outerwear-fabric-over-400/,yes,Outerwear Fabric over 400 GSM Fabric Notes,"Plan a FabStitch search for outerwear over 400 gsm. The band is a planning range, not proof a cloth publishes that GSM. See how Outerwear Fabric over.",Selecting outerwear fabric over 400 gsm,,147,107,outerwear fabric over 400 gsm,commercial_investigation,,,,7,,,thin,D,
/marketplace/loungewear-fabric-under-100/,,,yes,no,/marketplace/loungewear-fabric-under-100/,yes,Loungewear Fabric under 100 GSM Fabric Notes,"Plan a FabStitch search for loungewear under 100 gsm. The band is a planning range, not proof a cloth publishes that GSM.",Selecting loungewear fabric under 100 gsm,,145,105,loungewear fabric under 100 gsm,commercial_investigation,,,,6,,,thin,D,
/marketplace/loungewear-fabric-100-150/,,,yes,no,/marketplace/loungewear-fabric-100-150/,yes,Loungewear Fabric 100 to 150 GSM Fabric Notes,"Plan a FabStitch search for loungewear 100 to 150 gsm. The band is a planning range, not proof a cloth publishes that GSM.",Selecting loungewear fabric 100 to 150 gsm,,159,119,loungewear fabric 100 to 150 gsm,commercial_investigation,,,,6,,,thin,D,
/marketplace/loungewear-fabric-150-200/,,,yes,no,/marketplace/loungewear-fabric-150-200/,yes,Loungewear Fabric 150 to 200 GSM Fabric Notes,"Plan a FabStitch search for loungewear 150 to 200 gsm. The band is a planning range, not proof a cloth publishes that GSM.",Selecting loungewear fabric 150 to 200 gsm,,148,108,loungewear fabric 150 to 200 gsm,commercial_investigation,,,,6,,,thin,D,
/marketplace/loungewear-fabric-200-280/,,,yes,no,/marketplace/loungewear-fabric-200-280/,yes,Loungewear Fabric 200 to 280 GSM Fabric Notes,"Plan a FabStitch search for loungewear 200 to 280 gsm. The band is a planning range, not proof a cloth publishes that GSM.",Selecting loungewear fabric 200 to 280 gsm,,148,108,loungewear fabric 200 to 280 gsm,commercial_investigation,,,,6,,,thin,D,
/marketplace/loungewear-fabric-280-400/,,,yes,no,/marketplace/loungewear-fabric-280-400/,yes,Loungewear Fabric 280 to 400 GSM Fabric Notes,"Plan a FabStitch search for loungewear 280 to 400 gsm. The band is a planning range, not proof a cloth publishes that GSM.",Selecting loungewear fabric 280 to 400 gsm,,151,111,loungewear fabric 280 to 400 gsm,commercial_investigation,,,,6,,,thin,D,
/marketplace/loungewear-fabric-over-400/,,,yes,no,/marketplace/loungewear-fabric-over-400/,yes,Loungewear Fabric over 400 GSM Fabric Notes,"Plan a FabStitch search for loungewear over 400 gsm. The band is a planning range, not proof a cloth publishes that GSM.",Selecting loungewear fabric over 400 gsm,,146,106,loungewear fabric over 400 gsm,commercial_investigation,,,,6,,,thin,D,
/marketplace/knitwear-fabric-under-100/,,,yes,no,/marketplace/knitwear-fabric-under-100/,yes,Knitwear Fabric under 100 GSM Fabric Notes,"Plan a FabStitch search for knitwear under 100 gsm. The band is a planning range, not proof a cloth publishes that GSM. See how Knitwear Fabric under.",Selecting knitwear fabric under 100 gsm,,143,103,knitwear fabric under 100 gsm,commercial_investigation,,,,7,,,thin,D,
/marketplace/knitwear-fabric-100-150/,,,yes,no,/marketplace/knitwear-fabric-100-150/,yes,Knitwear Fabric 100 to 150 GSM Fabric Notes,"Plan a FabStitch search for knitwear 100 to 150 gsm. The band is a planning range, not proof a cloth publishes that GSM.",Selecting knitwear fabric 100 to 150 gsm,,157,117,knitwear fabric 100 to 150 gsm,commercial_investigation,,,,7,,,thin,D,
/marketplace/knitwear-fabric-150-200/,,,yes,no,/marketplace/knitwear-fabric-150-200/,yes,Knitwear Fabric 150 to 200 GSM Fabric Notes,"Plan a FabStitch search for knitwear 150 to 200 gsm. The band is a planning range, not proof a cloth publishes that GSM.",Selecting knitwear fabric 150 to 200 gsm,,150,110,knitwear fabric 150 to 200 gsm,commercial_investigation,,,,7,,,thin,D,
/marketplace/knitwear-fabric-200-280/,,,yes,no,/marketplace/knitwear-fabric-200-280/,yes,Knitwear Fabric 200 to 280 GSM Fabric Notes,"Plan a FabStitch search for knitwear 200 to 280 gsm. The band is a planning range, not proof a cloth publishes that GSM.",Selecting knitwear fabric 200 to 280 gsm,,151,111,knitwear fabric 200 to 280 gsm,commercial_investigation,,,,7,,,thin,D,
/marketplace/knitwear-fabric-280-400/,,,yes,no,/marketplace/knitwear-fabric-280-400/,yes,Knitwear Fabric 280 to 400 GSM Fabric Notes,"Plan a FabStitch search for knitwear 280 to 400 gsm. The band is a planning range, not proof a cloth publishes that GSM.",Selecting knitwear fabric 280 to 400 gsm,,153,113,knitwear fabric 280 to 400 gsm,commercial_investigation,,,,7,,,thin,D,
/marketplace/knitwear-fabric-over-400/,,,yes,no,/marketplace/knitwear-fabric-over-400/,yes,Knitwear Fabric over 400 GSM Fabric Notes,"Plan a FabStitch search for knitwear over 400 gsm. The band is a planning range, not proof a cloth publishes that GSM. See how Knitwear Fabric over 400",Selecting knitwear fabric over 400 gsm,,145,105,knitwear fabric over 400 gsm,commercial_investigation,,,,7,,,thin,D,
/marketplace/cotton-versus-linen-marketplace/,,,yes,no,/marketplace/cotton-versus-linen-marketplace/,yes,Cotton versus Linen for a Marketplace Shortlist,"Compare cotton and linen before you inquire on FabStitch. Context decides, not a universal winner. See how Cotton versus Linen for a Marketplace.",Comparing cotton and linen,,367,327,cotton versus linen marketplace,commercial_investigation,,,,7,,,supporting,C,
/marketplace/cotton-versus-viscose-marketplace/,,,yes,no,/marketplace/cotton-versus-viscose-marketplace/,yes,Cotton versus Viscose for a Marketplace Shortlist,"Compare cotton and viscose before you inquire on FabStitch. Context decides, not a universal winner. See how Cotton versus Viscose for a Marketplace.",Comparing cotton and viscose,,351,311,cotton versus viscose marketplace,commercial_investigation,,,,7,,,supporting,C,
/marketplace/cotton-versus-poplin-marketplace/,,,yes,no,/marketplace/cotton-versus-poplin-marketplace/,yes,Cotton versus Poplin for a Marketplace Shortlist,"Compare cotton and poplin before you inquire on FabStitch. Context decides, not a universal winner. See how Cotton versus Poplin for a Marketplace.",Comparing cotton and poplin,,349,309,cotton versus poplin marketplace,commercial_investigation,,,,7,,,supporting,C,
/marketplace/cotton-versus-denim-marketplace/,,,yes,no,/marketplace/cotton-versus-denim-marketplace/,yes,Cotton versus Denim for a Marketplace Shortlist,"Compare cotton and denim before you inquire on FabStitch. Context decides, not a universal winner. See how Cotton versus Denim for a Marketplace.",Comparing cotton and denim,,364,324,cotton versus denim marketplace,commercial_investigation,,,,8,,,supporting,C,
/marketplace/linen-versus-viscose-marketplace/,,,yes,no,/marketplace/linen-versus-viscose-marketplace/,yes,Linen versus Viscose for a Marketplace Shortlist,"Compare linen and viscose before you inquire on FabStitch. Context decides, not a universal winner. See how Linen versus Viscose for a Marketplace.",Comparing linen and viscose,,347,307,linen versus viscose marketplace,commercial_investigation,,,,7,,,supporting,C,
/marketplace/linen-versus-silk-marketplace/,,,yes,no,/marketplace/linen-versus-silk-marketplace/,yes,Linen versus Silk for a Marketplace Shortlist,"Compare linen and silk before you inquire on FabStitch. Context decides, not a universal winner. See how Linen versus Silk for a Marketplace Shortlist.",Comparing linen and silk,,357,317,linen versus silk marketplace,commercial_investigation,,,,8,,,supporting,C,
/marketplace/chiffon-versus-silk-marketplace/,,,yes,no,/marketplace/chiffon-versus-silk-marketplace/,yes,Chiffon versus Silk for a Marketplace Shortlist,"Compare chiffon and silk before you inquire on FabStitch. Context decides, not a universal winner. See how Chiffon versus Silk for a Marketplace.",Comparing chiffon and silk,,330,290,chiffon versus silk marketplace,commercial_investigation,,,,7,,,supporting,C,
/marketplace/georgette-versus-silk-marketplace/,,,yes,no,/marketplace/georgette-versus-silk-marketplace/,yes,Georgette versus Silk for a Marketplace Shortlist,"Compare georgette and silk before you inquire on FabStitch. Context decides, not a universal winner. See how Georgette versus Silk for a Marketplace.",Comparing georgette and silk,,339,299,georgette versus silk marketplace,commercial_investigation,,,,7,,,supporting,C,
/marketplace/satin-versus-silk-marketplace/,,,yes,no,/marketplace/satin-versus-silk-marketplace/,yes,Satin versus Silk for a Marketplace Shortlist,"Compare satin and silk before you inquire on FabStitch. Context decides, not a universal winner. See how Satin versus Silk for a Marketplace Shortlist.",Comparing satin and silk,,334,294,satin versus silk marketplace,commercial_investigation,,,,7,,,supporting,C,
/marketplace/silk-versus-viscose-marketplace/,,,yes,no,/marketplace/silk-versus-viscose-marketplace/,yes,Silk versus Viscose for a Marketplace Shortlist,"Compare silk and viscose before you inquire on FabStitch. Context decides, not a universal winner. See how Silk versus Viscose for a Marketplace.",Comparing silk and viscose,,340,300,silk versus viscose marketplace,commercial_investigation,,,,7,,,supporting,C,
/marketplace/linen-versus-wool-marketplace/,,,yes,no,/marketplace/linen-versus-wool-marketplace/,yes,Linen versus Wool for a Marketplace Shortlist,"Compare linen and wool before you inquire on FabStitch. Context decides, not a universal winner. See how Linen versus Wool for a Marketplace Shortlist.",Comparing linen and wool,,357,317,linen versus wool marketplace,commercial_investigation,,,,7,,,supporting,C,
/marketplace/polyester-versus-wool-marketplace/,,,yes,no,/marketplace/polyester-versus-wool-marketplace/,yes,Polyester versus Wool for a Marketplace Shortlist,"Compare polyester and wool before you inquire on FabStitch. Context decides, not a universal winner. See how Polyester versus Wool for a Marketplace.",Comparing polyester and wool,,351,311,polyester versus wool marketplace,commercial_investigation,,,,6,,,supporting,C,
/marketplace/canvas-versus-wool-marketplace/,,,yes,no,/marketplace/canvas-versus-wool-marketplace/,yes,Canvas versus Wool for a Marketplace Shortlist,"Compare canvas and wool before you inquire on FabStitch. Context decides, not a universal winner. See how Canvas versus Wool for a Marketplace.",Comparing canvas and wool,,331,291,canvas versus wool marketplace,commercial_investigation,,,,6,,,supporting,C,
/marketplace/canvas-versus-denim-marketplace/,,,yes,no,/marketplace/canvas-versus-denim-marketplace/,yes,Canvas versus Denim for a Marketplace Shortlist,"Compare canvas and denim before you inquire on FabStitch. Context decides, not a universal winner. See how Canvas versus Denim for a Marketplace.",Comparing canvas and denim,,337,297,canvas versus denim marketplace,commercial_investigation,,,,7,,,supporting,C,
/marketplace/denim-versus-twill-marketplace/,,,yes,no,/marketplace/denim-versus-twill-marketplace/,yes,Denim versus Twill for a Marketplace Shortlist,"Compare denim and twill before you inquire on FabStitch. Context decides, not a universal winner. See how Denim versus Twill for a Marketplace.",Comparing denim and twill,,329,289,denim versus twill marketplace,commercial_investigation,,,,7,,,supporting,C,
/marketplace/polyester-versus-viscose-marketplace/,,,yes,no,/marketplace/polyester-versus-viscose-marketplace/,yes,Polyester versus Viscose for a Marketplace,"Compare polyester and viscose before you inquire on FabStitch. Context decides, not a universal winner. See how Polyester versus Viscose for a.",Comparing polyester and viscose,,336,296,polyester versus viscose marketplace,commercial_investigation,,,,6,,,supporting,C,
/marketplace/jersey-versus-polyester-marketplace/,,,yes,no,/marketplace/jersey-versus-polyester-marketplace/,yes,Jersey versus Polyester for a Marketplace,"Compare jersey and polyester before you inquire on FabStitch. Context decides, not a universal winner. See how Jersey versus Polyester for a.",Comparing jersey and polyester,,335,295,jersey versus polyester marketplace,commercial_investigation,,,,7,,,supporting,C,
/marketplace/rayon-versus-viscose-marketplace/,,,yes,no,/marketplace/rayon-versus-viscose-marketplace/,yes,Rayon versus Viscose for a Marketplace Shortlist,"Compare rayon and viscose before you inquire on FabStitch. Context decides, not a universal winner. See how Rayon versus Viscose for a Marketplace.",Comparing rayon and viscose,,338,298,rayon versus viscose marketplace,commercial_investigation,,,,6,,,supporting,C,
/marketplace/rayon-versus-silk-marketplace/,,,yes,no,/marketplace/rayon-versus-silk-marketplace/,yes,Rayon versus Silk for a Marketplace Shortlist,"Compare rayon and silk before you inquire on FabStitch. Context decides, not a universal winner. See how Rayon versus Silk for a Marketplace Shortlist.",Comparing rayon and silk,,350,310,rayon versus silk marketplace,commercial_investigation,,,,7,,,supporting,C,
/marketplace/cotton-versus-rayon-marketplace/,,,yes,no,/marketplace/cotton-versus-rayon-marketplace/,yes,Cotton versus Rayon for a Marketplace Shortlist,"Compare cotton and rayon before you inquire on FabStitch. Context decides, not a universal winner. See how Cotton versus Rayon for a Marketplace.",Comparing cotton and rayon,,343,303,cotton versus rayon marketplace,commercial_investigation,,,,6,,,supporting,C,
/marketplace/cotton-versus-jersey-marketplace/,,,yes,no,/marketplace/cotton-versus-jersey-marketplace/,yes,Cotton versus Jersey for a Marketplace Shortlist,"Compare cotton and jersey before you inquire on FabStitch. Context decides, not a universal winner. See how Cotton versus Jersey for a Marketplace.",Comparing cotton and jersey,,347,307,cotton versus jersey marketplace,commercial_investigation,,,,7,,,supporting,C,
/marketplace/jersey-versus-wool-marketplace/,,,yes,no,/marketplace/jersey-versus-wool-marketplace/,yes,Jersey versus Wool for a Marketplace Shortlist,"Compare jersey and wool before you inquire on FabStitch. Context decides, not a universal winner. See how Jersey versus Wool for a Marketplace.",Comparing jersey and wool,,334,294,jersey versus wool marketplace,commercial_investigation,,,,8,,,supporting,C,
/marketplace/silk-versus-velvet-marketplace/,,,yes,no,/marketplace/silk-versus-velvet-marketplace/,yes,Silk versus Velvet for a Marketplace Shortlist,"Compare silk and velvet before you inquire on FabStitch. Context decides, not a universal winner. See how Silk versus Velvet for a Marketplace.",Comparing silk and velvet,,339,299,silk versus velvet marketplace,commercial_investigation,,,,7,,,supporting,C,
/marketplace/cotton-versus-velvet-marketplace/,,,yes,no,/marketplace/cotton-versus-velvet-marketplace/,yes,Cotton versus Velvet for a Marketplace Shortlist,"Compare cotton and velvet before you inquire on FabStitch. Context decides, not a universal winner. See how Cotton versus Velvet for a Marketplace.",Comparing cotton and velvet,,339,299,cotton versus velvet marketplace,commercial_investigation,,,,7,,,supporting,C,
/marketplace/polyester-versus-velvet-marketplace/,,,yes,no,/marketplace/polyester-versus-velvet-marketplace/,yes,Polyester versus Velvet for a Marketplace,"Compare polyester and velvet before you inquire on FabStitch. Context decides, not a universal winner. See how Polyester versus Velvet for a.",Comparing polyester and velvet,,328,288,polyester versus velvet marketplace,commercial_investigation,,,,6,,,supporting,C,
/marketplace/chiffon-versus-georgette-marketplace/,,,yes,no,/marketplace/chiffon-versus-georgette-marketplace/,yes,Chiffon versus Georgette for a Marketplace,"Compare chiffon and georgette before you inquire on FabStitch. Context decides, not a universal winner. See how Chiffon versus Georgette for a.",Comparing chiffon and georgette,,309,269,chiffon versus georgette marketplace,commercial_investigation,,,,6,,,supporting,C,
/marketplace/chiffon-versus-polyester-marketplace/,,,yes,no,/marketplace/chiffon-versus-polyester-marketplace/,yes,Chiffon versus Polyester for a Marketplace,"Compare chiffon and polyester before you inquire on FabStitch. Context decides, not a universal winner. See how Chiffon versus Polyester for a.",Comparing chiffon and polyester,,329,289,chiffon versus polyester marketplace,commercial_investigation,,,,7,,,supporting,C,
/marketplace/crepe-versus-georgette-marketplace/,,,yes,no,/marketplace/crepe-versus-georgette-marketplace/,yes,Crepe versus Georgette for a Marketplace,"Compare crepe and georgette before you inquire on FabStitch. Context decides, not a universal winner. See how Crepe versus Georgette for a Marketplace.",Comparing crepe and georgette,,312,272,crepe versus georgette marketplace,commercial_investigation,,,,7,,,supporting,C,
/marketplace/oxford-versus-poplin-marketplace/,,,yes,no,/marketplace/oxford-versus-poplin-marketplace/,yes,Oxford versus Poplin for a Marketplace Shortlist,"Compare oxford and poplin before you inquire on FabStitch. Context decides, not a universal winner. See how Oxford versus Poplin for a Marketplace.",Comparing oxford and poplin,,308,268,oxford versus poplin marketplace,commercial_investigation,,,,7,,,supporting,C,
/marketplace/poplin-versus-twill-marketplace/,,,yes,no,/marketplace/poplin-versus-twill-marketplace/,yes,Poplin versus Twill for a Marketplace Shortlist,"Compare poplin and twill before you inquire on FabStitch. Context decides, not a universal winner. See how Poplin versus Twill for a Marketplace.",Comparing poplin and twill,,309,269,poplin versus twill marketplace,commercial_investigation,,,,7,,,supporting,C,
/marketplace/polyester-versus-satin-marketplace/,,,yes,no,/marketplace/polyester-versus-satin-marketplace/,yes,Polyester versus Satin for a Marketplace,"Compare polyester and satin before you inquire on FabStitch. Context decides, not a universal winner. See how Polyester versus Satin for a Marketplace.",Comparing polyester and satin,,335,295,polyester versus satin marketplace,commercial_investigation,,,,5,,,supporting,C,
/marketplace/crepe-versus-satin-marketplace/,,,yes,no,/marketplace/crepe-versus-satin-marketplace/,yes,Crepe versus Satin for a Marketplace Shortlist,"Compare crepe and satin before you inquire on FabStitch. Context decides, not a universal winner. See how Crepe versus Satin for a Marketplace.",Comparing crepe and satin,,322,282,crepe versus satin marketplace,commercial_investigation,,,,5,,,supporting,C,
/marketplace/crepe-versus-silk-marketplace/,,,yes,no,/marketplace/crepe-versus-silk-marketplace/,yes,Crepe versus Silk for a Marketplace Shortlist,"Compare crepe and silk before you inquire on FabStitch. Context decides, not a universal winner. See how Crepe versus Silk for a Marketplace Shortlist.",Comparing crepe and silk,,334,294,crepe versus silk marketplace,commercial_investigation,,,,7,,,supporting,C,
/marketplace/crepe-versus-wool-marketplace/,,,yes,no,/marketplace/crepe-versus-wool-marketplace/,yes,Crepe versus Wool for a Marketplace Shortlist,"Compare crepe and wool before you inquire on FabStitch. Context decides, not a universal winner. See how Crepe versus Wool for a Marketplace Shortlist.",Comparing crepe and wool,,328,288,crepe versus wool marketplace,commercial_investigation,,,,7,,,supporting,C,
/marketplace/canvas-versus-cotton-marketplace/,,,yes,no,/marketplace/canvas-versus-cotton-marketplace/,yes,Canvas versus Cotton for a Marketplace Shortlist,"Compare canvas and cotton before you inquire on FabStitch. Context decides, not a universal winner. See how Canvas versus Cotton for a Marketplace.",Comparing canvas and cotton,,330,290,canvas versus cotton marketplace,commercial_investigation,,,,7,,,supporting,C,
/marketplace/canvas-versus-twill-marketplace/,,,yes,no,/marketplace/canvas-versus-twill-marketplace/,yes,Canvas versus Twill for a Marketplace Shortlist,"Compare canvas and twill before you inquire on FabStitch. Context decides, not a universal winner. See how Canvas versus Twill for a Marketplace.",Comparing canvas and twill,,305,265,canvas versus twill marketplace,commercial_investigation,,,,6,,,supporting,C,
/marketplace/cotton-versus-oxford-marketplace/,,,yes,no,/marketplace/cotton-versus-oxford-marketplace/,yes,Cotton versus Oxford for a Marketplace Shortlist,"Compare cotton and oxford before you inquire on FabStitch. Context decides, not a universal winner. See how Cotton versus Oxford for a Marketplace.",Comparing cotton and oxford,,323,283,cotton versus oxford marketplace,commercial_investigation,,,,6,,,supporting,C,
/marketplace/oxford-versus-twill-marketplace/,,,yes,no,/marketplace/oxford-versus-twill-marketplace/,yes,Oxford versus Twill for a Marketplace Shortlist,"Compare oxford and twill before you inquire on FabStitch. Context decides, not a universal winner. See how Oxford versus Twill for a Marketplace.",Comparing oxford and twill,,310,270,oxford versus twill marketplace,commercial_investigation,,,,7,,,supporting,C,
/marketplace/cotton-versus-twill-marketplace/,,,yes,no,/marketplace/cotton-versus-twill-marketplace/,yes,Cotton versus Twill for a Marketplace Shortlist,"Compare cotton and twill before you inquire on FabStitch. Context decides, not a universal winner. See how Cotton versus Twill for a Marketplace.",Comparing cotton and twill,,333,293,cotton versus twill marketplace,commercial_investigation,,,,6,,,supporting,C,
/marketplace/twill-versus-wool-marketplace/,,,yes,no,/marketplace/twill-versus-wool-marketplace/,yes,Twill versus Wool for a Marketplace Shortlist,"Compare twill and wool before you inquire on FabStitch. Context decides, not a universal winner. See how Twill versus Wool for a Marketplace Shortlist.",Comparing twill and wool,,326,286,twill versus wool marketplace,commercial_investigation,,,,7,,,supporting,C,
/marketplace/french-terry-versus-jersey-marketplace/,,,yes,no,/marketplace/french-terry-versus-jersey-marketplace/,yes,French terry versus Jersey for a Marketplace,"Compare french terry and jersey before you inquire on FabStitch. Context decides, not a universal winner. See how French terry versus Jersey for a.",Comparing french terry and jersey,,328,288,french terry versus jersey marketplace,commercial_investigation,,,,7,,,supporting,C,
/marketplace/cotton-versus-french-terry-marketplace/,,,yes,no,/marketplace/cotton-versus-french-terry-marketplace/,yes,Cotton versus French terry for a Marketplace,"Compare cotton and french terry before you inquire on FabStitch. Context decides, not a universal winner. See how Cotton versus French terry for a.",Comparing cotton and french terry,,356,316,cotton versus french terry marketplace,commercial_investigation,,,,7,,,supporting,C,
/marketplace/french-terry-versus-polyester-marketplace/,,,yes,no,/marketplace/french-terry-versus-polyester-marketplace/,yes,French terry versus Polyester for a Marketplace,"Compare french terry and polyester before you inquire on FabStitch. Context decides, not a universal winner. See how French terry versus Polyester for.",Comparing french terry and polyester,,332,292,french terry versus polyester marketplace,commercial_investigation,,,,7,,,supporting,C,
/marketplace/lyocell-versus-viscose-marketplace/,,,yes,no,/marketplace/lyocell-versus-viscose-marketplace/,yes,Lyocell versus Viscose for a Marketplace,"Compare lyocell and viscose before you inquire on FabStitch. Context decides, not a universal winner. See how Lyocell versus Viscose for a Marketplace.",Comparing lyocell and viscose,,323,283,lyocell versus viscose marketplace,commercial_investigation,,,,6,,,supporting,C,
/marketplace/linen-versus-lyocell-marketplace/,,,yes,no,/marketplace/linen-versus-lyocell-marketplace/,yes,Linen versus Lyocell for a Marketplace Shortlist,"Compare linen and lyocell before you inquire on FabStitch. Context decides, not a universal winner. See how Linen versus Lyocell for a Marketplace.",Comparing linen and lyocell,,337,297,linen versus lyocell marketplace,commercial_investigation,,,,6,,,supporting,C,
/marketplace/cotton-versus-lyocell-marketplace/,,,yes,no,/marketplace/cotton-versus-lyocell-marketplace/,yes,Cotton versus Lyocell for a Marketplace Shortlist,"Compare cotton and lyocell before you inquire on FabStitch. Context decides, not a universal winner. See how Cotton versus Lyocell for a Marketplace.",Comparing cotton and lyocell,,337,297,cotton versus lyocell marketplace,commercial_investigation,,,,6,,,supporting,C,
/guides/fabric-questions/,,,yes,no,/guides/fabric-questions/,yes,Fabric Questions for apparel sourcing for Apparel,"Direct answers to fabric, textile, care, and sourcing questions. Each page covers one question and links to the FabStitch page that already owns a.",Fabric questions,,624,584,fabric questions,informational,,,,11,,,medium,B,
/guides/fabric-questions/definitions/,,,yes,no,/guides/fabric-questions/definitions/,yes,Fabric Definition Questions Fabric Notes,"Short answers on what fabric, cloth, textile, warp, weft, fiber, and yarn mean. See how Fabric Definition Questions relates to construction, weight.",Fabric definitions,,488,448,fabric definitions,informational,,,,6,,,medium,B,
/guides/fabric-questions/materials/,,,yes,no,/guides/fabric-questions/materials/,yes,Fabric Material Questions Fabric Notes Use Notes,"Answers on lyocell, satin, sheers, ripstop, cork, Aida, and linings, tied to real cloth names. See how Fabric Material Questions relates to.",Fabric materials,,892,852,fabric materials,informational,,,,10,,,high,A,
/guides/fabric-questions/comparisons/,,,yes,no,/guides/fabric-questions/comparisons/,yes,Fabric Comparison Questions Fabric Notes,"Side-by-side answers for polyester and cotton, sheers, voile, crepe, lyocell, and viscose. See how Fabric Comparison Questions relates to construction.",Fabric comparisons,,891,851,fabric comparisons,informational,,,,10,,,high,A,
/guides/fabric-questions/quality/,,,yes,no,/guides/fabric-questions/quality/,yes,Fabric Quality Questions Fabric Notes for Apparel,"Thread count, colour, seams, prints, and how to verify a cloth without a fake score. See how Fabric Quality Questions relates to construction, weight.",Fabric quality,,1222,1182,fabric quality,informational,,,,13,,,high,A,
/guides/fabric-questions/identification/,,,yes,no,/guides/fabric-questions/identification/,yes,Fabric Identification Questions Fabric Notes,"How to read hand and construction, and why a burn test is not a home method. See how Fabric Identification Questions relates to construction, weight.",Fabric identification,,523,483,fabric identification,informational,,,,6,,,medium,B,
/guides/fabric-questions/sustainability/,,,yes,no,/guides/fabric-questions/sustainability/,yes,Fabric Sustainability Questions Fabric Notes,"Organic cotton, lyocell, OEKO-TEX, and why a fiber name is not a certificate. See how Fabric Sustainability Questions relates to construction, weight.",Fabric sustainability,,652,612,fabric sustainability,informational,,,,7,,,medium,B,
/guides/fabric-questions/use-cases/,,,yes,no,/guides/fabric-questions/use-cases/,yes,Fabric Use-Case Questions Fabric Notes Use Notes,"Hot weather, winter, upholstery, children's clothing, and how to choose without a best-fabric claim. See how Fabric Use-Case Questions relates to.",Fabric use cases,,999,959,fabric use cases,informational,,,,11,,,high,A,
/guides/fabric-questions/care/,,,yes,no,/guides/fabric-questions/care/,yes,Fabric Care Questions Fabric Notes Fabric Notes,"Labels, laundry, stains, storage, and why one wash cycle does not fit every cloth. See how Fabric Care Questions relates to construction, weight, and.",Fabric care,,905,865,fabric care,informational,,,,10,,,high,A,
/guides/fabric-questions/marketplace/,,,yes,no,/guides/fabric-questions/marketplace/,yes,Fabric Marketplace Questions Fabric Notes,"MOQ, samples, wholesale context, and what FabStitch's marketplace is for. See how Fabric Marketplace Questions relates to construction, weight, and.",Marketplace and sourcing,,653,613,marketplace and sourcing,informational,,,,7,,,medium,B,
/guides/fabric-questions/what-is-fabric/,,,yes,no,/guides/fabric-questions/what-is-fabric/,yes,What Is Fabric? for apparel sourcing for Apparel,"Fabric is cloth made by weaving, knitting, or otherwise forming yarns or fibers into a sheet used for apparel and home textiles.",What is fabric?,,382,342,what is fabric,informational,,,,5,,,supporting,C,
/guides/fabric-questions/fabric-vs-textile-vs-cloth/,,,yes,no,/guides/fabric-questions/fabric-vs-textile-vs-cloth/,yes,Fabric vs Textile vs Cloth Fabric Notes Use Notes,"Cloth and fabric usually name the finished sheet. Textile is the broader word for fibers, yarns, and finished materials.",Fabric vs textile vs cloth,,426,386,fabric vs textile vs cloth,informational,,,,4,,,medium,B,
/guides/fabric-questions/warp-and-weft/,,,yes,no,/guides/fabric-questions/warp-and-weft/,yes,What Are Warp and Weft? Fabric Notes for Apparel,Warp yarns run the length of a woven cloth. Weft yarns cross them. Together they make a weave. See how What Are Warp and Weft? relates to construction.,What are warp and weft?,,417,377,warp and weft,informational,,,,4,,,medium,B,
/guides/fabric-questions/fiber-yarn-and-fabric/,,,yes,no,/guides/fabric-questions/fiber-yarn-and-fabric/,yes,"Fiber, Yarn, and Fabric Fabric Notes for Apparel","Fiber is the raw strand, yarn is spun or extruded fiber, and fabric is the sheet made from yarn or fiber. See how Fiber, Yarn, and Fabric relates to.","What is the difference between fiber, yarn, and fabric?",,311,271,fiber vs yarn vs fabric,informational,,,,4,,,supporting,C,
/guides/fabric-questions/polyester-cotton-and-nylon/,,,yes,no,/guides/fabric-questions/polyester-cotton-and-nylon/,yes,"Polyester, Cotton, and Nylon Fabric Notes","Polyester and nylon are synthetic filaments. Cotton is a plant fiber. Hand, moisture, and recovery depend on the cloth, not the name alone.",How does polyester differ from cotton and nylon?,,360,320,polyester vs cotton,commercial,,,,6,,,supporting,C,
/guides/fabric-questions/fabrics-for-hot-weather/,,,yes,no,/guides/fabric-questions/fabrics-for-hot-weather/,yes,Fabrics for Hot Weather Fabric Notes for Apparel,"Hot-weather cloth is usually lighter and more open. Linen, cotton, and some cellulosics are common starts. No fiber is always the coolest.",Which fabrics work in hot weather?,,327,287,fabrics for hot weather,commercial,,,,7,,,supporting,C,
/guides/fabric-questions/fabrics-for-winter/,,,yes,no,/guides/fabric-questions/fabrics-for-winter/,yes,Fabrics for Winter Clothing Fabric Notes,"Winter cloth is chosen for structure, cover, and insulation. Wool and denser knits are common. Heavier is not automatically warmer.",Which fabrics suit winter clothing?,,321,281,fabrics for winter,commercial,,,,6,,,supporting,C,
/guides/fabric-questions/what-is-tencel-lyocell/,,,yes,no,/guides/fabric-questions/what-is-tencel-lyocell/,yes,What Is Tencel Lyocell? Fabric Notes for Apparel,"Lyocell is a regenerated cellulose fiber. Tencel is a branded lyocell. It starts from wood pulp and is processed, so it is not a raw natural fiber.",What is Tencel or lyocell?,,339,299,what is tencel lyocell,informational,,,,4,,,supporting,C,
/guides/fabric-questions/chiffon-organza-georgette-uses/,,,yes,no,/guides/fabric-questions/chiffon-organza-georgette-uses/,yes,"Chiffon, Organza, and Georgette Fabric Notes","These are lightweight sheers used for dresses, overlays, and scarves. Organza is crisper. Georgette is drier. Chiffon is softer.","What are chiffon, organza, and georgette used for?",,425,385,chiffon organza georgette,informational,,,,5,,,medium,B,
/guides/fabric-questions/what-is-thread-count/,,,yes,no,/guides/fabric-questions/what-is-thread-count/,yes,What Is Thread Count? Fabric Notes Fabric Notes,Thread count counts yarns in a square inch of woven cloth. It is common in sheeting. It is not a universal quality score.,What is thread count?,,336,296,what is thread count,informational,,,,4,,,supporting,C,
/guides/fabric-questions/thread-count-and-quality/,,,yes,no,/guides/fabric-questions/thread-count-and-quality/,yes,Does Thread Count Mean Better Fabric? for Apparel,"No. A higher thread count can mean a denser weave. Fiber, yarn size, and finish still decide whether the cloth is useful.",Does a higher thread count always mean better fabric?,,430,390,does thread count mean quality,informational,,,,4,,,medium,B,
/guides/fabric-questions/how-to-identify-fabric/,,,yes,no,/guides/fabric-questions/how-to-identify-fabric/,yes,How to Identify Fabric Fabric Notes Fabric Notes,"Start with the label, then hand, construction, and published composition. A photo alone does not identify a fiber. See how How to Identify Fabric.",How can you identify a fabric?,,428,388,how to identify fabric,informational,,,,5,,,medium,B,
/guides/fabric-questions/what-is-a-fabric-burn-test/,,,yes,no,/guides/fabric-questions/what-is-a-fabric-burn-test/,yes,What Is a Fabric Burn Test? Fabric Notes,A burn test heats fiber and reads the residue. It is a fire hazard. FabStitch does not publish a procedure. Use a textile lab for commercial.,What is a fabric burn test?,,346,306,fabric burn test,informational,,,,4,,,supporting,C,
/guides/fabric-questions/fabric-identification-resources/,,,yes,no,/guides/fabric-questions/fabric-identification-resources/,yes,Resources for Identifying Fabric Fabric Notes,"Use the fabric record, construction guides, and a laboratory when composition is unknown. Do not treat a blog photo as a certificate.",What helps identify a fabric?,,419,379,fabric identification resources,informational,,,,5,,,medium,B,
/guides/fabric-questions/why-linen-wrinkles/,,,yes,no,/guides/fabric-questions/why-linen-wrinkles/,yes,Why Linen Wrinkles More Than Cotton Fabric Notes,"Flax fibers are stiffer and less elastic than cotton, so linen creases and holds the crease. That is characteristic, not automatically a defect.",Why does linen wrinkle more than cotton?,,325,285,why linen wrinkles,informational,,,,4,,,supporting,C,
/guides/fabric-questions/linen-and-cotton-absorbency/,,,yes,no,/guides/fabric-questions/linen-and-cotton-absorbency/,yes,Is Linen More Absorbent Than Cotton? for Apparel,Linen is widely treated as a fast-wicking cloth. Cotton holds moisture in the fiber. The actual cloth and finish decide what you feel.,Is linen more absorbent than cotton?,,432,392,linen absorbency,informational,,,,4,,,medium,B,
/guides/fabric-questions/tencel-lyocell-sustainability/,,,yes,no,/guides/fabric-questions/tencel-lyocell-sustainability/,yes,What Makes Lyocell Called Sustainable? Use Notes,Lyocell starts from wood pulp and is spun in a solvent process designed to recover that solvent. The claim still depends on sourcing and certification.,What makes Tencel or lyocell described as sustainable?,,363,323,tencel sustainability,informational,,,,4,,,supporting,C,
/guides/fabric-questions/what-is-organic-cotton/,,,yes,no,/guides/fabric-questions/what-is-organic-cotton/,yes,What Is Organic Cotton? Fabric Notes for Apparel,Organic cotton is cotton grown under an organic farming standard. GOTS is one textile standard. A cotton page is not organic unless the record says so.,What is organic cotton?,,320,280,what is organic cotton,informational,,,,5,,,supporting,C,
/guides/fabric-questions/oeko-tex-standard-100/,,,yes,no,/guides/fabric-questions/oeko-tex-standard-100/,yes,What OEKO-TEX Standard 100 Means Fabric Notes,OEKO-TEX Standard 100 means a textile was tested for harmful substances against that standard's limits. It is not an organic label and not a quality.,What does OEKO-TEX Standard 100 mean?,,337,297,oeko tex standard 100,informational,,,,4,,,supporting,C,
/guides/fabric-questions/eco-friendly-fabrics/,,,yes,no,/guides/fabric-questions/eco-friendly-fabrics/,yes,Which Fabrics Are Called Eco-Friendly? Use Notes,"Organic cotton, lyocell, hemp, and some recycled fibers are often discussed. Each claim needs a scope. No fiber is impact-free.",Which fabrics are called eco-friendly?,,326,286,eco friendly fabrics,informational,,,,5,,,supporting,C,
/guides/fabric-questions/fabric-eco-labels/,,,yes,no,/guides/fabric-questions/fabric-eco-labels/,yes,Fabric Eco-Labels Explained Fabric Notes,GOTS covers organic textile processing. OEKO-TEX Standard 100 covers harmful substances. A label applies only when that cloth is certified.,What eco-labels exist for fabrics?,,330,290,fabric eco labels,informational,,,,4,,,supporting,C,
/guides/fabric-questions/what-is-satin/,,,yes,no,/guides/fabric-questions/what-is-satin/,yes,What Is Satin? for apparel sourcing Fabric Notes,"Satin is a weave with floats that make a smooth face. It can be silk, polyester, or another fiber. It is not itself a fiber.",What is satin?,,409,369,what is satin,informational,,,,4,,,medium,B,
/guides/fabric-questions/delicate-fabric-care/,,,yes,no,/guides/fabric-questions/delicate-fabric-care/,yes,Caring for Delicate Fabrics Fabric Notes,"Silk, wool, velvet, and sheers do not share one wash cycle. Follow the cloth or garment label. This page does not replace it.",How should delicate fabrics be cared for?,,344,304,delicate fabric care,informational,,,,5,,,supporting,C,
/guides/fabric-questions/personal-fabric-stash-marketplaces/,,,yes,no,/guides/fabric-questions/personal-fabric-stash-marketplaces/,yes,Personal Fabric Stash Marketplaces Fabric Notes,"Peer resale boards are not the same as a B2B fabric marketplace. FabStitch is for discovering documented cloth, not trading leftover stashes.",Is there a marketplace for personal fabric stashes?,,318,278,fabric stash marketplace,commercial_investigation,,,,5,,,supporting,C,
/guides/fabric-questions/what-is-fabric-moq/,,,yes,no,/guides/fabric-questions/what-is-fabric-moq/,yes,What Is Fabric MOQ? for apparel sourcing,MOQ is the supplier's minimum order. FabStitch does not publish one minimum for every cloth. Ask on the fabric you actually want.,What is MOQ for fabric?,,326,286,what is fabric moq,commercial,,,,5,,,supporting,C,
/guides/fabric-questions/requesting-fabric-samples/,,,yes,no,/guides/fabric-questions/requesting-fabric-samples/,yes,How to Request Fabric Samples Fabric Notes,"Request a sample against a specific fabric page, with end use and quantity. FabStitch does not run a separate overseas sample checkout.",How do businesses request fabric samples?,,317,277,request fabric samples,commercial,,,,5,,,supporting,C,
/guides/fabric-questions/verify-fabric-quality/,,,yes,no,/guides/fabric-questions/verify-fabric-quality/,yes,How to Verify Fabric Quality Fabric Notes,"Read composition and construction, compare like with like, and test when the risk is commercial. A catalog photo is not a test report.",How can a buyer verify fabric quality?,,320,280,verify fabric quality,commercial,,,,5,,,supporting,C,
/guides/fabric-questions/sourcing-sustainable-technical-fabrics/,,,yes,no,/guides/fabric-questions/sourcing-sustainable-technical-fabrics/,yes,Sourcing Sustainable or Technical Cloth Use Notes,"Look for documented fiber, construction, and any real certificate. FabStitch does not run a separate technical-fabric portal.",How do buyers source sustainable or technical fabrics?,,428,388,sourcing technical fabrics,commercial,,,,5,,,medium,B,
/guides/fabric-questions/upholstery-and-bedding-fabrics/,,,yes,no,/guides/fabric-questions/upholstery-and-bedding-fabrics/,yes,Upholstery and Bedding Fabrics Fabric Notes,"Upholstery wants abrasion resistance. Bedding wants next-to-skin hand. They are not one cloth, and car seats are a different specification.",Which fabrics suit upholstery or bedding?,,315,275,upholstery and bedding fabrics,informational,,,,5,,,supporting,C,
/guides/fabric-questions/why-wool-care-labels-differ/,,,yes,no,/guides/fabric-questions/why-wool-care-labels-differ/,yes,Why Wool Care Labels Differ Fabric Notes,"The same fiber name can hide a different knit, finish, or blend. Follow each garment label. Do not average them. See how Why Wool Care Labels Differ.",Why can two wool sweaters have different ironing labels?,,439,399,wool care labels,informational,,,,3,,,medium,B,
/guides/fabric-questions/softening-cotton/,,,yes,no,/guides/fabric-questions/softening-cotton/,yes,How Cotton Hand Softens Fabric Notes for Apparel,"Cotton hand comes from yarn, finish, and washing. There is no sure-fire home recipe that is safe for every cotton. See how How Cotton Hand Softens.",How can cotton be softened?,,431,391,soften cotton fabric,informational,,,,4,,,medium,B,
/guides/fabric-questions/faded-lines-on-jeans/,,,yes,no,/guides/fabric-questions/faded-lines-on-jeans/,yes,Faded Lines on Jeans Fabric Notes Fabric Notes,"Indigo sits near the yarn surface. Creases and abrasion lose colour first. A wash line is wear, not a GSM fault. See how Faded Lines on Jeans relates.",What causes faded lines on jeans after washing?,,430,390,faded lines on jeans,informational,,,,4,,,medium,B,
/guides/fabric-questions/thread-quality-in-garments/,,,yes,no,/guides/fabric-questions/thread-quality-in-garments/,yes,Judging Thread in a Garment Fabric Notes,"Look at the seam, the fiber of the thread, and whether it matches the cloth. Thread count of the fabric is a different number.",How can thread quality in a garment be judged?,,316,276,garment thread quality,informational,,,,4,,,supporting,C,
/guides/fabric-questions/what-is-cork-fabric/,,,yes,no,/guides/fabric-questions/what-is-cork-fabric/,yes,What Is Cork Fabric? Fabric Notes Fabric Notes,"Cork fabric is cork sheet on a backing, used for small goods more than for draped apparel. FabStitch does not list it as a catalog family.",What is cork fabric?,,326,286,what is cork fabric,informational,,,,4,,,supporting,C,
/guides/fabric-questions/outdoor-upholstery-for-apparel/,,,yes,no,/guides/fabric-questions/outdoor-upholstery-for-apparel/,yes,Outdoor Upholstery Cloth for Apparel for Apparel,"Outdoor upholstery is built for weather and rub, often with coatings that reduce breathability. It is not automatically suitable for apparel.",Can outdoor upholstery fabric be used for clothes?,,440,400,outdoor upholstery for apparel,informational,,,,4,,,medium,B,
/guides/fabric-questions/how-to-choose-fabric/,,,yes,no,/guides/fabric-questions/how-to-choose-fabric/,yes,How to Choose a Fabric Fabric Notes Fabric Notes,"Choose from the garment, then construction, then fiber. Confidence comes from a written brief, not from guessing a colour story.",How do you choose a fabric?,,420,380,how to choose fabric,commercial,,,,6,,,medium,B,
/guides/fabric-questions/what-is-aida-cloth/,,,yes,no,/guides/fabric-questions/what-is-aida-cloth/,yes,What Is Aida Cloth? for apparel sourcing,Aida is an evenweave grid used for counted cross-stitch. It is not an apparel fabric in the FabStitch catalog. See how What Is Aida Cloth? relates to.,What is Aida cloth?,,325,285,what is aida cloth,informational,,,,4,,,supporting,C,
/guides/fabric-questions/everyday-laundry-mistakes/,,,yes,no,/guides/fabric-questions/everyday-laundry-mistakes/,yes,Everyday Laundry Mistakes Fabric Notes Use Notes,"Heat, mixing unfinished dyes, and ignoring the label cause most everyday damage. Care is per cloth, not one cycle for the wardrobe.",What laundry mistakes damage fabric?,,418,378,fabric laundry mistakes,informational,,,,5,,,medium,B,
/guides/fabric-questions/chiffon-georgette-and-satin/,,,yes,no,/guides/fabric-questions/chiffon-georgette-and-satin/,yes,"Chiffon, Georgette, and Satin Fabric Notes","Chiffon and georgette are sheers with different hands. Satin is a smooth weave. Fiber is a separate question. See how Chiffon, Georgette, and Satin.","How do chiffon, georgette, and satin differ?",,426,386,chiffon vs georgette vs satin,informational,,,,5,,,medium,B,
/guides/fabric-questions/voile-and-cotton/,,,yes,no,/guides/fabric-questions/voile-and-cotton/,yes,Voile and Cotton for apparel sourcing for Apparel,Voile is usually a lightweight plain-weave cloth. Cotton is a fiber. Cotton voile is both. They are not opposing materials.,What is the difference between voile and cotton?,,411,371,voile vs cotton,informational,,,,5,,,medium,B,
/guides/fabric-questions/fabric-stain-care/,,,yes,no,/guides/fabric-questions/fabric-stain-care/,yes,"Fabric Stains: Oil, Wine, and Makeup for Apparel","Blot, then follow the care label. Oil, wine, and makeup are different soils. No home recipe is safe for every cloth. See how Fabric Stains: Oil, Wine.",How should fabric stains be approached?,,437,397,fabric stain care,informational,,,,4,,,medium,B,
/guides/fabric-questions/fabrics-and-sweat/,,,yes,no,/guides/fabric-questions/fabrics-and-sweat/,yes,Fabrics and Sweat for apparel sourcing Use Notes,Open cloths and some performance knits move moisture differently. No fiber guarantees dry skin. Compare construction. See how Fabrics and Sweat relates,Which fabrics do not trap sweat?,,427,387,fabrics that do not trap sweat,commercial,,,,6,,,medium,B,
/guides/fabric-questions/identifying-georgette-and-satin/,,,yes,no,/guides/fabric-questions/identifying-georgette-and-satin/,yes,Identifying Georgette and Satin Fabric Notes,"Georgette is a drier sheer. Satin has a smooth, light-catching face. The fiber still has to be read from the label. See how Identifying Georgette and.",How do you tell georgette from satin?,,409,369,identify georgette and satin,informational,,,,5,,,medium,B,
/guides/fabric-questions/buying-fabric-by-length/,,,yes,no,/guides/fabric-questions/buying-fabric-by-length/,yes,Buying Fabric by Metre or Yard Fabric Notes,Order length and read width separately. One yard is 0.9144 metres. Yield still depends on the pattern and the cloth width.,How do you buy fabric by length?,,429,389,buying fabric by the metre,commercial,,,,5,,,medium,B,
/guides/fabric-questions/choosing-woven-wool-and-cotton/,,,yes,no,/guides/fabric-questions/choosing-woven-wool-and-cotton/,yes,Choosing Woven Wool or Cotton Fabric Notes,Pick the garment climate first. Wool wovens often structure tailoring. Cotton wovens cover shirts through denser twills.,How do you choose a woven wool or cotton?,,432,392,choosing woven wool and cotton,commercial,,,,6,,,medium,B,
/guides/fabric-questions/reading-fabric-prints/,,,yes,no,/guides/fabric-questions/reading-fabric-prints/,yes,How to Read Fabric Prints Fabric Notes Use Notes,"Judge a print by the ground cloth, the placement, and colourfastness. FabStitch does not publish a 2026 trend ranking. See how How to Read Fabric.",How should a buyer read fabric prints?,,411,371,fabric prints,informational,,,,4,,,medium,B,
/guides/fabric-questions/what-is-ripstop/,,,yes,no,/guides/fabric-questions/what-is-ripstop/,yes,What Is Ripstop Fabric? Fabric Notes for Apparel,Ripstop is a weave with thicker yarns at intervals so a tear is slower to run. It is common in bags and outer layers. It is not a shoe system.,What is ripstop fabric used for?,,312,272,what is ripstop fabric,informational,,,,4,,,supporting,C,
/guides/fabric-questions/microfiber-and-rayon/,,,yes,no,/guides/fabric-questions/microfiber-and-rayon/,yes,Microfiber and Rayon Fabric Notes Fabric Notes,"Microfiber is a very fine synthetic filament, often polyester. Rayon is regenerated cellulose, usually viscose. They are different families.",How do microfiber and rayon differ?,,384,344,microfiber vs rayon,informational,,,,4,,,supporting,C,
/guides/fabric-questions/fabrics-for-structured-jackets/,,,yes,no,/guides/fabric-questions/fabrics-for-structured-jackets/,yes,Cloth for Structured Jackets Fabric Notes,"Structured jackets start with a stable weave: wool, cotton twill, or a documented blend. Decorative borders are a separate trim spec.",What cloths suit structured jackets?,,424,384,fabrics for structured jackets,commercial,,,,5,,,medium,B,
/guides/fabric-questions/fabrics-for-fasteners/,,,yes,no,/guides/fabric-questions/fabrics-for-fasteners/,yes,Fabrics for Zippers and Buttons Fabric Notes,Fasteners need a stable ground. Sheers and loose knits often need reinforcement. No fiber is the zipper fabric. See how Fabrics for Zippers and Buttons,Which fabrics hold zippers and buttons?,,383,343,fabrics for zippers and buttons,informational,,,,4,,,supporting,C,
/guides/fabric-questions/fabrics-for-childrens-clothing/,,,yes,no,/guides/fabric-questions/fabrics-for-childrens-clothing/,yes,Fabrics for Children's Clothing Fabric Notes,"Soft hand, documented composition, and washability matter. No fiber is the softest or the safest for every child. See how Fabrics for Children's.",What should buyers consider for children's clothing?,,329,289,fabrics for childrens clothing,informational,,,,5,,,supporting,C,
/guides/fabric-questions/why-fabric-color-fades/,,,yes,no,/guides/fabric-questions/why-fabric-color-fades/,yes,Why Fabric Color Fades Fabric Notes Fabric Notes,"Light, wash, rub, and dye class move colour. Printed and dyed cloth can both fade. No home method locks every dye. See how Why Fabric Color Fades.",Why do fabric colors fade?,,315,275,why fabric color fades,informational,,,,4,,,supporting,C,
/guides/fabric-questions/sewing-pucker/,,,yes,no,/guides/fabric-questions/sewing-pucker/,yes,Why Seams Pucker for apparel sourcing for Apparel,"Pucker is the cloth gathering at the seam. Match needle and tension to the cloth, and stabilize sheers. This is not a machine manual.",How is sewing pucker reduced?,,410,370,sewing pucker,informational,,,,4,,,medium,B,
/guides/fabric-questions/new-and-worn-fabric/,,,yes,no,/guides/fabric-questions/new-and-worn-fabric/,yes,New Cloth and Worn Cloth Fabric Notes for Apparel,"Wear relaxes finish, fades colour, and can pill or shine a cloth. New and worn are not two quality grades. See how New Cloth and Worn Cloth relates to.",How does new fabric differ from worn fabric?,,311,271,new and worn fabric,informational,,,,4,,,supporting,C,
/guides/fabric-questions/crepe-de-chine-and-georgette/,,,yes,no,/guides/fabric-questions/crepe-de-chine-and-georgette/,yes,Crepe de Chine and Georgette Fabric Notes,"No. Crepe de chine is a tighter, smoother crepe. Georgette is sheerer and drier. Both can be silk or synthetic. See how Crepe de Chine and Georgette.",Are crepe de chine and georgette the same?,,386,346,crepe de chine vs georgette,informational,,,,4,,,supporting,C,
/guides/fabric-questions/lining-fabrics/,,,yes,no,/guides/fabric-questions/lining-fabrics/,yes,Lining Fabrics for apparel sourcing Fabric Notes,"Linings are chosen for slip, weight, and heat. Viscose and some silks are common. Leather styling is not a lining standard.",What lining cloth should a brief name?,,411,371,lining fabrics,informational,,,,4,,,medium,B,
/guides/fabric-questions/storing-clothes/,,,yes,no,/guides/fabric-questions/storing-clothes/,yes,Storing Clothes for apparel sourcing for Apparel,"Store clean, dry cloth. Fold knits. Hang structured wovens if the cloth can take it. Storage does not remove stains. See how Storing Clothes relates to",How should clothes be stored?,,392,352,storing clothes,informational,,,,4,,,medium,B,
/guides/fabric-questions/hand-dyed-fabric-care/,,,yes,no,/guides/fabric-questions/hand-dyed-fabric-care/,yes,Caring for Hand-Dyed Fabric Fabric Notes,"Assume a hand dye may crock until a wash test says otherwise. Wash it alone, cool, and do not promise colourfastness. See how Caring for Hand-Dyed.",How should hand-dyed fabric be cared for?,,388,348,hand dyed fabric care,informational,,,,4,,,supporting,C,
/guides/fabric-questions/digital-and-reverse-prints/,,,yes,no,/guides/fabric-questions/digital-and-reverse-prints/,yes,Digital Prints and Reverse Prints Fabric Notes,A digital print is applied from a file onto cloth. Reverse print is not one standard. Ask which face carries the ink. See how Digital Prints and.,What is a digital print versus a reverse print?,,433,393,digital fabric print,informational,,,,4,,,medium,B,
/guides/fabric-questions/tencel-and-viscose/,,,yes,no,/guides/fabric-questions/tencel-and-viscose/,yes,Tencel and Viscose for apparel sourcing Use Notes,Both are regenerated cellulose. Lyocell uses a solvent-spinning process. Viscose uses a different chemical route. They are not polyester.,How do Tencel lyocell and viscose differ?,,433,393,tencel vs viscose,informational,,,,4,,,medium,B,
/guides/fabric-questions/skin-comfort-and-fabric/,,,yes,no,/guides/fabric-questions/skin-comfort-and-fabric/,yes,Fabric and Skin Comfort Fabric Notes for Apparel,"Comfort is hand, finish, and friction. No fiber is medically skin-safe for everyone. Sample if the wearer is sensitive. See how Fabric and Skin Comfort",Which fabrics are comfortable against skin?,,396,356,skin friendly fabrics,informational,,,,4,,,medium,B,
/guides/fabric-questions/durable-fiber-blends/,,,yes,no,/guides/fabric-questions/durable-fiber-blends/,yes,Durable Fiber Blends Fabric Notes Fabric Notes,"No blend wins every test. Durability is abrasion, seam, and use. A cotton-polyester twill and a wool blend answer different jobs.",Which fiber blend is most durable?,,430,390,durable fiber blends,commercial,,,,5,,,medium,B,
