pageId,seedKeyword,kind,slug,path,primaryKeyword,indexable
seed-1-seed_support-hub-brief-cotton-fabric,"cotton fabric",seed_support,hub-brief-cotton-fabric,/discover/hub-brief-cotton-fabric/,"cotton fabric production brief",true
seed-1-education-hub-meaning-cotton-fabric,"cotton fabric",education,hub-meaning-cotton-fabric,/discover/hub-meaning-cotton-fabric/,"what cotton fabric means",true
seed-1-application-hub-use-cotton-fabric,"cotton fabric",application,hub-use-cotton-fabric,/discover/hub-use-cotton-fabric/,"cotton fabric for shirts",true
seed-1-buyer_spec-hub-specify-cotton-fabric,"cotton fabric",buyer_spec,hub-specify-cotton-fabric,/discover/hub-specify-cotton-fabric/,"how to specify cotton fabric",true
seed-1-commercial-hub-source-cotton-fabric,"cotton fabric",commercial,hub-source-cotton-fabric,/discover/hub-source-cotton-fabric/,"sourcing cotton fabric",true
seed-1-comparison-hub-vs-cotton-fabric-linen-fabric,"cotton fabric",comparison,hub-vs-cotton-fabric-linen-fabric,/discover/hub-vs-cotton-fabric-linen-fabric/,"cotton fabric compared with linen fabric",true
seed-2-seed_support-hub-brief-linen-fabric,"linen fabric",seed_support,hub-brief-linen-fabric,/discover/hub-brief-linen-fabric/,"linen fabric production brief",true
seed-2-education-hub-meaning-linen-fabric,"linen fabric",education,hub-meaning-linen-fabric,/discover/hub-meaning-linen-fabric/,"what linen fabric means",true
seed-2-application-hub-use-linen-fabric,"linen fabric",application,hub-use-linen-fabric,/discover/hub-use-linen-fabric/,"linen fabric for dresses",true
seed-2-buyer_spec-hub-specify-linen-fabric,"linen fabric",buyer_spec,hub-specify-linen-fabric,/discover/hub-specify-linen-fabric/,"how to specify linen fabric",true
seed-2-commercial-hub-source-linen-fabric,"linen fabric",commercial,hub-source-linen-fabric,/discover/hub-source-linen-fabric/,"sourcing linen fabric",true
seed-2-comparison-hub-vs-linen-fabric-cotton-fabric,"linen fabric",comparison,hub-vs-linen-fabric-cotton-fabric,/discover/hub-vs-linen-fabric-cotton-fabric/,"linen fabric compared with cotton fabric",true
seed-3-seed_support-hub-brief-wool-fabric,"wool fabric",seed_support,hub-brief-wool-fabric,/discover/hub-brief-wool-fabric/,"wool fabric production brief",true
seed-3-education-hub-meaning-wool-fabric,"wool fabric",education,hub-meaning-wool-fabric,/discover/hub-meaning-wool-fabric/,"what wool fabric means",true
seed-3-application-hub-use-wool-fabric,"wool fabric",application,hub-use-wool-fabric,/discover/hub-use-wool-fabric/,"wool fabric for coats",true
seed-3-buyer_spec-hub-specify-wool-fabric,"wool fabric",buyer_spec,hub-specify-wool-fabric,/discover/hub-specify-wool-fabric/,"how to specify wool fabric",true
seed-3-commercial-hub-source-wool-fabric,"wool fabric",commercial,hub-source-wool-fabric,/discover/hub-source-wool-fabric/,"sourcing wool fabric",true
seed-3-comparison-hub-vs-wool-fabric-cotton-fabric,"wool fabric",comparison,hub-vs-wool-fabric-cotton-fabric,/discover/hub-vs-wool-fabric-cotton-fabric/,"wool fabric compared with cotton fabric",true
seed-4-seed_support-hub-brief-knit-fabric,"knit fabric",seed_support,hub-brief-knit-fabric,/discover/hub-brief-knit-fabric/,"knit fabric production brief",true
seed-4-education-hub-meaning-knit-fabric,"knit fabric",education,hub-meaning-knit-fabric,/discover/hub-meaning-knit-fabric/,"what knit fabric means",true
seed-4-application-hub-use-knit-fabric,"knit fabric",application,hub-use-knit-fabric,/discover/hub-use-knit-fabric/,"knit fabric for t-shirts",true
seed-4-buyer_spec-hub-specify-knit-fabric,"knit fabric",buyer_spec,hub-specify-knit-fabric,/discover/hub-specify-knit-fabric/,"how to specify knit fabric",true
seed-4-commercial-hub-source-knit-fabric,"knit fabric",commercial,hub-source-knit-fabric,/discover/hub-source-knit-fabric/,"sourcing knit fabric",true
seed-4-comparison-hub-vs-knit-fabric-jersey-fabric,"knit fabric",comparison,hub-vs-knit-fabric-jersey-fabric,/discover/hub-vs-knit-fabric-jersey-fabric/,"knit fabric compared with jersey fabric",true
seed-5-seed_support-hub-brief-denim-fabric,"denim fabric",seed_support,hub-brief-denim-fabric,/discover/hub-brief-denim-fabric/,"denim fabric production brief",true
seed-5-education-hub-meaning-denim-fabric,"denim fabric",education,hub-meaning-denim-fabric,/discover/hub-meaning-denim-fabric/,"what denim fabric means",true
seed-5-application-hub-use-denim-fabric,"denim fabric",application,hub-use-denim-fabric,/discover/hub-use-denim-fabric/,"denim fabric for jeans",true
seed-5-buyer_spec-hub-specify-denim-fabric,"denim fabric",buyer_spec,hub-specify-denim-fabric,/discover/hub-specify-denim-fabric/,"how to specify denim fabric",true
seed-5-commercial-hub-source-denim-fabric,"denim fabric",commercial,hub-source-denim-fabric,/discover/hub-source-denim-fabric/,"sourcing denim fabric",true
seed-5-comparison-hub-vs-denim-fabric-canvas-fabric,"denim fabric",comparison,hub-vs-denim-fabric-canvas-fabric,/discover/hub-vs-denim-fabric-canvas-fabric/,"denim fabric compared with canvas fabric",true
seed-6-seed_support-hub-brief-viscose-fabric,"viscose fabric",seed_support,hub-brief-viscose-fabric,/discover/hub-brief-viscose-fabric/,"viscose fabric production brief",true
seed-6-education-hub-meaning-viscose-fabric,"viscose fabric",education,hub-meaning-viscose-fabric,/discover/hub-meaning-viscose-fabric/,"what viscose fabric means",true
seed-6-application-hub-use-viscose-fabric,"viscose fabric",application,hub-use-viscose-fabric,/discover/hub-use-viscose-fabric/,"viscose fabric for dresses",true
seed-6-buyer_spec-hub-specify-viscose-fabric,"viscose fabric",buyer_spec,hub-specify-viscose-fabric,/discover/hub-specify-viscose-fabric/,"how to specify viscose fabric",true
seed-6-commercial-hub-source-viscose-fabric,"viscose fabric",commercial,hub-source-viscose-fabric,/discover/hub-source-viscose-fabric/,"sourcing viscose fabric",true
seed-6-comparison-hub-vs-viscose-fabric-rayon-fabric,"viscose fabric",comparison,hub-vs-viscose-fabric-rayon-fabric,/discover/hub-vs-viscose-fabric-rayon-fabric/,"viscose fabric compared with rayon fabric",true
seed-7-seed_support-hub-brief-rayon-fabric,"rayon fabric",seed_support,hub-brief-rayon-fabric,/discover/hub-brief-rayon-fabric/,"rayon fabric production brief",true
seed-7-education-hub-meaning-rayon-fabric,"rayon fabric",education,hub-meaning-rayon-fabric,/discover/hub-meaning-rayon-fabric/,"what rayon fabric means",true
seed-7-application-hub-use-rayon-fabric,"rayon fabric",application,hub-use-rayon-fabric,/discover/hub-use-rayon-fabric/,"rayon fabric for dresses",true
seed-7-buyer_spec-hub-specify-rayon-fabric,"rayon fabric",buyer_spec,hub-specify-rayon-fabric,/discover/hub-specify-rayon-fabric/,"how to specify rayon fabric",true
seed-7-commercial-hub-source-rayon-fabric,"rayon fabric",commercial,hub-source-rayon-fabric,/discover/hub-source-rayon-fabric/,"sourcing rayon fabric",true
seed-7-comparison-hub-vs-rayon-fabric-viscose-fabric,"rayon fabric",comparison,hub-vs-rayon-fabric-viscose-fabric,/discover/hub-vs-rayon-fabric-viscose-fabric/,"rayon fabric compared with viscose fabric",true
seed-8-seed_support-hub-brief-chiffon-fabric,"chiffon fabric",seed_support,hub-brief-chiffon-fabric,/discover/hub-brief-chiffon-fabric/,"chiffon fabric production brief",true
seed-8-education-hub-meaning-chiffon-fabric,"chiffon fabric",education,hub-meaning-chiffon-fabric,/discover/hub-meaning-chiffon-fabric/,"what chiffon fabric means",true
seed-8-application-hub-use-chiffon-fabric,"chiffon fabric",application,hub-use-chiffon-fabric,/discover/hub-use-chiffon-fabric/,"chiffon fabric for dresses",true
seed-8-buyer_spec-hub-specify-chiffon-fabric,"chiffon fabric",buyer_spec,hub-specify-chiffon-fabric,/discover/hub-specify-chiffon-fabric/,"how to specify chiffon fabric",true
seed-8-commercial-hub-source-chiffon-fabric,"chiffon fabric",commercial,hub-source-chiffon-fabric,/discover/hub-source-chiffon-fabric/,"sourcing chiffon fabric",true
seed-8-comparison-hub-vs-chiffon-fabric-satin-fabric,"chiffon fabric",comparison,hub-vs-chiffon-fabric-satin-fabric,/discover/hub-vs-chiffon-fabric-satin-fabric/,"chiffon fabric compared with satin fabric",true
seed-9-seed_support-hub-brief-velvet-fabric,"velvet fabric",seed_support,hub-brief-velvet-fabric,/discover/hub-brief-velvet-fabric/,"velvet fabric production brief",true
seed-9-education-hub-meaning-velvet-fabric,"velvet fabric",education,hub-meaning-velvet-fabric,/discover/hub-meaning-velvet-fabric/,"what velvet fabric means",true
seed-9-application-hub-use-velvet-fabric,"velvet fabric",application,hub-use-velvet-fabric,/discover/hub-use-velvet-fabric/,"velvet fabric for dresses",true
seed-9-buyer_spec-hub-specify-velvet-fabric,"velvet fabric",buyer_spec,hub-specify-velvet-fabric,/discover/hub-specify-velvet-fabric/,"how to specify velvet fabric",true
seed-9-commercial-hub-source-velvet-fabric,"velvet fabric",commercial,hub-source-velvet-fabric,/discover/hub-source-velvet-fabric/,"sourcing velvet fabric",true
seed-9-comparison-hub-vs-velvet-fabric-satin-fabric,"velvet fabric",comparison,hub-vs-velvet-fabric-satin-fabric,/discover/hub-vs-velvet-fabric-satin-fabric/,"velvet fabric compared with satin fabric",true
seed-10-seed_support-hub-brief-satin-fabric,"satin fabric",seed_support,hub-brief-satin-fabric,/discover/hub-brief-satin-fabric/,"satin fabric production brief",true
seed-10-education-hub-meaning-satin-fabric,"satin fabric",education,hub-meaning-satin-fabric,/discover/hub-meaning-satin-fabric/,"what satin fabric means",true
seed-10-application-hub-use-satin-fabric,"satin fabric",application,hub-use-satin-fabric,/discover/hub-use-satin-fabric/,"satin fabric for dresses",true
seed-10-buyer_spec-hub-specify-satin-fabric,"satin fabric",buyer_spec,hub-specify-satin-fabric,/discover/hub-specify-satin-fabric/,"how to specify satin fabric",true
seed-10-commercial-hub-source-satin-fabric,"satin fabric",commercial,hub-source-satin-fabric,/discover/hub-source-satin-fabric/,"sourcing satin fabric",true
seed-10-comparison-hub-vs-satin-fabric-chiffon-fabric,"satin fabric",comparison,hub-vs-satin-fabric-chiffon-fabric,/discover/hub-vs-satin-fabric-chiffon-fabric/,"satin fabric compared with chiffon fabric",true
seed-11-seed_support-hub-brief-net-fabric,"net fabric",seed_support,hub-brief-net-fabric,/discover/hub-brief-net-fabric/,"net fabric production brief",true
seed-11-education-hub-meaning-net-fabric,"net fabric",education,hub-meaning-net-fabric,/discover/hub-meaning-net-fabric/,"what net fabric means",true
seed-11-application-hub-use-net-fabric,"net fabric",application,hub-use-net-fabric,/discover/hub-use-net-fabric/,"net fabric for dresses",true
seed-11-buyer_spec-hub-specify-net-fabric,"net fabric",buyer_spec,hub-specify-net-fabric,/discover/hub-specify-net-fabric/,"how to specify net fabric",true
seed-11-commercial-hub-source-net-fabric,"net fabric",commercial,hub-source-net-fabric,/discover/hub-source-net-fabric/,"sourcing net fabric",true
seed-11-comparison-hub-vs-net-fabric-lace-fabric,"net fabric",comparison,hub-vs-net-fabric-lace-fabric,/discover/hub-vs-net-fabric-lace-fabric/,"net fabric compared with lace fabric",true
seed-12-seed_support-hub-brief-lace-fabric,"lace fabric",seed_support,hub-brief-lace-fabric,/discover/hub-brief-lace-fabric/,"lace fabric production brief",true
seed-12-education-hub-meaning-lace-fabric,"lace fabric",education,hub-meaning-lace-fabric,/discover/hub-meaning-lace-fabric/,"what lace fabric means",true
seed-12-application-hub-use-lace-fabric,"lace fabric",application,hub-use-lace-fabric,/discover/hub-use-lace-fabric/,"lace fabric for dresses",true
seed-12-buyer_spec-hub-specify-lace-fabric,"lace fabric",buyer_spec,hub-specify-lace-fabric,/discover/hub-specify-lace-fabric/,"how to specify lace fabric",true
seed-12-commercial-hub-source-lace-fabric,"lace fabric",commercial,hub-source-lace-fabric,/discover/hub-source-lace-fabric/,"sourcing lace fabric",true
seed-12-comparison-hub-vs-lace-fabric-net-fabric,"lace fabric",comparison,hub-vs-lace-fabric-net-fabric,/discover/hub-vs-lace-fabric-net-fabric/,"lace fabric compared with net fabric",true
seed-13-seed_support-hub-brief-jacquard-fabric,"jacquard fabric",seed_support,hub-brief-jacquard-fabric,/discover/hub-brief-jacquard-fabric/,"jacquard fabric production brief",true
seed-13-education-hub-meaning-jacquard-fabric,"jacquard fabric",education,hub-meaning-jacquard-fabric,/discover/hub-meaning-jacquard-fabric/,"what jacquard fabric means",true
seed-13-application-hub-use-jacquard-fabric,"jacquard fabric",application,hub-use-jacquard-fabric,/discover/hub-use-jacquard-fabric/,"jacquard fabric for upholstery",true
seed-13-buyer_spec-hub-specify-jacquard-fabric,"jacquard fabric",buyer_spec,hub-specify-jacquard-fabric,/discover/hub-specify-jacquard-fabric/,"how to specify jacquard fabric",true
seed-13-commercial-hub-source-jacquard-fabric,"jacquard fabric",commercial,hub-source-jacquard-fabric,/discover/hub-source-jacquard-fabric/,"sourcing jacquard fabric",true
seed-13-comparison-hub-vs-jacquard-fabric-brocade-fabric,"jacquard fabric",comparison,hub-vs-jacquard-fabric-brocade-fabric,/discover/hub-vs-jacquard-fabric-brocade-fabric/,"jacquard fabric compared with brocade fabric",true
seed-14-seed_support-hub-brief-brocade-fabric,"brocade fabric",seed_support,hub-brief-brocade-fabric,/discover/hub-brief-brocade-fabric/,"brocade fabric production brief",true
seed-14-education-hub-meaning-brocade-fabric,"brocade fabric",education,hub-meaning-brocade-fabric,/discover/hub-meaning-brocade-fabric/,"what brocade fabric means",true
seed-14-application-hub-use-brocade-fabric,"brocade fabric",application,hub-use-brocade-fabric,/discover/hub-use-brocade-fabric/,"brocade fabric for dresses",true
seed-14-buyer_spec-hub-specify-brocade-fabric,"brocade fabric",buyer_spec,hub-specify-brocade-fabric,/discover/hub-specify-brocade-fabric/,"how to specify brocade fabric",true
seed-14-commercial-hub-source-brocade-fabric,"brocade fabric",commercial,hub-source-brocade-fabric,/discover/hub-source-brocade-fabric/,"sourcing brocade fabric",true
seed-14-comparison-hub-vs-brocade-fabric-jacquard-fabric,"brocade fabric",comparison,hub-vs-brocade-fabric-jacquard-fabric,/discover/hub-vs-brocade-fabric-jacquard-fabric/,"brocade fabric compared with jacquard fabric",true
seed-15-seed_support-hub-brief-sequin-fabric,"sequin fabric",seed_support,hub-brief-sequin-fabric,/discover/hub-brief-sequin-fabric/,"sequin fabric production brief",true
seed-15-education-hub-meaning-sequin-fabric,"sequin fabric",education,hub-meaning-sequin-fabric,/discover/hub-meaning-sequin-fabric/,"what sequin fabric means",true
seed-15-application-hub-use-sequin-fabric,"sequin fabric",application,hub-use-sequin-fabric,/discover/hub-use-sequin-fabric/,"sequin fabric for dresses",true
seed-15-buyer_spec-hub-specify-sequin-fabric,"sequin fabric",buyer_spec,hub-specify-sequin-fabric,/discover/hub-specify-sequin-fabric/,"how to specify sequin fabric",true
seed-15-commercial-hub-source-sequin-fabric,"sequin fabric",commercial,hub-source-sequin-fabric,/discover/hub-source-sequin-fabric/,"sourcing sequin fabric",true
seed-15-comparison-hub-vs-sequin-fabric-velvet-fabric,"sequin fabric",comparison,hub-vs-sequin-fabric-velvet-fabric,/discover/hub-vs-sequin-fabric-velvet-fabric/,"sequin fabric compared with velvet fabric",true
seed-16-seed_support-hub-brief-printed-fabric,"printed fabric",seed_support,hub-brief-printed-fabric,/discover/hub-brief-printed-fabric/,"printed fabric production brief",true
seed-16-education-hub-meaning-printed-fabric,"printed fabric",education,hub-meaning-printed-fabric,/discover/hub-meaning-printed-fabric/,"what printed fabric means",true
seed-16-application-hub-use-printed-fabric,"printed fabric",application,hub-use-printed-fabric,/discover/hub-use-printed-fabric/,"printed fabric for dresses",true
seed-16-buyer_spec-hub-specify-printed-fabric,"printed fabric",buyer_spec,hub-specify-printed-fabric,/discover/hub-specify-printed-fabric/,"how to specify printed fabric",true
seed-16-commercial-hub-source-printed-fabric,"printed fabric",commercial,hub-source-printed-fabric,/discover/hub-source-printed-fabric/,"sourcing printed fabric",true
seed-16-comparison-hub-vs-printed-fabric-jacquard-fabric,"printed fabric",comparison,hub-vs-printed-fabric-jacquard-fabric,/discover/hub-vs-printed-fabric-jacquard-fabric/,"printed fabric compared with jacquard fabric",true
seed-17-seed_support-hub-brief-embroidered-fabric,"embroidered fabric",seed_support,hub-brief-embroidered-fabric,/discover/hub-brief-embroidered-fabric/,"embroidered fabric production brief",true
seed-17-education-hub-meaning-embroidered-fabric,"embroidered fabric",education,hub-meaning-embroidered-fabric,/discover/hub-meaning-embroidered-fabric/,"what embroidered fabric means",true
seed-17-application-hub-use-embroidered-fabric,"embroidered fabric",application,hub-use-embroidered-fabric,/discover/hub-use-embroidered-fabric/,"embroidered fabric for dresses",true
seed-17-buyer_spec-hub-specify-embroidered-fabric,"embroidered fabric",buyer_spec,hub-specify-embroidered-fabric,/discover/hub-specify-embroidered-fabric/,"how to specify embroidered fabric",true
seed-17-commercial-hub-source-embroidered-fabric,"embroidered fabric",commercial,hub-source-embroidered-fabric,/discover/hub-source-embroidered-fabric/,"sourcing embroidered fabric",true
seed-17-comparison-hub-vs-embroidered-fabric-lace-fabric,"embroidered fabric",comparison,hub-vs-embroidered-fabric-lace-fabric,/discover/hub-vs-embroidered-fabric-lace-fabric/,"embroidered fabric compared with lace fabric",true
seed-18-seed_support-hub-brief-organic-cotton-fabric,"organic cotton fabric",seed_support,hub-brief-organic-cotton-fabric,/discover/hub-brief-organic-cotton-fabric/,"organic cotton fabric production brief",true
seed-18-education-hub-meaning-organic-cotton-fabric,"organic cotton fabric",education,hub-meaning-organic-cotton-fabric,/discover/hub-meaning-organic-cotton-fabric/,"what organic cotton fabric means",true
seed-18-application-hub-use-organic-cotton-fabric,"organic cotton fabric",application,hub-use-organic-cotton-fabric,/discover/hub-use-organic-cotton-fabric/,"organic cotton fabric for shirts",true
seed-18-buyer_spec-hub-specify-organic-cotton-fabric,"organic cotton fabric",buyer_spec,hub-specify-organic-cotton-fabric,/discover/hub-specify-organic-cotton-fabric/,"how to specify organic cotton fabric",true
seed-18-commercial-hub-source-organic-cotton-fabric,"organic cotton fabric",commercial,hub-source-organic-cotton-fabric,/discover/hub-source-organic-cotton-fabric/,"sourcing organic cotton fabric",true
seed-18-comparison-hub-vs-organic-cotton-fabric-cotton-fabric,"organic cotton fabric",comparison,hub-vs-organic-cotton-fabric-cotton-fabric,/discover/hub-vs-organic-cotton-fabric-cotton-fabric/,"organic cotton fabric compared with cotton fabric",true
seed-19-seed_support-hub-brief-hemp-fabric,"hemp fabric",seed_support,hub-brief-hemp-fabric,/discover/hub-brief-hemp-fabric/,"hemp fabric production brief",true
seed-19-education-hub-meaning-hemp-fabric,"hemp fabric",education,hub-meaning-hemp-fabric,/discover/hub-meaning-hemp-fabric/,"what hemp fabric means",true
seed-19-application-hub-use-hemp-fabric,"hemp fabric",application,hub-use-hemp-fabric,/discover/hub-use-hemp-fabric/,"hemp fabric for trousers",true
seed-19-buyer_spec-hub-specify-hemp-fabric,"hemp fabric",buyer_spec,hub-specify-hemp-fabric,/discover/hub-specify-hemp-fabric/,"how to specify hemp fabric",true
seed-19-commercial-hub-source-hemp-fabric,"hemp fabric",commercial,hub-source-hemp-fabric,/discover/hub-source-hemp-fabric/,"sourcing hemp fabric",true
seed-19-comparison-hub-vs-hemp-fabric-linen-fabric,"hemp fabric",comparison,hub-vs-hemp-fabric-linen-fabric,/discover/hub-vs-hemp-fabric-linen-fabric/,"hemp fabric compared with linen fabric",true
seed-20-seed_support-hub-brief-bamboo-fabric,"bamboo fabric",seed_support,hub-brief-bamboo-fabric,/discover/hub-brief-bamboo-fabric/,"bamboo fabric production brief",true
seed-20-education-hub-meaning-bamboo-fabric,"bamboo fabric",education,hub-meaning-bamboo-fabric,/discover/hub-meaning-bamboo-fabric/,"what bamboo fabric means",true
seed-20-application-hub-use-bamboo-fabric,"bamboo fabric",application,hub-use-bamboo-fabric,/discover/hub-use-bamboo-fabric/,"bamboo fabric for t-shirts",true
seed-20-buyer_spec-hub-specify-bamboo-fabric,"bamboo fabric",buyer_spec,hub-specify-bamboo-fabric,/discover/hub-specify-bamboo-fabric/,"how to specify bamboo fabric",true
seed-20-commercial-hub-source-bamboo-fabric,"bamboo fabric",commercial,hub-source-bamboo-fabric,/discover/hub-source-bamboo-fabric/,"sourcing bamboo fabric",true
seed-20-comparison-hub-vs-bamboo-fabric-viscose-fabric,"bamboo fabric",comparison,hub-vs-bamboo-fabric-viscose-fabric,/discover/hub-vs-bamboo-fabric-viscose-fabric/,"bamboo fabric compared with viscose fabric",true
seed-21-seed_support-hub-brief-recycled-fabric,"recycled fabric",seed_support,hub-brief-recycled-fabric,/discover/hub-brief-recycled-fabric/,"recycled fabric production brief",true
seed-21-education-hub-meaning-recycled-fabric,"recycled fabric",education,hub-meaning-recycled-fabric,/discover/hub-meaning-recycled-fabric/,"what recycled fabric means",true
seed-21-application-hub-use-recycled-fabric,"recycled fabric",application,hub-use-recycled-fabric,/discover/hub-use-recycled-fabric/,"recycled fabric for activewear",true
seed-21-buyer_spec-hub-specify-recycled-fabric,"recycled fabric",buyer_spec,hub-specify-recycled-fabric,/discover/hub-specify-recycled-fabric/,"how to specify recycled fabric",true
seed-21-commercial-hub-source-recycled-fabric,"recycled fabric",commercial,hub-source-recycled-fabric,/discover/hub-source-recycled-fabric/,"sourcing recycled fabric",true
seed-21-comparison-hub-vs-recycled-fabric-recycled-polyester-fabric,"recycled fabric",comparison,hub-vs-recycled-fabric-recycled-polyester-fabric,/discover/hub-vs-recycled-fabric-recycled-polyester-fabric/,"recycled fabric compared with recycled polyester fabric",true
seed-22-seed_support-hub-brief-sustainable-fabric,"sustainable fabric",seed_support,hub-brief-sustainable-fabric,/discover/hub-brief-sustainable-fabric/,"sustainable fabric production brief",true
seed-22-education-hub-meaning-sustainable-fabric,"sustainable fabric",education,hub-meaning-sustainable-fabric,/discover/hub-meaning-sustainable-fabric/,"what sustainable fabric means",true
seed-22-application-hub-use-sustainable-fabric,"sustainable fabric",application,hub-use-sustainable-fabric,/discover/hub-use-sustainable-fabric/,"sustainable fabric for clothing",true
seed-22-buyer_spec-hub-specify-sustainable-fabric,"sustainable fabric",buyer_spec,hub-specify-sustainable-fabric,/discover/hub-specify-sustainable-fabric/,"how to specify sustainable fabric",true
seed-22-commercial-hub-source-sustainable-fabric,"sustainable fabric",commercial,hub-source-sustainable-fabric,/discover/hub-source-sustainable-fabric/,"sourcing sustainable fabric",true
seed-22-comparison-hub-vs-sustainable-fabric-eco-friendly-fabric,"sustainable fabric",comparison,hub-vs-sustainable-fabric-eco-friendly-fabric,/discover/hub-vs-sustainable-fabric-eco-friendly-fabric/,"sustainable fabric compared with eco friendly fabric",true
seed-23-seed_support-hub-brief-eco-friendly-fabric,"eco friendly fabric",seed_support,hub-brief-eco-friendly-fabric,/discover/hub-brief-eco-friendly-fabric/,"eco friendly fabric production brief",true
seed-23-education-hub-meaning-eco-friendly-fabric,"eco friendly fabric",education,hub-meaning-eco-friendly-fabric,/discover/hub-meaning-eco-friendly-fabric/,"what eco friendly fabric means",true
seed-23-application-hub-use-eco-friendly-fabric,"eco friendly fabric",application,hub-use-eco-friendly-fabric,/discover/hub-use-eco-friendly-fabric/,"eco friendly fabric for clothing",true
seed-23-buyer_spec-hub-specify-eco-friendly-fabric,"eco friendly fabric",buyer_spec,hub-specify-eco-friendly-fabric,/discover/hub-specify-eco-friendly-fabric/,"how to specify eco friendly fabric",true
seed-23-commercial-hub-source-eco-friendly-fabric,"eco friendly fabric",commercial,hub-source-eco-friendly-fabric,/discover/hub-source-eco-friendly-fabric/,"sourcing eco friendly fabric",true
seed-23-comparison-hub-vs-eco-friendly-fabric-sustainable-fabric,"eco friendly fabric",comparison,hub-vs-eco-friendly-fabric-sustainable-fabric,/discover/hub-vs-eco-friendly-fabric-sustainable-fabric/,"eco friendly fabric compared with sustainable fabric",true
seed-24-seed_support-hub-brief-breathable-fabric,"breathable fabric",seed_support,hub-brief-breathable-fabric,/discover/hub-brief-breathable-fabric/,"breathable fabric production brief",true
seed-24-education-hub-meaning-breathable-fabric,"breathable fabric",education,hub-meaning-breathable-fabric,/discover/hub-meaning-breathable-fabric/,"what breathable fabric means",true
seed-24-application-hub-use-breathable-fabric,"breathable fabric",application,hub-use-breathable-fabric,/discover/hub-use-breathable-fabric/,"breathable fabric for sportswear",true
seed-24-buyer_spec-hub-specify-breathable-fabric,"breathable fabric",buyer_spec,hub-specify-breathable-fabric,/discover/hub-specify-breathable-fabric/,"how to specify breathable fabric",true
seed-24-commercial-hub-source-breathable-fabric,"breathable fabric",commercial,hub-source-breathable-fabric,/discover/hub-source-breathable-fabric/,"sourcing breathable fabric",true
seed-24-comparison-hub-vs-breathable-fabric-moisture-wicking-fabric,"breathable fabric",comparison,hub-vs-breathable-fabric-moisture-wicking-fabric,/discover/hub-vs-breathable-fabric-moisture-wicking-fabric/,"breathable fabric compared with moisture wicking fabric",true
seed-25-seed_support-hub-brief-stretch-fabric,"stretch fabric",seed_support,hub-brief-stretch-fabric,/discover/hub-brief-stretch-fabric/,"stretch fabric production brief",true
seed-25-education-hub-meaning-stretch-fabric,"stretch fabric",education,hub-meaning-stretch-fabric,/discover/hub-meaning-stretch-fabric/,"what stretch fabric means",true
seed-25-application-hub-use-stretch-fabric,"stretch fabric",application,hub-use-stretch-fabric,/discover/hub-use-stretch-fabric/,"stretch fabric for activewear",true
seed-25-buyer_spec-hub-specify-stretch-fabric,"stretch fabric",buyer_spec,hub-specify-stretch-fabric,/discover/hub-specify-stretch-fabric/,"how to specify stretch fabric",true
seed-25-commercial-hub-source-stretch-fabric,"stretch fabric",commercial,hub-source-stretch-fabric,/discover/hub-source-stretch-fabric/,"sourcing stretch fabric",true
seed-25-comparison-hub-vs-stretch-fabric-knit-fabric,"stretch fabric",comparison,hub-vs-stretch-fabric-knit-fabric,/discover/hub-vs-stretch-fabric-knit-fabric/,"stretch fabric compared with knit fabric",true
seed-26-seed_support-hub-brief-waterproof-fabric,"waterproof fabric",seed_support,hub-brief-waterproof-fabric,/discover/hub-brief-waterproof-fabric/,"waterproof fabric production brief",true
seed-26-education-hub-meaning-waterproof-fabric,"waterproof fabric",education,hub-meaning-waterproof-fabric,/discover/hub-meaning-waterproof-fabric/,"what waterproof fabric means",true
seed-26-application-hub-use-waterproof-fabric,"waterproof fabric",application,hub-use-waterproof-fabric,/discover/hub-use-waterproof-fabric/,"waterproof fabric for outdoor clothing",true
seed-26-buyer_spec-hub-specify-waterproof-fabric,"waterproof fabric",buyer_spec,hub-specify-waterproof-fabric,/discover/hub-specify-waterproof-fabric/,"how to specify waterproof fabric",true
seed-26-commercial-hub-source-waterproof-fabric,"waterproof fabric",commercial,hub-source-waterproof-fabric,/discover/hub-source-waterproof-fabric/,"sourcing waterproof fabric",true
seed-26-comparison-hub-vs-waterproof-fabric-breathable-fabric,"waterproof fabric",comparison,hub-vs-waterproof-fabric-breathable-fabric,/discover/hub-vs-waterproof-fabric-breathable-fabric/,"waterproof fabric compared with breathable fabric",true
seed-27-seed_support-hub-brief-lightweight-fabric,"lightweight fabric",seed_support,hub-brief-lightweight-fabric,/discover/hub-brief-lightweight-fabric/,"lightweight fabric production brief",true
seed-27-education-hub-meaning-lightweight-fabric,"lightweight fabric",education,hub-meaning-lightweight-fabric,/discover/hub-meaning-lightweight-fabric/,"what lightweight fabric means",true
seed-27-application-hub-use-lightweight-fabric,"lightweight fabric",application,hub-use-lightweight-fabric,/discover/hub-use-lightweight-fabric/,"lightweight fabric for shirts",true
seed-27-buyer_spec-hub-specify-lightweight-fabric,"lightweight fabric",buyer_spec,hub-specify-lightweight-fabric,/discover/hub-specify-lightweight-fabric/,"how to specify lightweight fabric",true
seed-27-commercial-hub-source-lightweight-fabric,"lightweight fabric",commercial,hub-source-lightweight-fabric,/discover/hub-source-lightweight-fabric/,"sourcing lightweight fabric",true
seed-27-comparison-hub-vs-lightweight-fabric-heavy-fabric,"lightweight fabric",comparison,hub-vs-lightweight-fabric-heavy-fabric,/discover/hub-vs-lightweight-fabric-heavy-fabric/,"lightweight fabric compared with heavy fabric",true
seed-28-seed_support-hub-brief-heavy-fabric,"heavy fabric",seed_support,hub-brief-heavy-fabric,/discover/hub-brief-heavy-fabric/,"heavy fabric production brief",true
seed-28-education-hub-meaning-heavy-fabric,"heavy fabric",education,hub-meaning-heavy-fabric,/discover/hub-meaning-heavy-fabric/,"what heavy fabric means",true
seed-28-application-hub-use-heavy-fabric,"heavy fabric",application,hub-use-heavy-fabric,/discover/hub-use-heavy-fabric/,"heavy fabric for coats",true
seed-28-buyer_spec-hub-specify-heavy-fabric,"heavy fabric",buyer_spec,hub-specify-heavy-fabric,/discover/hub-specify-heavy-fabric/,"how to specify heavy fabric",true
seed-28-commercial-hub-source-heavy-fabric,"heavy fabric",commercial,hub-source-heavy-fabric,/discover/hub-source-heavy-fabric/,"sourcing heavy fabric",true
seed-28-comparison-hub-vs-heavy-fabric-lightweight-fabric,"heavy fabric",comparison,hub-vs-heavy-fabric-lightweight-fabric,/discover/hub-vs-heavy-fabric-lightweight-fabric/,"heavy fabric compared with lightweight fabric",true
seed-29-seed_support-hub-brief-soft-fabric,"soft fabric",seed_support,hub-brief-soft-fabric,/discover/hub-brief-soft-fabric/,"soft fabric production brief",true
seed-29-education-hub-meaning-soft-fabric,"soft fabric",education,hub-meaning-soft-fabric,/discover/hub-meaning-soft-fabric/,"what soft fabric means",true
seed-29-application-hub-use-soft-fabric,"soft fabric",application,hub-use-soft-fabric,/discover/hub-use-soft-fabric/,"soft fabric for clothing",true
seed-29-buyer_spec-hub-specify-soft-fabric,"soft fabric",buyer_spec,hub-specify-soft-fabric,/discover/hub-specify-soft-fabric/,"how to specify soft fabric",true
seed-29-commercial-hub-source-soft-fabric,"soft fabric",commercial,hub-source-soft-fabric,/discover/hub-source-soft-fabric/,"sourcing soft fabric",true
seed-29-comparison-hub-vs-soft-fabric-textured-fabric,"soft fabric",comparison,hub-vs-soft-fabric-textured-fabric,/discover/hub-vs-soft-fabric-textured-fabric/,"soft fabric compared with textured fabric",true
seed-30-seed_support-hub-brief-sheer-fabric,"sheer fabric",seed_support,hub-brief-sheer-fabric,/discover/hub-brief-sheer-fabric/,"sheer fabric production brief",true
seed-30-education-hub-meaning-sheer-fabric,"sheer fabric",education,hub-meaning-sheer-fabric,/discover/hub-meaning-sheer-fabric/,"what sheer fabric means",true
seed-30-application-hub-use-sheer-fabric,"sheer fabric",application,hub-use-sheer-fabric,/discover/hub-use-sheer-fabric/,"sheer fabric for dresses",true
seed-30-buyer_spec-hub-specify-sheer-fabric,"sheer fabric",buyer_spec,hub-specify-sheer-fabric,/discover/hub-specify-sheer-fabric/,"how to specify sheer fabric",true
seed-30-commercial-hub-source-sheer-fabric,"sheer fabric",commercial,hub-source-sheer-fabric,/discover/hub-source-sheer-fabric/,"sourcing sheer fabric",true
seed-30-comparison-hub-vs-sheer-fabric-chiffon-fabric,"sheer fabric",comparison,hub-vs-sheer-fabric-chiffon-fabric,/discover/hub-vs-sheer-fabric-chiffon-fabric/,"sheer fabric compared with chiffon fabric",true
seed-31-seed_support-hub-brief-textured-fabric,"textured fabric",seed_support,hub-brief-textured-fabric,/discover/hub-brief-textured-fabric/,"textured fabric production brief",true
seed-31-education-hub-meaning-textured-fabric,"textured fabric",education,hub-meaning-textured-fabric,/discover/hub-meaning-textured-fabric/,"what textured fabric means",true
seed-31-application-hub-use-textured-fabric,"textured fabric",application,hub-use-textured-fabric,/discover/hub-use-textured-fabric/,"textured fabric for upholstery",true
seed-31-buyer_spec-hub-specify-textured-fabric,"textured fabric",buyer_spec,hub-specify-textured-fabric,/discover/hub-specify-textured-fabric/,"how to specify textured fabric",true
seed-31-commercial-hub-source-textured-fabric,"textured fabric",commercial,hub-source-textured-fabric,/discover/hub-source-textured-fabric/,"sourcing textured fabric",true
seed-31-comparison-hub-vs-textured-fabric-soft-fabric,"textured fabric",comparison,hub-vs-textured-fabric-soft-fabric,/discover/hub-vs-textured-fabric-soft-fabric/,"textured fabric compared with soft fabric",true
seed-32-seed_support-hub-brief-mesh-fabric,"mesh fabric",seed_support,hub-brief-mesh-fabric,/discover/hub-brief-mesh-fabric/,"mesh fabric production brief",true
seed-32-education-hub-meaning-mesh-fabric,"mesh fabric",education,hub-meaning-mesh-fabric,/discover/hub-meaning-mesh-fabric/,"what mesh fabric means",true
seed-32-application-hub-use-mesh-fabric,"mesh fabric",application,hub-use-mesh-fabric,/discover/hub-use-mesh-fabric/,"mesh fabric for activewear",true
seed-32-buyer_spec-hub-specify-mesh-fabric,"mesh fabric",buyer_spec,hub-specify-mesh-fabric,/discover/hub-specify-mesh-fabric/,"how to specify mesh fabric",true
seed-32-commercial-hub-source-mesh-fabric,"mesh fabric",commercial,hub-source-mesh-fabric,/discover/hub-source-mesh-fabric/,"sourcing mesh fabric",true
seed-32-comparison-hub-vs-mesh-fabric-net-fabric,"mesh fabric",comparison,hub-vs-mesh-fabric-net-fabric,/discover/hub-vs-mesh-fabric-net-fabric/,"mesh fabric compared with net fabric",true
seed-33-seed_support-hub-brief-canvas-fabric,"canvas fabric",seed_support,hub-brief-canvas-fabric,/discover/hub-brief-canvas-fabric/,"canvas fabric production brief",true
seed-33-education-hub-meaning-canvas-fabric,"canvas fabric",education,hub-meaning-canvas-fabric,/discover/hub-meaning-canvas-fabric/,"what canvas fabric means",true
seed-33-application-hub-use-canvas-fabric,"canvas fabric",application,hub-use-canvas-fabric,/discover/hub-use-canvas-fabric/,"canvas fabric for bags",true
seed-33-buyer_spec-hub-specify-canvas-fabric,"canvas fabric",buyer_spec,hub-specify-canvas-fabric,/discover/hub-specify-canvas-fabric/,"how to specify canvas fabric",true
seed-33-commercial-hub-source-canvas-fabric,"canvas fabric",commercial,hub-source-canvas-fabric,/discover/hub-source-canvas-fabric/,"sourcing canvas fabric",true
seed-33-comparison-hub-vs-canvas-fabric-denim-fabric,"canvas fabric",comparison,hub-vs-canvas-fabric-denim-fabric,/discover/hub-vs-canvas-fabric-denim-fabric/,"canvas fabric compared with denim fabric",true
seed-34-seed_support-hub-brief-fleece-fabric,"fleece fabric",seed_support,hub-brief-fleece-fabric,/discover/hub-brief-fleece-fabric/,"fleece fabric production brief",true
seed-34-education-hub-meaning-fleece-fabric,"fleece fabric",education,hub-meaning-fleece-fabric,/discover/hub-meaning-fleece-fabric/,"what fleece fabric means",true
seed-34-application-hub-use-fleece-fabric,"fleece fabric",application,hub-use-fleece-fabric,/discover/hub-use-fleece-fabric/,"fleece fabric for hoodies",true
seed-34-buyer_spec-hub-specify-fleece-fabric,"fleece fabric",buyer_spec,hub-specify-fleece-fabric,/discover/hub-specify-fleece-fabric/,"how to specify fleece fabric",true
seed-34-commercial-hub-source-fleece-fabric,"fleece fabric",commercial,hub-source-fleece-fabric,/discover/hub-source-fleece-fabric/,"sourcing fleece fabric",true
seed-34-comparison-hub-vs-fleece-fabric-terry-fabric,"fleece fabric",comparison,hub-vs-fleece-fabric-terry-fabric,/discover/hub-vs-fleece-fabric-terry-fabric/,"fleece fabric compared with terry fabric",true
seed-35-seed_support-hub-brief-jersey-fabric,"jersey fabric",seed_support,hub-brief-jersey-fabric,/discover/hub-brief-jersey-fabric/,"jersey fabric production brief",true
seed-35-education-hub-meaning-jersey-fabric,"jersey fabric",education,hub-meaning-jersey-fabric,/discover/hub-meaning-jersey-fabric/,"what jersey fabric means",true
seed-35-application-hub-use-jersey-fabric,"jersey fabric",application,hub-use-jersey-fabric,/discover/hub-use-jersey-fabric/,"jersey fabric for t-shirts",true
seed-35-buyer_spec-hub-specify-jersey-fabric,"jersey fabric",buyer_spec,hub-specify-jersey-fabric,/discover/hub-specify-jersey-fabric/,"how to specify jersey fabric",true
seed-35-commercial-hub-source-jersey-fabric,"jersey fabric",commercial,hub-source-jersey-fabric,/discover/hub-source-jersey-fabric/,"sourcing jersey fabric",true
seed-35-comparison-hub-vs-jersey-fabric-knit-fabric,"jersey fabric",comparison,hub-vs-jersey-fabric-knit-fabric,/discover/hub-vs-jersey-fabric-knit-fabric/,"jersey fabric compared with knit fabric",true
seed-36-seed_support-hub-brief-terry-fabric,"terry fabric",seed_support,hub-brief-terry-fabric,/discover/hub-brief-terry-fabric/,"terry fabric production brief",true
seed-36-education-hub-meaning-terry-fabric,"terry fabric",education,hub-meaning-terry-fabric,/discover/hub-meaning-terry-fabric/,"what terry fabric means",true
seed-36-application-hub-use-terry-fabric,"terry fabric",application,hub-use-terry-fabric,/discover/hub-use-terry-fabric/,"terry fabric for loungewear",true
seed-36-buyer_spec-hub-specify-terry-fabric,"terry fabric",buyer_spec,hub-specify-terry-fabric,/discover/hub-specify-terry-fabric/,"how to specify terry fabric",true
seed-36-commercial-hub-source-terry-fabric,"terry fabric",commercial,hub-source-terry-fabric,/discover/hub-source-terry-fabric/,"sourcing terry fabric",true
seed-36-comparison-hub-vs-terry-fabric-fleece-fabric,"terry fabric",comparison,hub-vs-terry-fabric-fleece-fabric,/discover/hub-vs-terry-fabric-fleece-fabric/,"terry fabric compared with fleece fabric",true
seed-37-seed_support-hub-brief-corduroy-fabric,"corduroy fabric",seed_support,hub-brief-corduroy-fabric,/discover/hub-brief-corduroy-fabric/,"corduroy fabric production brief",true
seed-37-education-hub-meaning-corduroy-fabric,"corduroy fabric",education,hub-meaning-corduroy-fabric,/discover/hub-meaning-corduroy-fabric/,"what corduroy fabric means",true
seed-37-application-hub-use-corduroy-fabric,"corduroy fabric",application,hub-use-corduroy-fabric,/discover/hub-use-corduroy-fabric/,"corduroy fabric for trousers",true
seed-37-buyer_spec-hub-specify-corduroy-fabric,"corduroy fabric",buyer_spec,hub-specify-corduroy-fabric,/discover/hub-specify-corduroy-fabric/,"how to specify corduroy fabric",true
seed-37-commercial-hub-source-corduroy-fabric,"corduroy fabric",commercial,hub-source-corduroy-fabric,/discover/hub-source-corduroy-fabric/,"sourcing corduroy fabric",true
seed-37-comparison-hub-vs-corduroy-fabric-velvet-fabric,"corduroy fabric",comparison,hub-vs-corduroy-fabric-velvet-fabric,/discover/hub-vs-corduroy-fabric-velvet-fabric/,"corduroy fabric compared with velvet fabric",true
seed-38-seed_support-hub-brief-flannel-fabric,"flannel fabric",seed_support,hub-brief-flannel-fabric,/discover/hub-brief-flannel-fabric/,"flannel fabric production brief",true
seed-38-education-hub-meaning-flannel-fabric,"flannel fabric",education,hub-meaning-flannel-fabric,/discover/hub-meaning-flannel-fabric/,"what flannel fabric means",true
seed-38-application-hub-use-flannel-fabric,"flannel fabric",application,hub-use-flannel-fabric,/discover/hub-use-flannel-fabric/,"flannel fabric for shirts",true
seed-38-buyer_spec-hub-specify-flannel-fabric,"flannel fabric",buyer_spec,hub-specify-flannel-fabric,/discover/hub-specify-flannel-fabric/,"how to specify flannel fabric",true
seed-38-commercial-hub-source-flannel-fabric,"flannel fabric",commercial,hub-source-flannel-fabric,/discover/hub-source-flannel-fabric/,"sourcing flannel fabric",true
seed-38-comparison-hub-vs-flannel-fabric-soft-fabric,"flannel fabric",comparison,hub-vs-flannel-fabric-soft-fabric,/discover/hub-vs-flannel-fabric-soft-fabric/,"flannel fabric compared with soft fabric",true
seed-39-seed_support-hub-brief-twill-fabric,"twill fabric",seed_support,hub-brief-twill-fabric,/discover/hub-brief-twill-fabric/,"twill fabric production brief",true
seed-39-education-hub-meaning-twill-fabric,"twill fabric",education,hub-meaning-twill-fabric,/discover/hub-meaning-twill-fabric/,"what twill fabric means",true
seed-39-application-hub-use-twill-fabric,"twill fabric",application,hub-use-twill-fabric,/discover/hub-use-twill-fabric/,"twill fabric for trousers",true
seed-39-buyer_spec-hub-specify-twill-fabric,"twill fabric",buyer_spec,hub-specify-twill-fabric,/discover/hub-specify-twill-fabric/,"how to specify twill fabric",true
seed-39-commercial-hub-source-twill-fabric,"twill fabric",commercial,hub-source-twill-fabric,/discover/hub-source-twill-fabric/,"sourcing twill fabric",true
seed-39-comparison-hub-vs-twill-fabric-denim-fabric,"twill fabric",comparison,hub-vs-twill-fabric-denim-fabric,/discover/hub-vs-twill-fabric-denim-fabric/,"twill fabric compared with denim fabric",true
seed-40-seed_support-hub-brief-crepe-fabric,"crepe fabric",seed_support,hub-brief-crepe-fabric,/discover/hub-brief-crepe-fabric/,"crepe fabric production brief",true
seed-40-education-hub-meaning-crepe-fabric,"crepe fabric",education,hub-meaning-crepe-fabric,/discover/hub-meaning-crepe-fabric/,"what crepe fabric means",true
seed-40-application-hub-use-crepe-fabric,"crepe fabric",application,hub-use-crepe-fabric,/discover/hub-use-crepe-fabric/,"crepe fabric for dresses",true
seed-40-buyer_spec-hub-specify-crepe-fabric,"crepe fabric",buyer_spec,hub-specify-crepe-fabric,/discover/hub-specify-crepe-fabric/,"how to specify crepe fabric",true
seed-40-commercial-hub-source-crepe-fabric,"crepe fabric",commercial,hub-source-crepe-fabric,/discover/hub-source-crepe-fabric/,"sourcing crepe fabric",true
seed-40-comparison-hub-vs-crepe-fabric-satin-fabric,"crepe fabric",comparison,hub-vs-crepe-fabric-satin-fabric,/discover/hub-vs-crepe-fabric-satin-fabric/,"crepe fabric compared with satin fabric",true
seed-41-seed_support-hub-brief-fabric-wholesale,"fabric wholesale",seed_support,hub-brief-fabric-wholesale,/discover/hub-brief-fabric-wholesale/,"fabric wholesale production brief",true
seed-41-education-hub-meaning-fabric-wholesale,"fabric wholesale",education,hub-meaning-fabric-wholesale,/discover/hub-meaning-fabric-wholesale/,"what fabric wholesale means",true
seed-41-application-hub-use-fabric-wholesale,"fabric wholesale",application,hub-use-fabric-wholesale,/discover/hub-use-fabric-wholesale/,"fabric wholesale for bulk apparel",true
seed-41-buyer_spec-hub-specify-fabric-wholesale,"fabric wholesale",buyer_spec,hub-specify-fabric-wholesale,/discover/hub-specify-fabric-wholesale/,"how to specify fabric wholesale",true
seed-41-commercial-hub-source-fabric-wholesale,"fabric wholesale",commercial,hub-source-fabric-wholesale,/discover/hub-source-fabric-wholesale/,"sourcing fabric wholesale",true
seed-41-comparison-hub-vs-fabric-wholesale-wholesale-fabric,"fabric wholesale",comparison,hub-vs-fabric-wholesale-wholesale-fabric,/discover/hub-vs-fabric-wholesale-wholesale-fabric/,"fabric wholesale compared with wholesale fabric",true
seed-42-seed_support-hub-brief-wholesale-fabric,"wholesale fabric",seed_support,hub-brief-wholesale-fabric,/discover/hub-brief-wholesale-fabric/,"wholesale fabric production brief",true
seed-42-education-hub-meaning-wholesale-fabric,"wholesale fabric",education,hub-meaning-wholesale-fabric,/discover/hub-meaning-wholesale-fabric/,"what wholesale fabric means",true
seed-42-application-hub-use-wholesale-fabric,"wholesale fabric",application,hub-use-wholesale-fabric,/discover/hub-use-wholesale-fabric/,"wholesale fabric for bulk apparel",true
seed-42-buyer_spec-hub-specify-wholesale-fabric,"wholesale fabric",buyer_spec,hub-specify-wholesale-fabric,/discover/hub-specify-wholesale-fabric/,"how to specify wholesale fabric",true
seed-42-commercial-hub-source-wholesale-fabric,"wholesale fabric",commercial,hub-source-wholesale-fabric,/discover/hub-source-wholesale-fabric/,"sourcing wholesale fabric",true
seed-42-comparison-hub-vs-wholesale-fabric-fabric-wholesale,"wholesale fabric",comparison,hub-vs-wholesale-fabric-fabric-wholesale,/discover/hub-vs-wholesale-fabric-fabric-wholesale/,"wholesale fabric compared with fabric wholesale",true
seed-43-seed_support-hub-brief-fabric-supplier,"fabric supplier",seed_support,hub-brief-fabric-supplier,/discover/hub-brief-fabric-supplier/,"fabric supplier production brief",true
seed-43-education-hub-meaning-fabric-supplier,"fabric supplier",education,hub-meaning-fabric-supplier,/discover/hub-meaning-fabric-supplier/,"what fabric supplier means",true
seed-43-application-hub-use-fabric-supplier,"fabric supplier",application,hub-use-fabric-supplier,/discover/hub-use-fabric-supplier/,"fabric supplier for apparel programs",true
seed-43-buyer_spec-hub-specify-fabric-supplier,"fabric supplier",buyer_spec,hub-specify-fabric-supplier,/discover/hub-specify-fabric-supplier/,"how to specify fabric supplier",true
seed-43-commercial-hub-source-fabric-supplier,"fabric supplier",commercial,hub-source-fabric-supplier,/discover/hub-source-fabric-supplier/,"sourcing fabric supplier",true
seed-43-comparison-hub-vs-fabric-supplier-fabric-suppliers,"fabric supplier",comparison,hub-vs-fabric-supplier-fabric-suppliers,/discover/hub-vs-fabric-supplier-fabric-suppliers/,"fabric supplier compared with fabric suppliers",true
seed-44-seed_support-hub-brief-fabric-suppliers,"fabric suppliers",seed_support,hub-brief-fabric-suppliers,/discover/hub-brief-fabric-suppliers/,"fabric suppliers production brief",true
seed-44-education-hub-meaning-fabric-suppliers,"fabric suppliers",education,hub-meaning-fabric-suppliers,/discover/hub-meaning-fabric-suppliers/,"what fabric suppliers means",true
seed-44-application-hub-use-fabric-suppliers,"fabric suppliers",application,hub-use-fabric-suppliers,/discover/hub-use-fabric-suppliers/,"fabric suppliers for apparel programs",true
seed-44-buyer_spec-hub-specify-fabric-suppliers,"fabric suppliers",buyer_spec,hub-specify-fabric-suppliers,/discover/hub-specify-fabric-suppliers/,"how to specify fabric suppliers",true
seed-44-commercial-hub-source-fabric-suppliers,"fabric suppliers",commercial,hub-source-fabric-suppliers,/discover/hub-source-fabric-suppliers/,"sourcing fabric suppliers",true
seed-44-comparison-hub-vs-fabric-suppliers-fabric-supplier,"fabric suppliers",comparison,hub-vs-fabric-suppliers-fabric-supplier,/discover/hub-vs-fabric-suppliers-fabric-supplier/,"fabric suppliers compared with fabric supplier",true
seed-45-seed_support-hub-brief-fabric-sourcing,"fabric sourcing",seed_support,hub-brief-fabric-sourcing,/discover/hub-brief-fabric-sourcing/,"fabric sourcing production brief",true
seed-45-education-hub-meaning-fabric-sourcing,"fabric sourcing",education,hub-meaning-fabric-sourcing,/discover/hub-meaning-fabric-sourcing/,"what fabric sourcing means",true
seed-45-application-hub-use-fabric-sourcing,"fabric sourcing",application,hub-use-fabric-sourcing,/discover/hub-use-fabric-sourcing/,"fabric sourcing for apparel programs",true
seed-45-buyer_spec-hub-specify-fabric-sourcing,"fabric sourcing",buyer_spec,hub-specify-fabric-sourcing,/discover/hub-specify-fabric-sourcing/,"how to specify fabric sourcing",true
seed-45-commercial-hub-source-fabric-sourcing,"fabric sourcing",commercial,hub-source-fabric-sourcing,/discover/hub-source-fabric-sourcing/,"sourcing fabric sourcing",true
seed-45-comparison-hub-vs-fabric-sourcing-textile-sourcing,"fabric sourcing",comparison,hub-vs-fabric-sourcing-textile-sourcing,/discover/hub-vs-fabric-sourcing-textile-sourcing/,"fabric sourcing compared with textile sourcing",true
seed-46-seed_support-hub-brief-textile-supplier,"textile supplier",seed_support,hub-brief-textile-supplier,/discover/hub-brief-textile-supplier/,"textile supplier production brief",true
seed-46-education-hub-meaning-textile-supplier,"textile supplier",education,hub-meaning-textile-supplier,/discover/hub-meaning-textile-supplier/,"what textile supplier means",true
seed-46-application-hub-use-textile-supplier,"textile supplier",application,hub-use-textile-supplier,/discover/hub-use-textile-supplier/,"textile supplier for textile programs",true
seed-46-buyer_spec-hub-specify-textile-supplier,"textile supplier",buyer_spec,hub-specify-textile-supplier,/discover/hub-specify-textile-supplier/,"how to specify textile supplier",true
seed-46-commercial-hub-source-textile-supplier,"textile supplier",commercial,hub-source-textile-supplier,/discover/hub-source-textile-supplier/,"sourcing textile supplier",true
seed-46-comparison-hub-vs-textile-supplier-fabric-supplier,"textile supplier",comparison,hub-vs-textile-supplier-fabric-supplier,/discover/hub-vs-textile-supplier-fabric-supplier/,"textile supplier compared with fabric supplier",true
seed-47-seed_support-hub-brief-textile-suppliers,"textile suppliers",seed_support,hub-brief-textile-suppliers,/discover/hub-brief-textile-suppliers/,"textile suppliers production brief",true
seed-47-education-hub-meaning-textile-suppliers,"textile suppliers",education,hub-meaning-textile-suppliers,/discover/hub-meaning-textile-suppliers/,"what textile suppliers means",true
seed-47-application-hub-use-textile-suppliers,"textile suppliers",application,hub-use-textile-suppliers,/discover/hub-use-textile-suppliers/,"textile suppliers for textile programs",true
seed-47-buyer_spec-hub-specify-textile-suppliers,"textile suppliers",buyer_spec,hub-specify-textile-suppliers,/discover/hub-specify-textile-suppliers/,"how to specify textile suppliers",true
seed-47-commercial-hub-source-textile-suppliers,"textile suppliers",commercial,hub-source-textile-suppliers,/discover/hub-source-textile-suppliers/,"sourcing textile suppliers",true
seed-47-comparison-hub-vs-textile-suppliers-textile-supplier,"textile suppliers",comparison,hub-vs-textile-suppliers-textile-supplier,/discover/hub-vs-textile-suppliers-textile-supplier/,"textile suppliers compared with textile supplier",true
seed-48-seed_support-hub-brief-wholesale-textile,"wholesale textile",seed_support,hub-brief-wholesale-textile,/discover/hub-brief-wholesale-textile/,"wholesale textile production brief",true
seed-48-education-hub-meaning-wholesale-textile,"wholesale textile",education,hub-meaning-wholesale-textile,/discover/hub-meaning-wholesale-textile/,"what wholesale textile means",true
seed-48-application-hub-use-wholesale-textile,"wholesale textile",application,hub-use-wholesale-textile,/discover/hub-use-wholesale-textile/,"wholesale textile for bulk programs",true
seed-48-buyer_spec-hub-specify-wholesale-textile,"wholesale textile",buyer_spec,hub-specify-wholesale-textile,/discover/hub-specify-wholesale-textile/,"how to specify wholesale textile",true
seed-48-commercial-hub-source-wholesale-textile,"wholesale textile",commercial,hub-source-wholesale-textile,/discover/hub-source-wholesale-textile/,"sourcing wholesale textile",true
seed-48-comparison-hub-vs-wholesale-textile-textile-wholesale,"wholesale textile",comparison,hub-vs-wholesale-textile-textile-wholesale,/discover/hub-vs-wholesale-textile-textile-wholesale/,"wholesale textile compared with textile wholesale",true
seed-49-seed_support-hub-brief-textile-wholesale,"textile wholesale",seed_support,hub-brief-textile-wholesale,/discover/hub-brief-textile-wholesale/,"textile wholesale production brief",true
seed-49-education-hub-meaning-textile-wholesale,"textile wholesale",education,hub-meaning-textile-wholesale,/discover/hub-meaning-textile-wholesale/,"what textile wholesale means",true
seed-49-application-hub-use-textile-wholesale,"textile wholesale",application,hub-use-textile-wholesale,/discover/hub-use-textile-wholesale/,"textile wholesale for bulk programs",true
seed-49-buyer_spec-hub-specify-textile-wholesale,"textile wholesale",buyer_spec,hub-specify-textile-wholesale,/discover/hub-specify-textile-wholesale/,"how to specify textile wholesale",true
seed-49-commercial-hub-source-textile-wholesale,"textile wholesale",commercial,hub-source-textile-wholesale,/discover/hub-source-textile-wholesale/,"sourcing textile wholesale",true
seed-49-comparison-hub-vs-textile-wholesale-wholesale-textile,"textile wholesale",comparison,hub-vs-textile-wholesale-wholesale-textile,/discover/hub-vs-textile-wholesale-wholesale-textile/,"textile wholesale compared with wholesale textile",true
seed-50-seed_support-hub-brief-fabric-manufacturer,"fabric manufacturer",seed_support,hub-brief-fabric-manufacturer,/discover/hub-brief-fabric-manufacturer/,"fabric manufacturer production brief",true
seed-50-education-hub-meaning-fabric-manufacturer,"fabric manufacturer",education,hub-meaning-fabric-manufacturer,/discover/hub-meaning-fabric-manufacturer/,"what fabric manufacturer means",true
seed-50-application-hub-use-fabric-manufacturer,"fabric manufacturer",application,hub-use-fabric-manufacturer,/discover/hub-use-fabric-manufacturer/,"fabric manufacturer for mill programs",true
seed-50-buyer_spec-hub-specify-fabric-manufacturer,"fabric manufacturer",buyer_spec,hub-specify-fabric-manufacturer,/discover/hub-specify-fabric-manufacturer/,"how to specify fabric manufacturer",true
seed-50-commercial-hub-source-fabric-manufacturer,"fabric manufacturer",commercial,hub-source-fabric-manufacturer,/discover/hub-source-fabric-manufacturer/,"sourcing fabric manufacturer",true
seed-50-comparison-hub-vs-fabric-manufacturer-fabric-manufacturers,"fabric manufacturer",comparison,hub-vs-fabric-manufacturer-fabric-manufacturers,/discover/hub-vs-fabric-manufacturer-fabric-manufacturers/,"fabric manufacturer compared with fabric manufacturers",true
seed-51-seed_support-hub-brief-fabric-manufacturers,"fabric manufacturers",seed_support,hub-brief-fabric-manufacturers,/discover/hub-brief-fabric-manufacturers/,"fabric manufacturers production brief",true
seed-51-education-hub-meaning-fabric-manufacturers,"fabric manufacturers",education,hub-meaning-fabric-manufacturers,/discover/hub-meaning-fabric-manufacturers/,"what fabric manufacturers means",true
seed-51-application-hub-use-fabric-manufacturers,"fabric manufacturers",application,hub-use-fabric-manufacturers,/discover/hub-use-fabric-manufacturers/,"fabric manufacturers for mill programs",true
seed-51-buyer_spec-hub-specify-fabric-manufacturers,"fabric manufacturers",buyer_spec,hub-specify-fabric-manufacturers,/discover/hub-specify-fabric-manufacturers/,"how to specify fabric manufacturers",true
seed-51-commercial-hub-source-fabric-manufacturers,"fabric manufacturers",commercial,hub-source-fabric-manufacturers,/discover/hub-source-fabric-manufacturers/,"sourcing fabric manufacturers",true
seed-51-comparison-hub-vs-fabric-manufacturers-fabric-manufacturer,"fabric manufacturers",comparison,hub-vs-fabric-manufacturers-fabric-manufacturer,/discover/hub-vs-fabric-manufacturers-fabric-manufacturer/,"fabric manufacturers compared with fabric manufacturer",true
seed-52-seed_support-hub-brief-textile-manufacturer,"textile manufacturer",seed_support,hub-brief-textile-manufacturer,/discover/hub-brief-textile-manufacturer/,"textile manufacturer production brief",true
seed-52-education-hub-meaning-textile-manufacturer,"textile manufacturer",education,hub-meaning-textile-manufacturer,/discover/hub-meaning-textile-manufacturer/,"what textile manufacturer means",true
seed-52-application-hub-use-textile-manufacturer,"textile manufacturer",application,hub-use-textile-manufacturer,/discover/hub-use-textile-manufacturer/,"textile manufacturer for textile programs",true
seed-52-buyer_spec-hub-specify-textile-manufacturer,"textile manufacturer",buyer_spec,hub-specify-textile-manufacturer,/discover/hub-specify-textile-manufacturer/,"how to specify textile manufacturer",true
seed-52-commercial-hub-source-textile-manufacturer,"textile manufacturer",commercial,hub-source-textile-manufacturer,/discover/hub-source-textile-manufacturer/,"sourcing textile manufacturer",true
seed-52-comparison-hub-vs-textile-manufacturer-fabric-manufacturer,"textile manufacturer",comparison,hub-vs-textile-manufacturer-fabric-manufacturer,/discover/hub-vs-textile-manufacturer-fabric-manufacturer/,"textile manufacturer compared with fabric manufacturer",true
seed-53-seed_support-hub-brief-textile-manufacturers,"textile manufacturers",seed_support,hub-brief-textile-manufacturers,/discover/hub-brief-textile-manufacturers/,"textile manufacturers production brief",true
seed-53-education-hub-meaning-textile-manufacturers,"textile manufacturers",education,hub-meaning-textile-manufacturers,/discover/hub-meaning-textile-manufacturers/,"what textile manufacturers means",true
seed-53-application-hub-use-textile-manufacturers,"textile manufacturers",application,hub-use-textile-manufacturers,/discover/hub-use-textile-manufacturers/,"textile manufacturers for textile programs",true
seed-53-buyer_spec-hub-specify-textile-manufacturers,"textile manufacturers",buyer_spec,hub-specify-textile-manufacturers,/discover/hub-specify-textile-manufacturers/,"how to specify textile manufacturers",true
seed-53-commercial-hub-source-textile-manufacturers,"textile manufacturers",commercial,hub-source-textile-manufacturers,/discover/hub-source-textile-manufacturers/,"sourcing textile manufacturers",true
seed-53-comparison-hub-vs-textile-manufacturers-textile-manufacturer,"textile manufacturers",comparison,hub-vs-textile-manufacturers-textile-manufacturer,/discover/hub-vs-textile-manufacturers-textile-manufacturer/,"textile manufacturers compared with textile manufacturer",true
seed-54-seed_support-hub-brief-fabric-store-online,"fabric store online",seed_support,hub-brief-fabric-store-online,/discover/hub-brief-fabric-store-online/,"fabric store online production brief",true
seed-54-education-hub-meaning-fabric-store-online,"fabric store online",education,hub-meaning-fabric-store-online,/discover/hub-meaning-fabric-store-online/,"what fabric store online means",true
seed-54-application-hub-use-fabric-store-online,"fabric store online",application,hub-use-fabric-store-online,/discover/hub-use-fabric-store-online/,"fabric store online for sample and cut",true
seed-54-buyer_spec-hub-specify-fabric-store-online,"fabric store online",buyer_spec,hub-specify-fabric-store-online,/discover/hub-specify-fabric-store-online/,"how to specify fabric store online",true
seed-54-commercial-hub-source-fabric-store-online,"fabric store online",commercial,hub-source-fabric-store-online,/discover/hub-source-fabric-store-online/,"sourcing fabric store online",true
seed-54-comparison-hub-vs-fabric-store-online-online-fabric-store,"fabric store online",comparison,hub-vs-fabric-store-online-online-fabric-store,/discover/hub-vs-fabric-store-online-online-fabric-store/,"fabric store online compared with online fabric store",true
seed-55-seed_support-hub-brief-buy-fabric-online,"buy fabric online",seed_support,hub-brief-buy-fabric-online,/discover/hub-brief-buy-fabric-online/,"buy fabric online production brief",true
seed-55-education-hub-meaning-buy-fabric-online,"buy fabric online",education,hub-meaning-buy-fabric-online,/discover/hub-meaning-buy-fabric-online/,"what buy fabric online means",true
seed-55-application-hub-use-buy-fabric-online,"buy fabric online",application,hub-use-buy-fabric-online,/discover/hub-use-buy-fabric-online/,"buy fabric online for named cloth",true
seed-55-buyer_spec-hub-specify-buy-fabric-online,"buy fabric online",buyer_spec,hub-specify-buy-fabric-online,/discover/hub-specify-buy-fabric-online/,"how to specify buy fabric online",true
seed-55-commercial-hub-source-buy-fabric-online,"buy fabric online",commercial,hub-source-buy-fabric-online,/discover/hub-source-buy-fabric-online/,"sourcing buy fabric online",true
seed-55-comparison-hub-vs-buy-fabric-online-fabric-store-online,"buy fabric online",comparison,hub-vs-buy-fabric-online-fabric-store-online,/discover/hub-vs-buy-fabric-online-fabric-store-online/,"buy fabric online compared with fabric store online",true
seed-56-seed_support-hub-brief-fabric-online,"fabric online",seed_support,hub-brief-fabric-online,/discover/hub-brief-fabric-online/,"fabric online production brief",true
seed-56-education-hub-meaning-fabric-online,"fabric online",education,hub-meaning-fabric-online,/discover/hub-meaning-fabric-online/,"what fabric online means",true
seed-56-application-hub-use-fabric-online,"fabric online",application,hub-use-fabric-online,/discover/hub-use-fabric-online/,"fabric online for browse cloth",true
seed-56-buyer_spec-hub-specify-fabric-online,"fabric online",buyer_spec,hub-specify-fabric-online,/discover/hub-specify-fabric-online/,"how to specify fabric online",true
seed-56-commercial-hub-source-fabric-online,"fabric online",commercial,hub-source-fabric-online,/discover/hub-source-fabric-online/,"sourcing fabric online",true
seed-56-comparison-hub-vs-fabric-online-buy-fabric-online,"fabric online",comparison,hub-vs-fabric-online-buy-fabric-online,/discover/hub-vs-fabric-online-buy-fabric-online/,"fabric online compared with buy fabric online",true
seed-57-seed_support-hub-brief-online-fabric-store,"online fabric store",seed_support,hub-brief-online-fabric-store,/discover/hub-brief-online-fabric-store/,"online fabric store production brief",true
seed-57-education-hub-meaning-online-fabric-store,"online fabric store",education,hub-meaning-online-fabric-store,/discover/hub-meaning-online-fabric-store/,"what online fabric store means",true
seed-57-application-hub-use-online-fabric-store,"online fabric store",application,hub-use-online-fabric-store,/discover/hub-use-online-fabric-store/,"online fabric store for named cloth",true
seed-57-buyer_spec-hub-specify-online-fabric-store,"online fabric store",buyer_spec,hub-specify-online-fabric-store,/discover/hub-specify-online-fabric-store/,"how to specify online fabric store",true
seed-57-commercial-hub-source-online-fabric-store,"online fabric store",commercial,hub-source-online-fabric-store,/discover/hub-source-online-fabric-store/,"sourcing online fabric store",true
seed-57-comparison-hub-vs-online-fabric-store-fabric-store-online,"online fabric store",comparison,hub-vs-online-fabric-store-fabric-store-online,/discover/hub-vs-online-fabric-store-fabric-store-online/,"online fabric store compared with fabric store online",true
seed-58-seed_support-hub-brief-fabric-marketplace,"fabric marketplace",seed_support,hub-brief-fabric-marketplace,/discover/hub-brief-fabric-marketplace/,"fabric marketplace production brief",true
seed-58-education-hub-meaning-fabric-marketplace,"fabric marketplace",education,hub-meaning-fabric-marketplace,/discover/hub-meaning-fabric-marketplace/,"what fabric marketplace means",true
seed-58-application-hub-use-fabric-marketplace,"fabric marketplace",application,hub-use-fabric-marketplace,/discover/hub-use-fabric-marketplace/,"fabric marketplace for source cloth",true
seed-58-buyer_spec-hub-specify-fabric-marketplace,"fabric marketplace",buyer_spec,hub-specify-fabric-marketplace,/discover/hub-specify-fabric-marketplace/,"how to specify fabric marketplace",true
seed-58-commercial-hub-source-fabric-marketplace,"fabric marketplace",commercial,hub-source-fabric-marketplace,/discover/hub-source-fabric-marketplace/,"sourcing fabric marketplace",true
seed-58-comparison-hub-vs-fabric-marketplace-textile-marketplace,"fabric marketplace",comparison,hub-vs-fabric-marketplace-textile-marketplace,/discover/hub-vs-fabric-marketplace-textile-marketplace/,"fabric marketplace compared with textile marketplace",true
seed-59-seed_support-hub-brief-textile-marketplace,"textile marketplace",seed_support,hub-brief-textile-marketplace,/discover/hub-brief-textile-marketplace/,"textile marketplace production brief",true
seed-59-education-hub-meaning-textile-marketplace,"textile marketplace",education,hub-meaning-textile-marketplace,/discover/hub-meaning-textile-marketplace/,"what textile marketplace means",true
seed-59-application-hub-use-textile-marketplace,"textile marketplace",application,hub-use-textile-marketplace,/discover/hub-use-textile-marketplace/,"textile marketplace for source textiles",true
seed-59-buyer_spec-hub-specify-textile-marketplace,"textile marketplace",buyer_spec,hub-specify-textile-marketplace,/discover/hub-specify-textile-marketplace/,"how to specify textile marketplace",true
seed-59-commercial-hub-source-textile-marketplace,"textile marketplace",commercial,hub-source-textile-marketplace,/discover/hub-source-textile-marketplace/,"sourcing textile marketplace",true
seed-59-comparison-hub-vs-textile-marketplace-fabric-marketplace,"textile marketplace",comparison,hub-vs-textile-marketplace-fabric-marketplace,/discover/hub-vs-textile-marketplace-fabric-marketplace/,"textile marketplace compared with fabric marketplace",true
seed-60-seed_support-hub-brief-fabric-supplier-online,"fabric supplier online",seed_support,hub-brief-fabric-supplier-online,/discover/hub-brief-fabric-supplier-online/,"fabric supplier online production brief",true
seed-60-education-hub-meaning-fabric-supplier-online,"fabric supplier online",education,hub-meaning-fabric-supplier-online,/discover/hub-meaning-fabric-supplier-online/,"what fabric supplier online means",true
seed-60-application-hub-use-fabric-supplier-online,"fabric supplier online",application,hub-use-fabric-supplier-online,/discover/hub-use-fabric-supplier-online/,"fabric supplier online for enquire cloth",true
seed-60-buyer_spec-hub-specify-fabric-supplier-online,"fabric supplier online",buyer_spec,hub-specify-fabric-supplier-online,/discover/hub-specify-fabric-supplier-online/,"how to specify fabric supplier online",true
seed-60-commercial-hub-source-fabric-supplier-online,"fabric supplier online",commercial,hub-source-fabric-supplier-online,/discover/hub-source-fabric-supplier-online/,"sourcing fabric supplier online",true
seed-60-comparison-hub-vs-fabric-supplier-online-fabric-supplier,"fabric supplier online",comparison,hub-vs-fabric-supplier-online-fabric-supplier,/discover/hub-vs-fabric-supplier-online-fabric-supplier/,"fabric supplier online compared with fabric supplier",true
seed-61-seed_support-hub-brief-wholesale-cotton-fabric,"wholesale cotton fabric",seed_support,hub-brief-wholesale-cotton-fabric,/discover/hub-brief-wholesale-cotton-fabric/,"wholesale cotton fabric production brief",true
seed-61-education-hub-meaning-wholesale-cotton-fabric,"wholesale cotton fabric",education,hub-meaning-wholesale-cotton-fabric,/discover/hub-meaning-wholesale-cotton-fabric/,"what wholesale cotton fabric means",true
seed-61-application-hub-use-wholesale-cotton-fabric,"wholesale cotton fabric",application,hub-use-wholesale-cotton-fabric,/discover/hub-use-wholesale-cotton-fabric/,"wholesale cotton fabric for shirts",true
seed-61-buyer_spec-hub-specify-wholesale-cotton-fabric,"wholesale cotton fabric",buyer_spec,hub-specify-wholesale-cotton-fabric,/discover/hub-specify-wholesale-cotton-fabric/,"how to specify wholesale cotton fabric",true
seed-61-commercial-hub-source-wholesale-cotton-fabric,"wholesale cotton fabric",commercial,hub-source-wholesale-cotton-fabric,/discover/hub-source-wholesale-cotton-fabric/,"sourcing wholesale cotton fabric",true
seed-61-comparison-hub-vs-wholesale-cotton-fabric-cotton-fabric,"wholesale cotton fabric",comparison,hub-vs-wholesale-cotton-fabric-cotton-fabric,/discover/hub-vs-wholesale-cotton-fabric-cotton-fabric/,"wholesale cotton fabric compared with cotton fabric",true
seed-62-seed_support-hub-brief-wholesale-linen-fabric,"wholesale linen fabric",seed_support,hub-brief-wholesale-linen-fabric,/discover/hub-brief-wholesale-linen-fabric/,"wholesale linen fabric production brief",true
seed-62-education-hub-meaning-wholesale-linen-fabric,"wholesale linen fabric",education,hub-meaning-wholesale-linen-fabric,/discover/hub-meaning-wholesale-linen-fabric/,"what wholesale linen fabric means",true
seed-62-application-hub-use-wholesale-linen-fabric,"wholesale linen fabric",application,hub-use-wholesale-linen-fabric,/discover/hub-use-wholesale-linen-fabric/,"wholesale linen fabric for dresses",true
seed-62-buyer_spec-hub-specify-wholesale-linen-fabric,"wholesale linen fabric",buyer_spec,hub-specify-wholesale-linen-fabric,/discover/hub-specify-wholesale-linen-fabric/,"how to specify wholesale linen fabric",true
seed-62-commercial-hub-source-wholesale-linen-fabric,"wholesale linen fabric",commercial,hub-source-wholesale-linen-fabric,/discover/hub-source-wholesale-linen-fabric/,"sourcing wholesale linen fabric",true
seed-62-comparison-hub-vs-wholesale-linen-fabric-linen-fabric,"wholesale linen fabric",comparison,hub-vs-wholesale-linen-fabric-linen-fabric,/discover/hub-vs-wholesale-linen-fabric-linen-fabric/,"wholesale linen fabric compared with linen fabric",true
seed-63-seed_support-hub-brief-wholesale-denim-fabric,"wholesale denim fabric",seed_support,hub-brief-wholesale-denim-fabric,/discover/hub-brief-wholesale-denim-fabric/,"wholesale denim fabric production brief",true
seed-63-education-hub-meaning-wholesale-denim-fabric,"wholesale denim fabric",education,hub-meaning-wholesale-denim-fabric,/discover/hub-meaning-wholesale-denim-fabric/,"what wholesale denim fabric means",true
seed-63-application-hub-use-wholesale-denim-fabric,"wholesale denim fabric",application,hub-use-wholesale-denim-fabric,/discover/hub-use-wholesale-denim-fabric/,"wholesale denim fabric for jeans",true
seed-63-buyer_spec-hub-specify-wholesale-denim-fabric,"wholesale denim fabric",buyer_spec,hub-specify-wholesale-denim-fabric,/discover/hub-specify-wholesale-denim-fabric/,"how to specify wholesale denim fabric",true
seed-63-commercial-hub-source-wholesale-denim-fabric,"wholesale denim fabric",commercial,hub-source-wholesale-denim-fabric,/discover/hub-source-wholesale-denim-fabric/,"sourcing wholesale denim fabric",true
seed-63-comparison-hub-vs-wholesale-denim-fabric-denim-fabric,"wholesale denim fabric",comparison,hub-vs-wholesale-denim-fabric-denim-fabric,/discover/hub-vs-wholesale-denim-fabric-denim-fabric/,"wholesale denim fabric compared with denim fabric",true
seed-64-seed_support-hub-brief-wholesale-silk-fabric,"wholesale silk fabric",seed_support,hub-brief-wholesale-silk-fabric,/discover/hub-brief-wholesale-silk-fabric/,"wholesale silk fabric production brief",true
seed-64-education-hub-meaning-wholesale-silk-fabric,"wholesale silk fabric",education,hub-meaning-wholesale-silk-fabric,/discover/hub-meaning-wholesale-silk-fabric/,"what wholesale silk fabric means",true
seed-64-application-hub-use-wholesale-silk-fabric,"wholesale silk fabric",application,hub-use-wholesale-silk-fabric,/discover/hub-use-wholesale-silk-fabric/,"wholesale silk fabric for dresses",true
seed-64-buyer_spec-hub-specify-wholesale-silk-fabric,"wholesale silk fabric",buyer_spec,hub-specify-wholesale-silk-fabric,/discover/hub-specify-wholesale-silk-fabric/,"how to specify wholesale silk fabric",true
seed-64-commercial-hub-source-wholesale-silk-fabric,"wholesale silk fabric",commercial,hub-source-wholesale-silk-fabric,/discover/hub-source-wholesale-silk-fabric/,"sourcing wholesale silk fabric",true
seed-64-comparison-hub-vs-wholesale-silk-fabric-satin-fabric,"wholesale silk fabric",comparison,hub-vs-wholesale-silk-fabric-satin-fabric,/discover/hub-vs-wholesale-silk-fabric-satin-fabric/,"wholesale silk fabric compared with satin fabric",true
seed-65-seed_support-hub-brief-wholesale-polyester-fabric,"wholesale polyester fabric",seed_support,hub-brief-wholesale-polyester-fabric,/discover/hub-brief-wholesale-polyester-fabric/,"wholesale polyester fabric production brief",true
seed-65-education-hub-meaning-wholesale-polyester-fabric,"wholesale polyester fabric",education,hub-meaning-wholesale-polyester-fabric,/discover/hub-meaning-wholesale-polyester-fabric/,"what wholesale polyester fabric means",true
seed-65-application-hub-use-wholesale-polyester-fabric,"wholesale polyester fabric",application,hub-use-wholesale-polyester-fabric,/discover/hub-use-wholesale-polyester-fabric/,"wholesale polyester fabric for sportswear",true
seed-65-buyer_spec-hub-specify-wholesale-polyester-fabric,"wholesale polyester fabric",buyer_spec,hub-specify-wholesale-polyester-fabric,/discover/hub-specify-wholesale-polyester-fabric/,"how to specify wholesale polyester fabric",true
seed-65-commercial-hub-source-wholesale-polyester-fabric,"wholesale polyester fabric",commercial,hub-source-wholesale-polyester-fabric,/discover/hub-source-wholesale-polyester-fabric/,"sourcing wholesale polyester fabric",true
seed-65-comparison-hub-vs-wholesale-polyester-fabric-recycled-polyester-fabric,"wholesale polyester fabric",comparison,hub-vs-wholesale-polyester-fabric-recycled-polyester-fabric,/discover/hub-vs-wholesale-polyester-fabric-recycled-polyester-fabric/,"wholesale polyester fabric compared with recycled polyester fabric",true
seed-66-seed_support-hub-brief-wholesale-satin-fabric,"wholesale satin fabric",seed_support,hub-brief-wholesale-satin-fabric,/discover/hub-brief-wholesale-satin-fabric/,"wholesale satin fabric production brief",true
seed-66-education-hub-meaning-wholesale-satin-fabric,"wholesale satin fabric",education,hub-meaning-wholesale-satin-fabric,/discover/hub-meaning-wholesale-satin-fabric/,"what wholesale satin fabric means",true
seed-66-application-hub-use-wholesale-satin-fabric,"wholesale satin fabric",application,hub-use-wholesale-satin-fabric,/discover/hub-use-wholesale-satin-fabric/,"wholesale satin fabric for dresses",true
seed-66-buyer_spec-hub-specify-wholesale-satin-fabric,"wholesale satin fabric",buyer_spec,hub-specify-wholesale-satin-fabric,/discover/hub-specify-wholesale-satin-fabric/,"how to specify wholesale satin fabric",true
seed-66-commercial-hub-source-wholesale-satin-fabric,"wholesale satin fabric",commercial,hub-source-wholesale-satin-fabric,/discover/hub-source-wholesale-satin-fabric/,"sourcing wholesale satin fabric",true
seed-66-comparison-hub-vs-wholesale-satin-fabric-satin-fabric,"wholesale satin fabric",comparison,hub-vs-wholesale-satin-fabric-satin-fabric,/discover/hub-vs-wholesale-satin-fabric-satin-fabric/,"wholesale satin fabric compared with satin fabric",true
seed-67-seed_support-hub-brief-wholesale-velvet-fabric,"wholesale velvet fabric",seed_support,hub-brief-wholesale-velvet-fabric,/discover/hub-brief-wholesale-velvet-fabric/,"wholesale velvet fabric production brief",true
seed-67-education-hub-meaning-wholesale-velvet-fabric,"wholesale velvet fabric",education,hub-meaning-wholesale-velvet-fabric,/discover/hub-meaning-wholesale-velvet-fabric/,"what wholesale velvet fabric means",true
seed-67-application-hub-use-wholesale-velvet-fabric,"wholesale velvet fabric",application,hub-use-wholesale-velvet-fabric,/discover/hub-use-wholesale-velvet-fabric/,"wholesale velvet fabric for dresses",true
seed-67-buyer_spec-hub-specify-wholesale-velvet-fabric,"wholesale velvet fabric",buyer_spec,hub-specify-wholesale-velvet-fabric,/discover/hub-specify-wholesale-velvet-fabric/,"how to specify wholesale velvet fabric",true
seed-67-commercial-hub-source-wholesale-velvet-fabric,"wholesale velvet fabric",commercial,hub-source-wholesale-velvet-fabric,/discover/hub-source-wholesale-velvet-fabric/,"sourcing wholesale velvet fabric",true
seed-67-comparison-hub-vs-wholesale-velvet-fabric-velvet-fabric,"wholesale velvet fabric",comparison,hub-vs-wholesale-velvet-fabric-velvet-fabric,/discover/hub-vs-wholesale-velvet-fabric-velvet-fabric/,"wholesale velvet fabric compared with velvet fabric",true
seed-68-seed_support-hub-brief-wholesale-lace-fabric,"wholesale lace fabric",seed_support,hub-brief-wholesale-lace-fabric,/discover/hub-brief-wholesale-lace-fabric/,"wholesale lace fabric production brief",true
seed-68-education-hub-meaning-wholesale-lace-fabric,"wholesale lace fabric",education,hub-meaning-wholesale-lace-fabric,/discover/hub-meaning-wholesale-lace-fabric/,"what wholesale lace fabric means",true
seed-68-application-hub-use-wholesale-lace-fabric,"wholesale lace fabric",application,hub-use-wholesale-lace-fabric,/discover/hub-use-wholesale-lace-fabric/,"wholesale lace fabric for dresses",true
seed-68-buyer_spec-hub-specify-wholesale-lace-fabric,"wholesale lace fabric",buyer_spec,hub-specify-wholesale-lace-fabric,/discover/hub-specify-wholesale-lace-fabric/,"how to specify wholesale lace fabric",true
seed-68-commercial-hub-source-wholesale-lace-fabric,"wholesale lace fabric",commercial,hub-source-wholesale-lace-fabric,/discover/hub-source-wholesale-lace-fabric/,"sourcing wholesale lace fabric",true
seed-68-comparison-hub-vs-wholesale-lace-fabric-lace-fabric,"wholesale lace fabric",comparison,hub-vs-wholesale-lace-fabric-lace-fabric,/discover/hub-vs-wholesale-lace-fabric-lace-fabric/,"wholesale lace fabric compared with lace fabric",true
seed-69-seed_support-hub-brief-wholesale-chiffon-fabric,"wholesale chiffon fabric",seed_support,hub-brief-wholesale-chiffon-fabric,/discover/hub-brief-wholesale-chiffon-fabric/,"wholesale chiffon fabric production brief",true
seed-69-education-hub-meaning-wholesale-chiffon-fabric,"wholesale chiffon fabric",education,hub-meaning-wholesale-chiffon-fabric,/discover/hub-meaning-wholesale-chiffon-fabric/,"what wholesale chiffon fabric means",true
seed-69-application-hub-use-wholesale-chiffon-fabric,"wholesale chiffon fabric",application,hub-use-wholesale-chiffon-fabric,/discover/hub-use-wholesale-chiffon-fabric/,"wholesale chiffon fabric for dresses",true
seed-69-buyer_spec-hub-specify-wholesale-chiffon-fabric,"wholesale chiffon fabric",buyer_spec,hub-specify-wholesale-chiffon-fabric,/discover/hub-specify-wholesale-chiffon-fabric/,"how to specify wholesale chiffon fabric",true
seed-69-commercial-hub-source-wholesale-chiffon-fabric,"wholesale chiffon fabric",commercial,hub-source-wholesale-chiffon-fabric,/discover/hub-source-wholesale-chiffon-fabric/,"sourcing wholesale chiffon fabric",true
seed-69-comparison-hub-vs-wholesale-chiffon-fabric-chiffon-fabric,"wholesale chiffon fabric",comparison,hub-vs-wholesale-chiffon-fabric-chiffon-fabric,/discover/hub-vs-wholesale-chiffon-fabric-chiffon-fabric/,"wholesale chiffon fabric compared with chiffon fabric",true
seed-70-seed_support-hub-brief-wholesale-knit-fabric,"wholesale knit fabric",seed_support,hub-brief-wholesale-knit-fabric,/discover/hub-brief-wholesale-knit-fabric/,"wholesale knit fabric production brief",true
seed-70-education-hub-meaning-wholesale-knit-fabric,"wholesale knit fabric",education,hub-meaning-wholesale-knit-fabric,/discover/hub-meaning-wholesale-knit-fabric/,"what wholesale knit fabric means",true
seed-70-application-hub-use-wholesale-knit-fabric,"wholesale knit fabric",application,hub-use-wholesale-knit-fabric,/discover/hub-use-wholesale-knit-fabric/,"wholesale knit fabric for t-shirts",true
seed-70-buyer_spec-hub-specify-wholesale-knit-fabric,"wholesale knit fabric",buyer_spec,hub-specify-wholesale-knit-fabric,/discover/hub-specify-wholesale-knit-fabric/,"how to specify wholesale knit fabric",true
seed-70-commercial-hub-source-wholesale-knit-fabric,"wholesale knit fabric",commercial,hub-source-wholesale-knit-fabric,/discover/hub-source-wholesale-knit-fabric/,"sourcing wholesale knit fabric",true
seed-70-comparison-hub-vs-wholesale-knit-fabric-knit-fabric,"wholesale knit fabric",comparison,hub-vs-wholesale-knit-fabric-knit-fabric,/discover/hub-vs-wholesale-knit-fabric-knit-fabric/,"wholesale knit fabric compared with knit fabric",true
seed-71-seed_support-hub-brief-fabric-for-clothing,"fabric for clothing",seed_support,hub-brief-fabric-for-clothing,/discover/hub-brief-fabric-for-clothing/,"fabric for clothing production brief",true
seed-71-education-hub-meaning-fabric-for-clothing,"fabric for clothing",education,hub-meaning-fabric-for-clothing,/discover/hub-meaning-fabric-for-clothing/,"what fabric for clothing means",true
seed-71-application-hub-use-fabric-for-clothing,"fabric for clothing",application,hub-use-fabric-for-clothing,/discover/hub-use-fabric-for-clothing/,"fabric for clothing for apparel",true
seed-71-buyer_spec-hub-specify-fabric-for-clothing,"fabric for clothing",buyer_spec,hub-specify-fabric-for-clothing,/discover/hub-specify-fabric-for-clothing/,"how to specify fabric for clothing",true
seed-71-commercial-hub-source-fabric-for-clothing,"fabric for clothing",commercial,hub-source-fabric-for-clothing,/discover/hub-source-fabric-for-clothing/,"sourcing fabric for clothing",true
seed-71-comparison-hub-vs-fabric-for-clothing-clothing-fabric,"fabric for clothing",comparison,hub-vs-fabric-for-clothing-clothing-fabric,/discover/hub-vs-fabric-for-clothing-clothing-fabric/,"fabric for clothing compared with clothing fabric",true
seed-72-seed_support-hub-brief-fabric-for-dresses,"fabric for dresses",seed_support,hub-brief-fabric-for-dresses,/discover/hub-brief-fabric-for-dresses/,"fabric for dresses production brief",true
seed-72-education-hub-meaning-fabric-for-dresses,"fabric for dresses",education,hub-meaning-fabric-for-dresses,/discover/hub-meaning-fabric-for-dresses/,"what fabric for dresses means",true
seed-72-application-hub-use-fabric-for-dresses,"fabric for dresses",application,hub-use-fabric-for-dresses,/discover/hub-use-fabric-for-dresses/,"fabric for dresses for dresses",true
seed-72-buyer_spec-hub-specify-fabric-for-dresses,"fabric for dresses",buyer_spec,hub-specify-fabric-for-dresses,/discover/hub-specify-fabric-for-dresses/,"how to specify fabric for dresses",true
seed-72-commercial-hub-source-fabric-for-dresses,"fabric for dresses",commercial,hub-source-fabric-for-dresses,/discover/hub-source-fabric-for-dresses/,"sourcing fabric for dresses",true
seed-72-comparison-hub-vs-fabric-for-dresses-dress-fabric,"fabric for dresses",comparison,hub-vs-fabric-for-dresses-dress-fabric,/discover/hub-vs-fabric-for-dresses-dress-fabric/,"fabric for dresses compared with dress fabric",true
seed-73-seed_support-hub-brief-fabric-for-shirts,"fabric for shirts",seed_support,hub-brief-fabric-for-shirts,/discover/hub-brief-fabric-for-shirts/,"fabric for shirts production brief",true
seed-73-education-hub-meaning-fabric-for-shirts,"fabric for shirts",education,hub-meaning-fabric-for-shirts,/discover/hub-meaning-fabric-for-shirts/,"what fabric for shirts means",true
seed-73-application-hub-use-fabric-for-shirts,"fabric for shirts",application,hub-use-fabric-for-shirts,/discover/hub-use-fabric-for-shirts/,"fabric for shirts for shirts",true
seed-73-buyer_spec-hub-specify-fabric-for-shirts,"fabric for shirts",buyer_spec,hub-specify-fabric-for-shirts,/discover/hub-specify-fabric-for-shirts/,"how to specify fabric for shirts",true
seed-73-commercial-hub-source-fabric-for-shirts,"fabric for shirts",commercial,hub-source-fabric-for-shirts,/discover/hub-source-fabric-for-shirts/,"sourcing fabric for shirts",true
seed-73-comparison-hub-vs-fabric-for-shirts-shirt-fabric,"fabric for shirts",comparison,hub-vs-fabric-for-shirts-shirt-fabric,/discover/hub-vs-fabric-for-shirts-shirt-fabric/,"fabric for shirts compared with shirt fabric",true
seed-74-seed_support-hub-brief-fabric-for-pants,"fabric for pants",seed_support,hub-brief-fabric-for-pants,/discover/hub-brief-fabric-for-pants/,"fabric for pants production brief",true
seed-74-education-hub-meaning-fabric-for-pants,"fabric for pants",education,hub-meaning-fabric-for-pants,/discover/hub-meaning-fabric-for-pants/,"what fabric for pants means",true
seed-74-application-hub-use-fabric-for-pants,"fabric for pants",application,hub-use-fabric-for-pants,/discover/hub-use-fabric-for-pants/,"fabric for pants for trousers",true
seed-74-buyer_spec-hub-specify-fabric-for-pants,"fabric for pants",buyer_spec,hub-specify-fabric-for-pants,/discover/hub-specify-fabric-for-pants/,"how to specify fabric for pants",true
seed-74-commercial-hub-source-fabric-for-pants,"fabric for pants",commercial,hub-source-fabric-for-pants,/discover/hub-source-fabric-for-pants/,"sourcing fabric for pants",true
seed-74-comparison-hub-vs-fabric-for-pants-fabric-for-skirts,"fabric for pants",comparison,hub-vs-fabric-for-pants-fabric-for-skirts,/discover/hub-vs-fabric-for-pants-fabric-for-skirts/,"fabric for pants compared with fabric for skirts",true
seed-75-seed_support-hub-brief-fabric-for-skirts,"fabric for skirts",seed_support,hub-brief-fabric-for-skirts,/discover/hub-brief-fabric-for-skirts/,"fabric for skirts production brief",true
seed-75-education-hub-meaning-fabric-for-skirts,"fabric for skirts",education,hub-meaning-fabric-for-skirts,/discover/hub-meaning-fabric-for-skirts/,"what fabric for skirts means",true
seed-75-application-hub-use-fabric-for-skirts,"fabric for skirts",application,hub-use-fabric-for-skirts,/discover/hub-use-fabric-for-skirts/,"fabric for skirts for skirts",true
seed-75-buyer_spec-hub-specify-fabric-for-skirts,"fabric for skirts",buyer_spec,hub-specify-fabric-for-skirts,/discover/hub-specify-fabric-for-skirts/,"how to specify fabric for skirts",true
seed-75-commercial-hub-source-fabric-for-skirts,"fabric for skirts",commercial,hub-source-fabric-for-skirts,/discover/hub-source-fabric-for-skirts/,"sourcing fabric for skirts",true
seed-75-comparison-hub-vs-fabric-for-skirts-fabric-for-dresses,"fabric for skirts",comparison,hub-vs-fabric-for-skirts-fabric-for-dresses,/discover/hub-vs-fabric-for-skirts-fabric-for-dresses/,"fabric for skirts compared with fabric for dresses",true
seed-76-seed_support-hub-brief-fabric-for-bags,"fabric for bags",seed_support,hub-brief-fabric-for-bags,/discover/hub-brief-fabric-for-bags/,"fabric for bags production brief",true
seed-76-education-hub-meaning-fabric-for-bags,"fabric for bags",education,hub-meaning-fabric-for-bags,/discover/hub-meaning-fabric-for-bags/,"what fabric for bags means",true
seed-76-application-hub-use-fabric-for-bags,"fabric for bags",application,hub-use-fabric-for-bags,/discover/hub-use-fabric-for-bags/,"fabric for bags for bags",true
seed-76-buyer_spec-hub-specify-fabric-for-bags,"fabric for bags",buyer_spec,hub-specify-fabric-for-bags,/discover/hub-specify-fabric-for-bags/,"how to specify fabric for bags",true
seed-76-commercial-hub-source-fabric-for-bags,"fabric for bags",commercial,hub-source-fabric-for-bags,/discover/hub-source-fabric-for-bags/,"sourcing fabric for bags",true
seed-76-comparison-hub-vs-fabric-for-bags-canvas-fabric,"fabric for bags",comparison,hub-vs-fabric-for-bags-canvas-fabric,/discover/hub-vs-fabric-for-bags-canvas-fabric/,"fabric for bags compared with canvas fabric",true
seed-77-seed_support-hub-brief-fabric-for-upholstery,"fabric for upholstery",seed_support,hub-brief-fabric-for-upholstery,/discover/hub-brief-fabric-for-upholstery/,"fabric for upholstery production brief",true
seed-77-education-hub-meaning-fabric-for-upholstery,"fabric for upholstery",education,hub-meaning-fabric-for-upholstery,/discover/hub-meaning-fabric-for-upholstery/,"what fabric for upholstery means",true
seed-77-application-hub-use-fabric-for-upholstery,"fabric for upholstery",application,hub-use-fabric-for-upholstery,/discover/hub-use-fabric-for-upholstery/,"fabric for upholstery for sofas",true
seed-77-buyer_spec-hub-specify-fabric-for-upholstery,"fabric for upholstery",buyer_spec,hub-specify-fabric-for-upholstery,/discover/hub-specify-fabric-for-upholstery/,"how to specify fabric for upholstery",true
seed-77-commercial-hub-source-fabric-for-upholstery,"fabric for upholstery",commercial,hub-source-fabric-for-upholstery,/discover/hub-source-fabric-for-upholstery/,"sourcing fabric for upholstery",true
seed-77-comparison-hub-vs-fabric-for-upholstery-upholstery-fabric,"fabric for upholstery",comparison,hub-vs-fabric-for-upholstery-upholstery-fabric,/discover/hub-vs-fabric-for-upholstery-upholstery-fabric/,"fabric for upholstery compared with upholstery fabric",true
seed-78-seed_support-hub-brief-upholstery-fabric,"upholstery fabric",seed_support,hub-brief-upholstery-fabric,/discover/hub-brief-upholstery-fabric/,"upholstery fabric production brief",true
seed-78-education-hub-meaning-upholstery-fabric,"upholstery fabric",education,hub-meaning-upholstery-fabric,/discover/hub-meaning-upholstery-fabric/,"what upholstery fabric means",true
seed-78-application-hub-use-upholstery-fabric,"upholstery fabric",application,hub-use-upholstery-fabric,/discover/hub-use-upholstery-fabric/,"upholstery fabric for sofas",true
seed-78-buyer_spec-hub-specify-upholstery-fabric,"upholstery fabric",buyer_spec,hub-specify-upholstery-fabric,/discover/hub-specify-upholstery-fabric/,"how to specify upholstery fabric",true
seed-78-commercial-hub-source-upholstery-fabric,"upholstery fabric",commercial,hub-source-upholstery-fabric,/discover/hub-source-upholstery-fabric/,"sourcing upholstery fabric",true
seed-78-comparison-hub-vs-upholstery-fabric-fabric-for-upholstery,"upholstery fabric",comparison,hub-vs-upholstery-fabric-fabric-for-upholstery,/discover/hub-vs-upholstery-fabric-fabric-for-upholstery/,"upholstery fabric compared with fabric for upholstery",true
seed-79-seed_support-hub-brief-curtain-fabric,"curtain fabric",seed_support,hub-brief-curtain-fabric,/discover/hub-brief-curtain-fabric/,"curtain fabric production brief",true
seed-79-education-hub-meaning-curtain-fabric,"curtain fabric",education,hub-meaning-curtain-fabric,/discover/hub-meaning-curtain-fabric/,"what curtain fabric means",true
seed-79-application-hub-use-curtain-fabric,"curtain fabric",application,hub-use-curtain-fabric,/discover/hub-use-curtain-fabric/,"curtain fabric for windows",true
seed-79-buyer_spec-hub-specify-curtain-fabric,"curtain fabric",buyer_spec,hub-specify-curtain-fabric,/discover/hub-specify-curtain-fabric/,"how to specify curtain fabric",true
seed-79-commercial-hub-source-curtain-fabric,"curtain fabric",commercial,hub-source-curtain-fabric,/discover/hub-source-curtain-fabric/,"sourcing curtain fabric",true
seed-79-comparison-hub-vs-curtain-fabric-sheer-fabric,"curtain fabric",comparison,hub-vs-curtain-fabric-sheer-fabric,/discover/hub-vs-curtain-fabric-sheer-fabric/,"curtain fabric compared with sheer fabric",true
seed-80-seed_support-hub-brief-sofa-fabric,"sofa fabric",seed_support,hub-brief-sofa-fabric,/discover/hub-brief-sofa-fabric/,"sofa fabric production brief",true
seed-80-education-hub-meaning-sofa-fabric,"sofa fabric",education,hub-meaning-sofa-fabric,/discover/hub-meaning-sofa-fabric/,"what sofa fabric means",true
seed-80-application-hub-use-sofa-fabric,"sofa fabric",application,hub-use-sofa-fabric,/discover/hub-use-sofa-fabric/,"sofa fabric for sofas",true
seed-80-buyer_spec-hub-specify-sofa-fabric,"sofa fabric",buyer_spec,hub-specify-sofa-fabric,/discover/hub-specify-sofa-fabric/,"how to specify sofa fabric",true
seed-80-commercial-hub-source-sofa-fabric,"sofa fabric",commercial,hub-source-sofa-fabric,/discover/hub-source-sofa-fabric/,"sourcing sofa fabric",true
seed-80-comparison-hub-vs-sofa-fabric-upholstery-fabric,"sofa fabric",comparison,hub-vs-sofa-fabric-upholstery-fabric,/discover/hub-vs-sofa-fabric-upholstery-fabric/,"sofa fabric compared with upholstery fabric",true
seed-81-seed_support-hub-brief-dress-fabric,"dress fabric",seed_support,hub-brief-dress-fabric,/discover/hub-brief-dress-fabric/,"dress fabric production brief",true
seed-81-education-hub-meaning-dress-fabric,"dress fabric",education,hub-meaning-dress-fabric,/discover/hub-meaning-dress-fabric/,"what dress fabric means",true
seed-81-application-hub-use-dress-fabric,"dress fabric",application,hub-use-dress-fabric,/discover/hub-use-dress-fabric/,"dress fabric for dresses",true
seed-81-buyer_spec-hub-specify-dress-fabric,"dress fabric",buyer_spec,hub-specify-dress-fabric,/discover/hub-specify-dress-fabric/,"how to specify dress fabric",true
seed-81-commercial-hub-source-dress-fabric,"dress fabric",commercial,hub-source-dress-fabric,/discover/hub-source-dress-fabric/,"sourcing dress fabric",true
seed-81-comparison-hub-vs-dress-fabric-fabric-for-dresses,"dress fabric",comparison,hub-vs-dress-fabric-fabric-for-dresses,/discover/hub-vs-dress-fabric-fabric-for-dresses/,"dress fabric compared with fabric for dresses",true
seed-82-seed_support-hub-brief-shirt-fabric,"shirt fabric",seed_support,hub-brief-shirt-fabric,/discover/hub-brief-shirt-fabric/,"shirt fabric production brief",true
seed-82-education-hub-meaning-shirt-fabric,"shirt fabric",education,hub-meaning-shirt-fabric,/discover/hub-meaning-shirt-fabric/,"what shirt fabric means",true
seed-82-application-hub-use-shirt-fabric,"shirt fabric",application,hub-use-shirt-fabric,/discover/hub-use-shirt-fabric/,"shirt fabric for shirts",true
seed-82-buyer_spec-hub-specify-shirt-fabric,"shirt fabric",buyer_spec,hub-specify-shirt-fabric,/discover/hub-specify-shirt-fabric/,"how to specify shirt fabric",true
seed-82-commercial-hub-source-shirt-fabric,"shirt fabric",commercial,hub-source-shirt-fabric,/discover/hub-source-shirt-fabric/,"sourcing shirt fabric",true
seed-82-comparison-hub-vs-shirt-fabric-fabric-for-shirts,"shirt fabric",comparison,hub-vs-shirt-fabric-fabric-for-shirts,/discover/hub-vs-shirt-fabric-fabric-for-shirts/,"shirt fabric compared with fabric for shirts",true
seed-83-seed_support-hub-brief-clothing-fabric,"clothing fabric",seed_support,hub-brief-clothing-fabric,/discover/hub-brief-clothing-fabric/,"clothing fabric production brief",true
seed-83-education-hub-meaning-clothing-fabric,"clothing fabric",education,hub-meaning-clothing-fabric,/discover/hub-meaning-clothing-fabric/,"what clothing fabric means",true
seed-83-application-hub-use-clothing-fabric,"clothing fabric",application,hub-use-clothing-fabric,/discover/hub-use-clothing-fabric/,"clothing fabric for apparel",true
seed-83-buyer_spec-hub-specify-clothing-fabric,"clothing fabric",buyer_spec,hub-specify-clothing-fabric,/discover/hub-specify-clothing-fabric/,"how to specify clothing fabric",true
seed-83-commercial-hub-source-clothing-fabric,"clothing fabric",commercial,hub-source-clothing-fabric,/discover/hub-source-clothing-fabric/,"sourcing clothing fabric",true
seed-83-comparison-hub-vs-clothing-fabric-fabric-for-clothing,"clothing fabric",comparison,hub-vs-clothing-fabric-fabric-for-clothing,/discover/hub-vs-clothing-fabric-fabric-for-clothing/,"clothing fabric compared with fabric for clothing",true
seed-84-seed_support-hub-brief-fashion-fabric,"fashion fabric",seed_support,hub-brief-fashion-fabric,/discover/hub-brief-fashion-fabric/,"fashion fabric production brief",true
seed-84-education-hub-meaning-fashion-fabric,"fashion fabric",education,hub-meaning-fashion-fabric,/discover/hub-meaning-fashion-fabric/,"what fashion fabric means",true
seed-84-application-hub-use-fashion-fabric,"fashion fabric",application,hub-use-fashion-fabric,/discover/hub-use-fashion-fabric/,"fashion fabric for collections",true
seed-84-buyer_spec-hub-specify-fashion-fabric,"fashion fabric",buyer_spec,hub-specify-fashion-fabric,/discover/hub-specify-fashion-fabric/,"how to specify fashion fabric",true
seed-84-commercial-hub-source-fashion-fabric,"fashion fabric",commercial,hub-source-fashion-fabric,/discover/hub-source-fashion-fabric/,"sourcing fashion fabric",true
seed-84-comparison-hub-vs-fashion-fabric-designer-fabric,"fashion fabric",comparison,hub-vs-fashion-fabric-designer-fabric,/discover/hub-vs-fashion-fabric-designer-fabric/,"fashion fabric compared with designer fabric",true
seed-85-seed_support-hub-brief-designer-fabric,"designer fabric",seed_support,hub-brief-designer-fabric,/discover/hub-brief-designer-fabric/,"designer fabric production brief",true
seed-85-education-hub-meaning-designer-fabric,"designer fabric",education,hub-meaning-designer-fabric,/discover/hub-meaning-designer-fabric/,"what designer fabric means",true
seed-85-application-hub-use-designer-fabric,"designer fabric",application,hub-use-designer-fabric,/discover/hub-use-designer-fabric/,"designer fabric for collections",true
seed-85-buyer_spec-hub-specify-designer-fabric,"designer fabric",buyer_spec,hub-specify-designer-fabric,/discover/hub-specify-designer-fabric/,"how to specify designer fabric",true
seed-85-commercial-hub-source-designer-fabric,"designer fabric",commercial,hub-source-designer-fabric,/discover/hub-source-designer-fabric/,"sourcing designer fabric",true
seed-85-comparison-hub-vs-designer-fabric-fashion-fabric,"designer fabric",comparison,hub-vs-designer-fabric-fashion-fabric,/discover/hub-vs-designer-fabric-fashion-fabric/,"designer fabric compared with fashion fabric",true
seed-86-seed_support-hub-brief-premium-fabric,"premium fabric",seed_support,hub-brief-premium-fabric,/discover/hub-brief-premium-fabric/,"premium fabric production brief",true
seed-86-education-hub-meaning-premium-fabric,"premium fabric",education,hub-meaning-premium-fabric,/discover/hub-meaning-premium-fabric/,"what premium fabric means",true
seed-86-application-hub-use-premium-fabric,"premium fabric",application,hub-use-premium-fabric,/discover/hub-use-premium-fabric/,"premium fabric for collections",true
seed-86-buyer_spec-hub-specify-premium-fabric,"premium fabric",buyer_spec,hub-specify-premium-fabric,/discover/hub-specify-premium-fabric/,"how to specify premium fabric",true
seed-86-commercial-hub-source-premium-fabric,"premium fabric",commercial,hub-source-premium-fabric,/discover/hub-source-premium-fabric/,"sourcing premium fabric",true
seed-86-comparison-hub-vs-premium-fabric-luxury-fabric,"premium fabric",comparison,hub-vs-premium-fabric-luxury-fabric,/discover/hub-vs-premium-fabric-luxury-fabric/,"premium fabric compared with luxury fabric",true
seed-87-seed_support-hub-brief-luxury-fabric,"luxury fabric",seed_support,hub-brief-luxury-fabric,/discover/hub-brief-luxury-fabric/,"luxury fabric production brief",true
seed-87-education-hub-meaning-luxury-fabric,"luxury fabric",education,hub-meaning-luxury-fabric,/discover/hub-meaning-luxury-fabric/,"what luxury fabric means",true
seed-87-application-hub-use-luxury-fabric,"luxury fabric",application,hub-use-luxury-fabric,/discover/hub-use-luxury-fabric/,"luxury fabric for occasionwear",true
seed-87-buyer_spec-hub-specify-luxury-fabric,"luxury fabric",buyer_spec,hub-specify-luxury-fabric,/discover/hub-specify-luxury-fabric/,"how to specify luxury fabric",true
seed-87-commercial-hub-source-luxury-fabric,"luxury fabric",commercial,hub-source-luxury-fabric,/discover/hub-source-luxury-fabric/,"sourcing luxury fabric",true
seed-87-comparison-hub-vs-luxury-fabric-premium-fabric,"luxury fabric",comparison,hub-vs-luxury-fabric-premium-fabric,/discover/hub-vs-luxury-fabric-premium-fabric/,"luxury fabric compared with premium fabric",true
seed-88-seed_support-hub-brief-fabric-for-activewear,"fabric for activewear",seed_support,hub-brief-fabric-for-activewear,/discover/hub-brief-fabric-for-activewear/,"fabric for activewear production brief",true
seed-88-education-hub-meaning-fabric-for-activewear,"fabric for activewear",education,hub-meaning-fabric-for-activewear,/discover/hub-meaning-fabric-for-activewear/,"what fabric for activewear means",true
seed-88-application-hub-use-fabric-for-activewear,"fabric for activewear",application,hub-use-fabric-for-activewear,/discover/hub-use-fabric-for-activewear/,"fabric for activewear for activewear",true
seed-88-buyer_spec-hub-specify-fabric-for-activewear,"fabric for activewear",buyer_spec,hub-specify-fabric-for-activewear,/discover/hub-specify-fabric-for-activewear/,"how to specify fabric for activewear",true
seed-88-commercial-hub-source-fabric-for-activewear,"fabric for activewear",commercial,hub-source-fabric-for-activewear,/discover/hub-source-fabric-for-activewear/,"sourcing fabric for activewear",true
seed-88-comparison-hub-vs-fabric-for-activewear-sportswear-fabric,"fabric for activewear",comparison,hub-vs-fabric-for-activewear-sportswear-fabric,/discover/hub-vs-fabric-for-activewear-sportswear-fabric/,"fabric for activewear compared with sportswear fabric",true
seed-89-seed_support-hub-brief-moisture-wicking-fabric,"moisture wicking fabric",seed_support,hub-brief-moisture-wicking-fabric,/discover/hub-brief-moisture-wicking-fabric/,"moisture wicking fabric production brief",true
seed-89-education-hub-meaning-moisture-wicking-fabric,"moisture wicking fabric",education,hub-meaning-moisture-wicking-fabric,/discover/hub-meaning-moisture-wicking-fabric/,"what moisture wicking fabric means",true
seed-89-application-hub-use-moisture-wicking-fabric,"moisture wicking fabric",application,hub-use-moisture-wicking-fabric,/discover/hub-use-moisture-wicking-fabric/,"moisture wicking fabric for sportswear",true
seed-89-buyer_spec-hub-specify-moisture-wicking-fabric,"moisture wicking fabric",buyer_spec,hub-specify-moisture-wicking-fabric,/discover/hub-specify-moisture-wicking-fabric/,"how to specify moisture wicking fabric",true
seed-89-commercial-hub-source-moisture-wicking-fabric,"moisture wicking fabric",commercial,hub-source-moisture-wicking-fabric,/discover/hub-source-moisture-wicking-fabric/,"sourcing moisture wicking fabric",true
seed-89-comparison-hub-vs-moisture-wicking-fabric-quick-dry-fabric,"moisture wicking fabric",comparison,hub-vs-moisture-wicking-fabric-quick-dry-fabric,/discover/hub-vs-moisture-wicking-fabric-quick-dry-fabric/,"moisture wicking fabric compared with quick dry fabric",true
seed-90-seed_support-hub-brief-quick-dry-fabric,"quick dry fabric",seed_support,hub-brief-quick-dry-fabric,/discover/hub-brief-quick-dry-fabric/,"quick dry fabric production brief",true
seed-90-education-hub-meaning-quick-dry-fabric,"quick dry fabric",education,hub-meaning-quick-dry-fabric,/discover/hub-meaning-quick-dry-fabric/,"what quick dry fabric means",true
seed-90-application-hub-use-quick-dry-fabric,"quick dry fabric",application,hub-use-quick-dry-fabric,/discover/hub-use-quick-dry-fabric/,"quick dry fabric for travel and sport",true
seed-90-buyer_spec-hub-specify-quick-dry-fabric,"quick dry fabric",buyer_spec,hub-specify-quick-dry-fabric,/discover/hub-specify-quick-dry-fabric/,"how to specify quick dry fabric",true
seed-90-commercial-hub-source-quick-dry-fabric,"quick dry fabric",commercial,hub-source-quick-dry-fabric,/discover/hub-source-quick-dry-fabric/,"sourcing quick dry fabric",true
seed-90-comparison-hub-vs-quick-dry-fabric-moisture-wicking-fabric,"quick dry fabric",comparison,hub-vs-quick-dry-fabric-moisture-wicking-fabric,/discover/hub-vs-quick-dry-fabric-moisture-wicking-fabric/,"quick dry fabric compared with moisture wicking fabric",true
seed-91-seed_support-hub-brief-sportswear-fabric,"sportswear fabric",seed_support,hub-brief-sportswear-fabric,/discover/hub-brief-sportswear-fabric/,"sportswear fabric production brief",true
seed-91-education-hub-meaning-sportswear-fabric,"sportswear fabric",education,hub-meaning-sportswear-fabric,/discover/hub-meaning-sportswear-fabric/,"what sportswear fabric means",true
seed-91-application-hub-use-sportswear-fabric,"sportswear fabric",application,hub-use-sportswear-fabric,/discover/hub-use-sportswear-fabric/,"sportswear fabric for sportswear",true
seed-91-buyer_spec-hub-specify-sportswear-fabric,"sportswear fabric",buyer_spec,hub-specify-sportswear-fabric,/discover/hub-specify-sportswear-fabric/,"how to specify sportswear fabric",true
seed-91-commercial-hub-source-sportswear-fabric,"sportswear fabric",commercial,hub-source-sportswear-fabric,/discover/hub-source-sportswear-fabric/,"sourcing sportswear fabric",true
seed-91-comparison-hub-vs-sportswear-fabric-fabric-for-activewear,"sportswear fabric",comparison,hub-vs-sportswear-fabric-fabric-for-activewear,/discover/hub-vs-sportswear-fabric-fabric-for-activewear/,"sportswear fabric compared with fabric for activewear",true
seed-92-seed_support-hub-brief-breathable-sports-fabric,"breathable sports fabric",seed_support,hub-brief-breathable-sports-fabric,/discover/hub-brief-breathable-sports-fabric/,"breathable sports fabric production brief",true
seed-92-education-hub-meaning-breathable-sports-fabric,"breathable sports fabric",education,hub-meaning-breathable-sports-fabric,/discover/hub-meaning-breathable-sports-fabric/,"what breathable sports fabric means",true
seed-92-application-hub-use-breathable-sports-fabric,"breathable sports fabric",application,hub-use-breathable-sports-fabric,/discover/hub-use-breathable-sports-fabric/,"breathable sports fabric for sportswear",true
seed-92-buyer_spec-hub-specify-breathable-sports-fabric,"breathable sports fabric",buyer_spec,hub-specify-breathable-sports-fabric,/discover/hub-specify-breathable-sports-fabric/,"how to specify breathable sports fabric",true
seed-92-commercial-hub-source-breathable-sports-fabric,"breathable sports fabric",commercial,hub-source-breathable-sports-fabric,/discover/hub-source-breathable-sports-fabric/,"sourcing breathable sports fabric",true
seed-92-comparison-hub-vs-breathable-sports-fabric-breathable-fabric,"breathable sports fabric",comparison,hub-vs-breathable-sports-fabric-breathable-fabric,/discover/hub-vs-breathable-sports-fabric-breathable-fabric/,"breathable sports fabric compared with breathable fabric",true
seed-93-seed_support-hub-brief-outdoor-fabric,"outdoor fabric",seed_support,hub-brief-outdoor-fabric,/discover/hub-brief-outdoor-fabric/,"outdoor fabric production brief",true
seed-93-education-hub-meaning-outdoor-fabric,"outdoor fabric",education,hub-meaning-outdoor-fabric,/discover/hub-meaning-outdoor-fabric/,"what outdoor fabric means",true
seed-93-application-hub-use-outdoor-fabric,"outdoor fabric",application,hub-use-outdoor-fabric,/discover/hub-use-outdoor-fabric/,"outdoor fabric for outdoor clothing",true
seed-93-buyer_spec-hub-specify-outdoor-fabric,"outdoor fabric",buyer_spec,hub-specify-outdoor-fabric,/discover/hub-specify-outdoor-fabric/,"how to specify outdoor fabric",true
seed-93-commercial-hub-source-outdoor-fabric,"outdoor fabric",commercial,hub-source-outdoor-fabric,/discover/hub-source-outdoor-fabric/,"sourcing outdoor fabric",true
seed-93-comparison-hub-vs-outdoor-fabric-waterproof-fabric,"outdoor fabric",comparison,hub-vs-outdoor-fabric-waterproof-fabric,/discover/hub-vs-outdoor-fabric-waterproof-fabric/,"outdoor fabric compared with waterproof fabric",true
seed-94-seed_support-hub-brief-flame-retardant-fabric,"flame retardant fabric",seed_support,hub-brief-flame-retardant-fabric,/discover/hub-brief-flame-retardant-fabric/,"flame retardant fabric production brief",true
seed-94-education-hub-meaning-flame-retardant-fabric,"flame retardant fabric",education,hub-meaning-flame-retardant-fabric,/discover/hub-meaning-flame-retardant-fabric/,"what flame retardant fabric means",true
seed-94-application-hub-use-flame-retardant-fabric,"flame retardant fabric",application,hub-use-flame-retardant-fabric,/discover/hub-use-flame-retardant-fabric/,"flame retardant fabric for workwear",true
seed-94-buyer_spec-hub-specify-flame-retardant-fabric,"flame retardant fabric",buyer_spec,hub-specify-flame-retardant-fabric,/discover/hub-specify-flame-retardant-fabric/,"how to specify flame retardant fabric",true
seed-94-commercial-hub-source-flame-retardant-fabric,"flame retardant fabric",commercial,hub-source-flame-retardant-fabric,/discover/hub-source-flame-retardant-fabric/,"sourcing flame retardant fabric",true
seed-94-comparison-hub-vs-flame-retardant-fabric-outdoor-fabric,"flame retardant fabric",comparison,hub-vs-flame-retardant-fabric-outdoor-fabric,/discover/hub-vs-flame-retardant-fabric-outdoor-fabric/,"flame retardant fabric compared with outdoor fabric",true
seed-95-seed_support-hub-brief-recycled-polyester-fabric,"recycled polyester fabric",seed_support,hub-brief-recycled-polyester-fabric,/discover/hub-brief-recycled-polyester-fabric/,"recycled polyester fabric production brief",true
seed-95-education-hub-meaning-recycled-polyester-fabric,"recycled polyester fabric",education,hub-meaning-recycled-polyester-fabric,/discover/hub-meaning-recycled-polyester-fabric/,"what recycled polyester fabric means",true
seed-95-application-hub-use-recycled-polyester-fabric,"recycled polyester fabric",application,hub-use-recycled-polyester-fabric,/discover/hub-use-recycled-polyester-fabric/,"recycled polyester fabric for sportswear",true
seed-95-buyer_spec-hub-specify-recycled-polyester-fabric,"recycled polyester fabric",buyer_spec,hub-specify-recycled-polyester-fabric,/discover/hub-specify-recycled-polyester-fabric/,"how to specify recycled polyester fabric",true
seed-95-commercial-hub-source-recycled-polyester-fabric,"recycled polyester fabric",commercial,hub-source-recycled-polyester-fabric,/discover/hub-source-recycled-polyester-fabric/,"sourcing recycled polyester fabric",true
seed-95-comparison-hub-vs-recycled-polyester-fabric-recycled-fabric,"recycled polyester fabric",comparison,hub-vs-recycled-polyester-fabric-recycled-fabric,/discover/hub-vs-recycled-polyester-fabric-recycled-fabric/,"recycled polyester fabric compared with recycled fabric",true
seed-96-seed_support-hub-brief-sustainable-textile,"sustainable textile",seed_support,hub-brief-sustainable-textile,/discover/hub-brief-sustainable-textile/,"sustainable textile production brief",true
seed-96-education-hub-meaning-sustainable-textile,"sustainable textile",education,hub-meaning-sustainable-textile,/discover/hub-meaning-sustainable-textile/,"what sustainable textile means",true
seed-96-application-hub-use-sustainable-textile,"sustainable textile",application,hub-use-sustainable-textile,/discover/hub-use-sustainable-textile/,"sustainable textile for programs",true
seed-96-buyer_spec-hub-specify-sustainable-textile,"sustainable textile",buyer_spec,hub-specify-sustainable-textile,/discover/hub-specify-sustainable-textile/,"how to specify sustainable textile",true
seed-96-commercial-hub-source-sustainable-textile,"sustainable textile",commercial,hub-source-sustainable-textile,/discover/hub-source-sustainable-textile/,"sourcing sustainable textile",true
seed-96-comparison-hub-vs-sustainable-textile-sustainable-fabric,"sustainable textile",comparison,hub-vs-sustainable-textile-sustainable-fabric,/discover/hub-vs-sustainable-textile-sustainable-fabric/,"sustainable textile compared with sustainable fabric",true
seed-97-seed_support-hub-brief-textile-sourcing,"textile sourcing",seed_support,hub-brief-textile-sourcing,/discover/hub-brief-textile-sourcing/,"textile sourcing production brief",true
seed-97-education-hub-meaning-textile-sourcing,"textile sourcing",education,hub-meaning-textile-sourcing,/discover/hub-meaning-textile-sourcing/,"what textile sourcing means",true
seed-97-application-hub-use-textile-sourcing,"textile sourcing",application,hub-use-textile-sourcing,/discover/hub-use-textile-sourcing/,"textile sourcing for programs",true
seed-97-buyer_spec-hub-specify-textile-sourcing,"textile sourcing",buyer_spec,hub-specify-textile-sourcing,/discover/hub-specify-textile-sourcing/,"how to specify textile sourcing",true
seed-97-commercial-hub-source-textile-sourcing,"textile sourcing",commercial,hub-source-textile-sourcing,/discover/hub-source-textile-sourcing/,"sourcing textile sourcing",true
seed-97-comparison-hub-vs-textile-sourcing-fabric-sourcing,"textile sourcing",comparison,hub-vs-textile-sourcing-fabric-sourcing,/discover/hub-vs-textile-sourcing-fabric-sourcing/,"textile sourcing compared with fabric sourcing",true
seed-98-seed_support-hub-brief-fabric-sourcing-company,"fabric sourcing company",seed_support,hub-brief-fabric-sourcing-company,/discover/hub-brief-fabric-sourcing-company/,"fabric sourcing company production brief",true
seed-98-education-hub-meaning-fabric-sourcing-company,"fabric sourcing company",education,hub-meaning-fabric-sourcing-company,/discover/hub-meaning-fabric-sourcing-company/,"what fabric sourcing company means",true
seed-98-application-hub-use-fabric-sourcing-company,"fabric sourcing company",application,hub-use-fabric-sourcing-company,/discover/hub-use-fabric-sourcing-company/,"fabric sourcing company for programs",true
seed-98-buyer_spec-hub-specify-fabric-sourcing-company,"fabric sourcing company",buyer_spec,hub-specify-fabric-sourcing-company,/discover/hub-specify-fabric-sourcing-company/,"how to specify fabric sourcing company",true
seed-98-commercial-hub-source-fabric-sourcing-company,"fabric sourcing company",commercial,hub-source-fabric-sourcing-company,/discover/hub-source-fabric-sourcing-company/,"sourcing fabric sourcing company",true
seed-98-comparison-hub-vs-fabric-sourcing-company-fabric-sourcing,"fabric sourcing company",comparison,hub-vs-fabric-sourcing-company-fabric-sourcing,/discover/hub-vs-fabric-sourcing-company-fabric-sourcing/,"fabric sourcing company compared with fabric sourcing",true
seed-99-seed_support-hub-brief-textile-sourcing-company,"textile sourcing company",seed_support,hub-brief-textile-sourcing-company,/discover/hub-brief-textile-sourcing-company/,"textile sourcing company production brief",true
seed-99-education-hub-meaning-textile-sourcing-company,"textile sourcing company",education,hub-meaning-textile-sourcing-company,/discover/hub-meaning-textile-sourcing-company/,"what textile sourcing company means",true
seed-99-application-hub-use-textile-sourcing-company,"textile sourcing company",application,hub-use-textile-sourcing-company,/discover/hub-use-textile-sourcing-company/,"textile sourcing company for programs",true
seed-99-buyer_spec-hub-specify-textile-sourcing-company,"textile sourcing company",buyer_spec,hub-specify-textile-sourcing-company,/discover/hub-specify-textile-sourcing-company/,"how to specify textile sourcing company",true
seed-99-commercial-hub-source-textile-sourcing-company,"textile sourcing company",commercial,hub-source-textile-sourcing-company,/discover/hub-source-textile-sourcing-company/,"sourcing textile sourcing company",true
seed-99-comparison-hub-vs-textile-sourcing-company-fabric-sourcing-company,"textile sourcing company",comparison,hub-vs-textile-sourcing-company-fabric-sourcing-company,/discover/hub-vs-textile-sourcing-company-fabric-sourcing-company/,"textile sourcing company compared with fabric sourcing company",true
seed-100-seed_support-hub-brief-b2b-fabric-marketplace,"B2B fabric marketplace",seed_support,hub-brief-b2b-fabric-marketplace,/discover/hub-brief-b2b-fabric-marketplace/,"B2B fabric marketplace production brief",true
seed-100-education-hub-meaning-b2b-fabric-marketplace,"B2B fabric marketplace",education,hub-meaning-b2b-fabric-marketplace,/discover/hub-meaning-b2b-fabric-marketplace/,"what B2B fabric marketplace means",true
seed-100-application-hub-use-b2b-fabric-marketplace,"B2B fabric marketplace",application,hub-use-b2b-fabric-marketplace,/discover/hub-use-b2b-fabric-marketplace/,"B2B fabric marketplace for source cloth",true
seed-100-buyer_spec-hub-specify-b2b-fabric-marketplace,"B2B fabric marketplace",buyer_spec,hub-specify-b2b-fabric-marketplace,/discover/hub-specify-b2b-fabric-marketplace/,"how to specify B2B fabric marketplace",true
seed-100-commercial-hub-source-b2b-fabric-marketplace,"B2B fabric marketplace",commercial,hub-source-b2b-fabric-marketplace,/discover/hub-source-b2b-fabric-marketplace/,"sourcing B2B fabric marketplace",true
seed-100-comparison-hub-vs-b2b-fabric-marketplace-fabric-marketplace,"B2B fabric marketplace",comparison,hub-vs-b2b-fabric-marketplace-fabric-marketplace,/discover/hub-vs-b2b-fabric-marketplace-fabric-marketplace/,"B2B fabric marketplace compared with fabric marketplace",true
seed-1-comparison-hub-versus-cotton-fabric-polyester-fabric,"cotton fabric",comparison,hub-versus-cotton-fabric-polyester-fabric,/discover/hub-versus-cotton-fabric-polyester-fabric/,"cotton fabric versus polyester fabric",true
seed-2-comparison-hub-versus-linen-fabric-hemp-fabric,"linen fabric",comparison,hub-versus-linen-fabric-hemp-fabric,/discover/hub-versus-linen-fabric-hemp-fabric/,"linen fabric versus hemp fabric",true
seed-3-comparison-hub-versus-wool-fabric-fleece-fabric,"wool fabric",comparison,hub-versus-wool-fabric-fleece-fabric,/discover/hub-versus-wool-fabric-fleece-fabric/,"wool fabric versus fleece fabric",true
seed-4-comparison-hub-versus-knit-fabric-stretch-fabric,"knit fabric",comparison,hub-versus-knit-fabric-stretch-fabric,/discover/hub-versus-knit-fabric-stretch-fabric/,"knit fabric versus stretch fabric",true
seed-5-comparison-hub-versus-denim-fabric-twill-fabric,"denim fabric",comparison,hub-versus-denim-fabric-twill-fabric,/discover/hub-versus-denim-fabric-twill-fabric/,"denim fabric versus twill fabric",true
seed-6-comparison-hub-versus-viscose-fabric-cotton-fabric,"viscose fabric",comparison,hub-versus-viscose-fabric-cotton-fabric,/discover/hub-versus-viscose-fabric-cotton-fabric/,"viscose fabric versus cotton fabric",true
seed-7-comparison-hub-versus-rayon-fabric-satin-fabric,"rayon fabric",comparison,hub-versus-rayon-fabric-satin-fabric,/discover/hub-versus-rayon-fabric-satin-fabric/,"rayon fabric versus satin fabric",true
seed-8-comparison-hub-versus-chiffon-fabric-sheer-fabric,"chiffon fabric",comparison,hub-versus-chiffon-fabric-sheer-fabric,/discover/hub-versus-chiffon-fabric-sheer-fabric/,"chiffon fabric versus sheer fabric",true
seed-9-comparison-hub-versus-velvet-fabric-corduroy-fabric,"velvet fabric",comparison,hub-versus-velvet-fabric-corduroy-fabric,/discover/hub-versus-velvet-fabric-corduroy-fabric/,"velvet fabric versus corduroy fabric",true
seed-10-comparison-hub-versus-satin-fabric-silk-fabric,"satin fabric",comparison,hub-versus-satin-fabric-silk-fabric,/discover/hub-versus-satin-fabric-silk-fabric/,"satin fabric versus silk fabric",true
seed-11-comparison-hub-versus-net-fabric-mesh-fabric,"net fabric",comparison,hub-versus-net-fabric-mesh-fabric,/discover/hub-versus-net-fabric-mesh-fabric/,"net fabric versus mesh fabric",true
seed-12-comparison-hub-versus-lace-fabric-embroidered-fabric,"lace fabric",comparison,hub-versus-lace-fabric-embroidered-fabric,/discover/hub-versus-lace-fabric-embroidered-fabric/,"lace fabric versus embroidered fabric",true
seed-13-comparison-hub-versus-jacquard-fabric-printed-fabric,"jacquard fabric",comparison,hub-versus-jacquard-fabric-printed-fabric,/discover/hub-versus-jacquard-fabric-printed-fabric/,"jacquard fabric versus printed fabric",true
seed-14-comparison-hub-versus-brocade-fabric-satin-fabric,"brocade fabric",comparison,hub-versus-brocade-fabric-satin-fabric,/discover/hub-versus-brocade-fabric-satin-fabric/,"brocade fabric versus satin fabric",true
seed-15-comparison-hub-versus-sequin-fabric-lace-fabric,"sequin fabric",comparison,hub-versus-sequin-fabric-lace-fabric,/discover/hub-versus-sequin-fabric-lace-fabric/,"sequin fabric versus lace fabric",true
seed-16-comparison-hub-versus-printed-fabric-embroidered-fabric,"printed fabric",comparison,hub-versus-printed-fabric-embroidered-fabric,/discover/hub-versus-printed-fabric-embroidered-fabric/,"printed fabric versus embroidered fabric",true
seed-17-comparison-hub-versus-embroidered-fabric-jacquard-fabric,"embroidered fabric",comparison,hub-versus-embroidered-fabric-jacquard-fabric,/discover/hub-versus-embroidered-fabric-jacquard-fabric/,"embroidered fabric versus jacquard fabric",true
seed-18-comparison-hub-versus-organic-cotton-fabric-sustainable-fabric,"organic cotton fabric",comparison,hub-versus-organic-cotton-fabric-sustainable-fabric,/discover/hub-versus-organic-cotton-fabric-sustainable-fabric/,"organic cotton fabric versus sustainable fabric",true
seed-19-comparison-hub-versus-hemp-fabric-cotton-fabric,"hemp fabric",comparison,hub-versus-hemp-fabric-cotton-fabric,/discover/hub-versus-hemp-fabric-cotton-fabric/,"hemp fabric versus cotton fabric",true
seed-20-comparison-hub-versus-bamboo-fabric-cotton-fabric,"bamboo fabric",comparison,hub-versus-bamboo-fabric-cotton-fabric,/discover/hub-versus-bamboo-fabric-cotton-fabric/,"bamboo fabric versus cotton fabric",true
seed-21-comparison-hub-versus-recycled-fabric-sustainable-fabric,"recycled fabric",comparison,hub-versus-recycled-fabric-sustainable-fabric,/discover/hub-versus-recycled-fabric-sustainable-fabric/,"recycled fabric versus sustainable fabric",true
seed-22-comparison-hub-versus-sustainable-fabric-organic-cotton-fabric,"sustainable fabric",comparison,hub-versus-sustainable-fabric-organic-cotton-fabric,/discover/hub-versus-sustainable-fabric-organic-cotton-fabric/,"sustainable fabric versus organic cotton fabric",true
seed-23-comparison-hub-versus-eco-friendly-fabric-recycled-fabric,"eco friendly fabric",comparison,hub-versus-eco-friendly-fabric-recycled-fabric,/discover/hub-versus-eco-friendly-fabric-recycled-fabric/,"eco friendly fabric versus recycled fabric",true
seed-24-comparison-hub-versus-breathable-fabric-waterproof-fabric,"breathable fabric",comparison,hub-versus-breathable-fabric-waterproof-fabric,/discover/hub-versus-breathable-fabric-waterproof-fabric/,"breathable fabric versus waterproof fabric",true
seed-25-comparison-hub-versus-stretch-fabric-sportswear-fabric,"stretch fabric",comparison,hub-versus-stretch-fabric-sportswear-fabric,/discover/hub-versus-stretch-fabric-sportswear-fabric/,"stretch fabric versus sportswear fabric",true
seed-26-comparison-hub-versus-waterproof-fabric-outdoor-fabric,"waterproof fabric",comparison,hub-versus-waterproof-fabric-outdoor-fabric,/discover/hub-versus-waterproof-fabric-outdoor-fabric/,"waterproof fabric versus outdoor fabric",true
seed-27-comparison-hub-versus-lightweight-fabric-sheer-fabric,"lightweight fabric",comparison,hub-versus-lightweight-fabric-sheer-fabric,/discover/hub-versus-lightweight-fabric-sheer-fabric/,"lightweight fabric versus sheer fabric",true
seed-28-comparison-hub-versus-heavy-fabric-canvas-fabric,"heavy fabric",comparison,hub-versus-heavy-fabric-canvas-fabric,/discover/hub-versus-heavy-fabric-canvas-fabric/,"heavy fabric versus canvas fabric",true
seed-29-comparison-hub-versus-soft-fabric-flannel-fabric,"soft fabric",comparison,hub-versus-soft-fabric-flannel-fabric,/discover/hub-versus-soft-fabric-flannel-fabric/,"soft fabric versus flannel fabric",true
seed-30-comparison-hub-versus-sheer-fabric-lightweight-fabric,"sheer fabric",comparison,hub-versus-sheer-fabric-lightweight-fabric,/discover/hub-versus-sheer-fabric-lightweight-fabric/,"sheer fabric versus lightweight fabric",true
seed-31-comparison-hub-versus-textured-fabric-corduroy-fabric,"textured fabric",comparison,hub-versus-textured-fabric-corduroy-fabric,/discover/hub-versus-textured-fabric-corduroy-fabric/,"textured fabric versus corduroy fabric",true
seed-32-comparison-hub-versus-mesh-fabric-breathable-fabric,"mesh fabric",comparison,hub-versus-mesh-fabric-breathable-fabric,/discover/hub-versus-mesh-fabric-breathable-fabric/,"mesh fabric versus breathable fabric",true
seed-33-comparison-hub-versus-canvas-fabric-heavy-fabric,"canvas fabric",comparison,hub-versus-canvas-fabric-heavy-fabric,/discover/hub-versus-canvas-fabric-heavy-fabric/,"canvas fabric versus heavy fabric",true
seed-34-comparison-hub-versus-fleece-fabric-knit-fabric,"fleece fabric",comparison,hub-versus-fleece-fabric-knit-fabric,/discover/hub-versus-fleece-fabric-knit-fabric/,"fleece fabric versus knit fabric",true
seed-35-comparison-hub-versus-jersey-fabric-stretch-fabric,"jersey fabric",comparison,hub-versus-jersey-fabric-stretch-fabric,/discover/hub-versus-jersey-fabric-stretch-fabric/,"jersey fabric versus stretch fabric",true
seed-36-comparison-hub-versus-terry-fabric-knit-fabric,"terry fabric",comparison,hub-versus-terry-fabric-knit-fabric,/discover/hub-versus-terry-fabric-knit-fabric/,"terry fabric versus knit fabric",true
seed-37-comparison-hub-versus-corduroy-fabric-textured-fabric,"corduroy fabric",comparison,hub-versus-corduroy-fabric-textured-fabric,/discover/hub-versus-corduroy-fabric-textured-fabric/,"corduroy fabric versus textured fabric",true
seed-38-comparison-hub-versus-flannel-fabric-wool-fabric,"flannel fabric",comparison,hub-versus-flannel-fabric-wool-fabric,/discover/hub-versus-flannel-fabric-wool-fabric/,"flannel fabric versus wool fabric",true
seed-39-comparison-hub-versus-twill-fabric-canvas-fabric,"twill fabric",comparison,hub-versus-twill-fabric-canvas-fabric,/discover/hub-versus-twill-fabric-canvas-fabric/,"twill fabric versus canvas fabric",true
seed-40-comparison-hub-versus-crepe-fabric-chiffon-fabric,"crepe fabric",comparison,hub-versus-crepe-fabric-chiffon-fabric,/discover/hub-versus-crepe-fabric-chiffon-fabric/,"crepe fabric versus chiffon fabric",true
seed-41-comparison-hub-versus-fabric-wholesale-fabric-marketplace,"fabric wholesale",comparison,hub-versus-fabric-wholesale-fabric-marketplace,/discover/hub-versus-fabric-wholesale-fabric-marketplace/,"fabric wholesale versus fabric marketplace",true
seed-42-comparison-hub-versus-wholesale-fabric-buy-fabric-online,"wholesale fabric",comparison,hub-versus-wholesale-fabric-buy-fabric-online,/discover/hub-versus-wholesale-fabric-buy-fabric-online/,"wholesale fabric versus buy fabric online",true
seed-43-comparison-hub-versus-fabric-supplier-textile-supplier,"fabric supplier",comparison,hub-versus-fabric-supplier-textile-supplier,/discover/hub-versus-fabric-supplier-textile-supplier/,"fabric supplier versus textile supplier",true
seed-44-comparison-hub-versus-fabric-suppliers-textile-suppliers,"fabric suppliers",comparison,hub-versus-fabric-suppliers-textile-suppliers,/discover/hub-versus-fabric-suppliers-textile-suppliers/,"fabric suppliers versus textile suppliers",true
seed-45-comparison-hub-versus-fabric-sourcing-fabric-sourcing-company,"fabric sourcing",comparison,hub-versus-fabric-sourcing-fabric-sourcing-company,/discover/hub-versus-fabric-sourcing-fabric-sourcing-company/,"fabric sourcing versus fabric sourcing company",true
seed-46-comparison-hub-versus-textile-supplier-textile-manufacturer,"textile supplier",comparison,hub-versus-textile-supplier-textile-manufacturer,/discover/hub-versus-textile-supplier-textile-manufacturer/,"textile supplier versus textile manufacturer",true
seed-47-comparison-hub-versus-textile-suppliers-fabric-suppliers,"textile suppliers",comparison,hub-versus-textile-suppliers-fabric-suppliers,/discover/hub-versus-textile-suppliers-fabric-suppliers/,"textile suppliers versus fabric suppliers",true
seed-48-comparison-hub-versus-wholesale-textile-wholesale-fabric,"wholesale textile",comparison,hub-versus-wholesale-textile-wholesale-fabric,/discover/hub-versus-wholesale-textile-wholesale-fabric/,"wholesale textile versus wholesale fabric",true
seed-49-comparison-hub-versus-textile-wholesale-fabric-wholesale,"textile wholesale",comparison,hub-versus-textile-wholesale-fabric-wholesale,/discover/hub-versus-textile-wholesale-fabric-wholesale/,"textile wholesale versus fabric wholesale",true
seed-50-comparison-hub-versus-fabric-manufacturer-textile-manufacturer,"fabric manufacturer",comparison,hub-versus-fabric-manufacturer-textile-manufacturer,/discover/hub-versus-fabric-manufacturer-textile-manufacturer/,"fabric manufacturer versus textile manufacturer",true
seed-51-comparison-hub-versus-fabric-manufacturers-textile-manufacturers,"fabric manufacturers",comparison,hub-versus-fabric-manufacturers-textile-manufacturers,/discover/hub-versus-fabric-manufacturers-textile-manufacturers/,"fabric manufacturers versus textile manufacturers",true
seed-52-comparison-hub-versus-textile-manufacturer-textile-manufacturers,"textile manufacturer",comparison,hub-versus-textile-manufacturer-textile-manufacturers,/discover/hub-versus-textile-manufacturer-textile-manufacturers/,"textile manufacturer versus textile manufacturers",true
seed-53-comparison-hub-versus-textile-manufacturers-fabric-manufacturers,"textile manufacturers",comparison,hub-versus-textile-manufacturers-fabric-manufacturers,/discover/hub-versus-textile-manufacturers-fabric-manufacturers/,"textile manufacturers versus fabric manufacturers",true
seed-54-comparison-hub-versus-fabric-store-online-buy-fabric-online,"fabric store online",comparison,hub-versus-fabric-store-online-buy-fabric-online,/discover/hub-versus-fabric-store-online-buy-fabric-online/,"fabric store online versus buy fabric online",true
seed-55-comparison-hub-versus-buy-fabric-online-fabric-online,"buy fabric online",comparison,hub-versus-buy-fabric-online-fabric-online,/discover/hub-versus-buy-fabric-online-fabric-online/,"buy fabric online versus fabric online",true
seed-56-comparison-hub-versus-fabric-online-fabric-marketplace,"fabric online",comparison,hub-versus-fabric-online-fabric-marketplace,/discover/hub-versus-fabric-online-fabric-marketplace/,"fabric online versus fabric marketplace",true
seed-57-comparison-hub-versus-online-fabric-store-fabric-marketplace,"online fabric store",comparison,hub-versus-online-fabric-store-fabric-marketplace,/discover/hub-versus-online-fabric-store-fabric-marketplace/,"online fabric store versus fabric marketplace",true
seed-58-comparison-hub-versus-fabric-marketplace-b2b-fabric-marketplace,"fabric marketplace",comparison,hub-versus-fabric-marketplace-b2b-fabric-marketplace,/discover/hub-versus-fabric-marketplace-b2b-fabric-marketplace/,"fabric marketplace versus B2B fabric marketplace",true
seed-59-comparison-hub-versus-textile-marketplace-b2b-fabric-marketplace,"textile marketplace",comparison,hub-versus-textile-marketplace-b2b-fabric-marketplace,/discover/hub-versus-textile-marketplace-b2b-fabric-marketplace/,"textile marketplace versus B2B fabric marketplace",true
seed-60-comparison-hub-versus-fabric-supplier-online-buy-fabric-online,"fabric supplier online",comparison,hub-versus-fabric-supplier-online-buy-fabric-online,/discover/hub-versus-fabric-supplier-online-buy-fabric-online/,"fabric supplier online versus buy fabric online",true
seed-61-comparison-hub-versus-wholesale-cotton-fabric-wholesale-linen-fabric,"wholesale cotton fabric",comparison,hub-versus-wholesale-cotton-fabric-wholesale-linen-fabric,/discover/hub-versus-wholesale-cotton-fabric-wholesale-linen-fabric/,"wholesale cotton fabric versus wholesale linen fabric",true
seed-62-comparison-hub-versus-wholesale-linen-fabric-wholesale-cotton-fabric,"wholesale linen fabric",comparison,hub-versus-wholesale-linen-fabric-wholesale-cotton-fabric,/discover/hub-versus-wholesale-linen-fabric-wholesale-cotton-fabric/,"wholesale linen fabric versus wholesale cotton fabric",true
seed-63-comparison-hub-versus-wholesale-denim-fabric-wholesale-cotton-fabric,"wholesale denim fabric",comparison,hub-versus-wholesale-denim-fabric-wholesale-cotton-fabric,/discover/hub-versus-wholesale-denim-fabric-wholesale-cotton-fabric/,"wholesale denim fabric versus wholesale cotton fabric",true
seed-64-comparison-hub-versus-wholesale-silk-fabric-wholesale-satin-fabric,"wholesale silk fabric",comparison,hub-versus-wholesale-silk-fabric-wholesale-satin-fabric,/discover/hub-versus-wholesale-silk-fabric-wholesale-satin-fabric/,"wholesale silk fabric versus wholesale satin fabric",true
seed-65-comparison-hub-versus-wholesale-polyester-fabric-wholesale-satin-fabric,"wholesale polyester fabric",comparison,hub-versus-wholesale-polyester-fabric-wholesale-satin-fabric,/discover/hub-versus-wholesale-polyester-fabric-wholesale-satin-fabric/,"wholesale polyester fabric versus wholesale satin fabric",true
seed-66-comparison-hub-versus-wholesale-satin-fabric-wholesale-silk-fabric,"wholesale satin fabric",comparison,hub-versus-wholesale-satin-fabric-wholesale-silk-fabric,/discover/hub-versus-wholesale-satin-fabric-wholesale-silk-fabric/,"wholesale satin fabric versus wholesale silk fabric",true
seed-67-comparison-hub-versus-wholesale-velvet-fabric-wholesale-satin-fabric,"wholesale velvet fabric",comparison,hub-versus-wholesale-velvet-fabric-wholesale-satin-fabric,/discover/hub-versus-wholesale-velvet-fabric-wholesale-satin-fabric/,"wholesale velvet fabric versus wholesale satin fabric",true
seed-68-comparison-hub-versus-wholesale-lace-fabric-wholesale-chiffon-fabric,"wholesale lace fabric",comparison,hub-versus-wholesale-lace-fabric-wholesale-chiffon-fabric,/discover/hub-versus-wholesale-lace-fabric-wholesale-chiffon-fabric/,"wholesale lace fabric versus wholesale chiffon fabric",true
seed-69-comparison-hub-versus-wholesale-chiffon-fabric-wholesale-satin-fabric,"wholesale chiffon fabric",comparison,hub-versus-wholesale-chiffon-fabric-wholesale-satin-fabric,/discover/hub-versus-wholesale-chiffon-fabric-wholesale-satin-fabric/,"wholesale chiffon fabric versus wholesale satin fabric",true
seed-70-comparison-hub-versus-wholesale-knit-fabric-wholesale-cotton-fabric,"wholesale knit fabric",comparison,hub-versus-wholesale-knit-fabric-wholesale-cotton-fabric,/discover/hub-versus-wholesale-knit-fabric-wholesale-cotton-fabric/,"wholesale knit fabric versus wholesale cotton fabric",true
seed-71-comparison-hub-versus-fabric-for-clothing-fashion-fabric,"fabric for clothing",comparison,hub-versus-fabric-for-clothing-fashion-fabric,/discover/hub-versus-fabric-for-clothing-fashion-fabric/,"fabric for clothing versus fashion fabric",true
seed-72-comparison-hub-versus-fabric-for-dresses-fabric-for-skirts,"fabric for dresses",comparison,hub-versus-fabric-for-dresses-fabric-for-skirts,/discover/hub-versus-fabric-for-dresses-fabric-for-skirts/,"fabric for dresses versus fabric for skirts",true
seed-73-comparison-hub-versus-fabric-for-shirts-fabric-for-clothing,"fabric for shirts",comparison,hub-versus-fabric-for-shirts-fabric-for-clothing,/discover/hub-versus-fabric-for-shirts-fabric-for-clothing/,"fabric for shirts versus fabric for clothing",true
seed-74-comparison-hub-versus-fabric-for-pants-twill-fabric,"fabric for pants",comparison,hub-versus-fabric-for-pants-twill-fabric,/discover/hub-versus-fabric-for-pants-twill-fabric/,"fabric for pants versus twill fabric",true
seed-75-comparison-hub-versus-fabric-for-skirts-fabric-for-pants,"fabric for skirts",comparison,hub-versus-fabric-for-skirts-fabric-for-pants,/discover/hub-versus-fabric-for-skirts-fabric-for-pants/,"fabric for skirts versus fabric for pants",true
seed-76-comparison-hub-versus-fabric-for-bags-upholstery-fabric,"fabric for bags",comparison,hub-versus-fabric-for-bags-upholstery-fabric,/discover/hub-versus-fabric-for-bags-upholstery-fabric/,"fabric for bags versus upholstery fabric",true
seed-77-comparison-hub-versus-fabric-for-upholstery-sofa-fabric,"fabric for upholstery",comparison,hub-versus-fabric-for-upholstery-sofa-fabric,/discover/hub-versus-fabric-for-upholstery-sofa-fabric/,"fabric for upholstery versus sofa fabric",true
seed-78-comparison-hub-versus-upholstery-fabric-sofa-fabric,"upholstery fabric",comparison,hub-versus-upholstery-fabric-sofa-fabric,/discover/hub-versus-upholstery-fabric-sofa-fabric/,"upholstery fabric versus sofa fabric",true
seed-79-comparison-hub-versus-curtain-fabric-upholstery-fabric,"curtain fabric",comparison,hub-versus-curtain-fabric-upholstery-fabric,/discover/hub-versus-curtain-fabric-upholstery-fabric/,"curtain fabric versus upholstery fabric",true
seed-80-comparison-hub-versus-sofa-fabric-fabric-for-upholstery,"sofa fabric",comparison,hub-versus-sofa-fabric-fabric-for-upholstery,/discover/hub-versus-sofa-fabric-fabric-for-upholstery/,"sofa fabric versus fabric for upholstery",true
seed-81-comparison-hub-versus-dress-fabric-fashion-fabric,"dress fabric",comparison,hub-versus-dress-fabric-fashion-fabric,/discover/hub-versus-dress-fabric-fashion-fabric/,"dress fabric versus fashion fabric",true
seed-82-comparison-hub-versus-shirt-fabric-clothing-fabric,"shirt fabric",comparison,hub-versus-shirt-fabric-clothing-fabric,/discover/hub-versus-shirt-fabric-clothing-fabric/,"shirt fabric versus clothing fabric",true
seed-83-comparison-hub-versus-clothing-fabric-fashion-fabric,"clothing fabric",comparison,hub-versus-clothing-fabric-fashion-fabric,/discover/hub-versus-clothing-fabric-fashion-fabric/,"clothing fabric versus fashion fabric",true
seed-84-comparison-hub-versus-fashion-fabric-premium-fabric,"fashion fabric",comparison,hub-versus-fashion-fabric-premium-fabric,/discover/hub-versus-fashion-fabric-premium-fabric/,"fashion fabric versus premium fabric",true
seed-85-comparison-hub-versus-designer-fabric-luxury-fabric,"designer fabric",comparison,hub-versus-designer-fabric-luxury-fabric,/discover/hub-versus-designer-fabric-luxury-fabric/,"designer fabric versus luxury fabric",true
seed-86-comparison-hub-versus-premium-fabric-designer-fabric,"premium fabric",comparison,hub-versus-premium-fabric-designer-fabric,/discover/hub-versus-premium-fabric-designer-fabric/,"premium fabric versus designer fabric",true
seed-87-comparison-hub-versus-luxury-fabric-silk-fabric,"luxury fabric",comparison,hub-versus-luxury-fabric-silk-fabric,/discover/hub-versus-luxury-fabric-silk-fabric/,"luxury fabric versus silk fabric",true
seed-88-comparison-hub-versus-fabric-for-activewear-moisture-wicking-fabric,"fabric for activewear",comparison,hub-versus-fabric-for-activewear-moisture-wicking-fabric,/discover/hub-versus-fabric-for-activewear-moisture-wicking-fabric/,"fabric for activewear versus moisture wicking fabric",true
seed-89-comparison-hub-versus-moisture-wicking-fabric-breathable-fabric,"moisture wicking fabric",comparison,hub-versus-moisture-wicking-fabric-breathable-fabric,/discover/hub-versus-moisture-wicking-fabric-breathable-fabric/,"moisture wicking fabric versus breathable fabric",true
seed-90-comparison-hub-versus-quick-dry-fabric-sportswear-fabric,"quick dry fabric",comparison,hub-versus-quick-dry-fabric-sportswear-fabric,/discover/hub-versus-quick-dry-fabric-sportswear-fabric/,"quick dry fabric versus sportswear fabric",true
seed-91-comparison-hub-versus-sportswear-fabric-breathable-sports-fabric,"sportswear fabric",comparison,hub-versus-sportswear-fabric-breathable-sports-fabric,/discover/hub-versus-sportswear-fabric-breathable-sports-fabric/,"sportswear fabric versus breathable sports fabric",true
seed-92-comparison-hub-versus-breathable-sports-fabric-sportswear-fabric,"breathable sports fabric",comparison,hub-versus-breathable-sports-fabric-sportswear-fabric,/discover/hub-versus-breathable-sports-fabric-sportswear-fabric/,"breathable sports fabric versus sportswear fabric",true
seed-93-comparison-hub-versus-outdoor-fabric-canvas-fabric,"outdoor fabric",comparison,hub-versus-outdoor-fabric-canvas-fabric,/discover/hub-versus-outdoor-fabric-canvas-fabric/,"outdoor fabric versus canvas fabric",true
seed-94-comparison-hub-versus-flame-retardant-fabric-upholstery-fabric,"flame retardant fabric",comparison,hub-versus-flame-retardant-fabric-upholstery-fabric,/discover/hub-versus-flame-retardant-fabric-upholstery-fabric/,"flame retardant fabric versus upholstery fabric",true
seed-95-comparison-hub-versus-recycled-polyester-fabric-wholesale-polyester-fabric,"recycled polyester fabric",comparison,hub-versus-recycled-polyester-fabric-wholesale-polyester-fabric,/discover/hub-versus-recycled-polyester-fabric-wholesale-polyester-fabric/,"recycled polyester fabric versus wholesale polyester fabric",true
seed-96-comparison-hub-versus-sustainable-textile-textile-sourcing,"sustainable textile",comparison,hub-versus-sustainable-textile-textile-sourcing,/discover/hub-versus-sustainable-textile-textile-sourcing/,"sustainable textile versus textile sourcing",true
seed-97-comparison-hub-versus-textile-sourcing-textile-sourcing-company,"textile sourcing",comparison,hub-versus-textile-sourcing-textile-sourcing-company,/discover/hub-versus-textile-sourcing-textile-sourcing-company/,"textile sourcing versus textile sourcing company",true
seed-98-comparison-hub-versus-fabric-sourcing-company-textile-sourcing-company,"fabric sourcing company",comparison,hub-versus-fabric-sourcing-company-textile-sourcing-company,/discover/hub-versus-fabric-sourcing-company-textile-sourcing-company/,"fabric sourcing company versus textile sourcing company",true
seed-99-comparison-hub-versus-textile-sourcing-company-textile-sourcing,"textile sourcing company",comparison,hub-versus-textile-sourcing-company-textile-sourcing,/discover/hub-versus-textile-sourcing-company-textile-sourcing/,"textile sourcing company versus textile sourcing",true
seed-100-comparison-hub-versus-b2b-fabric-marketplace-fabric-wholesale,"B2B fabric marketplace",comparison,hub-versus-b2b-fabric-marketplace-fabric-wholesale,/discover/hub-versus-b2b-fabric-marketplace-fabric-wholesale/,"B2B fabric marketplace versus fabric wholesale",true
seed-1-education-hub-limits-cotton-fabric,"cotton fabric",education,hub-limits-cotton-fabric,/discover/hub-limits-cotton-fabric/,"cotton fabric limits and trade-offs",true
seed-2-education-hub-limits-linen-fabric,"linen fabric",education,hub-limits-linen-fabric,/discover/hub-limits-linen-fabric/,"linen fabric limits and trade-offs",true
seed-3-education-hub-limits-wool-fabric,"wool fabric",education,hub-limits-wool-fabric,/discover/hub-limits-wool-fabric/,"wool fabric limits and trade-offs",true
seed-4-education-hub-limits-knit-fabric,"knit fabric",education,hub-limits-knit-fabric,/discover/hub-limits-knit-fabric/,"knit fabric limits and trade-offs",true
seed-5-education-hub-limits-denim-fabric,"denim fabric",education,hub-limits-denim-fabric,/discover/hub-limits-denim-fabric/,"denim fabric limits and trade-offs",true
seed-6-education-hub-limits-viscose-fabric,"viscose fabric",education,hub-limits-viscose-fabric,/discover/hub-limits-viscose-fabric/,"viscose fabric limits and trade-offs",true
seed-7-education-hub-limits-rayon-fabric,"rayon fabric",education,hub-limits-rayon-fabric,/discover/hub-limits-rayon-fabric/,"rayon fabric limits and trade-offs",true
seed-8-education-hub-limits-chiffon-fabric,"chiffon fabric",education,hub-limits-chiffon-fabric,/discover/hub-limits-chiffon-fabric/,"chiffon fabric limits and trade-offs",true
seed-9-education-hub-limits-velvet-fabric,"velvet fabric",education,hub-limits-velvet-fabric,/discover/hub-limits-velvet-fabric/,"velvet fabric limits and trade-offs",true
seed-10-education-hub-limits-satin-fabric,"satin fabric",education,hub-limits-satin-fabric,/discover/hub-limits-satin-fabric/,"satin fabric limits and trade-offs",true
seed-11-education-hub-limits-net-fabric,"net fabric",education,hub-limits-net-fabric,/discover/hub-limits-net-fabric/,"net fabric limits and trade-offs",true
seed-12-education-hub-limits-lace-fabric,"lace fabric",education,hub-limits-lace-fabric,/discover/hub-limits-lace-fabric/,"lace fabric limits and trade-offs",true
seed-13-education-hub-limits-jacquard-fabric,"jacquard fabric",education,hub-limits-jacquard-fabric,/discover/hub-limits-jacquard-fabric/,"jacquard fabric limits and trade-offs",true
seed-14-education-hub-limits-brocade-fabric,"brocade fabric",education,hub-limits-brocade-fabric,/discover/hub-limits-brocade-fabric/,"brocade fabric limits and trade-offs",true
seed-15-education-hub-limits-sequin-fabric,"sequin fabric",education,hub-limits-sequin-fabric,/discover/hub-limits-sequin-fabric/,"sequin fabric limits and trade-offs",true
seed-16-education-hub-limits-printed-fabric,"printed fabric",education,hub-limits-printed-fabric,/discover/hub-limits-printed-fabric/,"printed fabric limits and trade-offs",true
seed-17-education-hub-limits-embroidered-fabric,"embroidered fabric",education,hub-limits-embroidered-fabric,/discover/hub-limits-embroidered-fabric/,"embroidered fabric limits and trade-offs",true
seed-18-education-hub-limits-organic-cotton-fabric,"organic cotton fabric",education,hub-limits-organic-cotton-fabric,/discover/hub-limits-organic-cotton-fabric/,"organic cotton fabric limits and trade-offs",true
seed-19-education-hub-limits-hemp-fabric,"hemp fabric",education,hub-limits-hemp-fabric,/discover/hub-limits-hemp-fabric/,"hemp fabric limits and trade-offs",true
seed-20-education-hub-limits-bamboo-fabric,"bamboo fabric",education,hub-limits-bamboo-fabric,/discover/hub-limits-bamboo-fabric/,"bamboo fabric limits and trade-offs",true
seed-21-education-hub-limits-recycled-fabric,"recycled fabric",education,hub-limits-recycled-fabric,/discover/hub-limits-recycled-fabric/,"recycled fabric limits and trade-offs",true
seed-22-education-hub-limits-sustainable-fabric,"sustainable fabric",education,hub-limits-sustainable-fabric,/discover/hub-limits-sustainable-fabric/,"sustainable fabric limits and trade-offs",true
seed-23-education-hub-limits-eco-friendly-fabric,"eco friendly fabric",education,hub-limits-eco-friendly-fabric,/discover/hub-limits-eco-friendly-fabric/,"eco friendly fabric limits and trade-offs",true
seed-24-education-hub-limits-breathable-fabric,"breathable fabric",education,hub-limits-breathable-fabric,/discover/hub-limits-breathable-fabric/,"breathable fabric limits and trade-offs",true
seed-25-education-hub-limits-stretch-fabric,"stretch fabric",education,hub-limits-stretch-fabric,/discover/hub-limits-stretch-fabric/,"stretch fabric limits and trade-offs",true
seed-26-education-hub-limits-waterproof-fabric,"waterproof fabric",education,hub-limits-waterproof-fabric,/discover/hub-limits-waterproof-fabric/,"waterproof fabric limits and trade-offs",true
seed-27-education-hub-limits-lightweight-fabric,"lightweight fabric",education,hub-limits-lightweight-fabric,/discover/hub-limits-lightweight-fabric/,"lightweight fabric limits and trade-offs",true
seed-28-education-hub-limits-heavy-fabric,"heavy fabric",education,hub-limits-heavy-fabric,/discover/hub-limits-heavy-fabric/,"heavy fabric limits and trade-offs",true
seed-29-education-hub-limits-soft-fabric,"soft fabric",education,hub-limits-soft-fabric,/discover/hub-limits-soft-fabric/,"soft fabric limits and trade-offs",true
seed-30-education-hub-limits-sheer-fabric,"sheer fabric",education,hub-limits-sheer-fabric,/discover/hub-limits-sheer-fabric/,"sheer fabric limits and trade-offs",true
seed-31-education-hub-limits-textured-fabric,"textured fabric",education,hub-limits-textured-fabric,/discover/hub-limits-textured-fabric/,"textured fabric limits and trade-offs",true
seed-32-education-hub-limits-mesh-fabric,"mesh fabric",education,hub-limits-mesh-fabric,/discover/hub-limits-mesh-fabric/,"mesh fabric limits and trade-offs",true
seed-33-education-hub-limits-canvas-fabric,"canvas fabric",education,hub-limits-canvas-fabric,/discover/hub-limits-canvas-fabric/,"canvas fabric limits and trade-offs",true
seed-34-education-hub-limits-fleece-fabric,"fleece fabric",education,hub-limits-fleece-fabric,/discover/hub-limits-fleece-fabric/,"fleece fabric limits and trade-offs",true
seed-35-education-hub-limits-jersey-fabric,"jersey fabric",education,hub-limits-jersey-fabric,/discover/hub-limits-jersey-fabric/,"jersey fabric limits and trade-offs",true
seed-36-education-hub-limits-terry-fabric,"terry fabric",education,hub-limits-terry-fabric,/discover/hub-limits-terry-fabric/,"terry fabric limits and trade-offs",true
seed-37-education-hub-limits-corduroy-fabric,"corduroy fabric",education,hub-limits-corduroy-fabric,/discover/hub-limits-corduroy-fabric/,"corduroy fabric limits and trade-offs",true
seed-38-education-hub-limits-flannel-fabric,"flannel fabric",education,hub-limits-flannel-fabric,/discover/hub-limits-flannel-fabric/,"flannel fabric limits and trade-offs",true
seed-39-education-hub-limits-twill-fabric,"twill fabric",education,hub-limits-twill-fabric,/discover/hub-limits-twill-fabric/,"twill fabric limits and trade-offs",true
seed-40-education-hub-limits-crepe-fabric,"crepe fabric",education,hub-limits-crepe-fabric,/discover/hub-limits-crepe-fabric/,"crepe fabric limits and trade-offs",true
seed-41-education-hub-limits-fabric-wholesale,"fabric wholesale",education,hub-limits-fabric-wholesale,/discover/hub-limits-fabric-wholesale/,"fabric wholesale limits and trade-offs",true
seed-42-education-hub-limits-wholesale-fabric,"wholesale fabric",education,hub-limits-wholesale-fabric,/discover/hub-limits-wholesale-fabric/,"wholesale fabric limits and trade-offs",true
seed-43-education-hub-limits-fabric-supplier,"fabric supplier",education,hub-limits-fabric-supplier,/discover/hub-limits-fabric-supplier/,"fabric supplier limits and trade-offs",true
seed-44-education-hub-limits-fabric-suppliers,"fabric suppliers",education,hub-limits-fabric-suppliers,/discover/hub-limits-fabric-suppliers/,"fabric suppliers limits and trade-offs",true
seed-45-education-hub-limits-fabric-sourcing,"fabric sourcing",education,hub-limits-fabric-sourcing,/discover/hub-limits-fabric-sourcing/,"fabric sourcing limits and trade-offs",true
seed-46-education-hub-limits-textile-supplier,"textile supplier",education,hub-limits-textile-supplier,/discover/hub-limits-textile-supplier/,"textile supplier limits and trade-offs",true
seed-47-education-hub-limits-textile-suppliers,"textile suppliers",education,hub-limits-textile-suppliers,/discover/hub-limits-textile-suppliers/,"textile suppliers limits and trade-offs",true
seed-48-education-hub-limits-wholesale-textile,"wholesale textile",education,hub-limits-wholesale-textile,/discover/hub-limits-wholesale-textile/,"wholesale textile limits and trade-offs",true
seed-49-education-hub-limits-textile-wholesale,"textile wholesale",education,hub-limits-textile-wholesale,/discover/hub-limits-textile-wholesale/,"textile wholesale limits and trade-offs",true
seed-50-education-hub-limits-fabric-manufacturer,"fabric manufacturer",education,hub-limits-fabric-manufacturer,/discover/hub-limits-fabric-manufacturer/,"fabric manufacturer limits and trade-offs",true
seed-51-education-hub-limits-fabric-manufacturers,"fabric manufacturers",education,hub-limits-fabric-manufacturers,/discover/hub-limits-fabric-manufacturers/,"fabric manufacturers limits and trade-offs",true
seed-52-education-hub-limits-textile-manufacturer,"textile manufacturer",education,hub-limits-textile-manufacturer,/discover/hub-limits-textile-manufacturer/,"textile manufacturer limits and trade-offs",true
seed-53-education-hub-limits-textile-manufacturers,"textile manufacturers",education,hub-limits-textile-manufacturers,/discover/hub-limits-textile-manufacturers/,"textile manufacturers limits and trade-offs",true
seed-54-education-hub-limits-fabric-store-online,"fabric store online",education,hub-limits-fabric-store-online,/discover/hub-limits-fabric-store-online/,"fabric store online limits and trade-offs",true
seed-55-education-hub-limits-buy-fabric-online,"buy fabric online",education,hub-limits-buy-fabric-online,/discover/hub-limits-buy-fabric-online/,"buy fabric online limits and trade-offs",true
seed-56-education-hub-limits-fabric-online,"fabric online",education,hub-limits-fabric-online,/discover/hub-limits-fabric-online/,"fabric online limits and trade-offs",true
seed-57-education-hub-limits-online-fabric-store,"online fabric store",education,hub-limits-online-fabric-store,/discover/hub-limits-online-fabric-store/,"online fabric store limits and trade-offs",true
seed-58-education-hub-limits-fabric-marketplace,"fabric marketplace",education,hub-limits-fabric-marketplace,/discover/hub-limits-fabric-marketplace/,"fabric marketplace limits and trade-offs",true
seed-59-education-hub-limits-textile-marketplace,"textile marketplace",education,hub-limits-textile-marketplace,/discover/hub-limits-textile-marketplace/,"textile marketplace limits and trade-offs",true
seed-60-education-hub-limits-fabric-supplier-online,"fabric supplier online",education,hub-limits-fabric-supplier-online,/discover/hub-limits-fabric-supplier-online/,"fabric supplier online limits and trade-offs",true
seed-61-education-hub-limits-wholesale-cotton-fabric,"wholesale cotton fabric",education,hub-limits-wholesale-cotton-fabric,/discover/hub-limits-wholesale-cotton-fabric/,"wholesale cotton fabric limits and trade-offs",true
seed-62-education-hub-limits-wholesale-linen-fabric,"wholesale linen fabric",education,hub-limits-wholesale-linen-fabric,/discover/hub-limits-wholesale-linen-fabric/,"wholesale linen fabric limits and trade-offs",true
seed-63-education-hub-limits-wholesale-denim-fabric,"wholesale denim fabric",education,hub-limits-wholesale-denim-fabric,/discover/hub-limits-wholesale-denim-fabric/,"wholesale denim fabric limits and trade-offs",true
seed-64-education-hub-limits-wholesale-silk-fabric,"wholesale silk fabric",education,hub-limits-wholesale-silk-fabric,/discover/hub-limits-wholesale-silk-fabric/,"wholesale silk fabric limits and trade-offs",true
seed-65-education-hub-limits-wholesale-polyester-fabric,"wholesale polyester fabric",education,hub-limits-wholesale-polyester-fabric,/discover/hub-limits-wholesale-polyester-fabric/,"wholesale polyester fabric limits and trade-offs",true
seed-66-education-hub-limits-wholesale-satin-fabric,"wholesale satin fabric",education,hub-limits-wholesale-satin-fabric,/discover/hub-limits-wholesale-satin-fabric/,"wholesale satin fabric limits and trade-offs",true
seed-67-education-hub-limits-wholesale-velvet-fabric,"wholesale velvet fabric",education,hub-limits-wholesale-velvet-fabric,/discover/hub-limits-wholesale-velvet-fabric/,"wholesale velvet fabric limits and trade-offs",true
seed-68-education-hub-limits-wholesale-lace-fabric,"wholesale lace fabric",education,hub-limits-wholesale-lace-fabric,/discover/hub-limits-wholesale-lace-fabric/,"wholesale lace fabric limits and trade-offs",true
seed-69-education-hub-limits-wholesale-chiffon-fabric,"wholesale chiffon fabric",education,hub-limits-wholesale-chiffon-fabric,/discover/hub-limits-wholesale-chiffon-fabric/,"wholesale chiffon fabric limits and trade-offs",true
seed-70-education-hub-limits-wholesale-knit-fabric,"wholesale knit fabric",education,hub-limits-wholesale-knit-fabric,/discover/hub-limits-wholesale-knit-fabric/,"wholesale knit fabric limits and trade-offs",true
seed-71-education-hub-limits-fabric-for-clothing,"fabric for clothing",education,hub-limits-fabric-for-clothing,/discover/hub-limits-fabric-for-clothing/,"fabric for clothing limits and trade-offs",true
seed-72-education-hub-limits-fabric-for-dresses,"fabric for dresses",education,hub-limits-fabric-for-dresses,/discover/hub-limits-fabric-for-dresses/,"fabric for dresses limits and trade-offs",true
seed-73-education-hub-limits-fabric-for-shirts,"fabric for shirts",education,hub-limits-fabric-for-shirts,/discover/hub-limits-fabric-for-shirts/,"fabric for shirts limits and trade-offs",true
seed-74-education-hub-limits-fabric-for-pants,"fabric for pants",education,hub-limits-fabric-for-pants,/discover/hub-limits-fabric-for-pants/,"fabric for pants limits and trade-offs",true
seed-75-education-hub-limits-fabric-for-skirts,"fabric for skirts",education,hub-limits-fabric-for-skirts,/discover/hub-limits-fabric-for-skirts/,"fabric for skirts limits and trade-offs",true
seed-76-education-hub-limits-fabric-for-bags,"fabric for bags",education,hub-limits-fabric-for-bags,/discover/hub-limits-fabric-for-bags/,"fabric for bags limits and trade-offs",true
seed-77-education-hub-limits-fabric-for-upholstery,"fabric for upholstery",education,hub-limits-fabric-for-upholstery,/discover/hub-limits-fabric-for-upholstery/,"fabric for upholstery limits and trade-offs",true
seed-78-education-hub-limits-upholstery-fabric,"upholstery fabric",education,hub-limits-upholstery-fabric,/discover/hub-limits-upholstery-fabric/,"upholstery fabric limits and trade-offs",true
seed-79-education-hub-limits-curtain-fabric,"curtain fabric",education,hub-limits-curtain-fabric,/discover/hub-limits-curtain-fabric/,"curtain fabric limits and trade-offs",true
seed-80-education-hub-limits-sofa-fabric,"sofa fabric",education,hub-limits-sofa-fabric,/discover/hub-limits-sofa-fabric/,"sofa fabric limits and trade-offs",true
seed-1-application-hub-use-cotton-fabric-dresses,"cotton fabric",application,hub-use-cotton-fabric-dresses,/discover/hub-use-cotton-fabric-dresses/,"cotton fabric for dresses",true
seed-2-application-hub-use-linen-fabric-shirts,"linen fabric",application,hub-use-linen-fabric-shirts,/discover/hub-use-linen-fabric-shirts/,"linen fabric for shirts",true
seed-3-application-hub-use-wool-fabric-trousers,"wool fabric",application,hub-use-wool-fabric-trousers,/discover/hub-use-wool-fabric-trousers/,"wool fabric for trousers",true
seed-4-application-hub-use-knit-fabric-dresses,"knit fabric",application,hub-use-knit-fabric-dresses,/discover/hub-use-knit-fabric-dresses/,"knit fabric for dresses",true
seed-5-application-hub-use-denim-fabric-jackets,"denim fabric",application,hub-use-denim-fabric-jackets,/discover/hub-use-denim-fabric-jackets/,"denim fabric for jackets",true
seed-6-application-hub-use-viscose-fabric-blouses,"viscose fabric",application,hub-use-viscose-fabric-blouses,/discover/hub-use-viscose-fabric-blouses/,"viscose fabric for blouses",true
seed-7-application-hub-use-rayon-fabric-linings,"rayon fabric",application,hub-use-rayon-fabric-linings,/discover/hub-use-rayon-fabric-linings/,"rayon fabric for linings",true
seed-8-application-hub-use-chiffon-fabric-overlays,"chiffon fabric",application,hub-use-chiffon-fabric-overlays,/discover/hub-use-chiffon-fabric-overlays/,"chiffon fabric for overlays",true
seed-9-application-hub-use-velvet-fabric-jackets,"velvet fabric",application,hub-use-velvet-fabric-jackets,/discover/hub-use-velvet-fabric-jackets/,"velvet fabric for jackets",true
seed-10-application-hub-use-satin-fabric-linings,"satin fabric",application,hub-use-satin-fabric-linings,/discover/hub-use-satin-fabric-linings/,"satin fabric for linings",true
seed-11-application-hub-use-net-fabric-overlays,"net fabric",application,hub-use-net-fabric-overlays,/discover/hub-use-net-fabric-overlays/,"net fabric for overlays",true
seed-12-application-hub-use-lace-fabric-lingerie,"lace fabric",application,hub-use-lace-fabric-lingerie,/discover/hub-use-lace-fabric-lingerie/,"lace fabric for lingerie",true
seed-13-application-hub-use-jacquard-fabric-jackets,"jacquard fabric",application,hub-use-jacquard-fabric-jackets,/discover/hub-use-jacquard-fabric-jackets/,"jacquard fabric for jackets",true
seed-14-application-hub-use-brocade-fabric-jackets,"brocade fabric",application,hub-use-brocade-fabric-jackets,/discover/hub-use-brocade-fabric-jackets/,"brocade fabric for jackets",true
seed-15-application-hub-use-sequin-fabric-overlays,"sequin fabric",application,hub-use-sequin-fabric-overlays,/discover/hub-use-sequin-fabric-overlays/,"sequin fabric for overlays",true
seed-16-application-hub-use-printed-fabric-shirts,"printed fabric",application,hub-use-printed-fabric-shirts,/discover/hub-use-printed-fabric-shirts/,"printed fabric for shirts",true
seed-17-application-hub-use-embroidered-fabric-blouses,"embroidered fabric",application,hub-use-embroidered-fabric-blouses,/discover/hub-use-embroidered-fabric-blouses/,"embroidered fabric for blouses",true
seed-18-application-hub-use-organic-cotton-fabric-knit-tees,"organic cotton fabric",application,hub-use-organic-cotton-fabric-knit-tees,/discover/hub-use-organic-cotton-fabric-knit-tees/,"organic cotton fabric for knit tees",true
seed-19-application-hub-use-hemp-fabric-jackets,"hemp fabric",application,hub-use-hemp-fabric-jackets,/discover/hub-use-hemp-fabric-jackets/,"hemp fabric for jackets",true
seed-20-application-hub-use-bamboo-fabric-underwear,"bamboo fabric",application,hub-use-bamboo-fabric-underwear,/discover/hub-use-bamboo-fabric-underwear/,"bamboo fabric for underwear",true
seed-21-application-hub-use-recycled-fabric-bags,"recycled fabric",application,hub-use-recycled-fabric-bags,/discover/hub-use-recycled-fabric-bags/,"recycled fabric for bags",true
seed-22-application-hub-use-sustainable-fabric-shirts,"sustainable fabric",application,hub-use-sustainable-fabric-shirts,/discover/hub-use-sustainable-fabric-shirts/,"sustainable fabric for shirts",true
seed-23-application-hub-use-eco-friendly-fabric-dresses,"eco friendly fabric",application,hub-use-eco-friendly-fabric-dresses,/discover/hub-use-eco-friendly-fabric-dresses/,"eco friendly fabric for dresses",true
seed-24-application-hub-use-breathable-fabric-shirts,"breathable fabric",application,hub-use-breathable-fabric-shirts,/discover/hub-use-breathable-fabric-shirts/,"breathable fabric for shirts",true
seed-25-application-hub-use-stretch-fabric-denim,"stretch fabric",application,hub-use-stretch-fabric-denim,/discover/hub-use-stretch-fabric-denim/,"stretch fabric for denim",true
seed-26-application-hub-use-waterproof-fabric-bags,"waterproof fabric",application,hub-use-waterproof-fabric-bags,/discover/hub-use-waterproof-fabric-bags/,"waterproof fabric for bags",true
seed-27-application-hub-use-lightweight-fabric-dresses,"lightweight fabric",application,hub-use-lightweight-fabric-dresses,/discover/hub-use-lightweight-fabric-dresses/,"lightweight fabric for dresses",true
seed-28-application-hub-use-heavy-fabric-trousers,"heavy fabric",application,hub-use-heavy-fabric-trousers,/discover/hub-use-heavy-fabric-trousers/,"heavy fabric for trousers",true
seed-29-application-hub-use-soft-fabric-loungewear,"soft fabric",application,hub-use-soft-fabric-loungewear,/discover/hub-use-soft-fabric-loungewear/,"soft fabric for loungewear",true
seed-30-application-hub-use-sheer-fabric-blouses,"sheer fabric",application,hub-use-sheer-fabric-blouses,/discover/hub-use-sheer-fabric-blouses/,"sheer fabric for blouses",true
seed-31-application-hub-use-textured-fabric-jackets,"textured fabric",application,hub-use-textured-fabric-jackets,/discover/hub-use-textured-fabric-jackets/,"textured fabric for jackets",true
seed-32-application-hub-use-mesh-fabric-linings,"mesh fabric",application,hub-use-mesh-fabric-linings,/discover/hub-use-mesh-fabric-linings/,"mesh fabric for linings",true
seed-33-application-hub-use-canvas-fabric-trousers,"canvas fabric",application,hub-use-canvas-fabric-trousers,/discover/hub-use-canvas-fabric-trousers/,"canvas fabric for trousers",true
seed-34-application-hub-use-fleece-fabric-midlayers,"fleece fabric",application,hub-use-fleece-fabric-midlayers,/discover/hub-use-fleece-fabric-midlayers/,"fleece fabric for midlayers",true
seed-35-application-hub-use-jersey-fabric-dresses,"jersey fabric",application,hub-use-jersey-fabric-dresses,/discover/hub-use-jersey-fabric-dresses/,"jersey fabric for dresses",true
seed-36-application-hub-use-terry-fabric-baby-cloth,"terry fabric",application,hub-use-terry-fabric-baby-cloth,/discover/hub-use-terry-fabric-baby-cloth/,"terry fabric for baby cloth",true
seed-37-application-hub-use-corduroy-fabric-jackets,"corduroy fabric",application,hub-use-corduroy-fabric-jackets,/discover/hub-use-corduroy-fabric-jackets/,"corduroy fabric for jackets",true
seed-38-application-hub-use-flannel-fabric-trousers,"flannel fabric",application,hub-use-flannel-fabric-trousers,/discover/hub-use-flannel-fabric-trousers/,"flannel fabric for trousers",true
seed-39-application-hub-use-twill-fabric-jackets,"twill fabric",application,hub-use-twill-fabric-jackets,/discover/hub-use-twill-fabric-jackets/,"twill fabric for jackets",true
seed-40-application-hub-use-crepe-fabric-blouses,"crepe fabric",application,hub-use-crepe-fabric-blouses,/discover/hub-use-crepe-fabric-blouses/,"crepe fabric for blouses",true
seed-41-application-hub-use-fabric-wholesale-uniforms,"fabric wholesale",application,hub-use-fabric-wholesale-uniforms,/discover/hub-use-fabric-wholesale-uniforms/,"fabric wholesale for uniforms",true
seed-42-application-hub-use-wholesale-fabric-repeating-styles,"wholesale fabric",application,hub-use-wholesale-fabric-repeating-styles,/discover/hub-use-wholesale-fabric-repeating-styles/,"wholesale fabric for repeating styles",true
seed-43-application-hub-use-fabric-supplier-reorder-programs,"fabric supplier",application,hub-use-fabric-supplier-reorder-programs,/discover/hub-use-fabric-supplier-reorder-programs/,"fabric supplier for reorder programs",true
seed-44-application-hub-use-fabric-suppliers-shortlists,"fabric suppliers",application,hub-use-fabric-suppliers-shortlists,/discover/hub-use-fabric-suppliers-shortlists/,"fabric suppliers for shortlists",true
seed-45-application-hub-use-fabric-sourcing-tech-packs,"fabric sourcing",application,hub-use-fabric-sourcing-tech-packs,/discover/hub-use-fabric-sourcing-tech-packs/,"fabric sourcing for tech packs",true
seed-46-application-hub-use-textile-supplier-finished-cloth,"textile supplier",application,hub-use-textile-supplier-finished-cloth,/discover/hub-use-textile-supplier-finished-cloth/,"textile supplier for finished cloth",true
seed-47-application-hub-use-textile-suppliers-vendor-maps,"textile suppliers",application,hub-use-textile-suppliers-vendor-maps,/discover/hub-use-textile-suppliers-vendor-maps/,"textile suppliers for vendor maps",true
seed-48-application-hub-use-wholesale-textile-converter-lots,"wholesale textile",application,hub-use-wholesale-textile-converter-lots,/discover/hub-use-wholesale-textile-converter-lots/,"wholesale textile for converter lots",true
seed-49-application-hub-use-textile-wholesale-bulk-lots,"textile wholesale",application,hub-use-textile-wholesale-bulk-lots,/discover/hub-use-textile-wholesale-bulk-lots/,"textile wholesale for bulk lots",true
seed-50-application-hub-use-fabric-manufacturer-mill-direct-programs,"fabric manufacturer",application,hub-use-fabric-manufacturer-mill-direct-programs,/discover/hub-use-fabric-manufacturer-mill-direct-programs/,"fabric manufacturer for mill-direct programs",true
seed-1-buyer_spec-hub-sample-cotton-fabric,"cotton fabric",buyer_spec,hub-sample-cotton-fabric,/discover/hub-sample-cotton-fabric/,"sampling cotton fabric before bulk",true
seed-2-buyer_spec-hub-sample-linen-fabric,"linen fabric",buyer_spec,hub-sample-linen-fabric,/discover/hub-sample-linen-fabric/,"sampling linen fabric before bulk",true
seed-3-buyer_spec-hub-sample-wool-fabric,"wool fabric",buyer_spec,hub-sample-wool-fabric,/discover/hub-sample-wool-fabric/,"sampling wool fabric before bulk",true
seed-4-buyer_spec-hub-sample-knit-fabric,"knit fabric",buyer_spec,hub-sample-knit-fabric,/discover/hub-sample-knit-fabric/,"sampling knit fabric before bulk",true
seed-5-buyer_spec-hub-sample-denim-fabric,"denim fabric",buyer_spec,hub-sample-denim-fabric,/discover/hub-sample-denim-fabric/,"sampling denim fabric before bulk",true
seed-6-buyer_spec-hub-sample-viscose-fabric,"viscose fabric",buyer_spec,hub-sample-viscose-fabric,/discover/hub-sample-viscose-fabric/,"sampling viscose fabric before bulk",true
seed-7-buyer_spec-hub-sample-rayon-fabric,"rayon fabric",buyer_spec,hub-sample-rayon-fabric,/discover/hub-sample-rayon-fabric/,"sampling rayon fabric before bulk",true
seed-8-buyer_spec-hub-sample-chiffon-fabric,"chiffon fabric",buyer_spec,hub-sample-chiffon-fabric,/discover/hub-sample-chiffon-fabric/,"sampling chiffon fabric before bulk",true
seed-9-buyer_spec-hub-sample-velvet-fabric,"velvet fabric",buyer_spec,hub-sample-velvet-fabric,/discover/hub-sample-velvet-fabric/,"sampling velvet fabric before bulk",true
seed-10-buyer_spec-hub-sample-satin-fabric,"satin fabric",buyer_spec,hub-sample-satin-fabric,/discover/hub-sample-satin-fabric/,"sampling satin fabric before bulk",true
seed-11-buyer_spec-hub-sample-net-fabric,"net fabric",buyer_spec,hub-sample-net-fabric,/discover/hub-sample-net-fabric/,"sampling net fabric before bulk",true
seed-12-buyer_spec-hub-sample-lace-fabric,"lace fabric",buyer_spec,hub-sample-lace-fabric,/discover/hub-sample-lace-fabric/,"sampling lace fabric before bulk",true
seed-13-buyer_spec-hub-sample-jacquard-fabric,"jacquard fabric",buyer_spec,hub-sample-jacquard-fabric,/discover/hub-sample-jacquard-fabric/,"sampling jacquard fabric before bulk",true
seed-14-buyer_spec-hub-sample-brocade-fabric,"brocade fabric",buyer_spec,hub-sample-brocade-fabric,/discover/hub-sample-brocade-fabric/,"sampling brocade fabric before bulk",true
seed-15-buyer_spec-hub-sample-sequin-fabric,"sequin fabric",buyer_spec,hub-sample-sequin-fabric,/discover/hub-sample-sequin-fabric/,"sampling sequin fabric before bulk",true
seed-16-buyer_spec-hub-sample-printed-fabric,"printed fabric",buyer_spec,hub-sample-printed-fabric,/discover/hub-sample-printed-fabric/,"sampling printed fabric before bulk",true
seed-17-buyer_spec-hub-sample-embroidered-fabric,"embroidered fabric",buyer_spec,hub-sample-embroidered-fabric,/discover/hub-sample-embroidered-fabric/,"sampling embroidered fabric before bulk",true
seed-18-buyer_spec-hub-sample-organic-cotton-fabric,"organic cotton fabric",buyer_spec,hub-sample-organic-cotton-fabric,/discover/hub-sample-organic-cotton-fabric/,"sampling organic cotton fabric before bulk",true
seed-19-buyer_spec-hub-sample-hemp-fabric,"hemp fabric",buyer_spec,hub-sample-hemp-fabric,/discover/hub-sample-hemp-fabric/,"sampling hemp fabric before bulk",true
seed-20-buyer_spec-hub-sample-bamboo-fabric,"bamboo fabric",buyer_spec,hub-sample-bamboo-fabric,/discover/hub-sample-bamboo-fabric/,"sampling bamboo fabric before bulk",true
seed-21-buyer_spec-hub-sample-recycled-fabric,"recycled fabric",buyer_spec,hub-sample-recycled-fabric,/discover/hub-sample-recycled-fabric/,"sampling recycled fabric before bulk",true
seed-22-buyer_spec-hub-sample-sustainable-fabric,"sustainable fabric",buyer_spec,hub-sample-sustainable-fabric,/discover/hub-sample-sustainable-fabric/,"sampling sustainable fabric before bulk",true
seed-23-buyer_spec-hub-sample-eco-friendly-fabric,"eco friendly fabric",buyer_spec,hub-sample-eco-friendly-fabric,/discover/hub-sample-eco-friendly-fabric/,"sampling eco friendly fabric before bulk",true
seed-24-buyer_spec-hub-sample-breathable-fabric,"breathable fabric",buyer_spec,hub-sample-breathable-fabric,/discover/hub-sample-breathable-fabric/,"sampling breathable fabric before bulk",true
seed-25-buyer_spec-hub-sample-stretch-fabric,"stretch fabric",buyer_spec,hub-sample-stretch-fabric,/discover/hub-sample-stretch-fabric/,"sampling stretch fabric before bulk",true
seed-26-buyer_spec-hub-sample-waterproof-fabric,"waterproof fabric",buyer_spec,hub-sample-waterproof-fabric,/discover/hub-sample-waterproof-fabric/,"sampling waterproof fabric before bulk",true
seed-27-buyer_spec-hub-sample-lightweight-fabric,"lightweight fabric",buyer_spec,hub-sample-lightweight-fabric,/discover/hub-sample-lightweight-fabric/,"sampling lightweight fabric before bulk",true
seed-28-buyer_spec-hub-sample-heavy-fabric,"heavy fabric",buyer_spec,hub-sample-heavy-fabric,/discover/hub-sample-heavy-fabric/,"sampling heavy fabric before bulk",true
seed-29-buyer_spec-hub-sample-soft-fabric,"soft fabric",buyer_spec,hub-sample-soft-fabric,/discover/hub-sample-soft-fabric/,"sampling soft fabric before bulk",true
seed-30-buyer_spec-hub-sample-sheer-fabric,"sheer fabric",buyer_spec,hub-sample-sheer-fabric,/discover/hub-sample-sheer-fabric/,"sampling sheer fabric before bulk",true
seed-31-buyer_spec-hub-sample-textured-fabric,"textured fabric",buyer_spec,hub-sample-textured-fabric,/discover/hub-sample-textured-fabric/,"sampling textured fabric before bulk",true
seed-32-buyer_spec-hub-sample-mesh-fabric,"mesh fabric",buyer_spec,hub-sample-mesh-fabric,/discover/hub-sample-mesh-fabric/,"sampling mesh fabric before bulk",true
seed-33-buyer_spec-hub-sample-canvas-fabric,"canvas fabric",buyer_spec,hub-sample-canvas-fabric,/discover/hub-sample-canvas-fabric/,"sampling canvas fabric before bulk",true
seed-34-buyer_spec-hub-sample-fleece-fabric,"fleece fabric",buyer_spec,hub-sample-fleece-fabric,/discover/hub-sample-fleece-fabric/,"sampling fleece fabric before bulk",true
seed-35-buyer_spec-hub-sample-jersey-fabric,"jersey fabric",buyer_spec,hub-sample-jersey-fabric,/discover/hub-sample-jersey-fabric/,"sampling jersey fabric before bulk",true
seed-36-buyer_spec-hub-sample-terry-fabric,"terry fabric",buyer_spec,hub-sample-terry-fabric,/discover/hub-sample-terry-fabric/,"sampling terry fabric before bulk",true
seed-37-buyer_spec-hub-sample-corduroy-fabric,"corduroy fabric",buyer_spec,hub-sample-corduroy-fabric,/discover/hub-sample-corduroy-fabric/,"sampling corduroy fabric before bulk",true
seed-38-buyer_spec-hub-sample-flannel-fabric,"flannel fabric",buyer_spec,hub-sample-flannel-fabric,/discover/hub-sample-flannel-fabric/,"sampling flannel fabric before bulk",true
seed-39-buyer_spec-hub-sample-twill-fabric,"twill fabric",buyer_spec,hub-sample-twill-fabric,/discover/hub-sample-twill-fabric/,"sampling twill fabric before bulk",true
seed-40-buyer_spec-hub-sample-crepe-fabric,"crepe fabric",buyer_spec,hub-sample-crepe-fabric,/discover/hub-sample-crepe-fabric/,"sampling crepe fabric before bulk",true
seed-1-question-hub-ask-cotton-fabric,"cotton fabric",question,hub-ask-cotton-fabric,/discover/hub-ask-cotton-fabric/,"cotton fabric",true
seed-2-question-hub-ask-linen-fabric,"linen fabric",question,hub-ask-linen-fabric,/discover/hub-ask-linen-fabric/,"linen fabric",true
seed-3-question-hub-ask-wool-fabric,"wool fabric",question,hub-ask-wool-fabric,/discover/hub-ask-wool-fabric/,"wool fabric",true
seed-4-question-hub-ask-knit-fabric,"knit fabric",question,hub-ask-knit-fabric,/discover/hub-ask-knit-fabric/,"knit fabric",true
seed-5-question-hub-ask-denim-fabric,"denim fabric",question,hub-ask-denim-fabric,/discover/hub-ask-denim-fabric/,"denim fabric",true
seed-6-question-hub-ask-viscose-fabric,"viscose fabric",question,hub-ask-viscose-fabric,/discover/hub-ask-viscose-fabric/,"viscose fabric",true
seed-7-question-hub-ask-rayon-fabric,"rayon fabric",question,hub-ask-rayon-fabric,/discover/hub-ask-rayon-fabric/,"rayon fabric",true
seed-8-question-hub-ask-chiffon-fabric,"chiffon fabric",question,hub-ask-chiffon-fabric,/discover/hub-ask-chiffon-fabric/,"chiffon fabric",true
seed-9-question-hub-ask-velvet-fabric,"velvet fabric",question,hub-ask-velvet-fabric,/discover/hub-ask-velvet-fabric/,"velvet fabric",true
seed-10-question-hub-ask-satin-fabric,"satin fabric",question,hub-ask-satin-fabric,/discover/hub-ask-satin-fabric/,"satin fabric",true
seed-11-question-hub-ask-net-fabric,"net fabric",question,hub-ask-net-fabric,/discover/hub-ask-net-fabric/,"net fabric",true
seed-12-question-hub-ask-lace-fabric,"lace fabric",question,hub-ask-lace-fabric,/discover/hub-ask-lace-fabric/,"lace fabric",true
seed-13-question-hub-ask-jacquard-fabric,"jacquard fabric",question,hub-ask-jacquard-fabric,/discover/hub-ask-jacquard-fabric/,"jacquard fabric",true
seed-14-question-hub-ask-brocade-fabric,"brocade fabric",question,hub-ask-brocade-fabric,/discover/hub-ask-brocade-fabric/,"brocade fabric",true
seed-15-question-hub-ask-sequin-fabric,"sequin fabric",question,hub-ask-sequin-fabric,/discover/hub-ask-sequin-fabric/,"sequin fabric",true
seed-16-question-hub-ask-printed-fabric,"printed fabric",question,hub-ask-printed-fabric,/discover/hub-ask-printed-fabric/,"printed fabric",true
seed-17-question-hub-ask-embroidered-fabric,"embroidered fabric",question,hub-ask-embroidered-fabric,/discover/hub-ask-embroidered-fabric/,"embroidered fabric",true
seed-18-question-hub-ask-organic-cotton-fabric,"organic cotton fabric",question,hub-ask-organic-cotton-fabric,/discover/hub-ask-organic-cotton-fabric/,"organic cotton fabric",true
seed-19-question-hub-ask-hemp-fabric,"hemp fabric",question,hub-ask-hemp-fabric,/discover/hub-ask-hemp-fabric/,"hemp fabric",true
seed-20-question-hub-ask-bamboo-fabric,"bamboo fabric",question,hub-ask-bamboo-fabric,/discover/hub-ask-bamboo-fabric/,"bamboo fabric",true
seed-21-question-hub-ask-recycled-fabric,"recycled fabric",question,hub-ask-recycled-fabric,/discover/hub-ask-recycled-fabric/,"recycled fabric",true
seed-22-question-hub-ask-sustainable-fabric,"sustainable fabric",question,hub-ask-sustainable-fabric,/discover/hub-ask-sustainable-fabric/,"sustainable fabric",true
seed-23-question-hub-ask-eco-friendly-fabric,"eco friendly fabric",question,hub-ask-eco-friendly-fabric,/discover/hub-ask-eco-friendly-fabric/,"eco friendly fabric",true
seed-24-question-hub-ask-breathable-fabric,"breathable fabric",question,hub-ask-breathable-fabric,/discover/hub-ask-breathable-fabric/,"breathable fabric",true
seed-25-question-hub-ask-stretch-fabric,"stretch fabric",question,hub-ask-stretch-fabric,/discover/hub-ask-stretch-fabric/,"stretch fabric",true
seed-26-question-hub-ask-waterproof-fabric,"waterproof fabric",question,hub-ask-waterproof-fabric,/discover/hub-ask-waterproof-fabric/,"waterproof fabric",true
seed-27-question-hub-ask-lightweight-fabric,"lightweight fabric",question,hub-ask-lightweight-fabric,/discover/hub-ask-lightweight-fabric/,"lightweight fabric",true
seed-28-question-hub-ask-heavy-fabric,"heavy fabric",question,hub-ask-heavy-fabric,/discover/hub-ask-heavy-fabric/,"heavy fabric",true
seed-29-question-hub-ask-soft-fabric,"soft fabric",question,hub-ask-soft-fabric,/discover/hub-ask-soft-fabric/,"soft fabric",true
seed-30-question-hub-ask-sheer-fabric,"sheer fabric",question,hub-ask-sheer-fabric,/discover/hub-ask-sheer-fabric/,"sheer fabric",true
seed-31-question-hub-ask-textured-fabric,"textured fabric",question,hub-ask-textured-fabric,/discover/hub-ask-textured-fabric/,"textured fabric",true
seed-32-question-hub-ask-mesh-fabric,"mesh fabric",question,hub-ask-mesh-fabric,/discover/hub-ask-mesh-fabric/,"mesh fabric",true
seed-33-question-hub-ask-canvas-fabric,"canvas fabric",question,hub-ask-canvas-fabric,/discover/hub-ask-canvas-fabric/,"canvas fabric",true
seed-34-question-hub-ask-fleece-fabric,"fleece fabric",question,hub-ask-fleece-fabric,/discover/hub-ask-fleece-fabric/,"fleece fabric",true
seed-35-question-hub-ask-jersey-fabric,"jersey fabric",question,hub-ask-jersey-fabric,/discover/hub-ask-jersey-fabric/,"jersey fabric",true
seed-36-question-hub-ask-terry-fabric,"terry fabric",question,hub-ask-terry-fabric,/discover/hub-ask-terry-fabric/,"terry fabric",true
seed-37-question-hub-ask-corduroy-fabric,"corduroy fabric",question,hub-ask-corduroy-fabric,/discover/hub-ask-corduroy-fabric/,"corduroy fabric",true
seed-38-question-hub-ask-flannel-fabric,"flannel fabric",question,hub-ask-flannel-fabric,/discover/hub-ask-flannel-fabric/,"flannel fabric",true
seed-39-question-hub-ask-twill-fabric,"twill fabric",question,hub-ask-twill-fabric,/discover/hub-ask-twill-fabric/,"twill fabric",true
seed-40-question-hub-ask-crepe-fabric,"crepe fabric",question,hub-ask-crepe-fabric,/discover/hub-ask-crepe-fabric/,"crepe fabric",true
seed-41-question-hub-ask-fabric-wholesale,"fabric wholesale",question,hub-ask-fabric-wholesale,/discover/hub-ask-fabric-wholesale/,"fabric wholesale",true
seed-42-question-hub-ask-wholesale-fabric,"wholesale fabric",question,hub-ask-wholesale-fabric,/discover/hub-ask-wholesale-fabric/,"wholesale fabric",true
seed-43-question-hub-ask-fabric-supplier,"fabric supplier",question,hub-ask-fabric-supplier,/discover/hub-ask-fabric-supplier/,"fabric supplier",true
seed-44-question-hub-ask-fabric-suppliers,"fabric suppliers",question,hub-ask-fabric-suppliers,/discover/hub-ask-fabric-suppliers/,"fabric suppliers",true
seed-45-question-hub-ask-fabric-sourcing,"fabric sourcing",question,hub-ask-fabric-sourcing,/discover/hub-ask-fabric-sourcing/,"fabric sourcing",true
seed-46-question-hub-ask-textile-supplier,"textile supplier",question,hub-ask-textile-supplier,/discover/hub-ask-textile-supplier/,"textile supplier",true
seed-47-question-hub-ask-textile-suppliers,"textile suppliers",question,hub-ask-textile-suppliers,/discover/hub-ask-textile-suppliers/,"textile suppliers",true
seed-48-question-hub-ask-wholesale-textile,"wholesale textile",question,hub-ask-wholesale-textile,/discover/hub-ask-wholesale-textile/,"wholesale textile",true
seed-49-question-hub-ask-textile-wholesale,"textile wholesale",question,hub-ask-textile-wholesale,/discover/hub-ask-textile-wholesale/,"textile wholesale",true
seed-50-question-hub-ask-fabric-manufacturer,"fabric manufacturer",question,hub-ask-fabric-manufacturer,/discover/hub-ask-fabric-manufacturer/,"fabric manufacturer",true
seed-51-question-hub-ask-fabric-manufacturers,"fabric manufacturers",question,hub-ask-fabric-manufacturers,/discover/hub-ask-fabric-manufacturers/,"fabric manufacturers",true
seed-52-question-hub-ask-textile-manufacturer,"textile manufacturer",question,hub-ask-textile-manufacturer,/discover/hub-ask-textile-manufacturer/,"textile manufacturer",true
seed-53-question-hub-ask-textile-manufacturers,"textile manufacturers",question,hub-ask-textile-manufacturers,/discover/hub-ask-textile-manufacturers/,"textile manufacturers",true
seed-54-question-hub-ask-fabric-store-online,"fabric store online",question,hub-ask-fabric-store-online,/discover/hub-ask-fabric-store-online/,"fabric store online",true
seed-55-question-hub-ask-buy-fabric-online,"buy fabric online",question,hub-ask-buy-fabric-online,/discover/hub-ask-buy-fabric-online/,"buy fabric online",true
seed-56-question-hub-ask-fabric-online,"fabric online",question,hub-ask-fabric-online,/discover/hub-ask-fabric-online/,"fabric online",true
seed-57-question-hub-ask-online-fabric-store,"online fabric store",question,hub-ask-online-fabric-store,/discover/hub-ask-online-fabric-store/,"online fabric store",true
seed-58-question-hub-ask-fabric-marketplace,"fabric marketplace",question,hub-ask-fabric-marketplace,/discover/hub-ask-fabric-marketplace/,"fabric marketplace",true
seed-59-question-hub-ask-textile-marketplace,"textile marketplace",question,hub-ask-textile-marketplace,/discover/hub-ask-textile-marketplace/,"textile marketplace",true
seed-60-question-hub-ask-fabric-supplier-online,"fabric supplier online",question,hub-ask-fabric-supplier-online,/discover/hub-ask-fabric-supplier-online/,"fabric supplier online",true
seed-61-question-hub-ask-wholesale-cotton-fabric,"wholesale cotton fabric",question,hub-ask-wholesale-cotton-fabric,/discover/hub-ask-wholesale-cotton-fabric/,"wholesale cotton fabric",true
seed-62-question-hub-ask-wholesale-linen-fabric,"wholesale linen fabric",question,hub-ask-wholesale-linen-fabric,/discover/hub-ask-wholesale-linen-fabric/,"wholesale linen fabric",true
seed-63-question-hub-ask-wholesale-denim-fabric,"wholesale denim fabric",question,hub-ask-wholesale-denim-fabric,/discover/hub-ask-wholesale-denim-fabric/,"wholesale denim fabric",true
seed-64-question-hub-ask-wholesale-silk-fabric,"wholesale silk fabric",question,hub-ask-wholesale-silk-fabric,/discover/hub-ask-wholesale-silk-fabric/,"wholesale silk fabric",true
seed-65-question-hub-ask-wholesale-polyester-fabric,"wholesale polyester fabric",question,hub-ask-wholesale-polyester-fabric,/discover/hub-ask-wholesale-polyester-fabric/,"wholesale polyester fabric",true
seed-66-question-hub-ask-wholesale-satin-fabric,"wholesale satin fabric",question,hub-ask-wholesale-satin-fabric,/discover/hub-ask-wholesale-satin-fabric/,"wholesale satin fabric",true
seed-67-question-hub-ask-wholesale-velvet-fabric,"wholesale velvet fabric",question,hub-ask-wholesale-velvet-fabric,/discover/hub-ask-wholesale-velvet-fabric/,"wholesale velvet fabric",true
seed-68-question-hub-ask-wholesale-lace-fabric,"wholesale lace fabric",question,hub-ask-wholesale-lace-fabric,/discover/hub-ask-wholesale-lace-fabric/,"wholesale lace fabric",true
seed-69-question-hub-ask-wholesale-chiffon-fabric,"wholesale chiffon fabric",question,hub-ask-wholesale-chiffon-fabric,/discover/hub-ask-wholesale-chiffon-fabric/,"wholesale chiffon fabric",true
seed-70-question-hub-ask-wholesale-knit-fabric,"wholesale knit fabric",question,hub-ask-wholesale-knit-fabric,/discover/hub-ask-wholesale-knit-fabric/,"wholesale knit fabric",true
seed-71-question-hub-ask-fabric-for-clothing,"fabric for clothing",question,hub-ask-fabric-for-clothing,/discover/hub-ask-fabric-for-clothing/,"fabric for clothing",true
seed-72-question-hub-ask-fabric-for-dresses,"fabric for dresses",question,hub-ask-fabric-for-dresses,/discover/hub-ask-fabric-for-dresses/,"fabric for dresses",true
seed-73-question-hub-ask-fabric-for-shirts,"fabric for shirts",question,hub-ask-fabric-for-shirts,/discover/hub-ask-fabric-for-shirts/,"fabric for shirts",true
seed-74-question-hub-ask-fabric-for-pants,"fabric for pants",question,hub-ask-fabric-for-pants,/discover/hub-ask-fabric-for-pants/,"fabric for pants",true
seed-75-question-hub-ask-fabric-for-skirts,"fabric for skirts",question,hub-ask-fabric-for-skirts,/discover/hub-ask-fabric-for-skirts/,"fabric for skirts",true
seed-76-question-hub-ask-fabric-for-bags,"fabric for bags",question,hub-ask-fabric-for-bags,/discover/hub-ask-fabric-for-bags/,"fabric for bags",true
seed-77-question-hub-ask-fabric-for-upholstery,"fabric for upholstery",question,hub-ask-fabric-for-upholstery,/discover/hub-ask-fabric-for-upholstery/,"fabric for upholstery",true
seed-78-question-hub-ask-upholstery-fabric,"upholstery fabric",question,hub-ask-upholstery-fabric,/discover/hub-ask-upholstery-fabric/,"upholstery fabric",true
seed-79-question-hub-ask-curtain-fabric,"curtain fabric",question,hub-ask-curtain-fabric,/discover/hub-ask-curtain-fabric/,"curtain fabric",true
seed-80-question-hub-ask-sofa-fabric,"sofa fabric",question,hub-ask-sofa-fabric,/discover/hub-ask-sofa-fabric/,"sofa fabric",true
seed-81-question-hub-ask-dress-fabric,"dress fabric",question,hub-ask-dress-fabric,/discover/hub-ask-dress-fabric/,"dress fabric",true
seed-82-question-hub-ask-shirt-fabric,"shirt fabric",question,hub-ask-shirt-fabric,/discover/hub-ask-shirt-fabric/,"shirt fabric",true
seed-83-question-hub-ask-clothing-fabric,"clothing fabric",question,hub-ask-clothing-fabric,/discover/hub-ask-clothing-fabric/,"clothing fabric",true
seed-84-question-hub-ask-fashion-fabric,"fashion fabric",question,hub-ask-fashion-fabric,/discover/hub-ask-fashion-fabric/,"fashion fabric",true
seed-85-question-hub-ask-designer-fabric,"designer fabric",question,hub-ask-designer-fabric,/discover/hub-ask-designer-fabric/,"designer fabric",true
seed-86-question-hub-ask-premium-fabric,"premium fabric",question,hub-ask-premium-fabric,/discover/hub-ask-premium-fabric/,"premium fabric",true
seed-87-question-hub-ask-luxury-fabric,"luxury fabric",question,hub-ask-luxury-fabric,/discover/hub-ask-luxury-fabric/,"luxury fabric",true
seed-88-question-hub-ask-fabric-for-activewear,"fabric for activewear",question,hub-ask-fabric-for-activewear,/discover/hub-ask-fabric-for-activewear/,"fabric for activewear",true
seed-89-question-hub-ask-moisture-wicking-fabric,"moisture wicking fabric",question,hub-ask-moisture-wicking-fabric,/discover/hub-ask-moisture-wicking-fabric/,"moisture wicking fabric",true
seed-90-question-hub-ask-quick-dry-fabric,"quick dry fabric",question,hub-ask-quick-dry-fabric,/discover/hub-ask-quick-dry-fabric/,"quick dry fabric",true
seed-41-commercial-hub-wholesale-notes-fabric-wholesale,"fabric wholesale",commercial,hub-wholesale-notes-fabric-wholesale,/discover/hub-wholesale-notes-fabric-wholesale/,"fabric wholesale wholesale notes",true
seed-42-commercial-hub-wholesale-notes-wholesale-fabric,"wholesale fabric",commercial,hub-wholesale-notes-wholesale-fabric,/discover/hub-wholesale-notes-wholesale-fabric/,"wholesale fabric wholesale notes",true
seed-43-commercial-hub-wholesale-notes-fabric-supplier,"fabric supplier",commercial,hub-wholesale-notes-fabric-supplier,/discover/hub-wholesale-notes-fabric-supplier/,"fabric supplier wholesale notes",true
seed-44-commercial-hub-wholesale-notes-fabric-suppliers,"fabric suppliers",commercial,hub-wholesale-notes-fabric-suppliers,/discover/hub-wholesale-notes-fabric-suppliers/,"fabric suppliers wholesale notes",true
seed-45-commercial-hub-wholesale-notes-fabric-sourcing,"fabric sourcing",commercial,hub-wholesale-notes-fabric-sourcing,/discover/hub-wholesale-notes-fabric-sourcing/,"fabric sourcing wholesale notes",true
seed-46-commercial-hub-wholesale-notes-textile-supplier,"textile supplier",commercial,hub-wholesale-notes-textile-supplier,/discover/hub-wholesale-notes-textile-supplier/,"textile supplier wholesale notes",true
seed-47-commercial-hub-wholesale-notes-textile-suppliers,"textile suppliers",commercial,hub-wholesale-notes-textile-suppliers,/discover/hub-wholesale-notes-textile-suppliers/,"textile suppliers wholesale notes",true
seed-48-commercial-hub-wholesale-notes-wholesale-textile,"wholesale textile",commercial,hub-wholesale-notes-wholesale-textile,/discover/hub-wholesale-notes-wholesale-textile/,"wholesale textile wholesale notes",true
seed-49-commercial-hub-wholesale-notes-textile-wholesale,"textile wholesale",commercial,hub-wholesale-notes-textile-wholesale,/discover/hub-wholesale-notes-textile-wholesale/,"textile wholesale wholesale notes",true
seed-50-commercial-hub-wholesale-notes-fabric-manufacturer,"fabric manufacturer",commercial,hub-wholesale-notes-fabric-manufacturer,/discover/hub-wholesale-notes-fabric-manufacturer/,"fabric manufacturer wholesale notes",true
seed-51-commercial-hub-wholesale-notes-fabric-manufacturers,"fabric manufacturers",commercial,hub-wholesale-notes-fabric-manufacturers,/discover/hub-wholesale-notes-fabric-manufacturers/,"fabric manufacturers wholesale notes",true
seed-52-commercial-hub-wholesale-notes-textile-manufacturer,"textile manufacturer",commercial,hub-wholesale-notes-textile-manufacturer,/discover/hub-wholesale-notes-textile-manufacturer/,"textile manufacturer wholesale notes",true
seed-53-commercial-hub-wholesale-notes-textile-manufacturers,"textile manufacturers",commercial,hub-wholesale-notes-textile-manufacturers,/discover/hub-wholesale-notes-textile-manufacturers/,"textile manufacturers wholesale notes",true
seed-54-commercial-hub-wholesale-notes-fabric-store-online,"fabric store online",commercial,hub-wholesale-notes-fabric-store-online,/discover/hub-wholesale-notes-fabric-store-online/,"fabric store online wholesale notes",true
seed-55-commercial-hub-wholesale-notes-buy-fabric-online,"buy fabric online",commercial,hub-wholesale-notes-buy-fabric-online,/discover/hub-wholesale-notes-buy-fabric-online/,"buy fabric online wholesale notes",true
seed-56-commercial-hub-wholesale-notes-fabric-online,"fabric online",commercial,hub-wholesale-notes-fabric-online,/discover/hub-wholesale-notes-fabric-online/,"fabric online wholesale notes",true
seed-57-commercial-hub-wholesale-notes-online-fabric-store,"online fabric store",commercial,hub-wholesale-notes-online-fabric-store,/discover/hub-wholesale-notes-online-fabric-store/,"online fabric store wholesale notes",true
seed-58-commercial-hub-wholesale-notes-fabric-marketplace,"fabric marketplace",commercial,hub-wholesale-notes-fabric-marketplace,/discover/hub-wholesale-notes-fabric-marketplace/,"fabric marketplace wholesale notes",true
seed-59-commercial-hub-wholesale-notes-textile-marketplace,"textile marketplace",commercial,hub-wholesale-notes-textile-marketplace,/discover/hub-wholesale-notes-textile-marketplace/,"textile marketplace wholesale notes",true
seed-60-commercial-hub-wholesale-notes-fabric-supplier-online,"fabric supplier online",commercial,hub-wholesale-notes-fabric-supplier-online,/discover/hub-wholesale-notes-fabric-supplier-online/,"fabric supplier online wholesale notes",true
seed-61-commercial-hub-wholesale-notes-wholesale-cotton-fabric,"wholesale cotton fabric",commercial,hub-wholesale-notes-wholesale-cotton-fabric,/discover/hub-wholesale-notes-wholesale-cotton-fabric/,"wholesale cotton fabric wholesale notes",true
seed-62-commercial-hub-wholesale-notes-wholesale-linen-fabric,"wholesale linen fabric",commercial,hub-wholesale-notes-wholesale-linen-fabric,/discover/hub-wholesale-notes-wholesale-linen-fabric/,"wholesale linen fabric wholesale notes",true
seed-63-commercial-hub-wholesale-notes-wholesale-denim-fabric,"wholesale denim fabric",commercial,hub-wholesale-notes-wholesale-denim-fabric,/discover/hub-wholesale-notes-wholesale-denim-fabric/,"wholesale denim fabric wholesale notes",true
seed-64-commercial-hub-wholesale-notes-wholesale-silk-fabric,"wholesale silk fabric",commercial,hub-wholesale-notes-wholesale-silk-fabric,/discover/hub-wholesale-notes-wholesale-silk-fabric/,"wholesale silk fabric wholesale notes",true
seed-65-commercial-hub-wholesale-notes-wholesale-polyester-fabric,"wholesale polyester fabric",commercial,hub-wholesale-notes-wholesale-polyester-fabric,/discover/hub-wholesale-notes-wholesale-polyester-fabric/,"wholesale polyester fabric wholesale notes",true
seed-66-commercial-hub-wholesale-notes-wholesale-satin-fabric,"wholesale satin fabric",commercial,hub-wholesale-notes-wholesale-satin-fabric,/discover/hub-wholesale-notes-wholesale-satin-fabric/,"wholesale satin fabric wholesale notes",true
seed-67-commercial-hub-wholesale-notes-wholesale-velvet-fabric,"wholesale velvet fabric",commercial,hub-wholesale-notes-wholesale-velvet-fabric,/discover/hub-wholesale-notes-wholesale-velvet-fabric/,"wholesale velvet fabric wholesale notes",true
seed-68-commercial-hub-wholesale-notes-wholesale-lace-fabric,"wholesale lace fabric",commercial,hub-wholesale-notes-wholesale-lace-fabric,/discover/hub-wholesale-notes-wholesale-lace-fabric/,"wholesale lace fabric wholesale notes",true
seed-69-commercial-hub-wholesale-notes-wholesale-chiffon-fabric,"wholesale chiffon fabric",commercial,hub-wholesale-notes-wholesale-chiffon-fabric,/discover/hub-wholesale-notes-wholesale-chiffon-fabric/,"wholesale chiffon fabric wholesale notes",true
seed-70-commercial-hub-wholesale-notes-wholesale-knit-fabric,"wholesale knit fabric",commercial,hub-wholesale-notes-wholesale-knit-fabric,/discover/hub-wholesale-notes-wholesale-knit-fabric/,"wholesale knit fabric wholesale notes",true
seed-71-commercial-hub-wholesale-notes-fabric-for-clothing,"fabric for clothing",commercial,hub-wholesale-notes-fabric-for-clothing,/discover/hub-wholesale-notes-fabric-for-clothing/,"fabric for clothing wholesale notes",true
seed-72-commercial-hub-wholesale-notes-fabric-for-dresses,"fabric for dresses",commercial,hub-wholesale-notes-fabric-for-dresses,/discover/hub-wholesale-notes-fabric-for-dresses/,"fabric for dresses wholesale notes",true
seed-73-commercial-hub-wholesale-notes-fabric-for-shirts,"fabric for shirts",commercial,hub-wholesale-notes-fabric-for-shirts,/discover/hub-wholesale-notes-fabric-for-shirts/,"fabric for shirts wholesale notes",true
seed-74-commercial-hub-wholesale-notes-fabric-for-pants,"fabric for pants",commercial,hub-wholesale-notes-fabric-for-pants,/discover/hub-wholesale-notes-fabric-for-pants/,"fabric for pants wholesale notes",true
seed-75-commercial-hub-wholesale-notes-fabric-for-skirts,"fabric for skirts",commercial,hub-wholesale-notes-fabric-for-skirts,/discover/hub-wholesale-notes-fabric-for-skirts/,"fabric for skirts wholesale notes",true
seed-76-commercial-hub-wholesale-notes-fabric-for-bags,"fabric for bags",commercial,hub-wholesale-notes-fabric-for-bags,/discover/hub-wholesale-notes-fabric-for-bags/,"fabric for bags wholesale notes",true
seed-77-commercial-hub-wholesale-notes-fabric-for-upholstery,"fabric for upholstery",commercial,hub-wholesale-notes-fabric-for-upholstery,/discover/hub-wholesale-notes-fabric-for-upholstery/,"fabric for upholstery wholesale notes",true
seed-78-commercial-hub-wholesale-notes-upholstery-fabric,"upholstery fabric",commercial,hub-wholesale-notes-upholstery-fabric,/discover/hub-wholesale-notes-upholstery-fabric/,"upholstery fabric wholesale notes",true
seed-79-commercial-hub-wholesale-notes-curtain-fabric,"curtain fabric",commercial,hub-wholesale-notes-curtain-fabric,/discover/hub-wholesale-notes-curtain-fabric/,"curtain fabric wholesale notes",true
seed-80-commercial-hub-wholesale-notes-sofa-fabric,"sofa fabric",commercial,hub-wholesale-notes-sofa-fabric,/discover/hub-wholesale-notes-sofa-fabric/,"sofa fabric wholesale notes",true
